solid OpenSCAD_Model
  facet normal 0.321498 -0.94691 0
    outer loop
      vertex -98.1647 -16.8637 0
      vertex -97.6693 -16.6955 4
      vertex -98.1647 -16.8637 4
    endloop
  endfacet
  facet normal 0.321498 -0.94691 0
    outer loop
      vertex -97.6693 -16.6955 4
      vertex -98.1647 -16.8637 0
      vertex -97.6693 -16.6955 0
    endloop
  endfacet
  facet normal 0.195124 -0.980779 0
    outer loop
      vertex -98.6779 -16.9658 0
      vertex -98.1647 -16.8637 4
      vertex -98.6779 -16.9658 4
    endloop
  endfacet
  facet normal 0.195124 -0.980779 0
    outer loop
      vertex -98.1647 -16.8637 4
      vertex -98.6779 -16.9658 0
      vertex -98.1647 -16.8637 0
    endloop
  endfacet
  facet normal -0.997886 0.064984 0
    outer loop
      vertex -108 13 0
      vertex -107.966 13.5221 4
      vertex -107.966 13.5221 0
    endloop
  endfacet
  facet normal -0.997886 0.064984 0
    outer loop
      vertex -107.966 13.5221 4
      vertex -108 13 0
      vertex -108 13 4
    endloop
  endfacet
  facet normal 0 -1 0
    outer loop
      vertex -104 -17 0
      vertex -99.2 -17 4
      vertex -104 -17 4
    endloop
  endfacet
  facet normal 0 -1 -0
    outer loop
      vertex -99.2 -17 4
      vertex -104 -17 0
      vertex -99.2 -17 0
    endloop
  endfacet
  facet normal -0.751842 0.659343 0
    outer loop
      vertex -107.173 15.435 0
      vertex -106.828 15.8284 4
      vertex -106.828 15.8284 0
    endloop
  endfacet
  facet normal -0.751842 0.659343 0
    outer loop
      vertex -106.828 15.8284 4
      vertex -107.173 15.435 0
      vertex -107.173 15.435 4
    endloop
  endfacet
  facet normal 0 0 -1
    outer loop
      vertex -96.3716 -15.8284 0
      vertex -96 -15.3952 0
      vertex -96.0266 -15.435 0
    endloop
  endfacet
  facet normal 0 0 -1
    outer loop
      vertex -96 -15.3952 0
      vertex -100.3 -12.9 0
      vertex -96 15.3952 0
    endloop
  endfacet
  facet normal -0 0 -1
    outer loop
      vertex -96 -15.3952 0
      vertex -96.3716 -15.8284 0
      vertex -100.3 -12.9 0
    endloop
  endfacet
  facet normal 0 0 -1
    outer loop
      vertex -100.3 12.9 0
      vertex -96 15.3952 0
      vertex -100.3 -12.9 0
    endloop
  endfacet
  facet normal 0 0 -1
    outer loop
      vertex -100.3 -12.9 0
      vertex -96.3716 -15.8284 0
      vertex -96.765 -16.1734 0
    endloop
  endfacet
  facet normal 0 -0 -1
    outer loop
      vertex -96.3716 15.8284 0
      vertex -96 15.3952 0
      vertex -100.3 12.9 0
    endloop
  endfacet
  facet normal 0 0 -1
    outer loop
      vertex -100.3 -12.9 0
      vertex -96.765 -16.1734 0
      vertex -97.2 -16.4641 0
    endloop
  endfacet
  facet normal 0 0 -1
    outer loop
      vertex -96 15.3952 0
      vertex -96.3716 15.8284 0
      vertex -96.0266 15.435 0
    endloop
  endfacet
  facet normal 0 0 -1
    outer loop
      vertex -100.3 -12.9 0
      vertex -97.2 -16.4641 0
      vertex -97.6693 -16.6955 0
    endloop
  endfacet
  facet normal -0 0 -1
    outer loop
      vertex -96.3716 15.8284 0
      vertex -100.3 12.9 0
      vertex -96.765 16.1734 0
    endloop
  endfacet
  facet normal 0 0 -1
    outer loop
      vertex -100.3 -12.9 0
      vertex -97.6693 -16.6955 0
      vertex -98.1647 -16.8637 0
    endloop
  endfacet
  facet normal -0 0 -1
    outer loop
      vertex -96.765 16.1734 0
      vertex -100.3 12.9 0
      vertex -97.2 16.4641 0
    endloop
  endfacet
  facet normal 0 0 -1
    outer loop
      vertex -100.3 -12.9 0
      vertex -98.1647 -16.8637 0
      vertex -98.6779 -16.9658 0
    endloop
  endfacet
  facet normal -0 0 -1
    outer loop
      vertex -97.2 16.4641 0
      vertex -100.3 12.9 0
      vertex -97.6693 16.6955 0
    endloop
  endfacet
  facet normal 0 0 -1
    outer loop
      vertex -100.3 -12.9 0
      vertex -98.6779 -16.9658 0
      vertex -99.2 -17 0
    endloop
  endfacet
  facet normal -0 0 -1
    outer loop
      vertex -97.6693 16.6955 0
      vertex -100.3 12.9 0
      vertex -98.1647 16.8637 0
    endloop
  endfacet
  facet normal -0 0 -1
    outer loop
      vertex -98.1647 16.8637 0
      vertex -100.3 12.9 0
      vertex -98.6779 16.9658 0
    endloop
  endfacet
  facet normal 0 0 -1
    outer loop
      vertex -104 -17 0
      vertex -100.3 -12.9 0
      vertex -99.2 -17 0
    endloop
  endfacet
  facet normal 0 0 -1
    outer loop
      vertex -104.522 -16.9658 0
      vertex -103.7 -12.9 0
      vertex -104 -17 0
    endloop
  endfacet
  facet normal -0 0 -1
    outer loop
      vertex -100.3 -12.9 0
      vertex -104 -17 0
      vertex -103.7 -12.9 0
    endloop
  endfacet
  facet normal -0 0 -1
    outer loop
      vertex -98.6779 16.9658 0
      vertex -100.3 12.9 0
      vertex -99.2 17 0
    endloop
  endfacet
  facet normal 0 0 -1
    outer loop
      vertex -104 17 0
      vertex -100.3 12.9 0
      vertex -103.7 12.9 0
    endloop
  endfacet
  facet normal 0 0 -1
    outer loop
      vertex -100.3 12.9 0
      vertex -104 17 0
      vertex -99.2 17 0
    endloop
  endfacet
  facet normal -0 0 -1
    outer loop
      vertex -103.7 -12.9 0
      vertex -108 -13 0
      vertex -103.7 12.9 0
    endloop
  endfacet
  facet normal 0 0 -1
    outer loop
      vertex -105.035 -16.8637 0
      vertex -103.7 -12.9 0
      vertex -104.522 -16.9658 0
    endloop
  endfacet
  facet normal 0 0 -1
    outer loop
      vertex -108 13 0
      vertex -103.7 12.9 0
      vertex -108 -13 0
    endloop
  endfacet
  facet normal 0 0 -1
    outer loop
      vertex -105.531 -16.6955 0
      vertex -103.7 -12.9 0
      vertex -105.035 -16.8637 0
    endloop
  endfacet
  facet normal 0 -0 -1
    outer loop
      vertex -107.966 13.5221 0
      vertex -103.7 12.9 0
      vertex -108 13 0
    endloop
  endfacet
  facet normal 0 0 -1
    outer loop
      vertex -106 -16.4641 0
      vertex -103.7 -12.9 0
      vertex -105.531 -16.6955 0
    endloop
  endfacet
  facet normal 0 0 -1
    outer loop
      vertex -103.7 12.9 0
      vertex -104.522 16.9658 0
      vertex -104 17 0
    endloop
  endfacet
  facet normal 0 0 -1
    outer loop
      vertex -106.435 -16.1734 0
      vertex -103.7 -12.9 0
      vertex -106 -16.4641 0
    endloop
  endfacet
  facet normal 0 0 -1
    outer loop
      vertex -103.7 12.9 0
      vertex -105.035 16.8637 0
      vertex -104.522 16.9658 0
    endloop
  endfacet
  facet normal 0 0 -1
    outer loop
      vertex -106.828 -15.8284 0
      vertex -103.7 -12.9 0
      vertex -106.435 -16.1734 0
    endloop
  endfacet
  facet normal 0 0 -1
    outer loop
      vertex -103.7 12.9 0
      vertex -105.531 16.6955 0
      vertex -105.035 16.8637 0
    endloop
  endfacet
  facet normal 0 0 -1
    outer loop
      vertex -107.173 -15.435 0
      vertex -103.7 -12.9 0
      vertex -106.828 -15.8284 0
    endloop
  endfacet
  facet normal 0 0 -1
    outer loop
      vertex -103.7 12.9 0
      vertex -106 16.4641 0
      vertex -105.531 16.6955 0
    endloop
  endfacet
  facet normal 0 0 -1
    outer loop
      vertex -107.464 -15 0
      vertex -103.7 -12.9 0
      vertex -107.173 -15.435 0
    endloop
  endfacet
  facet normal 0 0 -1
    outer loop
      vertex -103.7 12.9 0
      vertex -106.435 16.1734 0
      vertex -106 16.4641 0
    endloop
  endfacet
  facet normal 0 0 -1
    outer loop
      vertex -107.696 -14.5307 0
      vertex -103.7 -12.9 0
      vertex -107.464 -15 0
    endloop
  endfacet
  facet normal 0 0 -1
    outer loop
      vertex -103.7 12.9 0
      vertex -106.828 15.8284 0
      vertex -106.435 16.1734 0
    endloop
  endfacet
  facet normal 0 0 -1
    outer loop
      vertex -107.864 -14.0353 0
      vertex -103.7 -12.9 0
      vertex -107.696 -14.5307 0
    endloop
  endfacet
  facet normal 0 0 -1
    outer loop
      vertex -103.7 12.9 0
      vertex -107.173 15.435 0
      vertex -106.828 15.8284 0
    endloop
  endfacet
  facet normal 0 0 -1
    outer loop
      vertex -107.966 -13.5221 0
      vertex -103.7 -12.9 0
      vertex -107.864 -14.0353 0
    endloop
  endfacet
  facet normal 0 0 -1
    outer loop
      vertex -103.7 12.9 0
      vertex -107.464 15 0
      vertex -107.173 15.435 0
    endloop
  endfacet
  facet normal 0 0 -1
    outer loop
      vertex -103.7 -12.9 0
      vertex -107.966 -13.5221 0
      vertex -108 -13 0
    endloop
  endfacet
  facet normal 0 0 -1
    outer loop
      vertex -103.7 12.9 0
      vertex -107.696 14.5307 0
      vertex -107.464 15 0
    endloop
  endfacet
  facet normal 0 0 -1
    outer loop
      vertex -103.7 12.9 0
      vertex -107.864 14.0353 0
      vertex -107.696 14.5307 0
    endloop
  endfacet
  facet normal 0 0 -1
    outer loop
      vertex -103.7 12.9 0
      vertex -107.966 13.5221 0
      vertex -107.864 14.0353 0
    endloop
  endfacet
  facet normal 0 0 -1
    outer loop
      vertex -18 -29 0
      vertex -11 -15.3952 0
      vertex -11 -22 0
    endloop
  endfacet
  facet normal 0 0 -1
    outer loop
      vertex -79.5 -9.25 0
      vertex -11 -15.3952 0
      vertex -18 -29 0
    endloop
  endfacet
  facet normal 0 0 -1
    outer loop
      vertex -18 -29 0
      vertex -11 -22 0
      vertex -11.0599 -22.9137 0
    endloop
  endfacet
  facet normal 0 0 -1
    outer loop
      vertex -11 -15.3952 0
      vertex -79.5 -9.25 0
      vertex -11 15.3952 0
    endloop
  endfacet
  facet normal 0 0 -1
    outer loop
      vertex -18 -29 0
      vertex -11.0599 -22.9137 0
      vertex -11.2385 -23.8117 0
    endloop
  endfacet
  facet normal 0 0 -1
    outer loop
      vertex -11 15.3952 0
      vertex -18 29 0
      vertex -11 22 0
    endloop
  endfacet
  facet normal 0 0 -1
    outer loop
      vertex -18 -29 0
      vertex -11.2385 -23.8117 0
      vertex -11.5328 -24.6788 0
    endloop
  endfacet
  facet normal 0 0 -1
    outer loop
      vertex -11 22 0
      vertex -18 29 0
      vertex -11.0599 22.9137 0
    endloop
  endfacet
  facet normal 0 0 -1
    outer loop
      vertex -18 -29 0
      vertex -11.5328 -24.6788 0
      vertex -11.9378 -25.5 0
    endloop
  endfacet
  facet normal 0 0 -1
    outer loop
      vertex -11.0599 22.9137 0
      vertex -18 29 0
      vertex -11.2385 23.8117 0
    endloop
  endfacet
  facet normal 0 0 -1
    outer loop
      vertex -18 -29 0
      vertex -11.9378 -25.5 0
      vertex -12.4465 -26.2613 0
    endloop
  endfacet
  facet normal 0 0 -1
    outer loop
      vertex -11.2385 23.8117 0
      vertex -18 29 0
      vertex -11.5328 24.6788 0
    endloop
  endfacet
  facet normal 0 0 -1
    outer loop
      vertex -18 -29 0
      vertex -12.4465 -26.2613 0
      vertex -13.0502 -26.9498 0
    endloop
  endfacet
  facet normal 0 0 -1
    outer loop
      vertex -11.5328 24.6788 0
      vertex -18 29 0
      vertex -11.9378 25.5 0
    endloop
  endfacet
  facet normal 0 0 -1
    outer loop
      vertex -18 -29 0
      vertex -13.0502 -26.9498 0
      vertex -13.7387 -27.5535 0
    endloop
  endfacet
  facet normal 0 0 -1
    outer loop
      vertex -11.9378 25.5 0
      vertex -18 29 0
      vertex -12.4465 26.2613 0
    endloop
  endfacet
  facet normal 0 0 -1
    outer loop
      vertex -18 -29 0
      vertex -13.7387 -27.5535 0
      vertex -14.5 -28.0622 0
    endloop
  endfacet
  facet normal 0 0 -1
    outer loop
      vertex -12.4465 26.2613 0
      vertex -18 29 0
      vertex -13.0502 26.9498 0
    endloop
  endfacet
  facet normal 0 0 -1
    outer loop
      vertex -18 -29 0
      vertex -14.5 -28.0622 0
      vertex -15.3212 -28.4672 0
    endloop
  endfacet
  facet normal 0 0 -1
    outer loop
      vertex -13.0502 26.9498 0
      vertex -18 29 0
      vertex -13.7387 27.5535 0
    endloop
  endfacet
  facet normal 0 0 -1
    outer loop
      vertex -18 -29 0
      vertex -15.3212 -28.4672 0
      vertex -16.1883 -28.7615 0
    endloop
  endfacet
  facet normal 0 0 -1
    outer loop
      vertex -13.7387 27.5535 0
      vertex -18 29 0
      vertex -14.5 28.0622 0
    endloop
  endfacet
  facet normal 0 0 -1
    outer loop
      vertex -18 -29 0
      vertex -16.1883 -28.7615 0
      vertex -17.0863 -28.9401 0
    endloop
  endfacet
  facet normal 0 0 -1
    outer loop
      vertex -14.5 28.0622 0
      vertex -18 29 0
      vertex -15.3212 28.4672 0
    endloop
  endfacet
  facet normal 0 0 -1
    outer loop
      vertex -15.3212 28.4672 0
      vertex -18 29 0
      vertex -16.1883 28.7615 0
    endloop
  endfacet
  facet normal 0 0 -1
    outer loop
      vertex -16.1883 28.7615 0
      vertex -18 29 0
      vertex -17.0863 28.9401 0
    endloop
  endfacet
  facet normal 0 0 -1
    outer loop
      vertex -79.5 -9.25 0
      vertex -18 -29 0
      vertex -79.5 -17.25 0
    endloop
  endfacet
  facet normal 0 0 -1
    outer loop
      vertex -89 -29 0
      vertex -79.5 -17.25 0
      vertex -18 -29 0
    endloop
  endfacet
  facet normal 0 0 -1
    outer loop
      vertex -89.9137 -28.9401 0
      vertex -87.5 -17.25 0
      vertex -89 -29 0
    endloop
  endfacet
  facet normal -0 0 -1
    outer loop
      vertex -79.5 -17.25 0
      vertex -89 -29 0
      vertex -87.5 -17.25 0
    endloop
  endfacet
  facet normal -0 0 -1
    outer loop
      vertex -11 15.3952 0
      vertex -79.5 -9.25 0
      vertex -18 29 0
    endloop
  endfacet
  facet normal 0 0 -1
    outer loop
      vertex -96 15.3952 0
      vertex -79.5 -9.25 0
      vertex -87.5 -9.25 0
    endloop
  endfacet
  facet normal 0 0 -1
    outer loop
      vertex -79.5 -9.25 0
      vertex -89 29 0
      vertex -18 29 0
    endloop
  endfacet
  facet normal 0 0 -1
    outer loop
      vertex -96 -15.3952 0
      vertex -87.5 -17.25 0
      vertex -96 -22 0
    endloop
  endfacet
  facet normal 0 0 -1
    outer loop
      vertex -90.8117 -28.7615 0
      vertex -87.5 -17.25 0
      vertex -89.9137 -28.9401 0
    endloop
  endfacet
  facet normal 0 0 -1
    outer loop
      vertex -96 15.3952 0
      vertex -87.5 -9.25 0
      vertex -96 -15.3952 0
    endloop
  endfacet
  facet normal 0 0 -1
    outer loop
      vertex -91.6788 -28.4672 0
      vertex -87.5 -17.25 0
      vertex -90.8117 -28.7615 0
    endloop
  endfacet
  facet normal 0 0 -1
    outer loop
      vertex -79.5 -9.25 0
      vertex -96 15.3952 0
      vertex -89 29 0
    endloop
  endfacet
  facet normal 0 0 -1
    outer loop
      vertex -92.5 -28.0622 0
      vertex -87.5 -17.25 0
      vertex -91.6788 -28.4672 0
    endloop
  endfacet
  facet normal 0 0 -1
    outer loop
      vertex -96 22 0
      vertex -89 29 0
      vertex -96 15.3952 0
    endloop
  endfacet
  facet normal 0 0 -1
    outer loop
      vertex -93.2613 -27.5535 0
      vertex -87.5 -17.25 0
      vertex -92.5 -28.0622 0
    endloop
  endfacet
  facet normal 0 0 -1
    outer loop
      vertex -89 29 0
      vertex -96 22 0
      vertex -89.9137 28.9401 0
    endloop
  endfacet
  facet normal 0 0 -1
    outer loop
      vertex -93.9498 -26.9498 0
      vertex -87.5 -17.25 0
      vertex -93.2613 -27.5535 0
    endloop
  endfacet
  facet normal 0 0 -1
    outer loop
      vertex -89.9137 28.9401 0
      vertex -96 22 0
      vertex -90.8117 28.7615 0
    endloop
  endfacet
  facet normal 0 0 -1
    outer loop
      vertex -94.5535 -26.2613 0
      vertex -87.5 -17.25 0
      vertex -93.9498 -26.9498 0
    endloop
  endfacet
  facet normal 0 0 -1
    outer loop
      vertex -90.8117 28.7615 0
      vertex -96 22 0
      vertex -91.6788 28.4672 0
    endloop
  endfacet
  facet normal 0 0 -1
    outer loop
      vertex -95.0622 -25.5 0
      vertex -87.5 -17.25 0
      vertex -94.5535 -26.2613 0
    endloop
  endfacet
  facet normal 0 0 -1
    outer loop
      vertex -91.6788 28.4672 0
      vertex -96 22 0
      vertex -92.5 28.0622 0
    endloop
  endfacet
  facet normal 0 0 -1
    outer loop
      vertex -95.4672 -24.6788 0
      vertex -87.5 -17.25 0
      vertex -95.0622 -25.5 0
    endloop
  endfacet
  facet normal 0 0 -1
    outer loop
      vertex -92.5 28.0622 0
      vertex -96 22 0
      vertex -93.2613 27.5535 0
    endloop
  endfacet
  facet normal 0 0 -1
    outer loop
      vertex -95.7615 -23.8117 0
      vertex -87.5 -17.25 0
      vertex -95.4672 -24.6788 0
    endloop
  endfacet
  facet normal 0 0 -1
    outer loop
      vertex -93.2613 27.5535 0
      vertex -96 22 0
      vertex -93.9498 26.9498 0
    endloop
  endfacet
  facet normal 0 0 -1
    outer loop
      vertex -95.9401 -22.9137 0
      vertex -87.5 -17.25 0
      vertex -95.7615 -23.8117 0
    endloop
  endfacet
  facet normal 0 0 -1
    outer loop
      vertex -93.9498 26.9498 0
      vertex -96 22 0
      vertex -94.5535 26.2613 0
    endloop
  endfacet
  facet normal 0 0 -1
    outer loop
      vertex -87.5 -17.25 0
      vertex -95.9401 -22.9137 0
      vertex -96 -22 0
    endloop
  endfacet
  facet normal 0 0 -1
    outer loop
      vertex -94.5535 26.2613 0
      vertex -96 22 0
      vertex -95.0622 25.5 0
    endloop
  endfacet
  facet normal 0 0 -1
    outer loop
      vertex -87.5 -17.25 0
      vertex -96 -15.3952 0
      vertex -87.5 -9.25 0
    endloop
  endfacet
  facet normal 0 0 -1
    outer loop
      vertex -95.0622 25.5 0
      vertex -96 22 0
      vertex -95.4672 24.6788 0
    endloop
  endfacet
  facet normal 0 0 -1
    outer loop
      vertex -95.4672 24.6788 0
      vertex -96 22 0
      vertex -95.7615 23.8117 0
    endloop
  endfacet
  facet normal 0 0 -1
    outer loop
      vertex -95.7615 23.8117 0
      vertex -96 22 0
      vertex -95.9401 22.9137 0
    endloop
  endfacet
  facet normal 0 0 -1
    outer loop
      vertex -3.3 -12.9 0
      vertex 0.999993 -13 0
      vertex 0.965768 -13.5221 0
    endloop
  endfacet
  facet normal 0 0 -1
    outer loop
      vertex 0.999993 -13 0
      vertex -3.3 -12.9 0
      vertex 0.999993 13 0
    endloop
  endfacet
  facet normal 0 0 -1
    outer loop
      vertex -3.3 -12.9 0
      vertex 0.965768 -13.5221 0
      vertex 0.863702 -14.0353 0
    endloop
  endfacet
  facet normal 0 0 -1
    outer loop
      vertex -3.3 12.9 0
      vertex 0.999993 13 0
      vertex -3.3 -12.9 0
    endloop
  endfacet
  facet normal 0 0 -1
    outer loop
      vertex -3.3 -12.9 0
      vertex 0.863702 -14.0353 0
      vertex 0.695504 -14.5307 0
    endloop
  endfacet
  facet normal -0 0 -1
    outer loop
      vertex 0.999993 13 0
      vertex -3.3 12.9 0
      vertex 0.965768 13.5221 0
    endloop
  endfacet
  facet normal 0 0 -1
    outer loop
      vertex -3.3 -12.9 0
      vertex 0.695504 -14.5307 0
      vertex 0.464089 -15 0
    endloop
  endfacet
  facet normal -0 0 -1
    outer loop
      vertex 0.965768 13.5221 0
      vertex -3.3 12.9 0
      vertex 0.863702 14.0353 0
    endloop
  endfacet
  facet normal 0 0 -1
    outer loop
      vertex -3.3 -12.9 0
      vertex 0.464089 -15 0
      vertex 0.173409 -15.435 0
    endloop
  endfacet
  facet normal -0 0 -1
    outer loop
      vertex 0.863702 14.0353 0
      vertex -3.3 12.9 0
      vertex 0.695504 14.5307 0
    endloop
  endfacet
  facet normal 0 0 -1
    outer loop
      vertex -3.3 -12.9 0
      vertex 0.173409 -15.435 0
      vertex -0.171576 -15.8284 0
    endloop
  endfacet
  facet normal -0 0 -1
    outer loop
      vertex 0.695504 14.5307 0
      vertex -3.3 12.9 0
      vertex 0.464089 15 0
    endloop
  endfacet
  facet normal 0 0 -1
    outer loop
      vertex -3.3 -12.9 0
      vertex -0.171576 -15.8284 0
      vertex -0.564963 -16.1734 0
    endloop
  endfacet
  facet normal -0 0 -1
    outer loop
      vertex 0.464089 15 0
      vertex -3.3 12.9 0
      vertex 0.173409 15.435 0
    endloop
  endfacet
  facet normal 0 0 -1
    outer loop
      vertex -3.3 -12.9 0
      vertex -0.564963 -16.1734 0
      vertex -1.00001 -16.4641 0
    endloop
  endfacet
  facet normal -0 0 -1
    outer loop
      vertex 0.173409 15.435 0
      vertex -3.3 12.9 0
      vertex -0.171576 15.8284 0
    endloop
  endfacet
  facet normal 0 0 -1
    outer loop
      vertex -3.3 -12.9 0
      vertex -1.00001 -16.4641 0
      vertex -1.46928 -16.6955 0
    endloop
  endfacet
  facet normal -0 0 -1
    outer loop
      vertex -0.171576 15.8284 0
      vertex -3.3 12.9 0
      vertex -0.564963 16.1734 0
    endloop
  endfacet
  facet normal 0 0 -1
    outer loop
      vertex -3.3 -12.9 0
      vertex -1.46928 -16.6955 0
      vertex -1.96473 -16.8637 0
    endloop
  endfacet
  facet normal -0 0 -1
    outer loop
      vertex -0.564963 16.1734 0
      vertex -3.3 12.9 0
      vertex -1.00001 16.4641 0
    endloop
  endfacet
  facet normal 0 0 -1
    outer loop
      vertex -3.3 -12.9 0
      vertex -1.96473 -16.8637 0
      vertex -2.4779 -16.9658 0
    endloop
  endfacet
  facet normal -0 0 -1
    outer loop
      vertex -1.00001 16.4641 0
      vertex -3.3 12.9 0
      vertex -1.46928 16.6955 0
    endloop
  endfacet
  facet normal 0 0 -1
    outer loop
      vertex -3.3 -12.9 0
      vertex -2.4779 -16.9658 0
      vertex -3.00001 -17 0
    endloop
  endfacet
  facet normal -0 0 -1
    outer loop
      vertex -1.46928 16.6955 0
      vertex -3.3 12.9 0
      vertex -1.96473 16.8637 0
    endloop
  endfacet
  facet normal -0 0 -1
    outer loop
      vertex -1.96473 16.8637 0
      vertex -3.3 12.9 0
      vertex -2.4779 16.9658 0
    endloop
  endfacet
  facet normal 0 0 -1
    outer loop
      vertex -3.00001 -17 0
      vertex -6.7 -12.9 0
      vertex -3.3 -12.9 0
    endloop
  endfacet
  facet normal 0 0 -1
    outer loop
      vertex -8.3221 -16.9658 0
      vertex -6.7 -12.9 0
      vertex -7.79999 -17 0
    endloop
  endfacet
  facet normal 0 0 -1
    outer loop
      vertex -7.79999 -17 0
      vertex -6.7 -12.9 0
      vertex -3.00001 -17 0
    endloop
  endfacet
  facet normal -0 0 -1
    outer loop
      vertex -2.4779 16.9658 0
      vertex -3.3 12.9 0
      vertex -3.00001 17 0
    endloop
  endfacet
  facet normal 0 0 -1
    outer loop
      vertex -6.7 12.9 0
      vertex -3.00001 17 0
      vertex -3.3 12.9 0
    endloop
  endfacet
  facet normal 0 0 -1
    outer loop
      vertex -6.7 12.9 0
      vertex -7.79999 17 0
      vertex -3.00001 17 0
    endloop
  endfacet
  facet normal -0 0 -1
    outer loop
      vertex -6.7 -12.9 0
      vertex -11 -15.3952 0
      vertex -6.7 12.9 0
    endloop
  endfacet
  facet normal 0 0 -1
    outer loop
      vertex -8.83527 -16.8637 0
      vertex -6.7 -12.9 0
      vertex -8.3221 -16.9658 0
    endloop
  endfacet
  facet normal 0 0 -1
    outer loop
      vertex -11 15.3952 0
      vertex -6.7 12.9 0
      vertex -11 -15.3952 0
    endloop
  endfacet
  facet normal 0 0 -1
    outer loop
      vertex -9.33073 -16.6955 0
      vertex -6.7 -12.9 0
      vertex -8.83527 -16.8637 0
    endloop
  endfacet
  facet normal 0 -0 -1
    outer loop
      vertex -10.6284 15.8284 0
      vertex -6.7 12.9 0
      vertex -11 15.3952 0
    endloop
  endfacet
  facet normal 0 0 -1
    outer loop
      vertex -9.79999 -16.4641 0
      vertex -6.7 -12.9 0
      vertex -9.33073 -16.6955 0
    endloop
  endfacet
  facet normal 0 0 -1
    outer loop
      vertex -6.7 12.9 0
      vertex -8.3221 16.9658 0
      vertex -7.79999 17 0
    endloop
  endfacet
  facet normal 0 0 -1
    outer loop
      vertex -10.235 -16.1734 0
      vertex -6.7 -12.9 0
      vertex -9.79999 -16.4641 0
    endloop
  endfacet
  facet normal 0 0 -1
    outer loop
      vertex -6.7 12.9 0
      vertex -8.83527 16.8637 0
      vertex -8.3221 16.9658 0
    endloop
  endfacet
  facet normal 0 0 -1
    outer loop
      vertex -10.6284 -15.8284 0
      vertex -6.7 -12.9 0
      vertex -10.235 -16.1734 0
    endloop
  endfacet
  facet normal 0 0 -1
    outer loop
      vertex -6.7 12.9 0
      vertex -9.33073 16.6955 0
      vertex -8.83527 16.8637 0
    endloop
  endfacet
  facet normal 0 0 -1
    outer loop
      vertex -6.7 -12.9 0
      vertex -10.6284 -15.8284 0
      vertex -11 -15.3952 0
    endloop
  endfacet
  facet normal 0 0 -1
    outer loop
      vertex -6.7 12.9 0
      vertex -9.79999 16.4641 0
      vertex -9.33073 16.6955 0
    endloop
  endfacet
  facet normal 0 0 -1
    outer loop
      vertex -11 -15.3952 0
      vertex -10.6284 -15.8284 0
      vertex -10.9734 -15.435 0
    endloop
  endfacet
  facet normal 0 0 -1
    outer loop
      vertex -6.7 12.9 0
      vertex -10.235 16.1734 0
      vertex -9.79999 16.4641 0
    endloop
  endfacet
  facet normal 0 0 -1
    outer loop
      vertex -6.7 12.9 0
      vertex -10.6284 15.8284 0
      vertex -10.235 16.1734 0
    endloop
  endfacet
  facet normal 0 0 -1
    outer loop
      vertex -10.6284 15.8284 0
      vertex -11 15.3952 0
      vertex -10.9734 15.435 0
    endloop
  endfacet
  facet normal 0.0653646 -0.997861 0
    outer loop
      vertex -99.2 -17 0
      vertex -98.6779 -16.9658 4
      vertex -99.2 -17 4
    endloop
  endfacet
  facet normal 0.0653646 -0.997861 0
    outer loop
      vertex -98.6779 -16.9658 4
      vertex -99.2 -17 0
      vertex -98.6779 -16.9658 0
    endloop
  endfacet
  facet normal -0.997886 -0.064984 0
    outer loop
      vertex -107.966 -13.5221 0
      vertex -108 -13 4
      vertex -108 -13 0
    endloop
  endfacet
  facet normal -0.997886 -0.064984 0
    outer loop
      vertex -108 -13 4
      vertex -107.966 -13.5221 0
      vertex -107.966 -13.5221 4
    endloop
  endfacet
  facet normal -0.32115 -0.947028 0
    outer loop
      vertex -105.531 -16.6955 0
      vertex -105.035 -16.8637 4
      vertex -105.531 -16.6955 4
    endloop
  endfacet
  facet normal -0.32115 -0.947028 -0
    outer loop
      vertex -105.035 -16.8637 4
      vertex -105.531 -16.6955 0
      vertex -105.035 -16.8637 0
    endloop
  endfacet
  facet normal -0.195197 0.980764 0
    outer loop
      vertex -104.522 16.9658 0
      vertex -105.035 16.8637 4
      vertex -104.522 16.9658 4
    endloop
  endfacet
  facet normal -0.195197 0.980764 0
    outer loop
      vertex -105.035 16.8637 4
      vertex -104.522 16.9658 0
      vertex -105.035 16.8637 0
    endloop
  endfacet
  facet normal 0.751842 0.659343 0
    outer loop
      vertex -96.0266 15.435 4
      vertex -96.3716 15.8284 0
      vertex -96.3716 15.8284 4
    endloop
  endfacet
  facet normal 0.751842 0.659343 0
    outer loop
      vertex -96.3716 15.8284 0
      vertex -96.0266 15.435 4
      vertex -96.0266 15.435 0
    endloop
  endfacet
  facet normal 0.555626 0.831432 -0
    outer loop
      vertex -96.765 16.1734 0
      vertex -97.2 16.4641 4
      vertex -96.765 16.1734 4
    endloop
  endfacet
  facet normal 0.555626 0.831432 0
    outer loop
      vertex -97.2 16.4641 4
      vertex -96.765 16.1734 0
      vertex -97.2 16.4641 0
    endloop
  endfacet
  facet normal 0.195124 0.980779 -0
    outer loop
      vertex -98.1647 16.8637 0
      vertex -98.6779 16.9658 4
      vertex -98.1647 16.8637 4
    endloop
  endfacet
  facet normal 0.195124 0.980779 0
    outer loop
      vertex -98.6779 16.9658 4
      vertex -98.1647 16.8637 0
      vertex -98.6779 16.9658 0
    endloop
  endfacet
  facet normal 0 1 -0
    outer loop
      vertex -99.2 17 0
      vertex -104 17 4
      vertex -99.2 17 4
    endloop
  endfacet
  facet normal 0 1 0
    outer loop
      vertex -104 17 4
      vertex -99.2 17 0
      vertex -104 17 0
    endloop
  endfacet
  facet normal -0.32115 0.947028 0
    outer loop
      vertex -105.035 16.8637 0
      vertex -105.531 16.6955 4
      vertex -105.035 16.8637 4
    endloop
  endfacet
  facet normal -0.32115 0.947028 0
    outer loop
      vertex -105.531 16.6955 4
      vertex -105.035 16.8637 0
      vertex -105.531 16.6955 0
    endloop
  endfacet
  facet normal -0.980815 0.19494 0
    outer loop
      vertex -107.966 13.5221 0
      vertex -107.864 14.0353 4
      vertex -107.864 14.0353 0
    endloop
  endfacet
  facet normal -0.980815 0.19494 0
    outer loop
      vertex -107.864 14.0353 4
      vertex -107.966 13.5221 0
      vertex -107.966 13.5221 4
    endloop
  endfacet
  facet normal 0 0 1
    outer loop
      vertex -96.3716 15.8284 4
      vertex -96 15.3952 4
      vertex -96.0266 15.435 4
    endloop
  endfacet
  facet normal 0 0 1
    outer loop
      vertex -96 15.3952 4
      vertex -100.3 12.9 4
      vertex -96 -15.3952 4
    endloop
  endfacet
  facet normal 0 0 1
    outer loop
      vertex -96 15.3952 4
      vertex -96.3716 15.8284 4
      vertex -100.3 12.9 4
    endloop
  endfacet
  facet normal -0 0 1
    outer loop
      vertex -100.3 -12.9 4
      vertex -96 -15.3952 4
      vertex -100.3 12.9 4
    endloop
  endfacet
  facet normal 0 0 1
    outer loop
      vertex -100.3 12.9 4
      vertex -96.3716 15.8284 4
      vertex -96.765 16.1734 4
    endloop
  endfacet
  facet normal 0 -0 1
    outer loop
      vertex -96.3716 -15.8284 4
      vertex -96 -15.3952 4
      vertex -100.3 -12.9 4
    endloop
  endfacet
  facet normal 0 0 1
    outer loop
      vertex -100.3 12.9 4
      vertex -96.765 16.1734 4
      vertex -97.2 16.4641 4
    endloop
  endfacet
  facet normal 0 0 1
    outer loop
      vertex -96 -15.3952 4
      vertex -96.3716 -15.8284 4
      vertex -96.0266 -15.435 4
    endloop
  endfacet
  facet normal 0 0 1
    outer loop
      vertex -100.3 12.9 4
      vertex -97.2 16.4641 4
      vertex -97.6693 16.6955 4
    endloop
  endfacet
  facet normal 0 0 1
    outer loop
      vertex -96.3716 -15.8284 4
      vertex -100.3 -12.9 4
      vertex -96.765 -16.1734 4
    endloop
  endfacet
  facet normal 0 0 1
    outer loop
      vertex -100.3 12.9 4
      vertex -97.6693 16.6955 4
      vertex -98.1647 16.8637 4
    endloop
  endfacet
  facet normal 0 0 1
    outer loop
      vertex -96.765 -16.1734 4
      vertex -100.3 -12.9 4
      vertex -97.2 -16.4641 4
    endloop
  endfacet
  facet normal 0 0 1
    outer loop
      vertex -100.3 12.9 4
      vertex -98.1647 16.8637 4
      vertex -98.6779 16.9658 4
    endloop
  endfacet
  facet normal 0 0 1
    outer loop
      vertex -97.2 -16.4641 4
      vertex -100.3 -12.9 4
      vertex -97.6693 -16.6955 4
    endloop
  endfacet
  facet normal 0 0 1
    outer loop
      vertex -100.3 12.9 4
      vertex -98.6779 16.9658 4
      vertex -99.2 17 4
    endloop
  endfacet
  facet normal 0 0 1
    outer loop
      vertex -97.6693 -16.6955 4
      vertex -100.3 -12.9 4
      vertex -98.1647 -16.8637 4
    endloop
  endfacet
  facet normal 0 0 1
    outer loop
      vertex -98.1647 -16.8637 4
      vertex -100.3 -12.9 4
      vertex -98.6779 -16.9658 4
    endloop
  endfacet
  facet normal -0 0 1
    outer loop
      vertex -104 17 4
      vertex -100.3 12.9 4
      vertex -99.2 17 4
    endloop
  endfacet
  facet normal -0 0 1
    outer loop
      vertex -104.522 16.9658 4
      vertex -103.7 12.9 4
      vertex -104 17 4
    endloop
  endfacet
  facet normal 0 0 1
    outer loop
      vertex -100.3 12.9 4
      vertex -104 17 4
      vertex -103.7 12.9 4
    endloop
  endfacet
  facet normal 0 0 1
    outer loop
      vertex -98.6779 -16.9658 4
      vertex -100.3 -12.9 4
      vertex -99.2 -17 4
    endloop
  endfacet
  facet normal 0 0 1
    outer loop
      vertex -104 -17 4
      vertex -100.3 -12.9 4
      vertex -103.7 -12.9 4
    endloop
  endfacet
  facet normal 0 0 1
    outer loop
      vertex -100.3 -12.9 4
      vertex -104 -17 4
      vertex -99.2 -17 4
    endloop
  endfacet
  facet normal 0 0 1
    outer loop
      vertex -103.7 12.9 4
      vertex -108 13 4
      vertex -103.7 -12.9 4
    endloop
  endfacet
  facet normal -0 0 1
    outer loop
      vertex -105.035 16.8637 4
      vertex -103.7 12.9 4
      vertex -104.522 16.9658 4
    endloop
  endfacet
  facet normal 0 0 1
    outer loop
      vertex -108 -13 4
      vertex -103.7 -12.9 4
      vertex -108 13 4
    endloop
  endfacet
  facet normal -0 0 1
    outer loop
      vertex -105.531 16.6955 4
      vertex -103.7 12.9 4
      vertex -105.035 16.8637 4
    endloop
  endfacet
  facet normal 0 -0 1
    outer loop
      vertex -107.966 -13.5221 4
      vertex -103.7 -12.9 4
      vertex -108 -13 4
    endloop
  endfacet
  facet normal -0 0 1
    outer loop
      vertex -106 16.4641 4
      vertex -103.7 12.9 4
      vertex -105.531 16.6955 4
    endloop
  endfacet
  facet normal 0 0 1
    outer loop
      vertex -103.7 -12.9 4
      vertex -104.522 -16.9658 4
      vertex -104 -17 4
    endloop
  endfacet
  facet normal -0 0 1
    outer loop
      vertex -106.435 16.1734 4
      vertex -103.7 12.9 4
      vertex -106 16.4641 4
    endloop
  endfacet
  facet normal 0 0 1
    outer loop
      vertex -103.7 -12.9 4
      vertex -105.035 -16.8637 4
      vertex -104.522 -16.9658 4
    endloop
  endfacet
  facet normal -0 0 1
    outer loop
      vertex -106.828 15.8284 4
      vertex -103.7 12.9 4
      vertex -106.435 16.1734 4
    endloop
  endfacet
  facet normal 0 0 1
    outer loop
      vertex -103.7 -12.9 4
      vertex -105.531 -16.6955 4
      vertex -105.035 -16.8637 4
    endloop
  endfacet
  facet normal -0 0 1
    outer loop
      vertex -107.173 15.435 4
      vertex -103.7 12.9 4
      vertex -106.828 15.8284 4
    endloop
  endfacet
  facet normal 0 0 1
    outer loop
      vertex -103.7 -12.9 4
      vertex -106 -16.4641 4
      vertex -105.531 -16.6955 4
    endloop
  endfacet
  facet normal -0 0 1
    outer loop
      vertex -107.464 15 4
      vertex -103.7 12.9 4
      vertex -107.173 15.435 4
    endloop
  endfacet
  facet normal 0 0 1
    outer loop
      vertex -103.7 -12.9 4
      vertex -106.435 -16.1734 4
      vertex -106 -16.4641 4
    endloop
  endfacet
  facet normal -0 0 1
    outer loop
      vertex -107.696 14.5307 4
      vertex -103.7 12.9 4
      vertex -107.464 15 4
    endloop
  endfacet
  facet normal 0 0 1
    outer loop
      vertex -103.7 -12.9 4
      vertex -106.828 -15.8284 4
      vertex -106.435 -16.1734 4
    endloop
  endfacet
  facet normal -0 0 1
    outer loop
      vertex -107.864 14.0353 4
      vertex -103.7 12.9 4
      vertex -107.696 14.5307 4
    endloop
  endfacet
  facet normal 0 0 1
    outer loop
      vertex -103.7 -12.9 4
      vertex -107.173 -15.435 4
      vertex -106.828 -15.8284 4
    endloop
  endfacet
  facet normal -0 0 1
    outer loop
      vertex -107.966 13.5221 4
      vertex -103.7 12.9 4
      vertex -107.864 14.0353 4
    endloop
  endfacet
  facet normal 0 0 1
    outer loop
      vertex -103.7 -12.9 4
      vertex -107.464 -15 4
      vertex -107.173 -15.435 4
    endloop
  endfacet
  facet normal 0 0 1
    outer loop
      vertex -103.7 12.9 4
      vertex -107.966 13.5221 4
      vertex -108 13 4
    endloop
  endfacet
  facet normal 0 0 1
    outer loop
      vertex -103.7 -12.9 4
      vertex -107.696 -14.5307 4
      vertex -107.464 -15 4
    endloop
  endfacet
  facet normal 0 0 1
    outer loop
      vertex -103.7 -12.9 4
      vertex -107.864 -14.0353 4
      vertex -107.696 -14.5307 4
    endloop
  endfacet
  facet normal 0 0 1
    outer loop
      vertex -103.7 -12.9 4
      vertex -107.966 -13.5221 4
      vertex -107.864 -14.0353 4
    endloop
  endfacet
  facet normal -1 0 0
    outer loop
      vertex -108 -13 0
      vertex -108 13 4
      vertex -108 13 0
    endloop
  endfacet
  facet normal -1 -0 0
    outer loop
      vertex -108 13 4
      vertex -108 -13 0
      vertex -108 -13 4
    endloop
  endfacet
  facet normal -0.980815 -0.19494 0
    outer loop
      vertex -107.864 -14.0353 0
      vertex -107.966 -13.5221 4
      vertex -107.966 -13.5221 0
    endloop
  endfacet
  facet normal -0.980815 -0.19494 0
    outer loop
      vertex -107.966 -13.5221 4
      vertex -107.864 -14.0353 0
      vertex -107.864 -14.0353 4
    endloop
  endfacet
  facet normal -0.896443 -0.443159 0
    outer loop
      vertex -107.464 -15 0
      vertex -107.696 -14.5307 4
      vertex -107.696 -14.5307 0
    endloop
  endfacet
  facet normal -0.896443 -0.443159 0
    outer loop
      vertex -107.696 -14.5307 4
      vertex -107.464 -15 0
      vertex -107.464 -15 4
    endloop
  endfacet
  facet normal -0.442465 -0.896786 0
    outer loop
      vertex -106 -16.4641 0
      vertex -105.531 -16.6955 4
      vertex -106 -16.4641 4
    endloop
  endfacet
  facet normal -0.442465 -0.896786 -0
    outer loop
      vertex -105.531 -16.6955 4
      vertex -106 -16.4641 0
      vertex -105.531 -16.6955 0
    endloop
  endfacet
  facet normal -0.555626 -0.831432 0
    outer loop
      vertex -106.435 -16.1734 0
      vertex -106 -16.4641 4
      vertex -106.435 -16.1734 4
    endloop
  endfacet
  facet normal -0.555626 -0.831432 -0
    outer loop
      vertex -106 -16.4641 4
      vertex -106.435 -16.1734 0
      vertex -106 -16.4641 0
    endloop
  endfacet
  facet normal -0.751842 -0.659343 0
    outer loop
      vertex -106.828 -15.8284 0
      vertex -107.173 -15.435 4
      vertex -107.173 -15.435 0
    endloop
  endfacet
  facet normal -0.751842 -0.659343 0
    outer loop
      vertex -107.173 -15.435 4
      vertex -106.828 -15.8284 0
      vertex -106.828 -15.8284 4
    endloop
  endfacet
  facet normal -0.195197 -0.980764 0
    outer loop
      vertex -105.035 -16.8637 0
      vertex -104.522 -16.9658 4
      vertex -105.035 -16.8637 4
    endloop
  endfacet
  facet normal -0.195197 -0.980764 -0
    outer loop
      vertex -104.522 -16.9658 4
      vertex -105.035 -16.8637 0
      vertex -104.522 -16.9658 0
    endloop
  endfacet
  facet normal 0.831407 0.555664 0
    outer loop
      vertex -96 15.3952 4
      vertex -96.0266 15.435 0
      vertex -96.0266 15.435 4
    endloop
  endfacet
  facet normal 0.831407 0.555664 0
    outer loop
      vertex -96.0266 15.435 0
      vertex -96 15.3952 4
      vertex -96 15.3952 0
    endloop
  endfacet
  facet normal 0.321498 0.94691 -0
    outer loop
      vertex -97.6693 16.6955 0
      vertex -98.1647 16.8637 4
      vertex -97.6693 16.6955 4
    endloop
  endfacet
  facet normal 0.321498 0.94691 0
    outer loop
      vertex -98.1647 16.8637 4
      vertex -97.6693 16.6955 0
      vertex -98.1647 16.8637 0
    endloop
  endfacet
  facet normal 0.442238 0.896898 -0
    outer loop
      vertex -97.2 16.4641 0
      vertex -97.6693 16.6955 4
      vertex -97.2 16.4641 4
    endloop
  endfacet
  facet normal 0.442238 0.896898 0
    outer loop
      vertex -97.6693 16.6955 4
      vertex -97.2 16.4641 0
      vertex -97.6693 16.6955 0
    endloop
  endfacet
  facet normal 0.659343 0.751842 -0
    outer loop
      vertex -96.3716 15.8284 0
      vertex -96.765 16.1734 4
      vertex -96.3716 15.8284 4
    endloop
  endfacet
  facet normal 0.659343 0.751842 0
    outer loop
      vertex -96.765 16.1734 4
      vertex -96.3716 15.8284 0
      vertex -96.765 16.1734 0
    endloop
  endfacet
  facet normal 0.0653646 0.997861 -0
    outer loop
      vertex -98.6779 16.9658 0
      vertex -99.2 17 4
      vertex -98.6779 16.9658 4
    endloop
  endfacet
  facet normal 0.0653646 0.997861 0
    outer loop
      vertex -99.2 17 4
      vertex -98.6779 16.9658 0
      vertex -99.2 17 0
    endloop
  endfacet
  facet normal -0.0653771 0.997861 0
    outer loop
      vertex -104 17 0
      vertex -104.522 16.9658 4
      vertex -104 17 4
    endloop
  endfacet
  facet normal -0.0653771 0.997861 0
    outer loop
      vertex -104.522 16.9658 4
      vertex -104 17 0
      vertex -104.522 16.9658 0
    endloop
  endfacet
  facet normal 0.831407 -0.555664 0
    outer loop
      vertex -96.0266 -15.435 4
      vertex -96 -15.3952 0
      vertex -96 -15.3952 4
    endloop
  endfacet
  facet normal 0.831407 -0.555664 0
    outer loop
      vertex -96 -15.3952 0
      vertex -96.0266 -15.435 4
      vertex -96.0266 -15.435 0
    endloop
  endfacet
  facet normal 0.659343 -0.751842 0
    outer loop
      vertex -96.765 -16.1734 0
      vertex -96.3716 -15.8284 4
      vertex -96.765 -16.1734 4
    endloop
  endfacet
  facet normal 0.659343 -0.751842 0
    outer loop
      vertex -96.3716 -15.8284 4
      vertex -96.765 -16.1734 0
      vertex -96.3716 -15.8284 0
    endloop
  endfacet
  facet normal 0.442238 -0.896898 0
    outer loop
      vertex -97.6693 -16.6955 0
      vertex -97.2 -16.4641 4
      vertex -97.6693 -16.6955 4
    endloop
  endfacet
  facet normal 0.442238 -0.896898 0
    outer loop
      vertex -97.2 -16.4641 4
      vertex -97.6693 -16.6955 0
      vertex -97.2 -16.4641 0
    endloop
  endfacet
  facet normal -0.555626 0.831432 0
    outer loop
      vertex -106 16.4641 0
      vertex -106.435 16.1734 4
      vertex -106 16.4641 4
    endloop
  endfacet
  facet normal -0.555626 0.831432 0
    outer loop
      vertex -106.435 16.1734 4
      vertex -106 16.4641 0
      vertex -106.435 16.1734 0
    endloop
  endfacet
  facet normal -0.831167 0.556022 0
    outer loop
      vertex -107.464 15 0
      vertex -107.173 15.435 4
      vertex -107.173 15.435 0
    endloop
  endfacet
  facet normal -0.831167 0.556022 0
    outer loop
      vertex -107.173 15.435 4
      vertex -107.464 15 0
      vertex -107.464 15 4
    endloop
  endfacet
  facet normal -0.947026 -0.321156 0
    outer loop
      vertex -107.696 -14.5307 0
      vertex -107.864 -14.0353 4
      vertex -107.864 -14.0353 0
    endloop
  endfacet
  facet normal -0.947026 -0.321156 0
    outer loop
      vertex -107.864 -14.0353 4
      vertex -107.696 -14.5307 0
      vertex -107.696 -14.5307 4
    endloop
  endfacet
  facet normal -0.831167 -0.556022 0
    outer loop
      vertex -107.173 -15.435 0
      vertex -107.464 -15 4
      vertex -107.464 -15 0
    endloop
  endfacet
  facet normal -0.831167 -0.556022 0
    outer loop
      vertex -107.464 -15 4
      vertex -107.173 -15.435 0
      vertex -107.173 -15.435 4
    endloop
  endfacet
  facet normal -0.659722 -0.75151 0
    outer loop
      vertex -106.828 -15.8284 0
      vertex -106.435 -16.1734 4
      vertex -106.828 -15.8284 4
    endloop
  endfacet
  facet normal -0.659722 -0.75151 -0
    outer loop
      vertex -106.435 -16.1734 4
      vertex -106.828 -15.8284 0
      vertex -106.435 -16.1734 0
    endloop
  endfacet
  facet normal -0.0653771 -0.997861 0
    outer loop
      vertex -104.522 -16.9658 0
      vertex -104 -17 4
      vertex -104.522 -16.9658 4
    endloop
  endfacet
  facet normal -0.0653771 -0.997861 -0
    outer loop
      vertex -104 -17 4
      vertex -104.522 -16.9658 0
      vertex -104 -17 0
    endloop
  endfacet
  facet normal 0.751842 -0.659343 0
    outer loop
      vertex -96.3716 -15.8284 4
      vertex -96.0266 -15.435 0
      vertex -96.0266 -15.435 4
    endloop
  endfacet
  facet normal 0.751842 -0.659343 0
    outer loop
      vertex -96.0266 -15.435 0
      vertex -96.3716 -15.8284 4
      vertex -96.3716 -15.8284 0
    endloop
  endfacet
  facet normal 0.555626 -0.831432 0
    outer loop
      vertex -97.2 -16.4641 0
      vertex -96.765 -16.1734 4
      vertex -97.2 -16.4641 4
    endloop
  endfacet
  facet normal 0.555626 -0.831432 0
    outer loop
      vertex -96.765 -16.1734 4
      vertex -97.2 -16.4641 0
      vertex -96.765 -16.1734 0
    endloop
  endfacet
  facet normal -0.659722 0.75151 0
    outer loop
      vertex -106.435 16.1734 0
      vertex -106.828 15.8284 4
      vertex -106.435 16.1734 4
    endloop
  endfacet
  facet normal -0.659722 0.75151 0
    outer loop
      vertex -106.828 15.8284 4
      vertex -106.435 16.1734 0
      vertex -106.828 15.8284 0
    endloop
  endfacet
  facet normal -0.442465 0.896786 0
    outer loop
      vertex -105.531 16.6955 0
      vertex -106 16.4641 4
      vertex -105.531 16.6955 4
    endloop
  endfacet
  facet normal -0.442465 0.896786 0
    outer loop
      vertex -106 16.4641 4
      vertex -105.531 16.6955 0
      vertex -106 16.4641 0
    endloop
  endfacet
  facet normal -0.947026 0.321156 0
    outer loop
      vertex -107.864 14.0353 0
      vertex -107.696 14.5307 4
      vertex -107.696 14.5307 0
    endloop
  endfacet
  facet normal -0.947026 0.321156 0
    outer loop
      vertex -107.696 14.5307 4
      vertex -107.864 14.0353 0
      vertex -107.864 14.0353 4
    endloop
  endfacet
  facet normal -0.896443 0.443159 0
    outer loop
      vertex -107.696 14.5307 0
      vertex -107.464 15 4
      vertex -107.464 15 0
    endloop
  endfacet
  facet normal -0.896443 0.443159 0
    outer loop
      vertex -107.464 15 4
      vertex -107.696 14.5307 0
      vertex -107.696 14.5307 4
    endloop
  endfacet
  facet normal 0.321469 -0.94692 0
    outer loop
      vertex -1.96473 -16.8637 0
      vertex -1.46928 -16.6955 4
      vertex -1.96473 -16.8637 4
    endloop
  endfacet
  facet normal 0.321469 -0.94692 0
    outer loop
      vertex -1.46928 -16.6955 4
      vertex -1.96473 -16.8637 0
      vertex -1.46928 -16.6955 0
    endloop
  endfacet
  facet normal 0.0653634 -0.997862 0
    outer loop
      vertex -3.00001 -17 0
      vertex -2.4779 -16.9658 4
      vertex -3.00001 -17 4
    endloop
  endfacet
  facet normal 0.0653634 -0.997862 0
    outer loop
      vertex -2.4779 -16.9658 4
      vertex -3.00001 -17 0
      vertex -2.4779 -16.9658 0
    endloop
  endfacet
  facet normal -0.195135 0.980776 0
    outer loop
      vertex -8.3221 16.9658 0
      vertex -8.83527 16.8637 4
      vertex -8.3221 16.9658 4
    endloop
  endfacet
  facet normal -0.195135 0.980776 0
    outer loop
      vertex -8.83527 16.8637 4
      vertex -8.3221 16.9658 0
      vertex -8.83527 16.8637 0
    endloop
  endfacet
  facet normal 0.195135 -0.980776 0
    outer loop
      vertex -2.4779 -16.9658 0
      vertex -1.96473 -16.8637 4
      vertex -2.4779 -16.9658 4
    endloop
  endfacet
  facet normal 0.195135 -0.980776 0
    outer loop
      vertex -1.96473 -16.8637 4
      vertex -2.4779 -16.9658 0
      vertex -1.96473 -16.8637 0
    endloop
  endfacet
  facet normal 0.980791 0.195061 0
    outer loop
      vertex 0.965768 13.5221 4
      vertex 0.863702 14.0353 0
      vertex 0.863702 14.0353 4
    endloop
  endfacet
  facet normal 0.980791 0.195061 0
    outer loop
      vertex 0.863702 14.0353 0
      vertex 0.965768 13.5221 4
      vertex 0.965768 13.5221 0
    endloop
  endfacet
  facet normal 0.980791 -0.195061 0
    outer loop
      vertex 0.863702 -14.0353 4
      vertex 0.965768 -13.5221 0
      vertex 0.965768 -13.5221 4
    endloop
  endfacet
  facet normal 0.980791 -0.195061 0
    outer loop
      vertex 0.965768 -13.5221 0
      vertex 0.863702 -14.0353 4
      vertex 0.863702 -14.0353 0
    endloop
  endfacet
  facet normal -0.442268 -0.896883 0
    outer loop
      vertex -9.79999 -16.4641 0
      vertex -9.33073 -16.6955 4
      vertex -9.79999 -16.4641 4
    endloop
  endfacet
  facet normal -0.442268 -0.896883 -0
    outer loop
      vertex -9.33073 -16.6955 4
      vertex -9.79999 -16.4641 0
      vertex -9.33073 -16.6955 0
    endloop
  endfacet
  facet normal 0.321469 0.94692 -0
    outer loop
      vertex -1.46928 16.6955 0
      vertex -1.96473 16.8637 4
      vertex -1.46928 16.6955 4
    endloop
  endfacet
  facet normal 0.321469 0.94692 0
    outer loop
      vertex -1.96473 16.8637 4
      vertex -1.46928 16.6955 0
      vertex -1.96473 16.8637 0
    endloop
  endfacet
  facet normal 0.751856 -0.659327 0
    outer loop
      vertex -0.171576 -15.8284 4
      vertex 0.173409 -15.435 0
      vertex 0.173409 -15.435 4
    endloop
  endfacet
  facet normal 0.751856 -0.659327 0
    outer loop
      vertex 0.173409 -15.435 0
      vertex -0.171576 -15.8284 4
      vertex -0.171576 -15.8284 0
    endloop
  endfacet
  facet normal -0.0653634 -0.997862 0
    outer loop
      vertex -8.3221 -16.9658 0
      vertex -7.79999 -17 4
      vertex -8.3221 -16.9658 4
    endloop
  endfacet
  facet normal -0.0653634 -0.997862 -0
    outer loop
      vertex -7.79999 -17 4
      vertex -8.3221 -16.9658 0
      vertex -7.79999 -17 0
    endloop
  endfacet
  facet normal -0.659343 0.751842 0
    outer loop
      vertex -10.235 16.1734 0
      vertex -10.6284 15.8284 4
      vertex -10.235 16.1734 4
    endloop
  endfacet
  facet normal -0.659343 0.751842 0
    outer loop
      vertex -10.6284 15.8284 4
      vertex -10.235 16.1734 0
      vertex -10.6284 15.8284 0
    endloop
  endfacet
  facet normal 0 0 1
    outer loop
      vertex -3.3 12.9 4
      vertex 0.999993 13 4
      vertex 0.965768 13.5221 4
    endloop
  endfacet
  facet normal 0 0 1
    outer loop
      vertex 0.999993 13 4
      vertex -3.3 12.9 4
      vertex 0.999993 -13 4
    endloop
  endfacet
  facet normal 0 0 1
    outer loop
      vertex -3.3 12.9 4
      vertex 0.965768 13.5221 4
      vertex 0.863702 14.0353 4
    endloop
  endfacet
  facet normal -0 0 1
    outer loop
      vertex -3.3 -12.9 4
      vertex 0.999993 -13 4
      vertex -3.3 12.9 4
    endloop
  endfacet
  facet normal 0 0 1
    outer loop
      vertex -3.3 12.9 4
      vertex 0.863702 14.0353 4
      vertex 0.695504 14.5307 4
    endloop
  endfacet
  facet normal 0 0 1
    outer loop
      vertex 0.999993 -13 4
      vertex -3.3 -12.9 4
      vertex 0.965768 -13.5221 4
    endloop
  endfacet
  facet normal 0 0 1
    outer loop
      vertex -3.3 12.9 4
      vertex 0.695504 14.5307 4
      vertex 0.464089 15 4
    endloop
  endfacet
  facet normal 0 0 1
    outer loop
      vertex 0.965768 -13.5221 4
      vertex -3.3 -12.9 4
      vertex 0.863702 -14.0353 4
    endloop
  endfacet
  facet normal 0 0 1
    outer loop
      vertex -3.3 12.9 4
      vertex 0.464089 15 4
      vertex 0.173409 15.435 4
    endloop
  endfacet
  facet normal 0 0 1
    outer loop
      vertex 0.863702 -14.0353 4
      vertex -3.3 -12.9 4
      vertex 0.695504 -14.5307 4
    endloop
  endfacet
  facet normal 0 0 1
    outer loop
      vertex -3.3 12.9 4
      vertex 0.173409 15.435 4
      vertex -0.171576 15.8284 4
    endloop
  endfacet
  facet normal 0 0 1
    outer loop
      vertex 0.695504 -14.5307 4
      vertex -3.3 -12.9 4
      vertex 0.464089 -15 4
    endloop
  endfacet
  facet normal 0 0 1
    outer loop
      vertex -3.3 12.9 4
      vertex -0.171576 15.8284 4
      vertex -0.564963 16.1734 4
    endloop
  endfacet
  facet normal 0 0 1
    outer loop
      vertex 0.464089 -15 4
      vertex -3.3 -12.9 4
      vertex 0.173409 -15.435 4
    endloop
  endfacet
  facet normal 0 0 1
    outer loop
      vertex -3.3 12.9 4
      vertex -0.564963 16.1734 4
      vertex -1.00001 16.4641 4
    endloop
  endfacet
  facet normal 0 0 1
    outer loop
      vertex 0.173409 -15.435 4
      vertex -3.3 -12.9 4
      vertex -0.171576 -15.8284 4
    endloop
  endfacet
  facet normal 0 0 1
    outer loop
      vertex -3.3 12.9 4
      vertex -1.00001 16.4641 4
      vertex -1.46928 16.6955 4
    endloop
  endfacet
  facet normal 0 0 1
    outer loop
      vertex -0.171576 -15.8284 4
      vertex -3.3 -12.9 4
      vertex -0.564963 -16.1734 4
    endloop
  endfacet
  facet normal 0 0 1
    outer loop
      vertex -3.3 12.9 4
      vertex -1.46928 16.6955 4
      vertex -1.96473 16.8637 4
    endloop
  endfacet
  facet normal 0 0 1
    outer loop
      vertex -0.564963 -16.1734 4
      vertex -3.3 -12.9 4
      vertex -1.00001 -16.4641 4
    endloop
  endfacet
  facet normal 0 0 1
    outer loop
      vertex -3.3 12.9 4
      vertex -1.96473 16.8637 4
      vertex -2.4779 16.9658 4
    endloop
  endfacet
  facet normal 0 0 1
    outer loop
      vertex -1.00001 -16.4641 4
      vertex -3.3 -12.9 4
      vertex -1.46928 -16.6955 4
    endloop
  endfacet
  facet normal 0 0 1
    outer loop
      vertex -3.3 12.9 4
      vertex -2.4779 16.9658 4
      vertex -3.00001 17 4
    endloop
  endfacet
  facet normal 0 0 1
    outer loop
      vertex -1.46928 -16.6955 4
      vertex -3.3 -12.9 4
      vertex -1.96473 -16.8637 4
    endloop
  endfacet
  facet normal 0 0 1
    outer loop
      vertex -1.96473 -16.8637 4
      vertex -3.3 -12.9 4
      vertex -2.4779 -16.9658 4
    endloop
  endfacet
  facet normal 0 0 1
    outer loop
      vertex -3.00001 17 4
      vertex -6.7 12.9 4
      vertex -3.3 12.9 4
    endloop
  endfacet
  facet normal -0 0 1
    outer loop
      vertex -8.3221 16.9658 4
      vertex -6.7 12.9 4
      vertex -7.79999 17 4
    endloop
  endfacet
  facet normal -0 0 1
    outer loop
      vertex -7.79999 17 4
      vertex -6.7 12.9 4
      vertex -3.00001 17 4
    endloop
  endfacet
  facet normal 0 0 1
    outer loop
      vertex -2.4779 -16.9658 4
      vertex -3.3 -12.9 4
      vertex -3.00001 -17 4
    endloop
  endfacet
  facet normal -0 0 1
    outer loop
      vertex -6.7 -12.9 4
      vertex -3.00001 -17 4
      vertex -3.3 -12.9 4
    endloop
  endfacet
  facet normal 0 0 1
    outer loop
      vertex -6.7 -12.9 4
      vertex -7.79999 -17 4
      vertex -3.00001 -17 4
    endloop
  endfacet
  facet normal 0 0 1
    outer loop
      vertex -6.7 12.9 4
      vertex -11 15.3952 4
      vertex -6.7 -12.9 4
    endloop
  endfacet
  facet normal -0 0 1
    outer loop
      vertex -8.83527 16.8637 4
      vertex -6.7 12.9 4
      vertex -8.3221 16.9658 4
    endloop
  endfacet
  facet normal 0 0 1
    outer loop
      vertex -11 -15.3952 4
      vertex -6.7 -12.9 4
      vertex -11 15.3952 4
    endloop
  endfacet
  facet normal -0 0 1
    outer loop
      vertex -9.33073 16.6955 4
      vertex -6.7 12.9 4
      vertex -8.83527 16.8637 4
    endloop
  endfacet
  facet normal 0 -0 1
    outer loop
      vertex -10.6284 -15.8284 4
      vertex -6.7 -12.9 4
      vertex -11 -15.3952 4
    endloop
  endfacet
  facet normal -0 0 1
    outer loop
      vertex -9.79999 16.4641 4
      vertex -6.7 12.9 4
      vertex -9.33073 16.6955 4
    endloop
  endfacet
  facet normal 0 0 1
    outer loop
      vertex -6.7 -12.9 4
      vertex -8.3221 -16.9658 4
      vertex -7.79999 -17 4
    endloop
  endfacet
  facet normal -0 0 1
    outer loop
      vertex -10.235 16.1734 4
      vertex -6.7 12.9 4
      vertex -9.79999 16.4641 4
    endloop
  endfacet
  facet normal 0 0 1
    outer loop
      vertex -6.7 -12.9 4
      vertex -8.83527 -16.8637 4
      vertex -8.3221 -16.9658 4
    endloop
  endfacet
  facet normal -0 0 1
    outer loop
      vertex -10.6284 15.8284 4
      vertex -6.7 12.9 4
      vertex -10.235 16.1734 4
    endloop
  endfacet
  facet normal 0 0 1
    outer loop
      vertex -6.7 -12.9 4
      vertex -9.33073 -16.6955 4
      vertex -8.83527 -16.8637 4
    endloop
  endfacet
  facet normal 0 0 1
    outer loop
      vertex -6.7 12.9 4
      vertex -10.6284 15.8284 4
      vertex -11 15.3952 4
    endloop
  endfacet
  facet normal 0 0 1
    outer loop
      vertex -6.7 -12.9 4
      vertex -9.79999 -16.4641 4
      vertex -9.33073 -16.6955 4
    endloop
  endfacet
  facet normal 0 0 1
    outer loop
      vertex -11 15.3952 4
      vertex -10.6284 15.8284 4
      vertex -10.9734 15.435 4
    endloop
  endfacet
  facet normal 0 0 1
    outer loop
      vertex -6.7 -12.9 4
      vertex -10.235 -16.1734 4
      vertex -9.79999 -16.4641 4
    endloop
  endfacet
  facet normal 0 0 1
    outer loop
      vertex -6.7 -12.9 4
      vertex -10.6284 -15.8284 4
      vertex -10.235 -16.1734 4
    endloop
  endfacet
  facet normal 0 0 1
    outer loop
      vertex -10.6284 -15.8284 4
      vertex -11 -15.3952 4
      vertex -10.9734 -15.435 4
    endloop
  endfacet
  facet normal -0.321463 -0.946922 0
    outer loop
      vertex -9.33073 -16.6955 0
      vertex -8.83527 -16.8637 4
      vertex -9.33073 -16.6955 4
    endloop
  endfacet
  facet normal -0.321463 -0.946922 -0
    outer loop
      vertex -8.83527 -16.8637 4
      vertex -9.33073 -16.6955 0
      vertex -8.83527 -16.8637 0
    endloop
  endfacet
  facet normal 0 -1 0
    outer loop
      vertex -7.79999 -17 0
      vertex -3.00001 -17 4
      vertex -7.79999 -17 4
    endloop
  endfacet
  facet normal 0 -1 -0
    outer loop
      vertex -3.00001 -17 4
      vertex -7.79999 -17 0
      vertex -3.00001 -17 0
    endloop
  endfacet
  facet normal 0 1 -0
    outer loop
      vertex -3.00001 17 0
      vertex -7.79999 17 4
      vertex -3.00001 17 4
    endloop
  endfacet
  facet normal 0 1 0
    outer loop
      vertex -7.79999 17 4
      vertex -3.00001 17 0
      vertex -7.79999 17 0
    endloop
  endfacet
  facet normal 0.751856 0.659327 0
    outer loop
      vertex 0.173409 15.435 4
      vertex -0.171576 15.8284 0
      vertex -0.171576 15.8284 4
    endloop
  endfacet
  facet normal 0.751856 0.659327 0
    outer loop
      vertex -0.171576 15.8284 0
      vertex 0.173409 15.435 4
      vertex 0.173409 15.435 0
    endloop
  endfacet
  facet normal -0.0653634 0.997862 0
    outer loop
      vertex -7.79999 17 0
      vertex -8.3221 16.9658 4
      vertex -7.79999 17 4
    endloop
  endfacet
  facet normal -0.0653634 0.997862 0
    outer loop
      vertex -8.3221 16.9658 4
      vertex -7.79999 17 0
      vertex -8.3221 16.9658 0
    endloop
  endfacet
  facet normal 0.997858 -0.0654122 0
    outer loop
      vertex 0.965768 -13.5221 4
      vertex 0.999993 -13 0
      vertex 0.999993 -13 4
    endloop
  endfacet
  facet normal 0.997858 -0.0654122 0
    outer loop
      vertex 0.999993 -13 0
      vertex 0.965768 -13.5221 4
      vertex 0.965768 -13.5221 0
    endloop
  endfacet
  facet normal 0.997858 0.0654122 0
    outer loop
      vertex 0.999993 13 4
      vertex 0.965768 13.5221 0
      vertex 0.965768 13.5221 4
    endloop
  endfacet
  facet normal 0.997858 0.0654122 0
    outer loop
      vertex 0.965768 13.5221 0
      vertex 0.999993 13 4
      vertex 0.999993 13 0
    endloop
  endfacet
  facet normal -0.442268 0.896883 0
    outer loop
      vertex -9.33073 16.6955 0
      vertex -9.79999 16.4641 4
      vertex -9.33073 16.6955 4
    endloop
  endfacet
  facet normal -0.442268 0.896883 0
    outer loop
      vertex -9.79999 16.4641 4
      vertex -9.33073 16.6955 0
      vertex -9.79999 16.4641 0
    endloop
  endfacet
  facet normal -0.321463 0.946922 0
    outer loop
      vertex -8.83527 16.8637 0
      vertex -9.33073 16.6955 4
      vertex -8.83527 16.8637 4
    endloop
  endfacet
  facet normal -0.321463 0.946922 0
    outer loop
      vertex -9.33073 16.6955 4
      vertex -8.83527 16.8637 0
      vertex -9.33073 16.6955 0
    endloop
  endfacet
  facet normal -0.555617 0.831438 0
    outer loop
      vertex -9.79999 16.4641 0
      vertex -10.235 16.1734 4
      vertex -9.79999 16.4641 4
    endloop
  endfacet
  facet normal -0.555617 0.831438 0
    outer loop
      vertex -10.235 16.1734 4
      vertex -9.79999 16.4641 0
      vertex -10.235 16.1734 0
    endloop
  endfacet
  facet normal -0.831407 0.555664 0
    outer loop
      vertex -11 15.3952 0
      vertex -10.9734 15.435 4
      vertex -10.9734 15.435 0
    endloop
  endfacet
  facet normal -0.831407 0.555664 0
    outer loop
      vertex -10.9734 15.435 4
      vertex -11 15.3952 0
      vertex -11 15.3952 4
    endloop
  endfacet
  facet normal -0.751842 0.659343 0
    outer loop
      vertex -10.9734 15.435 0
      vertex -10.6284 15.8284 4
      vertex -10.6284 15.8284 0
    endloop
  endfacet
  facet normal -0.751842 0.659343 0
    outer loop
      vertex -10.6284 15.8284 4
      vertex -10.9734 15.435 0
      vertex -10.9734 15.435 4
    endloop
  endfacet
  facet normal -0.555617 -0.831438 0
    outer loop
      vertex -10.235 -16.1734 0
      vertex -9.79999 -16.4641 4
      vertex -10.235 -16.1734 4
    endloop
  endfacet
  facet normal -0.555617 -0.831438 -0
    outer loop
      vertex -9.79999 -16.4641 4
      vertex -10.235 -16.1734 0
      vertex -9.79999 -16.4641 0
    endloop
  endfacet
  facet normal -0.751842 -0.659343 0
    outer loop
      vertex -10.6284 -15.8284 0
      vertex -10.9734 -15.435 4
      vertex -10.9734 -15.435 0
    endloop
  endfacet
  facet normal -0.751842 -0.659343 0
    outer loop
      vertex -10.9734 -15.435 4
      vertex -10.6284 -15.8284 0
      vertex -10.6284 -15.8284 4
    endloop
  endfacet
  facet normal -0.195135 -0.980776 0
    outer loop
      vertex -8.83527 -16.8637 0
      vertex -8.3221 -16.9658 4
      vertex -8.83527 -16.8637 4
    endloop
  endfacet
  facet normal -0.195135 -0.980776 -0
    outer loop
      vertex -8.3221 -16.9658 4
      vertex -8.83527 -16.8637 0
      vertex -8.3221 -16.9658 0
    endloop
  endfacet
  facet normal 0.896886 0.442261 0
    outer loop
      vertex 0.695504 14.5307 4
      vertex 0.464089 15 0
      vertex 0.464089 15 4
    endloop
  endfacet
  facet normal 0.896886 0.442261 0
    outer loop
      vertex 0.464089 15 0
      vertex 0.695504 14.5307 4
      vertex 0.695504 14.5307 0
    endloop
  endfacet
  facet normal 0.946911 0.321495 0
    outer loop
      vertex 0.863702 14.0353 4
      vertex 0.695504 14.5307 0
      vertex 0.695504 14.5307 4
    endloop
  endfacet
  facet normal 0.946911 0.321495 0
    outer loop
      vertex 0.695504 14.5307 0
      vertex 0.863702 14.0353 4
      vertex 0.863702 14.0353 0
    endloop
  endfacet
  facet normal 0.83145 0.5556 0
    outer loop
      vertex 0.464089 15 4
      vertex 0.173409 15.435 0
      vertex 0.173409 15.435 4
    endloop
  endfacet
  facet normal 0.83145 0.5556 0
    outer loop
      vertex 0.173409 15.435 0
      vertex 0.464089 15 4
      vertex 0.464089 15 0
    endloop
  endfacet
  facet normal 0.555585 0.83146 -0
    outer loop
      vertex -0.564963 16.1734 0
      vertex -1.00001 16.4641 4
      vertex -0.564963 16.1734 4
    endloop
  endfacet
  facet normal 0.555585 0.83146 0
    outer loop
      vertex -1.00001 16.4641 4
      vertex -0.564963 16.1734 0
      vertex -1.00001 16.4641 0
    endloop
  endfacet
  facet normal 0.44226 0.896887 -0
    outer loop
      vertex -1.00001 16.4641 0
      vertex -1.46928 16.6955 4
      vertex -1.00001 16.4641 4
    endloop
  endfacet
  facet normal 0.44226 0.896887 0
    outer loop
      vertex -1.46928 16.6955 4
      vertex -1.00001 16.4641 0
      vertex -1.46928 16.6955 0
    endloop
  endfacet
  facet normal 0.659355 0.751831 -0
    outer loop
      vertex -0.171576 15.8284 0
      vertex -0.564963 16.1734 4
      vertex -0.171576 15.8284 4
    endloop
  endfacet
  facet normal 0.659355 0.751831 0
    outer loop
      vertex -0.564963 16.1734 4
      vertex -0.171576 15.8284 0
      vertex -0.564963 16.1734 0
    endloop
  endfacet
  facet normal 0.0653634 0.997862 -0
    outer loop
      vertex -2.4779 16.9658 0
      vertex -3.00001 17 4
      vertex -2.4779 16.9658 4
    endloop
  endfacet
  facet normal 0.0653634 0.997862 0
    outer loop
      vertex -3.00001 17 4
      vertex -2.4779 16.9658 0
      vertex -3.00001 17 0
    endloop
  endfacet
  facet normal 0.195135 0.980776 -0
    outer loop
      vertex -1.96473 16.8637 0
      vertex -2.4779 16.9658 4
      vertex -1.96473 16.8637 4
    endloop
  endfacet
  facet normal 0.195135 0.980776 0
    outer loop
      vertex -2.4779 16.9658 4
      vertex -1.96473 16.8637 0
      vertex -2.4779 16.9658 0
    endloop
  endfacet
  facet normal 1 -0 0
    outer loop
      vertex 0.999993 -13 4
      vertex 0.999993 13 0
      vertex 0.999993 13 4
    endloop
  endfacet
  facet normal 1 0 0
    outer loop
      vertex 0.999993 13 0
      vertex 0.999993 -13 4
      vertex 0.999993 -13 0
    endloop
  endfacet
  facet normal 0.83145 -0.5556 0
    outer loop
      vertex 0.173409 -15.435 4
      vertex 0.464089 -15 0
      vertex 0.464089 -15 4
    endloop
  endfacet
  facet normal 0.83145 -0.5556 0
    outer loop
      vertex 0.464089 -15 0
      vertex 0.173409 -15.435 4
      vertex 0.173409 -15.435 0
    endloop
  endfacet
  facet normal 0.946911 -0.321495 0
    outer loop
      vertex 0.695504 -14.5307 4
      vertex 0.863702 -14.0353 0
      vertex 0.863702 -14.0353 4
    endloop
  endfacet
  facet normal 0.946911 -0.321495 0
    outer loop
      vertex 0.863702 -14.0353 0
      vertex 0.695504 -14.5307 4
      vertex 0.695504 -14.5307 0
    endloop
  endfacet
  facet normal 0.659355 -0.751831 0
    outer loop
      vertex -0.564963 -16.1734 0
      vertex -0.171576 -15.8284 4
      vertex -0.564963 -16.1734 4
    endloop
  endfacet
  facet normal 0.659355 -0.751831 0
    outer loop
      vertex -0.171576 -15.8284 4
      vertex -0.564963 -16.1734 0
      vertex -0.171576 -15.8284 0
    endloop
  endfacet
  facet normal 0.44226 -0.896887 0
    outer loop
      vertex -1.46928 -16.6955 0
      vertex -1.00001 -16.4641 4
      vertex -1.46928 -16.6955 4
    endloop
  endfacet
  facet normal 0.44226 -0.896887 0
    outer loop
      vertex -1.00001 -16.4641 4
      vertex -1.46928 -16.6955 0
      vertex -1.00001 -16.4641 0
    endloop
  endfacet
  facet normal -0.831407 -0.555664 0
    outer loop
      vertex -10.9734 -15.435 0
      vertex -11 -15.3952 4
      vertex -11 -15.3952 0
    endloop
  endfacet
  facet normal -0.831407 -0.555664 0
    outer loop
      vertex -11 -15.3952 4
      vertex -10.9734 -15.435 0
      vertex -10.9734 -15.435 4
    endloop
  endfacet
  facet normal -0.659343 -0.751842 0
    outer loop
      vertex -10.6284 -15.8284 0
      vertex -10.235 -16.1734 4
      vertex -10.6284 -15.8284 4
    endloop
  endfacet
  facet normal -0.659343 -0.751842 -0
    outer loop
      vertex -10.235 -16.1734 4
      vertex -10.6284 -15.8284 0
      vertex -10.235 -16.1734 0
    endloop
  endfacet
  facet normal 0.896886 -0.442261 0
    outer loop
      vertex 0.464089 -15 4
      vertex 0.695504 -14.5307 0
      vertex 0.695504 -14.5307 4
    endloop
  endfacet
  facet normal 0.896886 -0.442261 0
    outer loop
      vertex 0.695504 -14.5307 0
      vertex 0.464089 -15 4
      vertex 0.464089 -15 0
    endloop
  endfacet
  facet normal 0.555585 -0.83146 0
    outer loop
      vertex -1.00001 -16.4641 0
      vertex -0.564963 -16.1734 4
      vertex -1.00001 -16.4641 4
    endloop
  endfacet
  facet normal 0.555585 -0.83146 0
    outer loop
      vertex -0.564963 -16.1734 4
      vertex -1.00001 -16.4641 0
      vertex -0.564963 -16.1734 0
    endloop
  endfacet
  facet normal 0.442314 -0.89686 0
    outer loop
      vertex -15.3212 -28.4672 0
      vertex -14.5 -28.0622 20.2
      vertex -15.3212 -28.4672 20.2
    endloop
  endfacet
  facet normal 0.442314 -0.89686 0
    outer loop
      vertex -14.5 -28.0622 20.2
      vertex -15.3212 -28.4672 0
      vertex -14.5 -28.0622 0
    endloop
  endfacet
  facet normal 0.555582 -0.831462 0
    outer loop
      vertex -14.5 -28.0622 0
      vertex -13.7387 -27.5535 20.2
      vertex -14.5 -28.0622 20.2
    endloop
  endfacet
  facet normal 0.555582 -0.831462 0
    outer loop
      vertex -13.7387 -27.5535 20.2
      vertex -14.5 -28.0622 0
      vertex -13.7387 -27.5535 0
    endloop
  endfacet
  facet normal 0.3214 -0.946944 0
    outer loop
      vertex -16.1883 -28.7615 0
      vertex -15.3212 -28.4672 20.2
      vertex -16.1883 -28.7615 20.2
    endloop
  endfacet
  facet normal 0.3214 -0.946944 0
    outer loop
      vertex -15.3212 -28.4672 20.2
      vertex -16.1883 -28.7615 0
      vertex -15.3212 -28.4672 0
    endloop
  endfacet
  facet normal 1 0 0
    outer loop
      vertex -11 22 20.2
      vertex -11 15.3952 4
      vertex -11 22 0
    endloop
  endfacet
  facet normal 1 0 0
    outer loop
      vertex -11 22 20.2
      vertex -11 -8.25 11.6
      vertex -11 15.3952 4
    endloop
  endfacet
  facet normal 1 -0 0
    outer loop
      vertex -11 -22 20.2
      vertex -11 -8.25 11.6
      vertex -11 22 20.2
    endloop
  endfacet
  facet normal 1 0 0
    outer loop
      vertex -11 -22 0
      vertex -11 -18.25 11.6
      vertex -11 -22 20.2
    endloop
  endfacet
  facet normal 1 0 0
    outer loop
      vertex -11 -8.25 11.6
      vertex -11 -22 20.2
      vertex -11 -18.25 11.6
    endloop
  endfacet
  facet normal 1 0 0
    outer loop
      vertex -11 22 0
      vertex -11 15.3952 4
      vertex -11 15.3952 0
    endloop
  endfacet
  facet normal 1 -0 0
    outer loop
      vertex -11 -8.25 6.4
      vertex -11 15.3952 4
      vertex -11 -8.25 11.6
    endloop
  endfacet
  facet normal 1 0 0
    outer loop
      vertex -11 -8.25 6.4
      vertex -11 -15.3952 4
      vertex -11 15.3952 4
    endloop
  endfacet
  facet normal 1 -0 0
    outer loop
      vertex -11 -18.25 6.4
      vertex -11 -15.3952 4
      vertex -11 -8.25 6.4
    endloop
  endfacet
  facet normal 1 0 0
    outer loop
      vertex -11 -22 0
      vertex -11 -15.3952 4
      vertex -11 -18.25 6.4
    endloop
  endfacet
  facet normal 1 0 0
    outer loop
      vertex -11 -15.3952 4
      vertex -11 -22 0
      vertex -11 -15.3952 0
    endloop
  endfacet
  facet normal 1 0 0
    outer loop
      vertex -11 -18.25 11.6
      vertex -11 -22 0
      vertex -11 -18.25 6.4
    endloop
  endfacet
  facet normal 0 0 1
    outer loop
      vertex -12.3 22 20.2
      vertex -11 22 20.2
      vertex -11.0599 22.9137 20.2
    endloop
  endfacet
  facet normal 0 0 1
    outer loop
      vertex -11 22 20.2
      vertex -12.3 22 20.2
      vertex -11 -22 20.2
    endloop
  endfacet
  facet normal 0 0 1
    outer loop
      vertex -12.3488 22.744 20.2
      vertex -11.0599 22.9137 20.2
      vertex -11.2385 23.8117 20.2
    endloop
  endfacet
  facet normal 0 0 1
    outer loop
      vertex -12.3 -22 20.2
      vertex -11 -22 20.2
      vertex -12.3 22 20.2
    endloop
  endfacet
  facet normal 0 0 1
    outer loop
      vertex -12.4942 23.4753 20.2
      vertex -11.2385 23.8117 20.2
      vertex -11.5328 24.6788 20.2
    endloop
  endfacet
  facet normal 0 0 1
    outer loop
      vertex -11 -22 20.2
      vertex -12.3 -22 20.2
      vertex -11.0599 -22.9137 20.2
    endloop
  endfacet
  facet normal 0 0 1
    outer loop
      vertex -12.7339 24.1813 20.2
      vertex -11.5328 24.6788 20.2
      vertex -11.9378 25.5 20.2
    endloop
  endfacet
  facet normal -0 0 1
    outer loop
      vertex -12.3488 -22.744 20.2
      vertex -11.0599 -22.9137 20.2
      vertex -12.3 -22 20.2
    endloop
  endfacet
  facet normal 0 0 1
    outer loop
      vertex -11.0599 -22.9137 20.2
      vertex -12.3488 -22.744 20.2
      vertex -11.2385 -23.8117 20.2
    endloop
  endfacet
  facet normal 0 0 1
    outer loop
      vertex -11.0599 22.9137 20.2
      vertex -12.3488 22.744 20.2
      vertex -12.3 22 20.2
    endloop
  endfacet
  facet normal 0 0 1
    outer loop
      vertex -13.0637 24.85 20.2
      vertex -11.9378 25.5 20.2
      vertex -12.4465 26.2613 20.2
    endloop
  endfacet
  facet normal 0 0 1
    outer loop
      vertex -11.2385 23.8117 20.2
      vertex -12.4942 23.4753 20.2
      vertex -12.3488 22.744 20.2
    endloop
  endfacet
  facet normal 0 0 1
    outer loop
      vertex -11.5328 24.6788 20.2
      vertex -12.7339 24.1813 20.2
      vertex -12.4942 23.4753 20.2
    endloop
  endfacet
  facet normal 0 0 1
    outer loop
      vertex -13.4779 25.4699 20.2
      vertex -12.4465 26.2613 20.2
      vertex -13.0502 26.9498 20.2
    endloop
  endfacet
  facet normal 0 0 1
    outer loop
      vertex -11.9378 25.5 20.2
      vertex -13.0637 24.85 20.2
      vertex -12.7339 24.1813 20.2
    endloop
  endfacet
  facet normal 0 0 1
    outer loop
      vertex -12.4465 26.2613 20.2
      vertex -13.4779 25.4699 20.2
      vertex -13.0637 24.85 20.2
    endloop
  endfacet
  facet normal 0 0 1
    outer loop
      vertex -13.9695 26.0305 20.2
      vertex -13.0502 26.9498 20.2
      vertex -13.7387 27.5535 20.2
    endloop
  endfacet
  facet normal 0 0 1
    outer loop
      vertex -13.0502 26.9498 20.2
      vertex -13.9695 26.0305 20.2
      vertex -13.4779 25.4699 20.2
    endloop
  endfacet
  facet normal 0 0 1
    outer loop
      vertex -14.5301 26.5221 20.2
      vertex -13.7387 27.5535 20.2
      vertex -14.5 28.0622 20.2
    endloop
  endfacet
  facet normal 0 0 1
    outer loop
      vertex -13.7387 27.5535 20.2
      vertex -14.5301 26.5221 20.2
      vertex -13.9695 26.0305 20.2
    endloop
  endfacet
  facet normal 0 0 1
    outer loop
      vertex -14.5 28.0622 20.2
      vertex -15.15 26.9363 20.2
      vertex -14.5301 26.5221 20.2
    endloop
  endfacet
  facet normal 0 0 1
    outer loop
      vertex -15.3212 28.4672 20.2
      vertex -15.15 26.9363 20.2
      vertex -14.5 28.0622 20.2
    endloop
  endfacet
  facet normal 0 0 1
    outer loop
      vertex -15.3212 28.4672 20.2
      vertex -15.8187 27.2661 20.2
      vertex -15.15 26.9363 20.2
    endloop
  endfacet
  facet normal 0 0 1
    outer loop
      vertex -16.1883 28.7615 20.2
      vertex -15.8187 27.2661 20.2
      vertex -15.3212 28.4672 20.2
    endloop
  endfacet
  facet normal 0 0 1
    outer loop
      vertex -16.1883 28.7615 20.2
      vertex -16.5247 27.5058 20.2
      vertex -15.8187 27.2661 20.2
    endloop
  endfacet
  facet normal 0 0 1
    outer loop
      vertex -17.0863 28.9401 20.2
      vertex -16.5247 27.5058 20.2
      vertex -16.1883 28.7615 20.2
    endloop
  endfacet
  facet normal 0 0 1
    outer loop
      vertex -17.0863 28.9401 20.2
      vertex -17.256 27.6512 20.2
      vertex -16.5247 27.5058 20.2
    endloop
  endfacet
  facet normal 0 0 1
    outer loop
      vertex -18 29 20.2
      vertex -17.256 27.6512 20.2
      vertex -17.0863 28.9401 20.2
    endloop
  endfacet
  facet normal 0 0 1
    outer loop
      vertex -18 29 20.2
      vertex -18 27.7 20.2
      vertex -17.256 27.6512 20.2
    endloop
  endfacet
  facet normal -0 0 1
    outer loop
      vertex -89 29 20.2
      vertex -18 27.7 20.2
      vertex -18 29 20.2
    endloop
  endfacet
  facet normal 0 0 1
    outer loop
      vertex -89 29 20.2
      vertex -89 27.7 20.2
      vertex -18 27.7 20.2
    endloop
  endfacet
  facet normal 0 0 1
    outer loop
      vertex -89 29 20.2
      vertex -89.744 27.6512 20.2
      vertex -89 27.7 20.2
    endloop
  endfacet
  facet normal -0 0 1
    outer loop
      vertex -89.9137 28.9401 20.2
      vertex -89.744 27.6512 20.2
      vertex -89 29 20.2
    endloop
  endfacet
  facet normal 0 0 1
    outer loop
      vertex -89.9137 28.9401 20.2
      vertex -90.4753 27.5058 20.2
      vertex -89.744 27.6512 20.2
    endloop
  endfacet
  facet normal -0 0 1
    outer loop
      vertex -90.8117 28.7615 20.2
      vertex -90.4753 27.5058 20.2
      vertex -89.9137 28.9401 20.2
    endloop
  endfacet
  facet normal 0 0 1
    outer loop
      vertex -90.8117 28.7615 20.2
      vertex -91.1813 27.2661 20.2
      vertex -90.4753 27.5058 20.2
    endloop
  endfacet
  facet normal -0 0 1
    outer loop
      vertex -91.6788 28.4672 20.2
      vertex -91.1813 27.2661 20.2
      vertex -90.8117 28.7615 20.2
    endloop
  endfacet
  facet normal 0 0 1
    outer loop
      vertex -91.6788 28.4672 20.2
      vertex -91.85 26.9363 20.2
      vertex -91.1813 27.2661 20.2
    endloop
  endfacet
  facet normal -0 0 1
    outer loop
      vertex -92.5 28.0622 20.2
      vertex -91.85 26.9363 20.2
      vertex -91.6788 28.4672 20.2
    endloop
  endfacet
  facet normal 0 0 1
    outer loop
      vertex -91.85 26.9363 20.2
      vertex -92.5 28.0622 20.2
      vertex -92.4699 26.5221 20.2
    endloop
  endfacet
  facet normal -0 0 1
    outer loop
      vertex -93.2613 27.5535 20.2
      vertex -92.4699 26.5221 20.2
      vertex -92.5 28.0622 20.2
    endloop
  endfacet
  facet normal 0 0 1
    outer loop
      vertex -92.4699 26.5221 20.2
      vertex -93.2613 27.5535 20.2
      vertex -93.0305 26.0305 20.2
    endloop
  endfacet
  facet normal -0 0 1
    outer loop
      vertex -93.9498 26.9498 20.2
      vertex -93.0305 26.0305 20.2
      vertex -93.2613 27.5535 20.2
    endloop
  endfacet
  facet normal 0 0 1
    outer loop
      vertex -93.0305 26.0305 20.2
      vertex -93.9498 26.9498 20.2
      vertex -93.5221 25.4699 20.2
    endloop
  endfacet
  facet normal -0 0 1
    outer loop
      vertex -94.5535 26.2613 20.2
      vertex -93.5221 25.4699 20.2
      vertex -93.9498 26.9498 20.2
    endloop
  endfacet
  facet normal 0 0 1
    outer loop
      vertex -93.5221 25.4699 20.2
      vertex -94.5535 26.2613 20.2
      vertex -93.9363 24.85 20.2
    endloop
  endfacet
  facet normal -0 0 1
    outer loop
      vertex -95.0622 25.5 20.2
      vertex -93.9363 24.85 20.2
      vertex -94.5535 26.2613 20.2
    endloop
  endfacet
  facet normal 0 0 1
    outer loop
      vertex -93.9363 24.85 20.2
      vertex -95.0622 25.5 20.2
      vertex -94.2661 24.1813 20.2
    endloop
  endfacet
  facet normal -0 0 1
    outer loop
      vertex -95.4672 24.6788 20.2
      vertex -94.2661 24.1813 20.2
      vertex -95.0622 25.5 20.2
    endloop
  endfacet
  facet normal 0 0 1
    outer loop
      vertex -94.2661 24.1813 20.2
      vertex -95.4672 24.6788 20.2
      vertex -94.5058 23.4753 20.2
    endloop
  endfacet
  facet normal 0 0 1
    outer loop
      vertex -94.5058 23.4753 20.2
      vertex -95.7615 23.8117 20.2
      vertex -94.6512 22.744 20.2
    endloop
  endfacet
  facet normal -0 0 1
    outer loop
      vertex -95.7615 23.8117 20.2
      vertex -94.5058 23.4753 20.2
      vertex -95.4672 24.6788 20.2
    endloop
  endfacet
  facet normal -0 0 1
    outer loop
      vertex -12.4942 -23.4753 20.2
      vertex -11.2385 -23.8117 20.2
      vertex -12.3488 -22.744 20.2
    endloop
  endfacet
  facet normal 0 0 1
    outer loop
      vertex -11.2385 -23.8117 20.2
      vertex -12.4942 -23.4753 20.2
      vertex -11.5328 -24.6788 20.2
    endloop
  endfacet
  facet normal -0 0 1
    outer loop
      vertex -12.7339 -24.1813 20.2
      vertex -11.5328 -24.6788 20.2
      vertex -12.4942 -23.4753 20.2
    endloop
  endfacet
  facet normal 0 0 1
    outer loop
      vertex -11.5328 -24.6788 20.2
      vertex -12.7339 -24.1813 20.2
      vertex -11.9378 -25.5 20.2
    endloop
  endfacet
  facet normal -0 0 1
    outer loop
      vertex -13.0637 -24.85 20.2
      vertex -11.9378 -25.5 20.2
      vertex -12.7339 -24.1813 20.2
    endloop
  endfacet
  facet normal 0 0 1
    outer loop
      vertex -11.9378 -25.5 20.2
      vertex -13.0637 -24.85 20.2
      vertex -12.4465 -26.2613 20.2
    endloop
  endfacet
  facet normal -0 0 1
    outer loop
      vertex -13.4779 -25.4699 20.2
      vertex -12.4465 -26.2613 20.2
      vertex -13.0637 -24.85 20.2
    endloop
  endfacet
  facet normal 0 0 1
    outer loop
      vertex -12.4465 -26.2613 20.2
      vertex -13.4779 -25.4699 20.2
      vertex -13.0502 -26.9498 20.2
    endloop
  endfacet
  facet normal -0 0 1
    outer loop
      vertex -13.9695 -26.0305 20.2
      vertex -13.0502 -26.9498 20.2
      vertex -13.4779 -25.4699 20.2
    endloop
  endfacet
  facet normal 0 0 1
    outer loop
      vertex -13.0502 -26.9498 20.2
      vertex -13.9695 -26.0305 20.2
      vertex -13.7387 -27.5535 20.2
    endloop
  endfacet
  facet normal -0 0 1
    outer loop
      vertex -14.5301 -26.5221 20.2
      vertex -13.7387 -27.5535 20.2
      vertex -13.9695 -26.0305 20.2
    endloop
  endfacet
  facet normal 0 0 1
    outer loop
      vertex -13.7387 -27.5535 20.2
      vertex -14.5301 -26.5221 20.2
      vertex -14.5 -28.0622 20.2
    endloop
  endfacet
  facet normal -0 0 1
    outer loop
      vertex -15.15 -26.9363 20.2
      vertex -14.5 -28.0622 20.2
      vertex -14.5301 -26.5221 20.2
    endloop
  endfacet
  facet normal 0 0 1
    outer loop
      vertex -15.15 -26.9363 20.2
      vertex -15.3212 -28.4672 20.2
      vertex -14.5 -28.0622 20.2
    endloop
  endfacet
  facet normal -0 0 1
    outer loop
      vertex -15.8187 -27.2661 20.2
      vertex -15.3212 -28.4672 20.2
      vertex -15.15 -26.9363 20.2
    endloop
  endfacet
  facet normal 0 0 1
    outer loop
      vertex -15.8187 -27.2661 20.2
      vertex -16.1883 -28.7615 20.2
      vertex -15.3212 -28.4672 20.2
    endloop
  endfacet
  facet normal -0 0 1
    outer loop
      vertex -16.5247 -27.5058 20.2
      vertex -16.1883 -28.7615 20.2
      vertex -15.8187 -27.2661 20.2
    endloop
  endfacet
  facet normal 0 0 1
    outer loop
      vertex -16.5247 -27.5058 20.2
      vertex -17.0863 -28.9401 20.2
      vertex -16.1883 -28.7615 20.2
    endloop
  endfacet
  facet normal -0 0 1
    outer loop
      vertex -17.256 -27.6512 20.2
      vertex -17.0863 -28.9401 20.2
      vertex -16.5247 -27.5058 20.2
    endloop
  endfacet
  facet normal -0 0 1
    outer loop
      vertex -18 -27.7 20.2
      vertex -17.0863 -28.9401 20.2
      vertex -17.256 -27.6512 20.2
    endloop
  endfacet
  facet normal 0 0 1
    outer loop
      vertex -18 -27.7 20.2
      vertex -18 -29 20.2
      vertex -17.0863 -28.9401 20.2
    endloop
  endfacet
  facet normal -0 0 1
    outer loop
      vertex -89 -27.7 20.2
      vertex -18 -29 20.2
      vertex -18 -27.7 20.2
    endloop
  endfacet
  facet normal 0 0 1
    outer loop
      vertex -89 -27.7 20.2
      vertex -89 -29 20.2
      vertex -18 -29 20.2
    endloop
  endfacet
  facet normal 0 0 1
    outer loop
      vertex -89.744 -27.6512 20.2
      vertex -89 -29 20.2
      vertex -89 -27.7 20.2
    endloop
  endfacet
  facet normal 0 0 1
    outer loop
      vertex -89.744 -27.6512 20.2
      vertex -89.9137 -28.9401 20.2
      vertex -89 -29 20.2
    endloop
  endfacet
  facet normal 0 0 1
    outer loop
      vertex -90.4753 -27.5058 20.2
      vertex -89.9137 -28.9401 20.2
      vertex -89.744 -27.6512 20.2
    endloop
  endfacet
  facet normal 0 0 1
    outer loop
      vertex -90.4753 -27.5058 20.2
      vertex -90.8117 -28.7615 20.2
      vertex -89.9137 -28.9401 20.2
    endloop
  endfacet
  facet normal 0 0 1
    outer loop
      vertex -91.1813 -27.2661 20.2
      vertex -90.8117 -28.7615 20.2
      vertex -90.4753 -27.5058 20.2
    endloop
  endfacet
  facet normal 0 0 1
    outer loop
      vertex -91.1813 -27.2661 20.2
      vertex -91.6788 -28.4672 20.2
      vertex -90.8117 -28.7615 20.2
    endloop
  endfacet
  facet normal 0 0 1
    outer loop
      vertex -91.85 -26.9363 20.2
      vertex -91.6788 -28.4672 20.2
      vertex -91.1813 -27.2661 20.2
    endloop
  endfacet
  facet normal 0 0 1
    outer loop
      vertex -92.5 -28.0622 20.2
      vertex -91.85 -26.9363 20.2
      vertex -92.4699 -26.5221 20.2
    endloop
  endfacet
  facet normal 0 0 1
    outer loop
      vertex -91.85 -26.9363 20.2
      vertex -92.5 -28.0622 20.2
      vertex -91.6788 -28.4672 20.2
    endloop
  endfacet
  facet normal 0 0 1
    outer loop
      vertex -93.2613 -27.5535 20.2
      vertex -92.4699 -26.5221 20.2
      vertex -93.0305 -26.0305 20.2
    endloop
  endfacet
  facet normal 0 0 1
    outer loop
      vertex -92.4699 -26.5221 20.2
      vertex -93.2613 -27.5535 20.2
      vertex -92.5 -28.0622 20.2
    endloop
  endfacet
  facet normal 0 0 1
    outer loop
      vertex -93.9498 -26.9498 20.2
      vertex -93.0305 -26.0305 20.2
      vertex -93.5221 -25.4699 20.2
    endloop
  endfacet
  facet normal 0 0 1
    outer loop
      vertex -94.5535 -26.2613 20.2
      vertex -93.5221 -25.4699 20.2
      vertex -93.9363 -24.85 20.2
    endloop
  endfacet
  facet normal 0 0 1
    outer loop
      vertex -93.0305 -26.0305 20.2
      vertex -93.9498 -26.9498 20.2
      vertex -93.2613 -27.5535 20.2
    endloop
  endfacet
  facet normal 0 0 1
    outer loop
      vertex -95.0622 -25.5 20.2
      vertex -93.9363 -24.85 20.2
      vertex -94.2661 -24.1813 20.2
    endloop
  endfacet
  facet normal 0 0 1
    outer loop
      vertex -95.4672 -24.6788 20.2
      vertex -94.2661 -24.1813 20.2
      vertex -94.5058 -23.4753 20.2
    endloop
  endfacet
  facet normal 0 0 1
    outer loop
      vertex -93.5221 -25.4699 20.2
      vertex -94.5535 -26.2613 20.2
      vertex -93.9498 -26.9498 20.2
    endloop
  endfacet
  facet normal 0 0 1
    outer loop
      vertex -95.7615 -23.8117 20.2
      vertex -94.5058 -23.4753 20.2
      vertex -94.6512 -22.744 20.2
    endloop
  endfacet
  facet normal 0 0 1
    outer loop
      vertex -95.9401 -22.9137 20.2
      vertex -94.6512 -22.744 20.2
      vertex -94.7 -22 20.2
    endloop
  endfacet
  facet normal 0 0 1
    outer loop
      vertex -93.9363 -24.85 20.2
      vertex -95.0622 -25.5 20.2
      vertex -94.5535 -26.2613 20.2
    endloop
  endfacet
  facet normal 0 0 1
    outer loop
      vertex -94.7 22 20.2
      vertex -96 22 20.2
      vertex -94.7 -22 20.2
    endloop
  endfacet
  facet normal -0 0 1
    outer loop
      vertex -95.9401 22.9137 20.2
      vertex -94.6512 22.744 20.2
      vertex -95.7615 23.8117 20.2
    endloop
  endfacet
  facet normal 0 0 1
    outer loop
      vertex -96 -22 20.2
      vertex -94.7 -22 20.2
      vertex -96 22 20.2
    endloop
  endfacet
  facet normal 0 0 1
    outer loop
      vertex -94.6512 22.744 20.2
      vertex -95.9401 22.9137 20.2
      vertex -94.7 22 20.2
    endloop
  endfacet
  facet normal 0 -0 1
    outer loop
      vertex -95.9401 -22.9137 20.2
      vertex -94.7 -22 20.2
      vertex -96 -22 20.2
    endloop
  endfacet
  facet normal 0 0 1
    outer loop
      vertex -94.7 22 20.2
      vertex -95.9401 22.9137 20.2
      vertex -96 22 20.2
    endloop
  endfacet
  facet normal 0 0 1
    outer loop
      vertex -94.2661 -24.1813 20.2
      vertex -95.4672 -24.6788 20.2
      vertex -95.0622 -25.5 20.2
    endloop
  endfacet
  facet normal 0 0 1
    outer loop
      vertex -94.5058 -23.4753 20.2
      vertex -95.7615 -23.8117 20.2
      vertex -95.4672 -24.6788 20.2
    endloop
  endfacet
  facet normal 0 0 1
    outer loop
      vertex -94.6512 -22.744 20.2
      vertex -95.9401 -22.9137 20.2
      vertex -95.7615 -23.8117 20.2
    endloop
  endfacet
  facet normal 0 1 -0
    outer loop
      vertex -18 29 0
      vertex -89 29 20.2
      vertex -18 29 20.2
    endloop
  endfacet
  facet normal 0 1 0
    outer loop
      vertex -89 29 20.2
      vertex -18 29 0
      vertex -89 29 0
    endloop
  endfacet
  facet normal 0.195066 -0.98079 0
    outer loop
      vertex -17.0863 -28.9401 0
      vertex -16.1883 -28.7615 20.2
      vertex -17.0863 -28.9401 20.2
    endloop
  endfacet
  facet normal 0.195066 -0.98079 0
    outer loop
      vertex -16.1883 -28.7615 20.2
      vertex -17.0863 -28.9401 0
      vertex -16.1883 -28.7615 0
    endloop
  endfacet
  facet normal -0.555582 -0.831462 0
    outer loop
      vertex -93.2613 -27.5535 0
      vertex -92.5 -28.0622 20.2
      vertex -93.2613 -27.5535 20.2
    endloop
  endfacet
  facet normal -0.555582 -0.831462 -0
    outer loop
      vertex -92.5 -28.0622 20.2
      vertex -93.2613 -27.5535 0
      vertex -92.5 -28.0622 0
    endloop
  endfacet
  facet normal -0.997858 0.0654172 0
    outer loop
      vertex -96 22 0
      vertex -95.9401 22.9137 20.2
      vertex -95.9401 22.9137 0
    endloop
  endfacet
  facet normal -0.997858 0.0654172 0
    outer loop
      vertex -95.9401 22.9137 20.2
      vertex -96 22 0
      vertex -96 22 20.2
    endloop
  endfacet
  facet normal -1 0 0
    outer loop
      vertex -96 -15.3952 0
      vertex -96 -22 0
      vertex -96 -15.3952 4
    endloop
  endfacet
  facet normal -1 0 0
    outer loop
      vertex -96 15.3952 4
      vertex -96 22 0
      vertex -96 15.3952 0
    endloop
  endfacet
  facet normal -1 0 0
    outer loop
      vertex -96 22 0
      vertex -96 15.3952 4
      vertex -96 22 20.2
    endloop
  endfacet
  facet normal -1 0 0
    outer loop
      vertex -96 -15.3952 4
      vertex -96 22 20.2
      vertex -96 15.3952 4
    endloop
  endfacet
  facet normal -1 0 0
    outer loop
      vertex -96 -15.3952 4
      vertex -96 -22 20.2
      vertex -96 22 20.2
    endloop
  endfacet
  facet normal -1 0 0
    outer loop
      vertex -96 -22 20.2
      vertex -96 -15.3952 4
      vertex -96 -22 0
    endloop
  endfacet
  facet normal -0.0654172 0.997858 0
    outer loop
      vertex -89 29 0
      vertex -89.9137 28.9401 20.2
      vertex -89 29 20.2
    endloop
  endfacet
  facet normal -0.0654172 0.997858 0
    outer loop
      vertex -89.9137 28.9401 20.2
      vertex -89 29 0
      vertex -89.9137 28.9401 0
    endloop
  endfacet
  facet normal 0.0654172 -0.997858 0
    outer loop
      vertex -18 -29 0
      vertex -17.0863 -28.9401 20.2
      vertex -18 -29 20.2
    endloop
  endfacet
  facet normal 0.0654172 -0.997858 0
    outer loop
      vertex -17.0863 -28.9401 20.2
      vertex -18 -29 0
      vertex -17.0863 -28.9401 0
    endloop
  endfacet
  facet normal -0.0654172 -0.997858 0
    outer loop
      vertex -89.9137 -28.9401 0
      vertex -89 -29 20.2
      vertex -89.9137 -28.9401 20.2
    endloop
  endfacet
  facet normal -0.0654172 -0.997858 -0
    outer loop
      vertex -89 -29 20.2
      vertex -89.9137 -28.9401 0
      vertex -89 -29 0
    endloop
  endfacet
  facet normal 0.659285 0.751893 -0
    outer loop
      vertex -13.0502 26.9498 0
      vertex -13.7387 27.5535 20.2
      vertex -13.0502 26.9498 20.2
    endloop
  endfacet
  facet normal 0.659285 0.751893 0
    outer loop
      vertex -13.7387 27.5535 20.2
      vertex -13.0502 26.9498 0
      vertex -13.7387 27.5535 0
    endloop
  endfacet
  facet normal -0.831462 0.555582 0
    outer loop
      vertex -95.0622 25.5 0
      vertex -94.5535 26.2613 20.2
      vertex -94.5535 26.2613 0
    endloop
  endfacet
  facet normal -0.831462 0.555582 0
    outer loop
      vertex -94.5535 26.2613 20.2
      vertex -95.0622 25.5 0
      vertex -95.0622 25.5 20.2
    endloop
  endfacet
  facet normal -0.751893 -0.659285 0
    outer loop
      vertex -93.9498 -26.9498 0
      vertex -94.5535 -26.2613 20.2
      vertex -94.5535 -26.2613 0
    endloop
  endfacet
  facet normal -0.751893 -0.659285 0
    outer loop
      vertex -94.5535 -26.2613 20.2
      vertex -93.9498 -26.9498 0
      vertex -93.9498 -26.9498 20.2
    endloop
  endfacet
  facet normal -0.3214 0.946944 0
    outer loop
      vertex -90.8117 28.7615 0
      vertex -91.6788 28.4672 20.2
      vertex -90.8117 28.7615 20.2
    endloop
  endfacet
  facet normal -0.3214 0.946944 0
    outer loop
      vertex -91.6788 28.4672 20.2
      vertex -90.8117 28.7615 0
      vertex -91.6788 28.4672 0
    endloop
  endfacet
  facet normal 0.0654172 0.997858 -0
    outer loop
      vertex -17.0863 28.9401 0
      vertex -18 29 20.2
      vertex -17.0863 28.9401 20.2
    endloop
  endfacet
  facet normal 0.0654172 0.997858 0
    outer loop
      vertex -18 29 20.2
      vertex -17.0863 28.9401 0
      vertex -18 29 0
    endloop
  endfacet
  facet normal -0.195066 0.98079 0
    outer loop
      vertex -89.9137 28.9401 0
      vertex -90.8117 28.7615 20.2
      vertex -89.9137 28.9401 20.2
    endloop
  endfacet
  facet normal -0.195066 0.98079 0
    outer loop
      vertex -90.8117 28.7615 20.2
      vertex -89.9137 28.9401 0
      vertex -90.8117 28.7615 0
    endloop
  endfacet
  facet normal 0 -1 0
    outer loop
      vertex -89 -29 20.2
      vertex -56 -29 6.2
      vertex -18 -29 20.2
    endloop
  endfacet
  facet normal 0 -1 0
    outer loop
      vertex -89 -29 0
      vertex -56 -29 6.2
      vertex -89 -29 20.2
    endloop
  endfacet
  facet normal 0 -1 -0
    outer loop
      vertex -56 -29 2.7
      vertex -89 -29 0
      vertex -51 -29 2.7
    endloop
  endfacet
  facet normal 0 -1 -0
    outer loop
      vertex -56 -29 6.2
      vertex -89 -29 0
      vertex -56 -29 2.7
    endloop
  endfacet
  facet normal 0 -1 0
    outer loop
      vertex -51 -29 6.2
      vertex -18 -29 20.2
      vertex -56 -29 6.2
    endloop
  endfacet
  facet normal 0 -1 0
    outer loop
      vertex -18 -29 0
      vertex -51 -29 6.2
      vertex -51 -29 2.7
    endloop
  endfacet
  facet normal 0 -1 0
    outer loop
      vertex -51 -29 6.2
      vertex -18 -29 0
      vertex -18 -29 20.2
    endloop
  endfacet
  facet normal 0 -1 0
    outer loop
      vertex -18 -29 0
      vertex -51 -29 2.7
      vertex -89 -29 0
    endloop
  endfacet
  facet normal -0.442314 -0.89686 0
    outer loop
      vertex -92.5 -28.0622 0
      vertex -91.6788 -28.4672 20.2
      vertex -92.5 -28.0622 20.2
    endloop
  endfacet
  facet normal -0.442314 -0.89686 -0
    outer loop
      vertex -91.6788 -28.4672 20.2
      vertex -92.5 -28.0622 0
      vertex -91.6788 -28.4672 0
    endloop
  endfacet
  facet normal 0.997858 0.0654172 0
    outer loop
      vertex -11 22 20.2
      vertex -11.0599 22.9137 0
      vertex -11.0599 22.9137 20.2
    endloop
  endfacet
  facet normal 0.997858 0.0654172 0
    outer loop
      vertex -11.0599 22.9137 0
      vertex -11 22 20.2
      vertex -11 22 0
    endloop
  endfacet
  facet normal -0.98079 0.195066 0
    outer loop
      vertex -95.9401 22.9137 0
      vertex -95.7615 23.8117 20.2
      vertex -95.7615 23.8117 0
    endloop
  endfacet
  facet normal -0.98079 0.195066 0
    outer loop
      vertex -95.7615 23.8117 20.2
      vertex -95.9401 22.9137 0
      vertex -95.9401 22.9137 20.2
    endloop
  endfacet
  facet normal -0.946944 0.3214 0
    outer loop
      vertex -95.7615 23.8117 0
      vertex -95.4672 24.6788 20.2
      vertex -95.4672 24.6788 0
    endloop
  endfacet
  facet normal -0.946944 0.3214 0
    outer loop
      vertex -95.4672 24.6788 20.2
      vertex -95.7615 23.8117 0
      vertex -95.7615 23.8117 20.2
    endloop
  endfacet
  facet normal -0.89686 0.442314 0
    outer loop
      vertex -95.4672 24.6788 0
      vertex -95.0622 25.5 20.2
      vertex -95.0622 25.5 0
    endloop
  endfacet
  facet normal -0.89686 0.442314 0
    outer loop
      vertex -95.0622 25.5 20.2
      vertex -95.4672 24.6788 0
      vertex -95.4672 24.6788 20.2
    endloop
  endfacet
  facet normal -0.751893 0.659285 0
    outer loop
      vertex -94.5535 26.2613 0
      vertex -93.9498 26.9498 20.2
      vertex -93.9498 26.9498 0
    endloop
  endfacet
  facet normal -0.751893 0.659285 0
    outer loop
      vertex -93.9498 26.9498 20.2
      vertex -94.5535 26.2613 0
      vertex -94.5535 26.2613 20.2
    endloop
  endfacet
  facet normal -0.659285 0.751893 0
    outer loop
      vertex -93.2613 27.5535 0
      vertex -93.9498 26.9498 20.2
      vertex -93.2613 27.5535 20.2
    endloop
  endfacet
  facet normal -0.659285 0.751893 0
    outer loop
      vertex -93.9498 26.9498 20.2
      vertex -93.2613 27.5535 0
      vertex -93.9498 26.9498 0
    endloop
  endfacet
  facet normal -0.442314 0.89686 0
    outer loop
      vertex -91.6788 28.4672 0
      vertex -92.5 28.0622 20.2
      vertex -91.6788 28.4672 20.2
    endloop
  endfacet
  facet normal -0.442314 0.89686 0
    outer loop
      vertex -92.5 28.0622 20.2
      vertex -91.6788 28.4672 0
      vertex -92.5 28.0622 0
    endloop
  endfacet
  facet normal -0.946944 -0.3214 0
    outer loop
      vertex -95.4672 -24.6788 0
      vertex -95.7615 -23.8117 20.2
      vertex -95.7615 -23.8117 0
    endloop
  endfacet
  facet normal -0.946944 -0.3214 0
    outer loop
      vertex -95.7615 -23.8117 20.2
      vertex -95.4672 -24.6788 0
      vertex -95.4672 -24.6788 20.2
    endloop
  endfacet
  facet normal -0.98079 -0.195066 0
    outer loop
      vertex -95.7615 -23.8117 0
      vertex -95.9401 -22.9137 20.2
      vertex -95.9401 -22.9137 0
    endloop
  endfacet
  facet normal -0.98079 -0.195066 0
    outer loop
      vertex -95.9401 -22.9137 20.2
      vertex -95.7615 -23.8117 0
      vertex -95.7615 -23.8117 20.2
    endloop
  endfacet
  facet normal -0.997858 -0.0654172 0
    outer loop
      vertex -95.9401 -22.9137 0
      vertex -96 -22 20.2
      vertex -96 -22 0
    endloop
  endfacet
  facet normal -0.997858 -0.0654172 0
    outer loop
      vertex -96 -22 20.2
      vertex -95.9401 -22.9137 0
      vertex -95.9401 -22.9137 20.2
    endloop
  endfacet
  facet normal -0.659285 -0.751893 0
    outer loop
      vertex -93.9498 -26.9498 0
      vertex -93.2613 -27.5535 20.2
      vertex -93.9498 -26.9498 20.2
    endloop
  endfacet
  facet normal -0.659285 -0.751893 -0
    outer loop
      vertex -93.2613 -27.5535 20.2
      vertex -93.9498 -26.9498 0
      vertex -93.2613 -27.5535 0
    endloop
  endfacet
  facet normal -0.3214 -0.946944 0
    outer loop
      vertex -91.6788 -28.4672 0
      vertex -90.8117 -28.7615 20.2
      vertex -91.6788 -28.4672 20.2
    endloop
  endfacet
  facet normal -0.3214 -0.946944 -0
    outer loop
      vertex -90.8117 -28.7615 20.2
      vertex -91.6788 -28.4672 0
      vertex -90.8117 -28.7615 0
    endloop
  endfacet
  facet normal 0.751893 0.659285 0
    outer loop
      vertex -12.4465 26.2613 20.2
      vertex -13.0502 26.9498 0
      vertex -13.0502 26.9498 20.2
    endloop
  endfacet
  facet normal 0.751893 0.659285 0
    outer loop
      vertex -13.0502 26.9498 0
      vertex -12.4465 26.2613 20.2
      vertex -12.4465 26.2613 0
    endloop
  endfacet
  facet normal 0.442314 0.89686 -0
    outer loop
      vertex -14.5 28.0622 0
      vertex -15.3212 28.4672 20.2
      vertex -14.5 28.0622 20.2
    endloop
  endfacet
  facet normal 0.442314 0.89686 0
    outer loop
      vertex -15.3212 28.4672 20.2
      vertex -14.5 28.0622 0
      vertex -15.3212 28.4672 0
    endloop
  endfacet
  facet normal 0.997858 -0.0654172 0
    outer loop
      vertex -11.0599 -22.9137 20.2
      vertex -11 -22 0
      vertex -11 -22 20.2
    endloop
  endfacet
  facet normal 0.997858 -0.0654172 0
    outer loop
      vertex -11 -22 0
      vertex -11.0599 -22.9137 20.2
      vertex -11.0599 -22.9137 0
    endloop
  endfacet
  facet normal 0.89686 -0.442314 0
    outer loop
      vertex -11.9378 -25.5 20.2
      vertex -11.5328 -24.6788 0
      vertex -11.5328 -24.6788 20.2
    endloop
  endfacet
  facet normal 0.89686 -0.442314 0
    outer loop
      vertex -11.5328 -24.6788 0
      vertex -11.9378 -25.5 20.2
      vertex -11.9378 -25.5 0
    endloop
  endfacet
  facet normal -0.555582 0.831462 0
    outer loop
      vertex -92.5 28.0622 0
      vertex -93.2613 27.5535 20.2
      vertex -92.5 28.0622 20.2
    endloop
  endfacet
  facet normal -0.555582 0.831462 0
    outer loop
      vertex -93.2613 27.5535 20.2
      vertex -92.5 28.0622 0
      vertex -93.2613 27.5535 0
    endloop
  endfacet
  facet normal -0.831462 -0.555582 0
    outer loop
      vertex -94.5535 -26.2613 0
      vertex -95.0622 -25.5 20.2
      vertex -95.0622 -25.5 0
    endloop
  endfacet
  facet normal -0.831462 -0.555582 0
    outer loop
      vertex -95.0622 -25.5 20.2
      vertex -94.5535 -26.2613 0
      vertex -94.5535 -26.2613 20.2
    endloop
  endfacet
  facet normal -0.89686 -0.442314 0
    outer loop
      vertex -95.0622 -25.5 0
      vertex -95.4672 -24.6788 20.2
      vertex -95.4672 -24.6788 0
    endloop
  endfacet
  facet normal -0.89686 -0.442314 0
    outer loop
      vertex -95.4672 -24.6788 20.2
      vertex -95.0622 -25.5 0
      vertex -95.0622 -25.5 20.2
    endloop
  endfacet
  facet normal -0.195066 -0.98079 0
    outer loop
      vertex -90.8117 -28.7615 0
      vertex -89.9137 -28.9401 20.2
      vertex -90.8117 -28.7615 20.2
    endloop
  endfacet
  facet normal -0.195066 -0.98079 -0
    outer loop
      vertex -89.9137 -28.9401 20.2
      vertex -90.8117 -28.7615 0
      vertex -89.9137 -28.9401 0
    endloop
  endfacet
  facet normal 0.555582 0.831462 -0
    outer loop
      vertex -13.7387 27.5535 0
      vertex -14.5 28.0622 20.2
      vertex -13.7387 27.5535 20.2
    endloop
  endfacet
  facet normal 0.555582 0.831462 0
    outer loop
      vertex -14.5 28.0622 20.2
      vertex -13.7387 27.5535 0
      vertex -14.5 28.0622 0
    endloop
  endfacet
  facet normal 0.195066 0.98079 -0
    outer loop
      vertex -16.1883 28.7615 0
      vertex -17.0863 28.9401 20.2
      vertex -16.1883 28.7615 20.2
    endloop
  endfacet
  facet normal 0.195066 0.98079 0
    outer loop
      vertex -17.0863 28.9401 20.2
      vertex -16.1883 28.7615 0
      vertex -17.0863 28.9401 0
    endloop
  endfacet
  facet normal 0.3214 0.946944 -0
    outer loop
      vertex -15.3212 28.4672 0
      vertex -16.1883 28.7615 20.2
      vertex -15.3212 28.4672 20.2
    endloop
  endfacet
  facet normal 0.3214 0.946944 0
    outer loop
      vertex -16.1883 28.7615 20.2
      vertex -15.3212 28.4672 0
      vertex -16.1883 28.7615 0
    endloop
  endfacet
  facet normal 0.98079 -0.195066 0
    outer loop
      vertex -11.2385 -23.8117 20.2
      vertex -11.0599 -22.9137 0
      vertex -11.0599 -22.9137 20.2
    endloop
  endfacet
  facet normal 0.98079 -0.195066 0
    outer loop
      vertex -11.0599 -22.9137 0
      vertex -11.2385 -23.8117 20.2
      vertex -11.2385 -23.8117 0
    endloop
  endfacet
  facet normal 0.946944 -0.3214 0
    outer loop
      vertex -11.5328 -24.6788 20.2
      vertex -11.2385 -23.8117 0
      vertex -11.2385 -23.8117 20.2
    endloop
  endfacet
  facet normal 0.946944 -0.3214 0
    outer loop
      vertex -11.2385 -23.8117 0
      vertex -11.5328 -24.6788 20.2
      vertex -11.5328 -24.6788 0
    endloop
  endfacet
  facet normal 0.831462 -0.555582 0
    outer loop
      vertex -12.4465 -26.2613 20.2
      vertex -11.9378 -25.5 0
      vertex -11.9378 -25.5 20.2
    endloop
  endfacet
  facet normal 0.831462 -0.555582 0
    outer loop
      vertex -11.9378 -25.5 0
      vertex -12.4465 -26.2613 20.2
      vertex -12.4465 -26.2613 0
    endloop
  endfacet
  facet normal 0.946944 0.3214 0
    outer loop
      vertex -11.2385 23.8117 20.2
      vertex -11.5328 24.6788 0
      vertex -11.5328 24.6788 20.2
    endloop
  endfacet
  facet normal 0.946944 0.3214 0
    outer loop
      vertex -11.5328 24.6788 0
      vertex -11.2385 23.8117 20.2
      vertex -11.2385 23.8117 0
    endloop
  endfacet
  facet normal 0.98079 0.195066 0
    outer loop
      vertex -11.0599 22.9137 20.2
      vertex -11.2385 23.8117 0
      vertex -11.2385 23.8117 20.2
    endloop
  endfacet
  facet normal 0.98079 0.195066 0
    outer loop
      vertex -11.2385 23.8117 0
      vertex -11.0599 22.9137 20.2
      vertex -11.0599 22.9137 0
    endloop
  endfacet
  facet normal 0.89686 0.442314 0
    outer loop
      vertex -11.5328 24.6788 20.2
      vertex -11.9378 25.5 0
      vertex -11.9378 25.5 20.2
    endloop
  endfacet
  facet normal 0.89686 0.442314 0
    outer loop
      vertex -11.9378 25.5 0
      vertex -11.5328 24.6788 20.2
      vertex -11.5328 24.6788 0
    endloop
  endfacet
  facet normal 0.831462 0.555582 0
    outer loop
      vertex -11.9378 25.5 20.2
      vertex -12.4465 26.2613 0
      vertex -12.4465 26.2613 20.2
    endloop
  endfacet
  facet normal 0.831462 0.555582 0
    outer loop
      vertex -12.4465 26.2613 0
      vertex -11.9378 25.5 20.2
      vertex -11.9378 25.5 0
    endloop
  endfacet
  facet normal 0.751893 -0.659285 0
    outer loop
      vertex -13.0502 -26.9498 20.2
      vertex -12.4465 -26.2613 0
      vertex -12.4465 -26.2613 20.2
    endloop
  endfacet
  facet normal 0.751893 -0.659285 0
    outer loop
      vertex -12.4465 -26.2613 0
      vertex -13.0502 -26.9498 20.2
      vertex -13.0502 -26.9498 0
    endloop
  endfacet
  facet normal 0.659285 -0.751893 0
    outer loop
      vertex -13.7387 -27.5535 0
      vertex -13.0502 -26.9498 20.2
      vertex -13.7387 -27.5535 20.2
    endloop
  endfacet
  facet normal 0.659285 -0.751893 0
    outer loop
      vertex -13.0502 -26.9498 20.2
      vertex -13.7387 -27.5535 0
      vertex -13.0502 -26.9498 0
    endloop
  endfacet
  facet normal 0.321494 -0.946912 0
    outer loop
      vertex -16.5247 -27.5058 20.2
      vertex -15.8187 -27.2661 24.2
      vertex -16.5247 -27.5058 24.2
    endloop
  endfacet
  facet normal 0.321494 -0.946912 0
    outer loop
      vertex -15.8187 -27.2661 24.2
      vertex -16.5247 -27.5058 20.2
      vertex -15.8187 -27.2661 20.2
    endloop
  endfacet
  facet normal -0.195007 0.980802 0
    outer loop
      vertex -89.744 27.6512 20.2
      vertex -90.4753 27.5058 24.2
      vertex -89.744 27.6512 24.2
    endloop
  endfacet
  facet normal -0.195007 0.980802 0
    outer loop
      vertex -90.4753 27.5058 24.2
      vertex -89.744 27.6512 20.2
      vertex -90.4753 27.5058 20.2
    endloop
  endfacet
  facet normal 0.195007 -0.980802 0
    outer loop
      vertex -17.256 -27.6512 20.2
      vertex -16.5247 -27.5058 24.2
      vertex -17.256 -27.6512 24.2
    endloop
  endfacet
  facet normal 0.195007 -0.980802 0
    outer loop
      vertex -16.5247 -27.5058 24.2
      vertex -17.256 -27.6512 20.2
      vertex -16.5247 -27.5058 20.2
    endloop
  endfacet
  facet normal 0.659321 0.751862 -0
    outer loop
      vertex -13.9695 26.0305 20.2
      vertex -14.5301 26.5221 24.2
      vertex -13.9695 26.0305 24.2
    endloop
  endfacet
  facet normal 0.659321 0.751862 0
    outer loop
      vertex -14.5301 26.5221 24.2
      vertex -13.9695 26.0305 20.2
      vertex -14.5301 26.5221 20.2
    endloop
  endfacet
  facet normal 0.997856 -0.0654508 0
    outer loop
      vertex -12.3488 -22.744 24.2
      vertex -12.3 -22 20.2
      vertex -12.3 -22 24.2
    endloop
  endfacet
  facet normal 0.997856 -0.0654508 0
    outer loop
      vertex -12.3 -22 20.2
      vertex -12.3488 -22.744 24.2
      vertex -12.3488 -22.744 20.2
    endloop
  endfacet
  facet normal -0.0654508 -0.997856 0
    outer loop
      vertex -89.744 -27.6512 20.2
      vertex -89 -27.7 24.2
      vertex -89.744 -27.6512 24.2
    endloop
  endfacet
  facet normal -0.0654508 -0.997856 -0
    outer loop
      vertex -89 -27.7 24.2
      vertex -89.744 -27.6512 20.2
      vertex -89 -27.7 20.2
    endloop
  endfacet
  facet normal -0.997856 0.0654508 0
    outer loop
      vertex -94.7 22 20.2
      vertex -94.6512 22.744 24.2
      vertex -94.6512 22.744 20.2
    endloop
  endfacet
  facet normal -0.997856 0.0654508 0
    outer loop
      vertex -94.6512 22.744 24.2
      vertex -94.7 22 20.2
      vertex -94.7 22 24.2
    endloop
  endfacet
  facet normal 0 0 1
    outer loop
      vertex -13.4 22 24.2
      vertex -12.3 22 24.2
      vertex -12.3488 22.744 24.2
    endloop
  endfacet
  facet normal 0 0 1
    outer loop
      vertex -12.3 22 24.2
      vertex -13.4 22 24.2
      vertex -12.3 -22 24.2
    endloop
  endfacet
  facet normal 0 0 1
    outer loop
      vertex -13.4393 22.6004 24.2
      vertex -12.3488 22.744 24.2
      vertex -12.4942 23.4753 24.2
    endloop
  endfacet
  facet normal 0 0 1
    outer loop
      vertex -13.4 -22 24.2
      vertex -12.3 -22 24.2
      vertex -13.4 22 24.2
    endloop
  endfacet
  facet normal 0 0 1
    outer loop
      vertex -13.5567 23.1906 24.2
      vertex -12.4942 23.4753 24.2
      vertex -12.7339 24.1813 24.2
    endloop
  endfacet
  facet normal 0 0 1
    outer loop
      vertex -12.3 -22 24.2
      vertex -13.4 -22 24.2
      vertex -12.3488 -22.744 24.2
    endloop
  endfacet
  facet normal 0 0 1
    outer loop
      vertex -13.7502 23.7603 24.2
      vertex -12.7339 24.1813 24.2
      vertex -13.0637 24.85 24.2
    endloop
  endfacet
  facet normal -0 0 1
    outer loop
      vertex -13.4393 -22.6004 24.2
      vertex -12.3488 -22.744 24.2
      vertex -13.4 -22 24.2
    endloop
  endfacet
  facet normal 0 0 1
    outer loop
      vertex -12.3488 -22.744 24.2
      vertex -13.4393 -22.6004 24.2
      vertex -12.4942 -23.4753 24.2
    endloop
  endfacet
  facet normal 0 0 1
    outer loop
      vertex -12.3488 22.744 24.2
      vertex -13.4393 22.6004 24.2
      vertex -13.4 22 24.2
    endloop
  endfacet
  facet normal 0 0 1
    outer loop
      vertex -14.0163 24.3 24.2
      vertex -13.0637 24.85 24.2
      vertex -13.4779 25.4699 24.2
    endloop
  endfacet
  facet normal 0 0 1
    outer loop
      vertex -12.4942 23.4753 24.2
      vertex -13.5567 23.1906 24.2
      vertex -13.4393 22.6004 24.2
    endloop
  endfacet
  facet normal 0 0 1
    outer loop
      vertex -12.7339 24.1813 24.2
      vertex -13.7502 23.7603 24.2
      vertex -13.5567 23.1906 24.2
    endloop
  endfacet
  facet normal 0 0 1
    outer loop
      vertex -14.3506 24.8003 24.2
      vertex -13.4779 25.4699 24.2
      vertex -13.9695 26.0305 24.2
    endloop
  endfacet
  facet normal 0 0 1
    outer loop
      vertex -13.0637 24.85 24.2
      vertex -14.0163 24.3 24.2
      vertex -13.7502 23.7603 24.2
    endloop
  endfacet
  facet normal 0 0 1
    outer loop
      vertex -13.4779 25.4699 24.2
      vertex -14.3506 24.8003 24.2
      vertex -14.0163 24.3 24.2
    endloop
  endfacet
  facet normal 0 0 1
    outer loop
      vertex -14.7473 25.2527 24.2
      vertex -13.9695 26.0305 24.2
      vertex -14.5301 26.5221 24.2
    endloop
  endfacet
  facet normal 0 0 1
    outer loop
      vertex -13.9695 26.0305 24.2
      vertex -14.7473 25.2527 24.2
      vertex -14.3506 24.8003 24.2
    endloop
  endfacet
  facet normal 0 0 1
    outer loop
      vertex -15.1997 25.6494 24.2
      vertex -14.5301 26.5221 24.2
      vertex -15.15 26.9363 24.2
    endloop
  endfacet
  facet normal 0 0 1
    outer loop
      vertex -14.5301 26.5221 24.2
      vertex -15.1997 25.6494 24.2
      vertex -14.7473 25.2527 24.2
    endloop
  endfacet
  facet normal 0 0 1
    outer loop
      vertex -15.15 26.9363 24.2
      vertex -15.7 25.9837 24.2
      vertex -15.1997 25.6494 24.2
    endloop
  endfacet
  facet normal 0 0 1
    outer loop
      vertex -15.8187 27.2661 24.2
      vertex -15.7 25.9837 24.2
      vertex -15.15 26.9363 24.2
    endloop
  endfacet
  facet normal 0 0 1
    outer loop
      vertex -15.8187 27.2661 24.2
      vertex -16.2397 26.2498 24.2
      vertex -15.7 25.9837 24.2
    endloop
  endfacet
  facet normal 0 0 1
    outer loop
      vertex -16.5247 27.5058 24.2
      vertex -16.2397 26.2498 24.2
      vertex -15.8187 27.2661 24.2
    endloop
  endfacet
  facet normal 0 0 1
    outer loop
      vertex -16.5247 27.5058 24.2
      vertex -16.8094 26.4433 24.2
      vertex -16.2397 26.2498 24.2
    endloop
  endfacet
  facet normal 0 0 1
    outer loop
      vertex -17.256 27.6512 24.2
      vertex -16.8094 26.4433 24.2
      vertex -16.5247 27.5058 24.2
    endloop
  endfacet
  facet normal 0 0 1
    outer loop
      vertex -17.256 27.6512 24.2
      vertex -17.3996 26.5607 24.2
      vertex -16.8094 26.4433 24.2
    endloop
  endfacet
  facet normal 0 0 1
    outer loop
      vertex -18 27.7 24.2
      vertex -17.3996 26.5607 24.2
      vertex -17.256 27.6512 24.2
    endloop
  endfacet
  facet normal 0 0 1
    outer loop
      vertex -18 27.7 24.2
      vertex -18 26.6 24.2
      vertex -17.3996 26.5607 24.2
    endloop
  endfacet
  facet normal -0 0 1
    outer loop
      vertex -89 27.7 24.2
      vertex -18 26.6 24.2
      vertex -18 27.7 24.2
    endloop
  endfacet
  facet normal 0 0 1
    outer loop
      vertex -89 27.7 24.2
      vertex -89 26.6 24.2
      vertex -18 26.6 24.2
    endloop
  endfacet
  facet normal 0 0 1
    outer loop
      vertex -89 27.7 24.2
      vertex -89.6004 26.5607 24.2
      vertex -89 26.6 24.2
    endloop
  endfacet
  facet normal -0 0 1
    outer loop
      vertex -89.744 27.6512 24.2
      vertex -89.6004 26.5607 24.2
      vertex -89 27.7 24.2
    endloop
  endfacet
  facet normal 0 0 1
    outer loop
      vertex -89.744 27.6512 24.2
      vertex -90.1906 26.4433 24.2
      vertex -89.6004 26.5607 24.2
    endloop
  endfacet
  facet normal -0 0 1
    outer loop
      vertex -90.4753 27.5058 24.2
      vertex -90.1906 26.4433 24.2
      vertex -89.744 27.6512 24.2
    endloop
  endfacet
  facet normal 0 0 1
    outer loop
      vertex -90.4753 27.5058 24.2
      vertex -90.7603 26.2498 24.2
      vertex -90.1906 26.4433 24.2
    endloop
  endfacet
  facet normal -0 0 1
    outer loop
      vertex -91.1813 27.2661 24.2
      vertex -90.7603 26.2498 24.2
      vertex -90.4753 27.5058 24.2
    endloop
  endfacet
  facet normal 0 0 1
    outer loop
      vertex -91.1813 27.2661 24.2
      vertex -91.3 25.9837 24.2
      vertex -90.7603 26.2498 24.2
    endloop
  endfacet
  facet normal -0 0 1
    outer loop
      vertex -91.85 26.9363 24.2
      vertex -91.3 25.9837 24.2
      vertex -91.1813 27.2661 24.2
    endloop
  endfacet
  facet normal 0 0 1
    outer loop
      vertex -91.3 25.9837 24.2
      vertex -91.85 26.9363 24.2
      vertex -91.8003 25.6494 24.2
    endloop
  endfacet
  facet normal -0 0 1
    outer loop
      vertex -92.4699 26.5221 24.2
      vertex -91.8003 25.6494 24.2
      vertex -91.85 26.9363 24.2
    endloop
  endfacet
  facet normal 0 0 1
    outer loop
      vertex -91.8003 25.6494 24.2
      vertex -92.4699 26.5221 24.2
      vertex -92.2527 25.2527 24.2
    endloop
  endfacet
  facet normal -0 0 1
    outer loop
      vertex -93.0305 26.0305 24.2
      vertex -92.2527 25.2527 24.2
      vertex -92.4699 26.5221 24.2
    endloop
  endfacet
  facet normal 0 0 1
    outer loop
      vertex -92.2527 25.2527 24.2
      vertex -93.0305 26.0305 24.2
      vertex -92.6494 24.8003 24.2
    endloop
  endfacet
  facet normal -0 0 1
    outer loop
      vertex -93.5221 25.4699 24.2
      vertex -92.6494 24.8003 24.2
      vertex -93.0305 26.0305 24.2
    endloop
  endfacet
  facet normal 0 0 1
    outer loop
      vertex -92.6494 24.8003 24.2
      vertex -93.5221 25.4699 24.2
      vertex -92.9837 24.3 24.2
    endloop
  endfacet
  facet normal -0 0 1
    outer loop
      vertex -93.9363 24.85 24.2
      vertex -92.9837 24.3 24.2
      vertex -93.5221 25.4699 24.2
    endloop
  endfacet
  facet normal 0 0 1
    outer loop
      vertex -92.9837 24.3 24.2
      vertex -93.9363 24.85 24.2
      vertex -93.2498 23.7603 24.2
    endloop
  endfacet
  facet normal -0 0 1
    outer loop
      vertex -94.2661 24.1813 24.2
      vertex -93.2498 23.7603 24.2
      vertex -93.9363 24.85 24.2
    endloop
  endfacet
  facet normal 0 0 1
    outer loop
      vertex -93.2498 23.7603 24.2
      vertex -94.2661 24.1813 24.2
      vertex -93.4433 23.1906 24.2
    endloop
  endfacet
  facet normal 0 0 1
    outer loop
      vertex -93.4433 23.1906 24.2
      vertex -94.5058 23.4753 24.2
      vertex -93.5607 22.6004 24.2
    endloop
  endfacet
  facet normal -0 0 1
    outer loop
      vertex -94.5058 23.4753 24.2
      vertex -93.4433 23.1906 24.2
      vertex -94.2661 24.1813 24.2
    endloop
  endfacet
  facet normal -0 0 1
    outer loop
      vertex -13.5567 -23.1906 24.2
      vertex -12.4942 -23.4753 24.2
      vertex -13.4393 -22.6004 24.2
    endloop
  endfacet
  facet normal 0 0 1
    outer loop
      vertex -12.4942 -23.4753 24.2
      vertex -13.5567 -23.1906 24.2
      vertex -12.7339 -24.1813 24.2
    endloop
  endfacet
  facet normal -0 0 1
    outer loop
      vertex -13.7502 -23.7603 24.2
      vertex -12.7339 -24.1813 24.2
      vertex -13.5567 -23.1906 24.2
    endloop
  endfacet
  facet normal 0 0 1
    outer loop
      vertex -12.7339 -24.1813 24.2
      vertex -13.7502 -23.7603 24.2
      vertex -13.0637 -24.85 24.2
    endloop
  endfacet
  facet normal -0 0 1
    outer loop
      vertex -14.0163 -24.3 24.2
      vertex -13.0637 -24.85 24.2
      vertex -13.7502 -23.7603 24.2
    endloop
  endfacet
  facet normal 0 0 1
    outer loop
      vertex -13.0637 -24.85 24.2
      vertex -14.0163 -24.3 24.2
      vertex -13.4779 -25.4699 24.2
    endloop
  endfacet
  facet normal -0 0 1
    outer loop
      vertex -14.3506 -24.8003 24.2
      vertex -13.4779 -25.4699 24.2
      vertex -14.0163 -24.3 24.2
    endloop
  endfacet
  facet normal 0 0 1
    outer loop
      vertex -13.4779 -25.4699 24.2
      vertex -14.3506 -24.8003 24.2
      vertex -13.9695 -26.0305 24.2
    endloop
  endfacet
  facet normal -0 0 1
    outer loop
      vertex -14.7473 -25.2527 24.2
      vertex -13.9695 -26.0305 24.2
      vertex -14.3506 -24.8003 24.2
    endloop
  endfacet
  facet normal 0 0 1
    outer loop
      vertex -13.9695 -26.0305 24.2
      vertex -14.7473 -25.2527 24.2
      vertex -14.5301 -26.5221 24.2
    endloop
  endfacet
  facet normal -0 0 1
    outer loop
      vertex -15.1997 -25.6494 24.2
      vertex -14.5301 -26.5221 24.2
      vertex -14.7473 -25.2527 24.2
    endloop
  endfacet
  facet normal 0 0 1
    outer loop
      vertex -14.5301 -26.5221 24.2
      vertex -15.1997 -25.6494 24.2
      vertex -15.15 -26.9363 24.2
    endloop
  endfacet
  facet normal -0 0 1
    outer loop
      vertex -15.7 -25.9837 24.2
      vertex -15.15 -26.9363 24.2
      vertex -15.1997 -25.6494 24.2
    endloop
  endfacet
  facet normal 0 0 1
    outer loop
      vertex -15.7 -25.9837 24.2
      vertex -15.8187 -27.2661 24.2
      vertex -15.15 -26.9363 24.2
    endloop
  endfacet
  facet normal -0 0 1
    outer loop
      vertex -16.2397 -26.2498 24.2
      vertex -15.8187 -27.2661 24.2
      vertex -15.7 -25.9837 24.2
    endloop
  endfacet
  facet normal 0 0 1
    outer loop
      vertex -16.2397 -26.2498 24.2
      vertex -16.5247 -27.5058 24.2
      vertex -15.8187 -27.2661 24.2
    endloop
  endfacet
  facet normal -0 0 1
    outer loop
      vertex -16.8094 -26.4433 24.2
      vertex -16.5247 -27.5058 24.2
      vertex -16.2397 -26.2498 24.2
    endloop
  endfacet
  facet normal 0 0 1
    outer loop
      vertex -16.8094 -26.4433 24.2
      vertex -17.256 -27.6512 24.2
      vertex -16.5247 -27.5058 24.2
    endloop
  endfacet
  facet normal -0 0 1
    outer loop
      vertex -17.3996 -26.5607 24.2
      vertex -17.256 -27.6512 24.2
      vertex -16.8094 -26.4433 24.2
    endloop
  endfacet
  facet normal -0 0 1
    outer loop
      vertex -18 -26.6 24.2
      vertex -17.256 -27.6512 24.2
      vertex -17.3996 -26.5607 24.2
    endloop
  endfacet
  facet normal 0 0 1
    outer loop
      vertex -18 -26.6 24.2
      vertex -18 -27.7 24.2
      vertex -17.256 -27.6512 24.2
    endloop
  endfacet
  facet normal -0 0 1
    outer loop
      vertex -89 -26.6 24.2
      vertex -18 -27.7 24.2
      vertex -18 -26.6 24.2
    endloop
  endfacet
  facet normal 0 0 1
    outer loop
      vertex -89 -26.6 24.2
      vertex -89 -27.7 24.2
      vertex -18 -27.7 24.2
    endloop
  endfacet
  facet normal 0 0 1
    outer loop
      vertex -89.6004 -26.5607 24.2
      vertex -89 -27.7 24.2
      vertex -89 -26.6 24.2
    endloop
  endfacet
  facet normal 0 0 1
    outer loop
      vertex -89.6004 -26.5607 24.2
      vertex -89.744 -27.6512 24.2
      vertex -89 -27.7 24.2
    endloop
  endfacet
  facet normal 0 0 1
    outer loop
      vertex -90.1906 -26.4433 24.2
      vertex -89.744 -27.6512 24.2
      vertex -89.6004 -26.5607 24.2
    endloop
  endfacet
  facet normal 0 0 1
    outer loop
      vertex -90.1906 -26.4433 24.2
      vertex -90.4753 -27.5058 24.2
      vertex -89.744 -27.6512 24.2
    endloop
  endfacet
  facet normal 0 0 1
    outer loop
      vertex -90.7603 -26.2498 24.2
      vertex -90.4753 -27.5058 24.2
      vertex -90.1906 -26.4433 24.2
    endloop
  endfacet
  facet normal 0 0 1
    outer loop
      vertex -90.7603 -26.2498 24.2
      vertex -91.1813 -27.2661 24.2
      vertex -90.4753 -27.5058 24.2
    endloop
  endfacet
  facet normal 0 0 1
    outer loop
      vertex -91.3 -25.9837 24.2
      vertex -91.1813 -27.2661 24.2
      vertex -90.7603 -26.2498 24.2
    endloop
  endfacet
  facet normal 0 0 1
    outer loop
      vertex -91.85 -26.9363 24.2
      vertex -91.3 -25.9837 24.2
      vertex -91.8003 -25.6494 24.2
    endloop
  endfacet
  facet normal 0 0 1
    outer loop
      vertex -91.3 -25.9837 24.2
      vertex -91.85 -26.9363 24.2
      vertex -91.1813 -27.2661 24.2
    endloop
  endfacet
  facet normal 0 0 1
    outer loop
      vertex -92.4699 -26.5221 24.2
      vertex -91.8003 -25.6494 24.2
      vertex -92.2527 -25.2527 24.2
    endloop
  endfacet
  facet normal 0 0 1
    outer loop
      vertex -91.8003 -25.6494 24.2
      vertex -92.4699 -26.5221 24.2
      vertex -91.85 -26.9363 24.2
    endloop
  endfacet
  facet normal 0 0 1
    outer loop
      vertex -93.0305 -26.0305 24.2
      vertex -92.2527 -25.2527 24.2
      vertex -92.6494 -24.8003 24.2
    endloop
  endfacet
  facet normal 0 0 1
    outer loop
      vertex -93.5221 -25.4699 24.2
      vertex -92.6494 -24.8003 24.2
      vertex -92.9837 -24.3 24.2
    endloop
  endfacet
  facet normal 0 0 1
    outer loop
      vertex -92.2527 -25.2527 24.2
      vertex -93.0305 -26.0305 24.2
      vertex -92.4699 -26.5221 24.2
    endloop
  endfacet
  facet normal 0 0 1
    outer loop
      vertex -93.9363 -24.85 24.2
      vertex -92.9837 -24.3 24.2
      vertex -93.2498 -23.7603 24.2
    endloop
  endfacet
  facet normal 0 0 1
    outer loop
      vertex -94.2661 -24.1813 24.2
      vertex -93.2498 -23.7603 24.2
      vertex -93.4433 -23.1906 24.2
    endloop
  endfacet
  facet normal 0 0 1
    outer loop
      vertex -92.6494 -24.8003 24.2
      vertex -93.5221 -25.4699 24.2
      vertex -93.0305 -26.0305 24.2
    endloop
  endfacet
  facet normal 0 0 1
    outer loop
      vertex -94.5058 -23.4753 24.2
      vertex -93.4433 -23.1906 24.2
      vertex -93.5607 -22.6004 24.2
    endloop
  endfacet
  facet normal 0 0 1
    outer loop
      vertex -94.6512 -22.744 24.2
      vertex -93.5607 -22.6004 24.2
      vertex -93.6 -22 24.2
    endloop
  endfacet
  facet normal 0 0 1
    outer loop
      vertex -92.9837 -24.3 24.2
      vertex -93.9363 -24.85 24.2
      vertex -93.5221 -25.4699 24.2
    endloop
  endfacet
  facet normal 0 0 1
    outer loop
      vertex -93.6 22 24.2
      vertex -94.7 22 24.2
      vertex -93.6 -22 24.2
    endloop
  endfacet
  facet normal -0 0 1
    outer loop
      vertex -94.6512 22.744 24.2
      vertex -93.5607 22.6004 24.2
      vertex -94.5058 23.4753 24.2
    endloop
  endfacet
  facet normal 0 0 1
    outer loop
      vertex -94.7 -22 24.2
      vertex -93.6 -22 24.2
      vertex -94.7 22 24.2
    endloop
  endfacet
  facet normal 0 0 1
    outer loop
      vertex -93.5607 22.6004 24.2
      vertex -94.6512 22.744 24.2
      vertex -93.6 22 24.2
    endloop
  endfacet
  facet normal 0 -0 1
    outer loop
      vertex -94.6512 -22.744 24.2
      vertex -93.6 -22 24.2
      vertex -94.7 -22 24.2
    endloop
  endfacet
  facet normal 0 0 1
    outer loop
      vertex -93.6 22 24.2
      vertex -94.6512 22.744 24.2
      vertex -94.7 22 24.2
    endloop
  endfacet
  facet normal 0 0 1
    outer loop
      vertex -93.2498 -23.7603 24.2
      vertex -94.2661 -24.1813 24.2
      vertex -93.9363 -24.85 24.2
    endloop
  endfacet
  facet normal 0 0 1
    outer loop
      vertex -93.4433 -23.1906 24.2
      vertex -94.5058 -23.4753 24.2
      vertex -94.2661 -24.1813 24.2
    endloop
  endfacet
  facet normal 0 0 1
    outer loop
      vertex -93.5607 -22.6004 24.2
      vertex -94.6512 -22.744 24.2
      vertex -94.5058 -23.4753 24.2
    endloop
  endfacet
  facet normal -1 0 0
    outer loop
      vertex -94.7 -22 20.2
      vertex -94.7 22 24.2
      vertex -94.7 22 20.2
    endloop
  endfacet
  facet normal -1 -0 0
    outer loop
      vertex -94.7 22 24.2
      vertex -94.7 -22 20.2
      vertex -94.7 -22 24.2
    endloop
  endfacet
  facet normal 0 -1 0
    outer loop
      vertex -89 -27.7 20.2
      vertex -18 -27.7 24.2
      vertex -89 -27.7 24.2
    endloop
  endfacet
  facet normal 0 -1 -0
    outer loop
      vertex -18 -27.7 24.2
      vertex -89 -27.7 20.2
      vertex -18 -27.7 20.2
    endloop
  endfacet
  facet normal 0.0654508 0.997856 -0
    outer loop
      vertex -17.256 27.6512 20.2
      vertex -18 27.7 24.2
      vertex -17.256 27.6512 24.2
    endloop
  endfacet
  facet normal 0.0654508 0.997856 0
    outer loop
      vertex -18 27.7 24.2
      vertex -17.256 27.6512 20.2
      vertex -18 27.7 20.2
    endloop
  endfacet
  facet normal 0 1 -0
    outer loop
      vertex -18 27.7 20.2
      vertex -89 27.7 24.2
      vertex -18 27.7 24.2
    endloop
  endfacet
  facet normal 0 1 0
    outer loop
      vertex -89 27.7 24.2
      vertex -18 27.7 20.2
      vertex -89 27.7 20.2
    endloop
  endfacet
  facet normal 1 -0 0
    outer loop
      vertex -12.3 -22 24.2
      vertex -12.3 22 20.2
      vertex -12.3 22 24.2
    endloop
  endfacet
  facet normal 1 0 0
    outer loop
      vertex -12.3 22 20.2
      vertex -12.3 -22 24.2
      vertex -12.3 -22 20.2
    endloop
  endfacet
  facet normal -0.751862 0.659321 0
    outer loop
      vertex -93.5221 25.4699 20.2
      vertex -93.0305 26.0305 24.2
      vertex -93.0305 26.0305 20.2
    endloop
  endfacet
  facet normal -0.751862 0.659321 0
    outer loop
      vertex -93.0305 26.0305 24.2
      vertex -93.5221 25.4699 20.2
      vertex -93.5221 25.4699 24.2
    endloop
  endfacet
  facet normal -0.321494 -0.946912 0
    outer loop
      vertex -91.1813 -27.2661 20.2
      vertex -90.4753 -27.5058 24.2
      vertex -91.1813 -27.2661 24.2
    endloop
  endfacet
  facet normal -0.321494 -0.946912 -0
    outer loop
      vertex -90.4753 -27.5058 24.2
      vertex -91.1813 -27.2661 20.2
      vertex -90.4753 -27.5058 20.2
    endloop
  endfacet
  facet normal -0.555567 -0.831472 0
    outer loop
      vertex -92.4699 -26.5221 20.2
      vertex -91.85 -26.9363 24.2
      vertex -92.4699 -26.5221 24.2
    endloop
  endfacet
  facet normal -0.555567 -0.831472 -0
    outer loop
      vertex -91.85 -26.9363 24.2
      vertex -92.4699 -26.5221 20.2
      vertex -91.85 -26.9363 20.2
    endloop
  endfacet
  facet normal -0.195007 -0.980802 0
    outer loop
      vertex -90.4753 -27.5058 20.2
      vertex -89.744 -27.6512 24.2
      vertex -90.4753 -27.5058 24.2
    endloop
  endfacet
  facet normal -0.195007 -0.980802 -0
    outer loop
      vertex -89.744 -27.6512 24.2
      vertex -90.4753 -27.5058 20.2
      vertex -89.744 -27.6512 20.2
    endloop
  endfacet
  facet normal 0.0654508 -0.997856 0
    outer loop
      vertex -18 -27.7 20.2
      vertex -17.256 -27.6512 24.2
      vertex -18 -27.7 24.2
    endloop
  endfacet
  facet normal 0.0654508 -0.997856 0
    outer loop
      vertex -17.256 -27.6512 24.2
      vertex -18 -27.7 20.2
      vertex -17.256 -27.6512 20.2
    endloop
  endfacet
  facet normal 0.321494 0.946912 -0
    outer loop
      vertex -15.8187 27.2661 20.2
      vertex -16.5247 27.5058 24.2
      vertex -15.8187 27.2661 24.2
    endloop
  endfacet
  facet normal 0.321494 0.946912 0
    outer loop
      vertex -16.5247 27.5058 24.2
      vertex -15.8187 27.2661 20.2
      vertex -16.5247 27.5058 20.2
    endloop
  endfacet
  facet normal 0.555567 0.831472 -0
    outer loop
      vertex -14.5301 26.5221 20.2
      vertex -15.15 26.9363 24.2
      vertex -14.5301 26.5221 24.2
    endloop
  endfacet
  facet normal 0.555567 0.831472 0
    outer loop
      vertex -15.15 26.9363 24.2
      vertex -14.5301 26.5221 20.2
      vertex -15.15 26.9363 20.2
    endloop
  endfacet
  facet normal 0.195007 0.980802 -0
    outer loop
      vertex -16.5247 27.5058 20.2
      vertex -17.256 27.6512 24.2
      vertex -16.5247 27.5058 24.2
    endloop
  endfacet
  facet normal 0.195007 0.980802 0
    outer loop
      vertex -17.256 27.6512 24.2
      vertex -16.5247 27.5058 20.2
      vertex -17.256 27.6512 20.2
    endloop
  endfacet
  facet normal -0.0654508 0.997856 0
    outer loop
      vertex -89 27.7 20.2
      vertex -89.744 27.6512 24.2
      vertex -89 27.7 24.2
    endloop
  endfacet
  facet normal -0.0654508 0.997856 0
    outer loop
      vertex -89.744 27.6512 24.2
      vertex -89 27.7 20.2
      vertex -89.744 27.6512 20.2
    endloop
  endfacet
  facet normal -0.442325 0.896855 0
    outer loop
      vertex -91.1813 27.2661 20.2
      vertex -91.85 26.9363 24.2
      vertex -91.1813 27.2661 24.2
    endloop
  endfacet
  facet normal -0.442325 0.896855 0
    outer loop
      vertex -91.85 26.9363 24.2
      vertex -91.1813 27.2661 20.2
      vertex -91.85 26.9363 20.2
    endloop
  endfacet
  facet normal -0.321494 0.946912 0
    outer loop
      vertex -90.4753 27.5058 20.2
      vertex -91.1813 27.2661 24.2
      vertex -90.4753 27.5058 24.2
    endloop
  endfacet
  facet normal -0.321494 0.946912 0
    outer loop
      vertex -91.1813 27.2661 24.2
      vertex -90.4753 27.5058 20.2
      vertex -91.1813 27.2661 20.2
    endloop
  endfacet
  facet normal -0.555567 0.831472 0
    outer loop
      vertex -91.85 26.9363 20.2
      vertex -92.4699 26.5221 24.2
      vertex -91.85 26.9363 24.2
    endloop
  endfacet
  facet normal -0.555567 0.831472 0
    outer loop
      vertex -92.4699 26.5221 24.2
      vertex -91.85 26.9363 20.2
      vertex -92.4699 26.5221 20.2
    endloop
  endfacet
  facet normal -0.946912 0.321494 0
    outer loop
      vertex -94.5058 23.4753 20.2
      vertex -94.2661 24.1813 24.2
      vertex -94.2661 24.1813 20.2
    endloop
  endfacet
  facet normal -0.946912 0.321494 0
    outer loop
      vertex -94.2661 24.1813 24.2
      vertex -94.5058 23.4753 20.2
      vertex -94.5058 23.4753 24.2
    endloop
  endfacet
  facet normal -0.980802 0.195007 0
    outer loop
      vertex -94.6512 22.744 20.2
      vertex -94.5058 23.4753 24.2
      vertex -94.5058 23.4753 20.2
    endloop
  endfacet
  facet normal -0.980802 0.195007 0
    outer loop
      vertex -94.5058 23.4753 24.2
      vertex -94.6512 22.744 20.2
      vertex -94.6512 22.744 24.2
    endloop
  endfacet
  facet normal -0.831472 0.555567 0
    outer loop
      vertex -93.9363 24.85 20.2
      vertex -93.5221 25.4699 24.2
      vertex -93.5221 25.4699 20.2
    endloop
  endfacet
  facet normal -0.831472 0.555567 0
    outer loop
      vertex -93.5221 25.4699 24.2
      vertex -93.9363 24.85 20.2
      vertex -93.9363 24.85 24.2
    endloop
  endfacet
  facet normal -0.896855 -0.442325 0
    outer loop
      vertex -93.9363 -24.85 20.2
      vertex -94.2661 -24.1813 24.2
      vertex -94.2661 -24.1813 20.2
    endloop
  endfacet
  facet normal -0.896855 -0.442325 0
    outer loop
      vertex -94.2661 -24.1813 24.2
      vertex -93.9363 -24.85 20.2
      vertex -93.9363 -24.85 24.2
    endloop
  endfacet
  facet normal -0.831472 -0.555567 0
    outer loop
      vertex -93.5221 -25.4699 20.2
      vertex -93.9363 -24.85 24.2
      vertex -93.9363 -24.85 20.2
    endloop
  endfacet
  facet normal -0.831472 -0.555567 0
    outer loop
      vertex -93.9363 -24.85 24.2
      vertex -93.5221 -25.4699 20.2
      vertex -93.5221 -25.4699 24.2
    endloop
  endfacet
  facet normal -0.442325 -0.896855 0
    outer loop
      vertex -91.85 -26.9363 20.2
      vertex -91.1813 -27.2661 24.2
      vertex -91.85 -26.9363 24.2
    endloop
  endfacet
  facet normal -0.442325 -0.896855 -0
    outer loop
      vertex -91.1813 -27.2661 24.2
      vertex -91.85 -26.9363 20.2
      vertex -91.1813 -27.2661 20.2
    endloop
  endfacet
  facet normal 0.442325 0.896855 -0
    outer loop
      vertex -15.15 26.9363 20.2
      vertex -15.8187 27.2661 24.2
      vertex -15.15 26.9363 24.2
    endloop
  endfacet
  facet normal 0.442325 0.896855 0
    outer loop
      vertex -15.8187 27.2661 24.2
      vertex -15.15 26.9363 20.2
      vertex -15.8187 27.2661 20.2
    endloop
  endfacet
  facet normal 0.896855 0.442325 0
    outer loop
      vertex -12.7339 24.1813 24.2
      vertex -13.0637 24.85 20.2
      vertex -13.0637 24.85 24.2
    endloop
  endfacet
  facet normal 0.896855 0.442325 0
    outer loop
      vertex -13.0637 24.85 20.2
      vertex -12.7339 24.1813 24.2
      vertex -12.7339 24.1813 20.2
    endloop
  endfacet
  facet normal 0.831472 0.555567 0
    outer loop
      vertex -13.0637 24.85 24.2
      vertex -13.4779 25.4699 20.2
      vertex -13.4779 25.4699 24.2
    endloop
  endfacet
  facet normal 0.831472 0.555567 0
    outer loop
      vertex -13.4779 25.4699 20.2
      vertex -13.0637 24.85 24.2
      vertex -13.0637 24.85 20.2
    endloop
  endfacet
  facet normal 0.896855 -0.442325 0
    outer loop
      vertex -13.0637 -24.85 24.2
      vertex -12.7339 -24.1813 20.2
      vertex -12.7339 -24.1813 24.2
    endloop
  endfacet
  facet normal 0.896855 -0.442325 0
    outer loop
      vertex -12.7339 -24.1813 20.2
      vertex -13.0637 -24.85 24.2
      vertex -13.0637 -24.85 20.2
    endloop
  endfacet
  facet normal 0.980802 -0.195007 0
    outer loop
      vertex -12.4942 -23.4753 24.2
      vertex -12.3488 -22.744 20.2
      vertex -12.3488 -22.744 24.2
    endloop
  endfacet
  facet normal 0.980802 -0.195007 0
    outer loop
      vertex -12.3488 -22.744 20.2
      vertex -12.4942 -23.4753 24.2
      vertex -12.4942 -23.4753 20.2
    endloop
  endfacet
  facet normal 0.442325 -0.896855 0
    outer loop
      vertex -15.8187 -27.2661 20.2
      vertex -15.15 -26.9363 24.2
      vertex -15.8187 -27.2661 24.2
    endloop
  endfacet
  facet normal 0.442325 -0.896855 0
    outer loop
      vertex -15.15 -26.9363 24.2
      vertex -15.8187 -27.2661 20.2
      vertex -15.15 -26.9363 20.2
    endloop
  endfacet
  facet normal -0.659321 0.751862 0
    outer loop
      vertex -92.4699 26.5221 20.2
      vertex -93.0305 26.0305 24.2
      vertex -92.4699 26.5221 24.2
    endloop
  endfacet
  facet normal -0.659321 0.751862 0
    outer loop
      vertex -93.0305 26.0305 24.2
      vertex -92.4699 26.5221 20.2
      vertex -93.0305 26.0305 20.2
    endloop
  endfacet
  facet normal -0.896855 0.442325 0
    outer loop
      vertex -94.2661 24.1813 20.2
      vertex -93.9363 24.85 24.2
      vertex -93.9363 24.85 20.2
    endloop
  endfacet
  facet normal -0.896855 0.442325 0
    outer loop
      vertex -93.9363 24.85 24.2
      vertex -94.2661 24.1813 20.2
      vertex -94.2661 24.1813 24.2
    endloop
  endfacet
  facet normal -0.997856 -0.0654508 0
    outer loop
      vertex -94.6512 -22.744 20.2
      vertex -94.7 -22 24.2
      vertex -94.7 -22 20.2
    endloop
  endfacet
  facet normal -0.997856 -0.0654508 0
    outer loop
      vertex -94.7 -22 24.2
      vertex -94.6512 -22.744 20.2
      vertex -94.6512 -22.744 24.2
    endloop
  endfacet
  facet normal -0.946912 -0.321494 0
    outer loop
      vertex -94.2661 -24.1813 20.2
      vertex -94.5058 -23.4753 24.2
      vertex -94.5058 -23.4753 20.2
    endloop
  endfacet
  facet normal -0.946912 -0.321494 0
    outer loop
      vertex -94.5058 -23.4753 24.2
      vertex -94.2661 -24.1813 20.2
      vertex -94.2661 -24.1813 24.2
    endloop
  endfacet
  facet normal -0.751862 -0.659321 0
    outer loop
      vertex -93.0305 -26.0305 20.2
      vertex -93.5221 -25.4699 24.2
      vertex -93.5221 -25.4699 20.2
    endloop
  endfacet
  facet normal -0.751862 -0.659321 0
    outer loop
      vertex -93.5221 -25.4699 24.2
      vertex -93.0305 -26.0305 20.2
      vertex -93.0305 -26.0305 24.2
    endloop
  endfacet
  facet normal 0.980802 0.195007 0
    outer loop
      vertex -12.3488 22.744 24.2
      vertex -12.4942 23.4753 20.2
      vertex -12.4942 23.4753 24.2
    endloop
  endfacet
  facet normal 0.980802 0.195007 0
    outer loop
      vertex -12.4942 23.4753 20.2
      vertex -12.3488 22.744 24.2
      vertex -12.3488 22.744 20.2
    endloop
  endfacet
  facet normal 0.997856 0.0654508 0
    outer loop
      vertex -12.3 22 24.2
      vertex -12.3488 22.744 20.2
      vertex -12.3488 22.744 24.2
    endloop
  endfacet
  facet normal 0.997856 0.0654508 0
    outer loop
      vertex -12.3488 22.744 20.2
      vertex -12.3 22 24.2
      vertex -12.3 22 20.2
    endloop
  endfacet
  facet normal 0.946912 0.321494 0
    outer loop
      vertex -12.4942 23.4753 24.2
      vertex -12.7339 24.1813 20.2
      vertex -12.7339 24.1813 24.2
    endloop
  endfacet
  facet normal 0.946912 0.321494 0
    outer loop
      vertex -12.7339 24.1813 20.2
      vertex -12.4942 23.4753 24.2
      vertex -12.4942 23.4753 20.2
    endloop
  endfacet
  facet normal 0.751862 0.659321 0
    outer loop
      vertex -13.4779 25.4699 24.2
      vertex -13.9695 26.0305 20.2
      vertex -13.9695 26.0305 24.2
    endloop
  endfacet
  facet normal 0.751862 0.659321 0
    outer loop
      vertex -13.9695 26.0305 20.2
      vertex -13.4779 25.4699 24.2
      vertex -13.4779 25.4699 20.2
    endloop
  endfacet
  facet normal 0.946912 -0.321494 0
    outer loop
      vertex -12.7339 -24.1813 24.2
      vertex -12.4942 -23.4753 20.2
      vertex -12.4942 -23.4753 24.2
    endloop
  endfacet
  facet normal 0.946912 -0.321494 0
    outer loop
      vertex -12.4942 -23.4753 20.2
      vertex -12.7339 -24.1813 24.2
      vertex -12.7339 -24.1813 20.2
    endloop
  endfacet
  facet normal 0.659321 -0.751862 0
    outer loop
      vertex -14.5301 -26.5221 20.2
      vertex -13.9695 -26.0305 24.2
      vertex -14.5301 -26.5221 24.2
    endloop
  endfacet
  facet normal 0.659321 -0.751862 0
    outer loop
      vertex -13.9695 -26.0305 24.2
      vertex -14.5301 -26.5221 20.2
      vertex -13.9695 -26.0305 20.2
    endloop
  endfacet
  facet normal 0.831472 -0.555567 0
    outer loop
      vertex -13.4779 -25.4699 24.2
      vertex -13.0637 -24.85 20.2
      vertex -13.0637 -24.85 24.2
    endloop
  endfacet
  facet normal 0.831472 -0.555567 0
    outer loop
      vertex -13.0637 -24.85 20.2
      vertex -13.4779 -25.4699 24.2
      vertex -13.4779 -25.4699 20.2
    endloop
  endfacet
  facet normal 0.555567 -0.831472 0
    outer loop
      vertex -15.15 -26.9363 20.2
      vertex -14.5301 -26.5221 24.2
      vertex -15.15 -26.9363 24.2
    endloop
  endfacet
  facet normal 0.555567 -0.831472 0
    outer loop
      vertex -14.5301 -26.5221 24.2
      vertex -15.15 -26.9363 20.2
      vertex -14.5301 -26.5221 20.2
    endloop
  endfacet
  facet normal -0.980802 -0.195007 0
    outer loop
      vertex -94.5058 -23.4753 20.2
      vertex -94.6512 -22.744 24.2
      vertex -94.6512 -22.744 20.2
    endloop
  endfacet
  facet normal -0.980802 -0.195007 0
    outer loop
      vertex -94.6512 -22.744 24.2
      vertex -94.5058 -23.4753 20.2
      vertex -94.5058 -23.4753 24.2
    endloop
  endfacet
  facet normal -0.659321 -0.751862 0
    outer loop
      vertex -93.0305 -26.0305 20.2
      vertex -92.4699 -26.5221 24.2
      vertex -93.0305 -26.0305 24.2
    endloop
  endfacet
  facet normal -0.659321 -0.751862 -0
    outer loop
      vertex -92.4699 -26.5221 24.2
      vertex -93.0305 -26.0305 20.2
      vertex -92.4699 -26.5221 20.2
    endloop
  endfacet
  facet normal 0.751862 -0.659321 0
    outer loop
      vertex -13.9695 -26.0305 24.2
      vertex -13.4779 -25.4699 20.2
      vertex -13.4779 -25.4699 24.2
    endloop
  endfacet
  facet normal 0.751862 -0.659321 0
    outer loop
      vertex -13.4779 -25.4699 20.2
      vertex -13.9695 -26.0305 24.2
      vertex -13.9695 -26.0305 20.2
    endloop
  endfacet
  facet normal 0 1 0
    outer loop
      vertex -18 -26.6 24.2
      vertex -51 -26.6 6.2
      vertex -89 -26.6 24.2
    endloop
  endfacet
  facet normal 0 1 -0
    outer loop
      vertex -18 -26.6 2.2
      vertex -51 -26.6 6.2
      vertex -18 -26.6 24.2
    endloop
  endfacet
  facet normal 0 1 0
    outer loop
      vertex -51 -26.6 2.7
      vertex -18 -26.6 2.2
      vertex -56 -26.6 2.7
    endloop
  endfacet
  facet normal 0 1 0
    outer loop
      vertex -51 -26.6 6.2
      vertex -18 -26.6 2.2
      vertex -51 -26.6 2.7
    endloop
  endfacet
  facet normal 0 1 -0
    outer loop
      vertex -56 -26.6 6.2
      vertex -89 -26.6 24.2
      vertex -51 -26.6 6.2
    endloop
  endfacet
  facet normal 0 1 0
    outer loop
      vertex -89 -26.6 2.2
      vertex -56 -26.6 6.2
      vertex -56 -26.6 2.7
    endloop
  endfacet
  facet normal 0 1 0
    outer loop
      vertex -56 -26.6 6.2
      vertex -89 -26.6 2.2
      vertex -89 -26.6 24.2
    endloop
  endfacet
  facet normal 0 1 0
    outer loop
      vertex -89 -26.6 2.2
      vertex -56 -26.6 2.7
      vertex -18 -26.6 2.2
    endloop
  endfacet
  facet normal -0.0653166 0.997865 0
    outer loop
      vertex -17.3996 -26.5607 6.75
      vertex -18 -26.6 24.2
      vertex -17.3996 -26.5607 24.2
    endloop
  endfacet
  facet normal -0.0653274 0.997864 -3.74369e-07
    outer loop
      vertex -17.9999 -26.6 6.75
      vertex -18 -26.6 24.2
      vertex -17.3996 -26.5607 6.75
    endloop
  endfacet
  facet normal 0 1 0
    outer loop
      vertex -18 -26.6 2.2
      vertex -17.9999 -26.6 6.75
      vertex -17.9999 -26.6 2.2
    endloop
  endfacet
  facet normal 0 1 0
    outer loop
      vertex -17.9999 -26.6 6.75
      vertex -18 -26.6 2.2
      vertex -18 -26.6 24.2
    endloop
  endfacet
  facet normal -0.195093 0.980785 0
    outer loop
      vertex -16.8094 -26.4433 6.75
      vertex -17.3996 -26.5607 24.2
      vertex -16.8094 -26.4433 24.2
    endloop
  endfacet
  facet normal -0.195093 0.980785 0
    outer loop
      vertex -17.3996 -26.5607 24.2
      vertex -16.8094 -26.4433 6.75
      vertex -17.3996 -26.5607 6.75
    endloop
  endfacet
  facet normal 0.0653166 -0.997865 0
    outer loop
      vertex -89.6004 26.5607 6.15
      vertex -89 26.6 24.2
      vertex -89.6004 26.5607 24.2
    endloop
  endfacet
  facet normal 0.0653274 -0.997864 -3.61925e-07
    outer loop
      vertex -89.0001 26.6 6.15
      vertex -89 26.6 24.2
      vertex -89.6004 26.5607 6.15
    endloop
  endfacet
  facet normal 0 -1 0
    outer loop
      vertex -89 26.6 2.2
      vertex -89.0001 26.6 6.15
      vertex -89.0001 26.6 2.2
    endloop
  endfacet
  facet normal 0 -1 0
    outer loop
      vertex -89.0001 26.6 6.15
      vertex -89 26.6 2.2
      vertex -89 26.6 24.2
    endloop
  endfacet
  facet normal 0.555582 0.831462 -0
    outer loop
      vertex -91.3 -25.9837 2.2
      vertex -91.8003 -25.6494 24.2
      vertex -91.3 -25.9837 24.2
    endloop
  endfacet
  facet normal 0.555582 0.831462 0
    outer loop
      vertex -91.8003 -25.6494 24.2
      vertex -91.3 -25.9837 2.2
      vertex -91.8003 -25.6494 2.2
    endloop
  endfacet
  facet normal -0.0653166 -0.997865 -3.61865e-07
    outer loop
      vertex -18 26.6 24.2
      vertex -17.9999 26.6 6.15
      vertex -17.3996 26.5607 24.2
    endloop
  endfacet
  facet normal 0 -1 0
    outer loop
      vertex -18 26.6 2.2
      vertex -17.9999 26.6 6.15
      vertex -18 26.6 24.2
    endloop
  endfacet
  facet normal 0 -1 -0
    outer loop
      vertex -17.9999 26.6 6.15
      vertex -18 26.6 2.2
      vertex -17.9999 26.6 2.2
    endloop
  endfacet
  facet normal -0.0653274 -0.997864 -0
    outer loop
      vertex -17.3996 26.5607 24.2
      vertex -17.9999 26.6 6.15
      vertex -17.3996 26.5607 6.15
    endloop
  endfacet
  facet normal 0.659304 0.751876 -0
    outer loop
      vertex -91.8003 -25.6494 2.2
      vertex -92.2527 -25.2527 24.2
      vertex -91.8003 -25.6494 24.2
    endloop
  endfacet
  facet normal 0.659304 0.751876 0
    outer loop
      vertex -92.2527 -25.2527 24.2
      vertex -91.8003 -25.6494 2.2
      vertex -92.2527 -25.2527 2.2
    endloop
  endfacet
  facet normal 0 -1 0
    outer loop
      vertex -89 26.6 2.2
      vertex -18 26.6 24.2
      vertex -89 26.6 24.2
    endloop
  endfacet
  facet normal 0 -1 -0
    outer loop
      vertex -18 26.6 24.2
      vertex -89 26.6 2.2
      vertex -18 26.6 2.2
    endloop
  endfacet
  facet normal 1 -0 0
    outer loop
      vertex -93.6 -22 24.2
      vertex -93.6 22 2.2
      vertex -93.6 22 24.2
    endloop
  endfacet
  facet normal 1 0 0
    outer loop
      vertex -93.6 22 2.2
      vertex -93.6 -22 24.2
      vertex -93.6 -22 2.2
    endloop
  endfacet
  facet normal 0.321608 0.946873 -0
    outer loop
      vertex -90.1906 -26.4433 2.2
      vertex -90.7603 -26.2498 24.2
      vertex -90.1906 -26.4433 24.2
    endloop
  endfacet
  facet normal 0.321608 0.946873 0
    outer loop
      vertex -90.7603 -26.2498 24.2
      vertex -90.1906 -26.4433 2.2
      vertex -90.7603 -26.2498 2.2
    endloop
  endfacet
  facet normal -1 0 0
    outer loop
      vertex -13.4 -8.25 11.6
      vertex -13.4 22 2.2
      vertex -13.4 -8.25 6.4
    endloop
  endfacet
  facet normal -1 0 0
    outer loop
      vertex -13.4 -22 2.2
      vertex -13.4 -8.25 6.4
      vertex -13.4 22 2.2
    endloop
  endfacet
  facet normal -1 -0 0
    outer loop
      vertex -13.4 -18.25 6.4
      vertex -13.4 -22 2.2
      vertex -13.4 -18.25 11.6
    endloop
  endfacet
  facet normal -1 -0 0
    outer loop
      vertex -13.4 -8.25 6.4
      vertex -13.4 -22 2.2
      vertex -13.4 -18.25 6.4
    endloop
  endfacet
  facet normal -1 0 0
    outer loop
      vertex -13.4 22 2.2
      vertex -13.4 -8.25 11.6
      vertex -13.4 22 24.2
    endloop
  endfacet
  facet normal -1 0 0
    outer loop
      vertex -13.4 -22 24.2
      vertex -13.4 -8.25 11.6
      vertex -13.4 -18.25 11.6
    endloop
  endfacet
  facet normal -1 0 0
    outer loop
      vertex -13.4 -8.25 11.6
      vertex -13.4 -22 24.2
      vertex -13.4 22 24.2
    endloop
  endfacet
  facet normal -1 0 0
    outer loop
      vertex -13.4 -22 24.2
      vertex -13.4 -18.25 11.6
      vertex -13.4 -22 2.2
    endloop
  endfacet
  facet normal -0.659304 -0.751876 0
    outer loop
      vertex -15.1997 25.6494 6.15
      vertex -14.7473 25.2527 24.2
      vertex -15.1997 25.6494 24.2
    endloop
  endfacet
  facet normal -0.659304 -0.751876 -0
    outer loop
      vertex -14.7473 25.2527 24.2
      vertex -15.1997 25.6494 6.15
      vertex -14.7473 25.2527 6.15
    endloop
  endfacet
  facet normal 0.997865 -0.0653166 0
    outer loop
      vertex -93.6 22 24.2
      vertex -93.5607 22.6004 2.2
      vertex -93.5607 22.6004 24.2
    endloop
  endfacet
  facet normal 0.997865 -0.0653166 0
    outer loop
      vertex -93.5607 22.6004 2.2
      vertex -93.6 22 24.2
      vertex -93.6 22 2.2
    endloop
  endfacet
  facet normal 0.997865 0.0653166 0
    outer loop
      vertex -93.5607 -22.6004 24.2
      vertex -93.6 -22 2.2
      vertex -93.6 -22 24.2
    endloop
  endfacet
  facet normal 0.997865 0.0653166 0
    outer loop
      vertex -93.6 -22 2.2
      vertex -93.5607 -22.6004 24.2
      vertex -93.5607 -22.6004 2.2
    endloop
  endfacet
  facet normal 0.0653166 0.997865 -0
    outer loop
      vertex -89 -26.6 2.2
      vertex -89.6004 -26.5607 24.2
      vertex -89 -26.6 24.2
    endloop
  endfacet
  facet normal 0.0653166 0.997865 0
    outer loop
      vertex -89.6004 -26.5607 24.2
      vertex -89 -26.6 2.2
      vertex -89.6004 -26.5607 2.2
    endloop
  endfacet
  facet normal -0.946873 0.321608 0
    outer loop
      vertex -13.7502 -23.7603 2.2
      vertex -13.5567 -23.1906 24.2
      vertex -13.5567 -23.1906 2.2
    endloop
  endfacet
  facet normal -0.946873 0.321608 0
    outer loop
      vertex -13.5567 -23.1906 24.2
      vertex -13.7502 -23.7603 2.2
      vertex -13.7502 -23.7603 24.2
    endloop
  endfacet
  facet normal -0.195093 -0.980785 0
    outer loop
      vertex -17.3996 26.5607 6.15
      vertex -16.8094 26.4433 24.2
      vertex -17.3996 26.5607 24.2
    endloop
  endfacet
  facet normal -0.195093 -0.980785 -0
    outer loop
      vertex -16.8094 26.4433 24.2
      vertex -17.3996 26.5607 6.15
      vertex -16.8094 26.4433 6.15
    endloop
  endfacet
  facet normal -0.442221 -0.896906 0
    outer loop
      vertex -16.2397 26.2498 6.15
      vertex -15.7 25.9837 24.2
      vertex -16.2397 26.2498 24.2
    endloop
  endfacet
  facet normal -0.442221 -0.896906 -0
    outer loop
      vertex -15.7 25.9837 24.2
      vertex -16.2397 26.2498 6.15
      vertex -15.7 25.9837 6.15
    endloop
  endfacet
  facet normal -0.555582 -0.831462 0
    outer loop
      vertex -15.7 25.9837 6.15
      vertex -15.1997 25.6494 24.2
      vertex -15.7 25.9837 24.2
    endloop
  endfacet
  facet normal -0.555582 -0.831462 -0
    outer loop
      vertex -15.1997 25.6494 24.2
      vertex -15.7 25.9837 6.15
      vertex -15.1997 25.6494 6.15
    endloop
  endfacet
  facet normal 0.555582 -0.831462 0
    outer loop
      vertex -91.8003 25.6494 6.15
      vertex -91.3 25.9837 24.2
      vertex -91.8003 25.6494 24.2
    endloop
  endfacet
  facet normal 0.555582 -0.831462 0
    outer loop
      vertex -91.3 25.9837 24.2
      vertex -91.8003 25.6494 6.15
      vertex -91.3 25.9837 6.15
    endloop
  endfacet
  facet normal 0.946873 -0.321608 0
    outer loop
      vertex -93.4433 23.1906 24.2
      vertex -93.2498 23.7603 2.2
      vertex -93.2498 23.7603 24.2
    endloop
  endfacet
  facet normal 0.946873 -0.321608 0
    outer loop
      vertex -93.2498 23.7603 2.2
      vertex -93.4433 23.1906 24.2
      vertex -93.4433 23.1906 2.2
    endloop
  endfacet
  facet normal 0.980785 -0.195093 0
    outer loop
      vertex -93.5607 22.6004 24.2
      vertex -93.4433 23.1906 2.2
      vertex -93.4433 23.1906 24.2
    endloop
  endfacet
  facet normal 0.980785 -0.195093 0
    outer loop
      vertex -93.4433 23.1906 2.2
      vertex -93.5607 22.6004 24.2
      vertex -93.5607 22.6004 2.2
    endloop
  endfacet
  facet normal 0.442221 0.896906 -0
    outer loop
      vertex -90.7603 -26.2498 2.2
      vertex -91.3 -25.9837 24.2
      vertex -90.7603 -26.2498 24.2
    endloop
  endfacet
  facet normal 0.442221 0.896906 0
    outer loop
      vertex -91.3 -25.9837 24.2
      vertex -90.7603 -26.2498 2.2
      vertex -91.3 -25.9837 2.2
    endloop
  endfacet
  facet normal 0.751876 0.659304 0
    outer loop
      vertex -92.2527 -25.2527 24.2
      vertex -92.6494 -24.8003 2.2
      vertex -92.6494 -24.8003 24.2
    endloop
  endfacet
  facet normal 0.751876 0.659304 0
    outer loop
      vertex -92.6494 -24.8003 2.2
      vertex -92.2527 -25.2527 24.2
      vertex -92.2527 -25.2527 2.2
    endloop
  endfacet
  facet normal 0.195093 0.980785 -0
    outer loop
      vertex -89.6004 -26.5607 2.2
      vertex -90.1906 -26.4433 24.2
      vertex -89.6004 -26.5607 24.2
    endloop
  endfacet
  facet normal 0.195093 0.980785 0
    outer loop
      vertex -90.1906 -26.4433 24.2
      vertex -89.6004 -26.5607 2.2
      vertex -90.1906 -26.4433 2.2
    endloop
  endfacet
  facet normal -0.896906 -0.442221 0
    outer loop
      vertex -13.7502 23.7603 2.2
      vertex -14.0163 24.3 24.2
      vertex -14.0163 24.3 2.2
    endloop
  endfacet
  facet normal -0.896906 -0.442221 0
    outer loop
      vertex -14.0163 24.3 24.2
      vertex -13.7502 23.7603 2.2
      vertex -13.7502 23.7603 24.2
    endloop
  endfacet
  facet normal -0.831462 0.555582 0
    outer loop
      vertex -14.3506 -24.8003 6.75
      vertex -14.0163 -24.3 24.2
      vertex -14.0163 -24.3 6.75
    endloop
  endfacet
  facet normal -0.831462 0.555582 0
    outer loop
      vertex -14.0163 -24.3 24.2
      vertex -14.3506 -24.8003 6.75
      vertex -14.3506 -24.8003 24.2
    endloop
  endfacet
  facet normal -0.321608 0.946873 0
    outer loop
      vertex -16.2397 -26.2498 6.75
      vertex -16.8094 -26.4433 24.2
      vertex -16.2397 -26.2498 24.2
    endloop
  endfacet
  facet normal -0.321608 0.946873 0
    outer loop
      vertex -16.8094 -26.4433 24.2
      vertex -16.2397 -26.2498 6.75
      vertex -16.8094 -26.4433 6.75
    endloop
  endfacet
  facet normal -0.321608 -0.946873 0
    outer loop
      vertex -16.8094 26.4433 6.15
      vertex -16.2397 26.2498 24.2
      vertex -16.8094 26.4433 24.2
    endloop
  endfacet
  facet normal -0.321608 -0.946873 -0
    outer loop
      vertex -16.2397 26.2498 24.2
      vertex -16.8094 26.4433 6.15
      vertex -16.2397 26.2498 6.15
    endloop
  endfacet
  facet normal 0 0 1
    outer loop
      vertex -92.9837 24.3 2.2
      vertex -92.55 24.9137 2.2
      vertex -92.6494 24.8003 2.2
    endloop
  endfacet
  facet normal 0 0 1
    outer loop
      vertex -14.45 24.9137 2.2
      vertex -13.4 22 2.2
      vertex -13.4393 22.6004 2.2
    endloop
  endfacet
  facet normal 0 0 1
    outer loop
      vertex -13.4 22 2.2
      vertex -13.95 0.0999994 2.2
      vertex -13.4 -22 2.2
    endloop
  endfacet
  facet normal 0 0 1
    outer loop
      vertex -14.45 24.9137 2.2
      vertex -13.4393 22.6004 2.2
      vertex -13.5567 23.1906 2.2
    endloop
  endfacet
  facet normal 0 0 1
    outer loop
      vertex -13.95 -24.1656 2.2
      vertex -13.4 -22 2.2
      vertex -13.95 0.0999994 2.2
    endloop
  endfacet
  facet normal 0 0 1
    outer loop
      vertex -14.45 24.9137 2.2
      vertex -13.5567 23.1906 2.2
      vertex -13.7502 23.7603 2.2
    endloop
  endfacet
  facet normal 0 0 1
    outer loop
      vertex -13.4 -22 2.2
      vertex -13.95 -24.1656 2.2
      vertex -13.4393 -22.6004 2.2
    endloop
  endfacet
  facet normal 0 0 1
    outer loop
      vertex -13.4393 -22.6004 2.2
      vertex -13.95 -24.1656 2.2
      vertex -13.5567 -23.1906 2.2
    endloop
  endfacet
  facet normal 0 0 1
    outer loop
      vertex -14.45 24.9137 2.2
      vertex -13.7502 23.7603 2.2
      vertex -14.0163 24.3 2.2
    endloop
  endfacet
  facet normal 0 0 1
    outer loop
      vertex -14.45 24.9137 2.2
      vertex -14.0163 24.3 2.2
      vertex -14.3506 24.8003 2.2
    endloop
  endfacet
  facet normal 0 0 1
    outer loop
      vertex -13.4 22 2.2
      vertex -14.45 24.9137 2.2
      vertex -14.45 2 2.2
    endloop
  endfacet
  facet normal 0 0 1
    outer loop
      vertex -13.4 22 2.2
      vertex -14.45 2 2.2
      vertex -13.95 0.0999994 2.2
    endloop
  endfacet
  facet normal 0 0 1
    outer loop
      vertex -14.45 2 2.2
      vertex -35.05 0.0999994 2.2
      vertex -13.95 0.0999994 2.2
    endloop
  endfacet
  facet normal -0 0 1
    outer loop
      vertex -37.9131 -22.4285 2.2
      vertex -35.05 -26.6 2.2
      vertex -35.05 0.0999994 2.2
    endloop
  endfacet
  facet normal 0 0 1
    outer loop
      vertex -35.05 -26.6 2.2
      vertex -37.724 -23.1345 2.2
      vertex -37.7 -23.5 2.2
    endloop
  endfacet
  facet normal 0 0 1
    outer loop
      vertex -35.05 -26.6 2.2
      vertex -37.7954 -22.7753 2.2
      vertex -37.724 -23.1345 2.2
    endloop
  endfacet
  facet normal 0 0 1
    outer loop
      vertex -35.05 -26.6 2.2
      vertex -37.9131 -22.4285 2.2
      vertex -37.7954 -22.7753 2.2
    endloop
  endfacet
  facet normal 0 0 1
    outer loop
      vertex -35.05 0.0999994 2.2
      vertex -38.0751 -22.1 2.2
      vertex -37.9131 -22.4285 2.2
    endloop
  endfacet
  facet normal 0 0 1
    outer loop
      vertex -35.05 0.0999994 2.2
      vertex -38.2786 -21.7955 2.2
      vertex -38.0751 -22.1 2.2
    endloop
  endfacet
  facet normal 0 0 1
    outer loop
      vertex -35.05 0.0999994 2.2
      vertex -38.5201 -21.5201 2.2
      vertex -38.2786 -21.7955 2.2
    endloop
  endfacet
  facet normal 0 0 1
    outer loop
      vertex -35.05 0.0999994 2.2
      vertex -38.7955 -21.2786 2.2
      vertex -38.5201 -21.5201 2.2
    endloop
  endfacet
  facet normal 0 0 1
    outer loop
      vertex -35.05 0.0999994 2.2
      vertex -39.1 -21.0751 2.2
      vertex -38.7955 -21.2786 2.2
    endloop
  endfacet
  facet normal 0 0 1
    outer loop
      vertex -35.05 0.0999994 2.2
      vertex -39.4285 -20.9131 2.2
      vertex -39.1 -21.0751 2.2
    endloop
  endfacet
  facet normal 0 0 1
    outer loop
      vertex -35.05 0.0999994 2.2
      vertex -39.7753 -20.7954 2.2
      vertex -39.4285 -20.9131 2.2
    endloop
  endfacet
  facet normal 0 0 1
    outer loop
      vertex -35.05 0.0999994 2.2
      vertex -40.1345 -20.724 2.2
      vertex -39.7753 -20.7954 2.2
    endloop
  endfacet
  facet normal 0 0 1
    outer loop
      vertex -35.05 0.0999994 2.2
      vertex -40.5 -20.7 2.2
      vertex -40.1345 -20.724 2.2
    endloop
  endfacet
  facet normal 0 0 1
    outer loop
      vertex -35.05 0.0999994 2.2
      vertex -40.8655 -20.724 2.2
      vertex -40.5 -20.7 2.2
    endloop
  endfacet
  facet normal 0 0 1
    outer loop
      vertex -35.05 0.0999994 2.2
      vertex -41.2247 -20.7954 2.2
      vertex -40.8655 -20.724 2.2
    endloop
  endfacet
  facet normal 0 0 1
    outer loop
      vertex -35.05 0.0999994 2.2
      vertex -41.5715 -20.9131 2.2
      vertex -41.2247 -20.7954 2.2
    endloop
  endfacet
  facet normal 0 0 1
    outer loop
      vertex -35.05 0.0999994 2.2
      vertex -41.9 -21.0751 2.2
      vertex -41.5715 -20.9131 2.2
    endloop
  endfacet
  facet normal 0 0 1
    outer loop
      vertex -35.05 0.0999994 2.2
      vertex -42.2045 -21.2786 2.2
      vertex -41.9 -21.0751 2.2
    endloop
  endfacet
  facet normal 0 0 1
    outer loop
      vertex -65.7955 -21.2786 2.2
      vertex -42.2045 -21.2786 2.2
      vertex -35.05 0.0999994 2.2
    endloop
  endfacet
  facet normal 0 0 1
    outer loop
      vertex -42.2045 -21.2786 2.2
      vertex -65.7955 -21.2786 2.2
      vertex -42.4799 -21.5201 2.2
    endloop
  endfacet
  facet normal 0 -0 1
    outer loop
      vertex -65.5201 -21.5201 2.2
      vertex -42.4799 -21.5201 2.2
      vertex -65.7955 -21.2786 2.2
    endloop
  endfacet
  facet normal 0 0 1
    outer loop
      vertex -42.4799 -21.5201 2.2
      vertex -65.5201 -21.5201 2.2
      vertex -42.7214 -21.7955 2.2
    endloop
  endfacet
  facet normal 0 0 1
    outer loop
      vertex -43.276 -23.1345 2.2
      vertex -64.7 -23.5 2.2
      vertex -43.3 -23.5 2.2
    endloop
  endfacet
  facet normal 0 0 1
    outer loop
      vertex -64.724 -23.1345 2.2
      vertex -43.276 -23.1345 2.2
      vertex -43.2046 -22.7753 2.2
    endloop
  endfacet
  facet normal 0 0 1
    outer loop
      vertex -64.7954 -22.7753 2.2
      vertex -43.2046 -22.7753 2.2
      vertex -43.0869 -22.4285 2.2
    endloop
  endfacet
  facet normal 0 -0 1
    outer loop
      vertex -65.2786 -21.7955 2.2
      vertex -42.7214 -21.7955 2.2
      vertex -65.5201 -21.5201 2.2
    endloop
  endfacet
  facet normal 0 0 1
    outer loop
      vertex -43.276 -23.1345 2.2
      vertex -64.724 -23.1345 2.2
      vertex -64.7 -23.5 2.2
    endloop
  endfacet
  facet normal 0 0 1
    outer loop
      vertex -43.2046 -22.7753 2.2
      vertex -64.7954 -22.7753 2.2
      vertex -64.724 -23.1345 2.2
    endloop
  endfacet
  facet normal 0 0 1
    outer loop
      vertex -43.0869 -22.4285 2.2
      vertex -64.9131 -22.4285 2.2
      vertex -64.7954 -22.7753 2.2
    endloop
  endfacet
  facet normal 0 0 1
    outer loop
      vertex -43.0869 -22.4285 2.2
      vertex -65.0751 -22.1 2.2
      vertex -64.9131 -22.4285 2.2
    endloop
  endfacet
  facet normal 0 0 1
    outer loop
      vertex -42.9249 -22.1 2.2
      vertex -65.0751 -22.1 2.2
      vertex -43.0869 -22.4285 2.2
    endloop
  endfacet
  facet normal 0 -0 1
    outer loop
      vertex -65.0751 -22.1 2.2
      vertex -42.9249 -22.1 2.2
      vertex -65.2786 -21.7955 2.2
    endloop
  endfacet
  facet normal 0 0 1
    outer loop
      vertex -42.7214 -21.7955 2.2
      vertex -65.2786 -21.7955 2.2
      vertex -42.9249 -22.1 2.2
    endloop
  endfacet
  facet normal 0 0 1
    outer loop
      vertex -35.05 0.0999994 2.2
      vertex -66.1 -21.0751 2.2
      vertex -65.7955 -21.2786 2.2
    endloop
  endfacet
  facet normal -0 0 1
    outer loop
      vertex -74.95 -4.7 2.2
      vertex -66.1 -21.0751 2.2
      vertex -35.05 0.0999994 2.2
    endloop
  endfacet
  facet normal 0 0 1
    outer loop
      vertex -66.1 -21.0751 2.2
      vertex -74.95 -4.7 2.2
      vertex -66.4285 -20.9131 2.2
    endloop
  endfacet
  facet normal 0 0 1
    outer loop
      vertex -66.4285 -20.9131 2.2
      vertex -74.95 -4.7 2.2
      vertex -66.7753 -20.7954 2.2
    endloop
  endfacet
  facet normal 0 0 1
    outer loop
      vertex -66.7753 -20.7954 2.2
      vertex -74.95 -4.7 2.2
      vertex -67.1345 -20.724 2.2
    endloop
  endfacet
  facet normal 0 0 1
    outer loop
      vertex -67.1345 -20.724 2.2
      vertex -74.95 -4.7 2.2
      vertex -67.5 -20.7 2.2
    endloop
  endfacet
  facet normal 0 0 1
    outer loop
      vertex -67.5 -20.7 2.2
      vertex -74.95 -4.7 2.2
      vertex -67.8655 -20.724 2.2
    endloop
  endfacet
  facet normal 0 0 1
    outer loop
      vertex -67.8655 -20.724 2.2
      vertex -74.95 -4.7 2.2
      vertex -68.2247 -20.7954 2.2
    endloop
  endfacet
  facet normal 0 0 1
    outer loop
      vertex -68.2247 -20.7954 2.2
      vertex -74.95 -4.7 2.2
      vertex -68.5715 -20.9131 2.2
    endloop
  endfacet
  facet normal 0 0 1
    outer loop
      vertex -70.2046 -22.7753 2.2
      vertex -74.95 -21.8 2.2
      vertex -70.276 -23.1345 2.2
    endloop
  endfacet
  facet normal 0 0 1
    outer loop
      vertex -70.0869 -22.4285 2.2
      vertex -74.95 -21.8 2.2
      vertex -70.2046 -22.7753 2.2
    endloop
  endfacet
  facet normal 0 0 1
    outer loop
      vertex -69.9249 -22.1 2.2
      vertex -74.95 -21.8 2.2
      vertex -70.0869 -22.4285 2.2
    endloop
  endfacet
  facet normal 0 0 1
    outer loop
      vertex -69.7214 -21.7955 2.2
      vertex -74.95 -21.8 2.2
      vertex -69.9249 -22.1 2.2
    endloop
  endfacet
  facet normal 0 0 1
    outer loop
      vertex -69.4799 -21.5201 2.2
      vertex -74.95 -21.8 2.2
      vertex -69.7214 -21.7955 2.2
    endloop
  endfacet
  facet normal 0 0 1
    outer loop
      vertex -69.2045 -21.2786 2.2
      vertex -74.95 -21.8 2.2
      vertex -69.4799 -21.5201 2.2
    endloop
  endfacet
  facet normal 0 0 1
    outer loop
      vertex -68.9 -21.0751 2.2
      vertex -74.95 -21.8 2.2
      vertex -69.2045 -21.2786 2.2
    endloop
  endfacet
  facet normal 0 0 1
    outer loop
      vertex -74.95 -21.8 2.2
      vertex -68.9 -21.0751 2.2
      vertex -74.95 -4.7 2.2
    endloop
  endfacet
  facet normal 0 0 1
    outer loop
      vertex -68.5715 -20.9131 2.2
      vertex -74.95 -4.7 2.2
      vertex -68.9 -21.0751 2.2
    endloop
  endfacet
  facet normal 0 0 1
    outer loop
      vertex -92.55 2 2.2
      vertex -74.95 -4.7 2.2
      vertex -35.05 0.0999994 2.2
    endloop
  endfacet
  facet normal -0 0 1
    outer loop
      vertex -92.55 2 2.2
      vertex -35.05 0.0999994 2.2
      vertex -14.45 2 2.2
    endloop
  endfacet
  facet normal 0 0 1
    outer loop
      vertex -93.6 -22 2.2
      vertex -92.05 -21.8 2.2
      vertex -92.05 -4.7 2.2
    endloop
  endfacet
  facet normal 0 0 1
    outer loop
      vertex -74.95 -4.7 2.2
      vertex -92.55 2 2.2
      vertex -92.05 -4.7 2.2
    endloop
  endfacet
  facet normal 0 0 1
    outer loop
      vertex -93.6 -22 2.2
      vertex -92.05 -4.7 2.2
      vertex -92.55 2 2.2
    endloop
  endfacet
  facet normal 0 -0 1
    outer loop
      vertex -93.5607 -22.6004 2.2
      vertex -92.05 -21.8 2.2
      vertex -93.6 -22 2.2
    endloop
  endfacet
  facet normal 0 0 1
    outer loop
      vertex -92.55 24.9137 2.2
      vertex -93.6 22 2.2
      vertex -92.55 2 2.2
    endloop
  endfacet
  facet normal 0 0 1
    outer loop
      vertex -92.55 24.9137 2.2
      vertex -92.9837 24.3 2.2
      vertex -93.6 22 2.2
    endloop
  endfacet
  facet normal 0 0 1
    outer loop
      vertex -93.6 -22 2.2
      vertex -92.55 2 2.2
      vertex -93.6 22 2.2
    endloop
  endfacet
  facet normal 0 0 1
    outer loop
      vertex -93.6 22 2.2
      vertex -92.9837 24.3 2.2
      vertex -93.2498 23.7603 2.2
    endloop
  endfacet
  facet normal 0 0 1
    outer loop
      vertex -92.05 -21.8 2.2
      vertex -92.6494 -24.8003 2.2
      vertex -92.2527 -25.2527 2.2
    endloop
  endfacet
  facet normal 0 0 1
    outer loop
      vertex -93.6 22 2.2
      vertex -93.2498 23.7603 2.2
      vertex -93.4433 23.1906 2.2
    endloop
  endfacet
  facet normal 0 0 1
    outer loop
      vertex -92.05 -21.8 2.2
      vertex -92.9837 -24.3 2.2
      vertex -92.6494 -24.8003 2.2
    endloop
  endfacet
  facet normal 0 0 1
    outer loop
      vertex -93.6 22 2.2
      vertex -93.4433 23.1906 2.2
      vertex -93.5607 22.6004 2.2
    endloop
  endfacet
  facet normal 0 0 1
    outer loop
      vertex -92.05 -21.8 2.2
      vertex -93.2498 -23.7603 2.2
      vertex -92.9837 -24.3 2.2
    endloop
  endfacet
  facet normal 0 0 1
    outer loop
      vertex -92.05 -21.8 2.2
      vertex -93.4433 -23.1906 2.2
      vertex -93.2498 -23.7603 2.2
    endloop
  endfacet
  facet normal 0 0 1
    outer loop
      vertex -92.05 -21.8 2.2
      vertex -93.5607 -22.6004 2.2
      vertex -93.4433 -23.1906 2.2
    endloop
  endfacet
  facet normal 0 0 1
    outer loop
      vertex -13.5567 -23.1906 2.2
      vertex -13.95 -24.1656 2.2
      vertex -13.7502 -23.7603 2.2
    endloop
  endfacet
  facet normal 0 0 0
    outer loop
      vertex -35.05 -26.6 2.2
      vertex -18 -26.6 2.2
      vertex -17.9999 -26.6 2.2
    endloop
  endfacet
  facet normal -0 0 1
    outer loop
      vertex -37.724 -23.8655 2.2
      vertex -35.05 -26.6 2.2
      vertex -37.7 -23.5 2.2
    endloop
  endfacet
  facet normal -0 0 1
    outer loop
      vertex -37.7954 -24.2247 2.2
      vertex -35.05 -26.6 2.2
      vertex -37.724 -23.8655 2.2
    endloop
  endfacet
  facet normal -0 0 1
    outer loop
      vertex -37.9131 -24.5715 2.2
      vertex -35.05 -26.6 2.2
      vertex -37.7954 -24.2247 2.2
    endloop
  endfacet
  facet normal -0 0 1
    outer loop
      vertex -38.0751 -24.9 2.2
      vertex -35.05 -26.6 2.2
      vertex -37.9131 -24.5715 2.2
    endloop
  endfacet
  facet normal -0 0 1
    outer loop
      vertex -38.2786 -25.2045 2.2
      vertex -35.05 -26.6 2.2
      vertex -38.0751 -24.9 2.2
    endloop
  endfacet
  facet normal -0 0 1
    outer loop
      vertex -38.5201 -25.4799 2.2
      vertex -35.05 -26.6 2.2
      vertex -38.2786 -25.2045 2.2
    endloop
  endfacet
  facet normal -0 0 1
    outer loop
      vertex -38.7955 -25.7214 2.2
      vertex -35.05 -26.6 2.2
      vertex -38.5201 -25.4799 2.2
    endloop
  endfacet
  facet normal -0 0 1
    outer loop
      vertex -39.1 -25.9249 2.2
      vertex -35.05 -26.6 2.2
      vertex -38.7955 -25.7214 2.2
    endloop
  endfacet
  facet normal -0 0 1
    outer loop
      vertex -39.4285 -26.0869 2.2
      vertex -35.05 -26.6 2.2
      vertex -39.1 -25.9249 2.2
    endloop
  endfacet
  facet normal -0 0 1
    outer loop
      vertex -39.7753 -26.2046 2.2
      vertex -35.05 -26.6 2.2
      vertex -39.4285 -26.0869 2.2
    endloop
  endfacet
  facet normal -0 0 1
    outer loop
      vertex -40.1345 -26.276 2.2
      vertex -35.05 -26.6 2.2
      vertex -39.7753 -26.2046 2.2
    endloop
  endfacet
  facet normal -0 0 1
    outer loop
      vertex -40.5 -26.3 2.2
      vertex -35.05 -26.6 2.2
      vertex -40.1345 -26.276 2.2
    endloop
  endfacet
  facet normal -0 0 1
    outer loop
      vertex -64.7 -23.5 2.2
      vertex -43.276 -23.8655 2.2
      vertex -43.3 -23.5 2.2
    endloop
  endfacet
  facet normal 0 0 1
    outer loop
      vertex -64.724 -23.8655 2.2
      vertex -43.276 -23.8655 2.2
      vertex -64.7 -23.5 2.2
    endloop
  endfacet
  facet normal 0 0 1
    outer loop
      vertex -43.276 -23.8655 2.2
      vertex -64.724 -23.8655 2.2
      vertex -43.2046 -24.2247 2.2
    endloop
  endfacet
  facet normal 0 0 1
    outer loop
      vertex -64.7954 -24.2247 2.2
      vertex -43.2046 -24.2247 2.2
      vertex -64.724 -23.8655 2.2
    endloop
  endfacet
  facet normal 0 0 1
    outer loop
      vertex -43.2046 -24.2247 2.2
      vertex -64.7954 -24.2247 2.2
      vertex -43.0869 -24.5715 2.2
    endloop
  endfacet
  facet normal 0 0 1
    outer loop
      vertex -64.9131 -24.5715 2.2
      vertex -43.0869 -24.5715 2.2
      vertex -64.7954 -24.2247 2.2
    endloop
  endfacet
  facet normal 0 0 1
    outer loop
      vertex -43.0869 -24.5715 2.2
      vertex -64.9131 -24.5715 2.2
      vertex -42.9249 -24.9 2.2
    endloop
  endfacet
  facet normal 0 0 1
    outer loop
      vertex -65.0751 -24.9 2.2
      vertex -42.9249 -24.9 2.2
      vertex -64.9131 -24.5715 2.2
    endloop
  endfacet
  facet normal 0 0 1
    outer loop
      vertex -42.9249 -24.9 2.2
      vertex -65.0751 -24.9 2.2
      vertex -42.7214 -25.2045 2.2
    endloop
  endfacet
  facet normal 0 0 1
    outer loop
      vertex -65.2786 -25.2045 2.2
      vertex -42.7214 -25.2045 2.2
      vertex -65.0751 -24.9 2.2
    endloop
  endfacet
  facet normal 0 0 1
    outer loop
      vertex -42.7214 -25.2045 2.2
      vertex -65.2786 -25.2045 2.2
      vertex -42.4799 -25.4799 2.2
    endloop
  endfacet
  facet normal 0 0 1
    outer loop
      vertex -65.5201 -25.4799 2.2
      vertex -42.4799 -25.4799 2.2
      vertex -65.2786 -25.2045 2.2
    endloop
  endfacet
  facet normal 0 0 1
    outer loop
      vertex -42.4799 -25.4799 2.2
      vertex -65.5201 -25.4799 2.2
      vertex -42.2045 -25.7214 2.2
    endloop
  endfacet
  facet normal 0 0 1
    outer loop
      vertex -65.7955 -25.7214 2.2
      vertex -42.2045 -25.7214 2.2
      vertex -65.5201 -25.4799 2.2
    endloop
  endfacet
  facet normal 0 0 1
    outer loop
      vertex -42.2045 -25.7214 2.2
      vertex -65.7955 -25.7214 2.2
      vertex -41.9 -25.9249 2.2
    endloop
  endfacet
  facet normal 0 0 1
    outer loop
      vertex -66.1 -25.9249 2.2
      vertex -41.9 -25.9249 2.2
      vertex -65.7955 -25.7214 2.2
    endloop
  endfacet
  facet normal 0 0 1
    outer loop
      vertex -41.9 -25.9249 2.2
      vertex -66.1 -25.9249 2.2
      vertex -41.5715 -26.0869 2.2
    endloop
  endfacet
  facet normal 0 0 1
    outer loop
      vertex -66.4285 -26.0869 2.2
      vertex -41.5715 -26.0869 2.2
      vertex -66.1 -25.9249 2.2
    endloop
  endfacet
  facet normal 0 0 1
    outer loop
      vertex -41.5715 -26.0869 2.2
      vertex -66.4285 -26.0869 2.2
      vertex -41.2247 -26.2046 2.2
    endloop
  endfacet
  facet normal 0 0 1
    outer loop
      vertex -66.7753 -26.2046 2.2
      vertex -41.2247 -26.2046 2.2
      vertex -66.4285 -26.0869 2.2
    endloop
  endfacet
  facet normal 0 0 1
    outer loop
      vertex -41.2247 -26.2046 2.2
      vertex -66.7753 -26.2046 2.2
      vertex -40.8655 -26.276 2.2
    endloop
  endfacet
  facet normal 0 0 1
    outer loop
      vertex -67.1345 -26.276 2.2
      vertex -40.8655 -26.276 2.2
      vertex -66.7753 -26.2046 2.2
    endloop
  endfacet
  facet normal 0 0 1
    outer loop
      vertex -40.8655 -26.276 2.2
      vertex -67.1345 -26.276 2.2
      vertex -40.5 -26.3 2.2
    endloop
  endfacet
  facet normal 0 0 1
    outer loop
      vertex -67.5 -26.3 2.2
      vertex -40.5 -26.3 2.2
      vertex -67.1345 -26.276 2.2
    endloop
  endfacet
  facet normal 0 0 1
    outer loop
      vertex -40.5 -26.3 2.2
      vertex -67.5 -26.3 2.2
      vertex -35.05 -26.6 2.2
    endloop
  endfacet
  facet normal 0 0 1
    outer loop
      vertex -70.276 -23.1345 2.2
      vertex -74.95 -21.8 2.2
      vertex -70.3 -23.5 2.2
    endloop
  endfacet
  facet normal 0 0 1
    outer loop
      vertex -70.3 -23.5 2.2
      vertex -74.95 -21.8 2.2
      vertex -70.276 -23.8655 2.2
    endloop
  endfacet
  facet normal 0 0 1
    outer loop
      vertex -70.276 -23.8655 2.2
      vertex -74.95 -21.8 2.2
      vertex -70.2046 -24.2247 2.2
    endloop
  endfacet
  facet normal 0 0 1
    outer loop
      vertex -74.95 -21.8 2.2
      vertex -70.0869 -24.5715 2.2
      vertex -70.2046 -24.2247 2.2
    endloop
  endfacet
  facet normal 0 0 1
    outer loop
      vertex -74.95 -21.8 2.2
      vertex -69.9249 -24.9 2.2
      vertex -70.0869 -24.5715 2.2
    endloop
  endfacet
  facet normal 0 0 1
    outer loop
      vertex -74.95 -21.8 2.2
      vertex -69.7214 -25.2045 2.2
      vertex -69.9249 -24.9 2.2
    endloop
  endfacet
  facet normal 0 0 1
    outer loop
      vertex -74.95 -21.8 2.2
      vertex -69.4799 -25.4799 2.2
      vertex -69.7214 -25.2045 2.2
    endloop
  endfacet
  facet normal 0 0 1
    outer loop
      vertex -89 -26.6 2.2
      vertex -69.4799 -25.4799 2.2
      vertex -74.95 -21.8 2.2
    endloop
  endfacet
  facet normal 0 0 -0
    outer loop
      vertex -35.05 -26.6 2.2
      vertex -89 -26.6 2.2
      vertex -18 -26.6 2.2
    endloop
  endfacet
  facet normal 0 0 1
    outer loop
      vertex -67.5 -26.3 2.2
      vertex -89 -26.6 2.2
      vertex -35.05 -26.6 2.2
    endloop
  endfacet
  facet normal 0 0 1
    outer loop
      vertex -67.8655 -26.276 2.2
      vertex -89 -26.6 2.2
      vertex -67.5 -26.3 2.2
    endloop
  endfacet
  facet normal 0 0 1
    outer loop
      vertex -68.2247 -26.2046 2.2
      vertex -89 -26.6 2.2
      vertex -67.8655 -26.276 2.2
    endloop
  endfacet
  facet normal 0 0 1
    outer loop
      vertex -68.5715 -26.0869 2.2
      vertex -89 -26.6 2.2
      vertex -68.2247 -26.2046 2.2
    endloop
  endfacet
  facet normal 0 0 1
    outer loop
      vertex -68.9 -25.9249 2.2
      vertex -89 -26.6 2.2
      vertex -68.5715 -26.0869 2.2
    endloop
  endfacet
  facet normal 0 0 1
    outer loop
      vertex -69.2045 -25.7214 2.2
      vertex -89 -26.6 2.2
      vertex -68.9 -25.9249 2.2
    endloop
  endfacet
  facet normal 0 0 1
    outer loop
      vertex -69.4799 -25.4799 2.2
      vertex -89 -26.6 2.2
      vertex -69.2045 -25.7214 2.2
    endloop
  endfacet
  facet normal -0 0 1
    outer loop
      vertex -92.05 -21.8 2.2
      vertex -89 -26.6 2.2
      vertex -74.95 -21.8 2.2
    endloop
  endfacet
  facet normal 0 0 1
    outer loop
      vertex -89 -26.6 2.2
      vertex -92.05 -21.8 2.2
      vertex -89.6004 -26.5607 2.2
    endloop
  endfacet
  facet normal 0 0 1
    outer loop
      vertex -89.6004 -26.5607 2.2
      vertex -92.05 -21.8 2.2
      vertex -90.1906 -26.4433 2.2
    endloop
  endfacet
  facet normal 0 0 1
    outer loop
      vertex -90.1906 -26.4433 2.2
      vertex -92.05 -21.8 2.2
      vertex -90.7603 -26.2498 2.2
    endloop
  endfacet
  facet normal 0 0 1
    outer loop
      vertex -90.7603 -26.2498 2.2
      vertex -92.05 -21.8 2.2
      vertex -91.3 -25.9837 2.2
    endloop
  endfacet
  facet normal 0 0 1
    outer loop
      vertex -91.3 -25.9837 2.2
      vertex -92.05 -21.8 2.2
      vertex -91.8003 -25.6494 2.2
    endloop
  endfacet
  facet normal 0 0 1
    outer loop
      vertex -91.8003 -25.6494 2.2
      vertex -92.05 -21.8 2.2
      vertex -92.2527 -25.2527 2.2
    endloop
  endfacet
  facet normal 0 0 0
    outer loop
      vertex -89 26.6 2.2
      vertex -17.9999 26.6 2.2
      vertex -18 26.6 2.2
    endloop
  endfacet
  facet normal 0 0 0
    outer loop
      vertex -17.9999 26.6 2.2
      vertex -89 26.6 2.2
      vertex -89.0001 26.6 2.2
    endloop
  endfacet
  facet normal -0 0 1
    outer loop
      vertex -91.35 25.4 2.2
      vertex -15.65 3.2 2.2
      vertex -15.65 25.4 2.2
    endloop
  endfacet
  facet normal 0 0 1
    outer loop
      vertex -15.65 3.2 2.2
      vertex -91.35 25.4 2.2
      vertex -91.35 3.2 2.2
    endloop
  endfacet
  facet normal 0 0 1
    outer loop
      vertex -79.5 -9.25 2.2
      vertex -87.5 -6.25 2.2
      vertex -87.5 -9.25 2.2
    endloop
  endfacet
  facet normal -0 0 1
    outer loop
      vertex -79.5 -9.25 2.2
      vertex -76.5 -17.25 2.2
      vertex -76.5 -9.25 2.2
    endloop
  endfacet
  facet normal 0 0 1
    outer loop
      vertex -76.5 -17.25 2.2
      vertex -79.5 -9.25 2.2
      vertex -79.5 -17.25 2.2
    endloop
  endfacet
  facet normal 0 0 1
    outer loop
      vertex -76.5 -9.25 2.2
      vertex -76.15 -5.9 2.2
      vertex -76.5 -6.25 2.2
    endloop
  endfacet
  facet normal 0 0 1
    outer loop
      vertex -76.15 -5.9 2.2
      vertex -79.5 -6.25 2.2
      vertex -76.5 -6.25 2.2
    endloop
  endfacet
  facet normal 0 0 1
    outer loop
      vertex -79.5 -6.25 2.2
      vertex -87.5 -6.25 2.2
      vertex -79.5 -9.25 2.2
    endloop
  endfacet
  facet normal 0 0 1
    outer loop
      vertex -76.15 -5.9 2.2
      vertex -87.5 -6.25 2.2
      vertex -79.5 -6.25 2.2
    endloop
  endfacet
  facet normal -0 0 1
    outer loop
      vertex -90.85 -5.9 2.2
      vertex -87.5 -6.25 2.2
      vertex -76.15 -5.9 2.2
    endloop
  endfacet
  facet normal 0 0 1
    outer loop
      vertex -90.85 -5.9 2.2
      vertex -90.5 -9.25 2.2
      vertex -90.5 -6.25 2.2
    endloop
  endfacet
  facet normal 0 0 1
    outer loop
      vertex -90.5 -9.25 2.2
      vertex -90.85 -5.9 2.2
      vertex -90.5 -17.25 2.2
    endloop
  endfacet
  facet normal 0 0 1
    outer loop
      vertex -90.85 -20.6 2.2
      vertex -90.5 -17.25 2.2
      vertex -90.85 -5.9 2.2
    endloop
  endfacet
  facet normal 0 0 1
    outer loop
      vertex -87.5 -6.25 2.2
      vertex -90.85 -5.9 2.2
      vertex -90.5 -6.25 2.2
    endloop
  endfacet
  facet normal 0 0 1
    outer loop
      vertex -76.15 -5.9 2.2
      vertex -76.5 -9.25 2.2
      vertex -76.15 -20.6 2.2
    endloop
  endfacet
  facet normal -0 0 1
    outer loop
      vertex -76.5 -17.25 2.2
      vertex -76.15 -20.6 2.2
      vertex -76.5 -9.25 2.2
    endloop
  endfacet
  facet normal -0 0 1
    outer loop
      vertex -76.5 -20.25 2.2
      vertex -76.15 -20.6 2.2
      vertex -76.5 -17.25 2.2
    endloop
  endfacet
  facet normal -0 0 1
    outer loop
      vertex -79.5 -20.25 2.2
      vertex -76.15 -20.6 2.2
      vertex -76.5 -20.25 2.2
    endloop
  endfacet
  facet normal 0 0 1
    outer loop
      vertex -87.5 -20.25 2.2
      vertex -79.5 -20.25 2.2
      vertex -87.5 -17.25 2.2
    endloop
  endfacet
  facet normal -0 0 1
    outer loop
      vertex -87.5 -20.25 2.2
      vertex -76.15 -20.6 2.2
      vertex -79.5 -20.25 2.2
    endloop
  endfacet
  facet normal 0 0 1
    outer loop
      vertex -90.85 -20.6 2.2
      vertex -87.5 -20.25 2.2
      vertex -90.5 -20.25 2.2
    endloop
  endfacet
  facet normal 0 0 1
    outer loop
      vertex -87.5 -20.25 2.2
      vertex -90.85 -20.6 2.2
      vertex -76.15 -20.6 2.2
    endloop
  endfacet
  facet normal 0 0 1
    outer loop
      vertex -90.5 -17.25 2.2
      vertex -90.85 -20.6 2.2
      vertex -90.5 -20.25 2.2
    endloop
  endfacet
  facet normal 0 0 1
    outer loop
      vertex -79.5 -17.25 2.2
      vertex -87.5 -17.25 2.2
      vertex -79.5 -20.25 2.2
    endloop
  endfacet
  facet normal -0 0 1
    outer loop
      vertex -90.5 -9.25 2.2
      vertex -87.5 -17.25 2.2
      vertex -87.5 -9.25 2.2
    endloop
  endfacet
  facet normal 0 0 1
    outer loop
      vertex -87.5 -17.25 2.2
      vertex -90.5 -9.25 2.2
      vertex -90.5 -17.25 2.2
    endloop
  endfacet
  facet normal -0 0 1
    outer loop
      vertex -33.5 -4.45 2.2
      vertex -30.5 -22.05 2.2
      vertex -30.5 -4.45 2.2
    endloop
  endfacet
  facet normal 0 0 1
    outer loop
      vertex -30.5 -22.05 2.2
      vertex -33.5 -4.45 2.2
      vertex -33.5 -22.05 2.2
    endloop
  endfacet
  facet normal -0 0 1
    outer loop
      vertex -18.5 -4.45 2.2
      vertex -15.5 -22.05 2.2
      vertex -15.5 -4.45 2.2
    endloop
  endfacet
  facet normal 0 0 1
    outer loop
      vertex -15.5 -22.05 2.2
      vertex -18.5 -4.45 2.2
      vertex -18.5 -22.05 2.2
    endloop
  endfacet
  facet normal 0 0 1
    outer loop
      vertex -15.5 -4.45 2.2
      vertex -15.15 -1.1 2.2
      vertex -15.5 -1.45 2.2
    endloop
  endfacet
  facet normal 0 0 1
    outer loop
      vertex -15.15 -1.1 2.2
      vertex -18.5 -1.45 2.2
      vertex -15.5 -1.45 2.2
    endloop
  endfacet
  facet normal 0 0 1
    outer loop
      vertex -30.5 -4.45 2.2
      vertex -18.5 -4.45 2.2
      vertex -18.5 -1.45 2.2
    endloop
  endfacet
  facet normal 0 0 1
    outer loop
      vertex -18.5 -4.45 2.2
      vertex -30.5 -4.45 2.2
      vertex -18.5 -22.05 2.2
    endloop
  endfacet
  facet normal 0 0 1
    outer loop
      vertex -30.5 -4.45 2.2
      vertex -18.5 -1.45 2.2
      vertex -30.5 -1.45 2.2
    endloop
  endfacet
  facet normal 0 0 1
    outer loop
      vertex -15.15 -1.1 2.2
      vertex -30.5 -1.45 2.2
      vertex -18.5 -1.45 2.2
    endloop
  endfacet
  facet normal -0 0 1
    outer loop
      vertex -33.85 -1.1 2.2
      vertex -30.5 -1.45 2.2
      vertex -15.15 -1.1 2.2
    endloop
  endfacet
  facet normal 0 0 1
    outer loop
      vertex -33.85 -1.1 2.2
      vertex -33.5 -4.45 2.2
      vertex -33.5 -1.45 2.2
    endloop
  endfacet
  facet normal 0 0 1
    outer loop
      vertex -33.5 -4.45 2.2
      vertex -33.85 -1.1 2.2
      vertex -33.5 -22.05 2.2
    endloop
  endfacet
  facet normal 0 0 1
    outer loop
      vertex -33.85 -25.4 2.2
      vertex -33.5 -22.05 2.2
      vertex -33.85 -1.1 2.2
    endloop
  endfacet
  facet normal 0 0 1
    outer loop
      vertex -30.5 -1.45 2.2
      vertex -33.85 -1.1 2.2
      vertex -33.5 -1.45 2.2
    endloop
  endfacet
  facet normal 0 0 1
    outer loop
      vertex -15.15 -1.1 2.2
      vertex -15.5 -4.45 2.2
      vertex -15.15 -25.4 2.2
    endloop
  endfacet
  facet normal -0 0 1
    outer loop
      vertex -15.5 -22.05 2.2
      vertex -15.15 -25.4 2.2
      vertex -15.5 -4.45 2.2
    endloop
  endfacet
  facet normal -0 0 1
    outer loop
      vertex -15.5 -25.05 2.2
      vertex -15.15 -25.4 2.2
      vertex -15.5 -22.05 2.2
    endloop
  endfacet
  facet normal -0 0 1
    outer loop
      vertex -18.5 -25.05 2.2
      vertex -15.15 -25.4 2.2
      vertex -15.5 -25.05 2.2
    endloop
  endfacet
  facet normal 0 0 1
    outer loop
      vertex -30.5 -22.05 2.2
      vertex -18.5 -22.05 2.2
      vertex -30.5 -4.45 2.2
    endloop
  endfacet
  facet normal 0 0 1
    outer loop
      vertex -18.5 -22.05 2.2
      vertex -30.5 -22.05 2.2
      vertex -18.5 -25.05 2.2
    endloop
  endfacet
  facet normal 0 0 1
    outer loop
      vertex -30.5 -25.05 2.2
      vertex -18.5 -25.05 2.2
      vertex -30.5 -22.05 2.2
    endloop
  endfacet
  facet normal -0 0 1
    outer loop
      vertex -30.5 -25.05 2.2
      vertex -15.15 -25.4 2.2
      vertex -18.5 -25.05 2.2
    endloop
  endfacet
  facet normal 0 0 1
    outer loop
      vertex -33.85 -25.4 2.2
      vertex -30.5 -25.05 2.2
      vertex -33.5 -25.05 2.2
    endloop
  endfacet
  facet normal 0 0 1
    outer loop
      vertex -30.5 -25.05 2.2
      vertex -33.85 -25.4 2.2
      vertex -15.15 -25.4 2.2
    endloop
  endfacet
  facet normal 0 0 1
    outer loop
      vertex -33.5 -22.05 2.2
      vertex -33.85 -25.4 2.2
      vertex -33.5 -25.05 2.2
    endloop
  endfacet
  facet normal 0.831462 0.555582 0
    outer loop
      vertex -92.6494 -24.8003 24.2
      vertex -92.9837 -24.3 2.2
      vertex -92.9837 -24.3 24.2
    endloop
  endfacet
  facet normal 0.831462 0.555582 0
    outer loop
      vertex -92.9837 -24.3 2.2
      vertex -92.6494 -24.8003 24.2
      vertex -92.6494 -24.8003 2.2
    endloop
  endfacet
  facet normal -0.831462 -0.555582 0
    outer loop
      vertex -14.0163 24.3 2.2
      vertex -14.3506 24.8003 24.2
      vertex -14.3506 24.8003 2.2
    endloop
  endfacet
  facet normal -0.831462 -0.555582 0
    outer loop
      vertex -14.3506 24.8003 24.2
      vertex -14.0163 24.3 2.2
      vertex -14.0163 24.3 24.2
    endloop
  endfacet
  facet normal -0.980785 -0.195093 0
    outer loop
      vertex -13.4393 22.6004 2.2
      vertex -13.5567 23.1906 24.2
      vertex -13.5567 23.1906 2.2
    endloop
  endfacet
  facet normal -0.980785 -0.195093 0
    outer loop
      vertex -13.5567 23.1906 24.2
      vertex -13.4393 22.6004 2.2
      vertex -13.4393 22.6004 24.2
    endloop
  endfacet
  facet normal -0.997865 -0.0653166 0
    outer loop
      vertex -13.4 22 2.2
      vertex -13.4393 22.6004 24.2
      vertex -13.4393 22.6004 2.2
    endloop
  endfacet
  facet normal -0.997865 -0.0653166 0
    outer loop
      vertex -13.4393 22.6004 24.2
      vertex -13.4 22 2.2
      vertex -13.4 22 24.2
    endloop
  endfacet
  facet normal -0.997865 0.0653166 0
    outer loop
      vertex -13.4393 -22.6004 2.2
      vertex -13.4 -22 24.2
      vertex -13.4 -22 2.2
    endloop
  endfacet
  facet normal -0.997865 0.0653166 0
    outer loop
      vertex -13.4 -22 24.2
      vertex -13.4393 -22.6004 2.2
      vertex -13.4393 -22.6004 24.2
    endloop
  endfacet
  facet normal -0.896936 0.442161 0
    outer loop
      vertex -13.95 -24.1656 6.75
      vertex -13.7502 -23.7603 2.2
      vertex -13.95 -24.1656 2.2
    endloop
  endfacet
  facet normal -0.896936 0.442161 0
    outer loop
      vertex -13.7502 -23.7603 2.2
      vertex -13.95 -24.1656 6.75
      vertex -13.7502 -23.7603 24.2
    endloop
  endfacet
  facet normal -0.896816 0.442403 0
    outer loop
      vertex -14.0163 -24.3 24.2
      vertex -13.95 -24.1656 6.75
      vertex -14.0163 -24.3 6.75
    endloop
  endfacet
  facet normal -0.896906 0.442221 -1.73995e-06
    outer loop
      vertex -13.95 -24.1656 6.75
      vertex -14.0163 -24.3 24.2
      vertex -13.7502 -23.7603 24.2
    endloop
  endfacet
  facet normal -0.659304 0.751876 0
    outer loop
      vertex -14.7473 -25.2527 6.75
      vertex -15.1997 -25.6494 24.2
      vertex -14.7473 -25.2527 24.2
    endloop
  endfacet
  facet normal -0.659304 0.751876 0
    outer loop
      vertex -15.1997 -25.6494 24.2
      vertex -14.7473 -25.2527 6.75
      vertex -15.1997 -25.6494 6.75
    endloop
  endfacet
  facet normal -0.751876 0.659304 0
    outer loop
      vertex -14.7473 -25.2527 6.75
      vertex -14.3506 -24.8003 24.2
      vertex -14.3506 -24.8003 6.75
    endloop
  endfacet
  facet normal -0.751876 0.659304 0
    outer loop
      vertex -14.3506 -24.8003 24.2
      vertex -14.7473 -25.2527 6.75
      vertex -14.7473 -25.2527 24.2
    endloop
  endfacet
  facet normal -0.442221 0.896906 0
    outer loop
      vertex -15.7 -25.9837 6.75
      vertex -16.2397 -26.2498 24.2
      vertex -15.7 -25.9837 24.2
    endloop
  endfacet
  facet normal -0.442221 0.896906 0
    outer loop
      vertex -16.2397 -26.2498 24.2
      vertex -15.7 -25.9837 6.75
      vertex -16.2397 -26.2498 6.75
    endloop
  endfacet
  facet normal 0.442221 -0.896906 0
    outer loop
      vertex -91.3 25.9837 6.15
      vertex -90.7603 26.2498 24.2
      vertex -91.3 25.9837 24.2
    endloop
  endfacet
  facet normal 0.442221 -0.896906 0
    outer loop
      vertex -90.7603 26.2498 24.2
      vertex -91.3 25.9837 6.15
      vertex -90.7603 26.2498 6.15
    endloop
  endfacet
  facet normal 0.751834 -0.659352 0
    outer loop
      vertex -92.2527 25.2527 24.2
      vertex -92.55 24.9137 6.15
      vertex -92.2527 25.2527 6.15
    endloop
  endfacet
  facet normal 0.751876 -0.659304 -1.58555e-06
    outer loop
      vertex -92.6494 24.8003 24.2
      vertex -92.55 24.9137 6.15
      vertex -92.2527 25.2527 24.2
    endloop
  endfacet
  facet normal 0.752001 -0.659162 0
    outer loop
      vertex -92.6494 24.8003 2.2
      vertex -92.55 24.9137 6.15
      vertex -92.6494 24.8003 24.2
    endloop
  endfacet
  facet normal 0.752001 -0.659162 0
    outer loop
      vertex -92.55 24.9137 6.15
      vertex -92.6494 24.8003 2.2
      vertex -92.55 24.9137 2.2
    endloop
  endfacet
  facet normal 0.659304 -0.751876 0
    outer loop
      vertex -92.2527 25.2527 6.15
      vertex -91.8003 25.6494 24.2
      vertex -92.2527 25.2527 24.2
    endloop
  endfacet
  facet normal 0.659304 -0.751876 0
    outer loop
      vertex -91.8003 25.6494 24.2
      vertex -92.2527 25.2527 6.15
      vertex -91.8003 25.6494 6.15
    endloop
  endfacet
  facet normal 0.896906 -0.442221 0
    outer loop
      vertex -93.2498 23.7603 24.2
      vertex -92.9837 24.3 2.2
      vertex -92.9837 24.3 24.2
    endloop
  endfacet
  facet normal 0.896906 -0.442221 0
    outer loop
      vertex -92.9837 24.3 2.2
      vertex -93.2498 23.7603 24.2
      vertex -93.2498 23.7603 2.2
    endloop
  endfacet
  facet normal 0.831462 -0.555582 0
    outer loop
      vertex -92.9837 24.3 24.2
      vertex -92.6494 24.8003 2.2
      vertex -92.6494 24.8003 24.2
    endloop
  endfacet
  facet normal 0.831462 -0.555582 0
    outer loop
      vertex -92.6494 24.8003 2.2
      vertex -92.9837 24.3 24.2
      vertex -92.9837 24.3 2.2
    endloop
  endfacet
  facet normal 0.896906 0.442221 0
    outer loop
      vertex -92.9837 -24.3 24.2
      vertex -93.2498 -23.7603 2.2
      vertex -93.2498 -23.7603 24.2
    endloop
  endfacet
  facet normal 0.896906 0.442221 0
    outer loop
      vertex -93.2498 -23.7603 2.2
      vertex -92.9837 -24.3 24.2
      vertex -92.9837 -24.3 2.2
    endloop
  endfacet
  facet normal -0.751834 -0.659352 0
    outer loop
      vertex -14.45 24.9137 6.15
      vertex -14.7473 25.2527 24.2
      vertex -14.7473 25.2527 6.15
    endloop
  endfacet
  facet normal -0.752001 -0.659162 -0
    outer loop
      vertex -14.3506 24.8003 24.2
      vertex -14.45 24.9137 6.15
      vertex -14.3506 24.8003 2.2
    endloop
  endfacet
  facet normal -0.751876 -0.659304 -1.58555e-06
    outer loop
      vertex -14.45 24.9137 6.15
      vertex -14.3506 24.8003 24.2
      vertex -14.7473 25.2527 24.2
    endloop
  endfacet
  facet normal -0.752001 -0.659162 0
    outer loop
      vertex -14.45 24.9137 2.2
      vertex -14.3506 24.8003 2.2
      vertex -14.45 24.9137 6.15
    endloop
  endfacet
  facet normal -0.946873 -0.321608 0
    outer loop
      vertex -13.5567 23.1906 2.2
      vertex -13.7502 23.7603 24.2
      vertex -13.7502 23.7603 2.2
    endloop
  endfacet
  facet normal -0.946873 -0.321608 0
    outer loop
      vertex -13.7502 23.7603 24.2
      vertex -13.5567 23.1906 2.2
      vertex -13.5567 23.1906 24.2
    endloop
  endfacet
  facet normal -0.980785 0.195093 0
    outer loop
      vertex -13.5567 -23.1906 2.2
      vertex -13.4393 -22.6004 24.2
      vertex -13.4393 -22.6004 2.2
    endloop
  endfacet
  facet normal -0.980785 0.195093 0
    outer loop
      vertex -13.4393 -22.6004 24.2
      vertex -13.5567 -23.1906 2.2
      vertex -13.5567 -23.1906 24.2
    endloop
  endfacet
  facet normal -0.555582 0.831462 0
    outer loop
      vertex -15.1997 -25.6494 6.75
      vertex -15.7 -25.9837 24.2
      vertex -15.1997 -25.6494 24.2
    endloop
  endfacet
  facet normal -0.555582 0.831462 0
    outer loop
      vertex -15.7 -25.9837 24.2
      vertex -15.1997 -25.6494 6.75
      vertex -15.7 -25.9837 6.75
    endloop
  endfacet
  facet normal 0.321608 -0.946873 0
    outer loop
      vertex -90.7603 26.2498 6.15
      vertex -90.1906 26.4433 24.2
      vertex -90.7603 26.2498 24.2
    endloop
  endfacet
  facet normal 0.321608 -0.946873 0
    outer loop
      vertex -90.1906 26.4433 24.2
      vertex -90.7603 26.2498 6.15
      vertex -90.1906 26.4433 6.15
    endloop
  endfacet
  facet normal 0.195093 -0.980785 0
    outer loop
      vertex -90.1906 26.4433 6.15
      vertex -89.6004 26.5607 24.2
      vertex -90.1906 26.4433 24.2
    endloop
  endfacet
  facet normal 0.195093 -0.980785 0
    outer loop
      vertex -89.6004 26.5607 24.2
      vertex -90.1906 26.4433 6.15
      vertex -89.6004 26.5607 6.15
    endloop
  endfacet
  facet normal 0.946873 0.321608 0
    outer loop
      vertex -93.2498 -23.7603 24.2
      vertex -93.4433 -23.1906 2.2
      vertex -93.4433 -23.1906 24.2
    endloop
  endfacet
  facet normal 0.946873 0.321608 0
    outer loop
      vertex -93.4433 -23.1906 2.2
      vertex -93.2498 -23.7603 24.2
      vertex -93.2498 -23.7603 2.2
    endloop
  endfacet
  facet normal 0.980785 0.195093 0
    outer loop
      vertex -93.4433 -23.1906 24.2
      vertex -93.5607 -22.6004 2.2
      vertex -93.5607 -22.6004 24.2
    endloop
  endfacet
  facet normal 0.980785 0.195093 0
    outer loop
      vertex -93.5607 -22.6004 2.2
      vertex -93.4433 -23.1906 24.2
      vertex -93.4433 -23.1906 2.2
    endloop
  endfacet
  facet normal -1 0 0
    outer loop
      vertex -92.55 2 2.2
      vertex -92.55 24.9137 6.15
      vertex -92.55 24.9137 2.2
    endloop
  endfacet
  facet normal -1 -0 0
    outer loop
      vertex -92.55 24.9137 6.15
      vertex -92.55 2 2.2
      vertex -92.55 2 6.15
    endloop
  endfacet
  facet normal 0 0 1
    outer loop
      vertex -15.7 25.9837 6.15
      vertex -15.65 25.4 6.15
      vertex -15.1997 25.6494 6.15
    endloop
  endfacet
  facet normal 0 0 1
    outer loop
      vertex -16.2397 26.2498 6.15
      vertex -15.65 25.4 6.15
      vertex -15.7 25.9837 6.15
    endloop
  endfacet
  facet normal 0 0 1
    outer loop
      vertex -16.8094 26.4433 6.15
      vertex -15.65 25.4 6.15
      vertex -16.2397 26.2498 6.15
    endloop
  endfacet
  facet normal 0 0 1
    outer loop
      vertex -17.3996 26.5607 6.15
      vertex -15.65 25.4 6.15
      vertex -16.8094 26.4433 6.15
    endloop
  endfacet
  facet normal 0 0 1
    outer loop
      vertex -17.9999 26.6 6.15
      vertex -15.65 25.4 6.15
      vertex -17.3996 26.5607 6.15
    endloop
  endfacet
  facet normal -0 0 1
    outer loop
      vertex -89.0001 26.6 6.15
      vertex -15.65 25.4 6.15
      vertex -17.9999 26.6 6.15
    endloop
  endfacet
  facet normal 0 0 1
    outer loop
      vertex -91.35 25.4 6.15
      vertex -89.0001 26.6 6.15
      vertex -89.6004 26.5607 6.15
    endloop
  endfacet
  facet normal 0 0 1
    outer loop
      vertex -91.35 25.4 6.15
      vertex -89.6004 26.5607 6.15
      vertex -90.1906 26.4433 6.15
    endloop
  endfacet
  facet normal 0 0 1
    outer loop
      vertex -91.35 25.4 6.15
      vertex -90.1906 26.4433 6.15
      vertex -90.7603 26.2498 6.15
    endloop
  endfacet
  facet normal 0 0 1
    outer loop
      vertex -91.35 25.4 6.15
      vertex -90.7603 26.2498 6.15
      vertex -91.3 25.9837 6.15
    endloop
  endfacet
  facet normal 0 0 1
    outer loop
      vertex -89.0001 26.6 6.15
      vertex -91.35 25.4 6.15
      vertex -15.65 25.4 6.15
    endloop
  endfacet
  facet normal 0 0 1
    outer loop
      vertex -92.2527 25.2527 6.15
      vertex -91.35 25.4 6.15
      vertex -91.8003 25.6494 6.15
    endloop
  endfacet
  facet normal -0 0 1
    outer loop
      vertex -91.8003 25.6494 6.15
      vertex -91.35 25.4 6.15
      vertex -91.3 25.9837 6.15
    endloop
  endfacet
  facet normal 0 0 1
    outer loop
      vertex -15.65 25.4 6.15
      vertex -14.45 24.9137 6.15
      vertex -14.7473 25.2527 6.15
    endloop
  endfacet
  facet normal -0 0 1
    outer loop
      vertex -15.65 25.4 6.15
      vertex -14.7473 25.2527 6.15
      vertex -15.1997 25.6494 6.15
    endloop
  endfacet
  facet normal 0 0 1
    outer loop
      vertex -14.45 24.9137 6.15
      vertex -15.65 25.4 6.15
      vertex -15.65 3.2 6.15
    endloop
  endfacet
  facet normal 0 0 1
    outer loop
      vertex -14.45 24.9137 6.15
      vertex -15.65 3.2 6.15
      vertex -14.45 2 6.15
    endloop
  endfacet
  facet normal -0 0 1
    outer loop
      vertex -91.35 3.2 6.15
      vertex -14.45 2 6.15
      vertex -15.65 3.2 6.15
    endloop
  endfacet
  facet normal 0 0 1
    outer loop
      vertex -91.35 25.4 6.15
      vertex -92.2527 25.2527 6.15
      vertex -92.55 24.9137 6.15
    endloop
  endfacet
  facet normal 0 0 1
    outer loop
      vertex -91.35 25.4 6.15
      vertex -92.55 24.9137 6.15
      vertex -91.35 3.2 6.15
    endloop
  endfacet
  facet normal 0 0 1
    outer loop
      vertex -91.35 3.2 6.15
      vertex -92.55 2 6.15
      vertex -14.45 2 6.15
    endloop
  endfacet
  facet normal 0 0 1
    outer loop
      vertex -92.55 2 6.15
      vertex -91.35 3.2 6.15
      vertex -92.55 24.9137 6.15
    endloop
  endfacet
  facet normal 1 -0 0
    outer loop
      vertex -14.45 2 6.15
      vertex -14.45 24.9137 2.2
      vertex -14.45 24.9137 6.15
    endloop
  endfacet
  facet normal 1 0 0
    outer loop
      vertex -14.45 24.9137 2.2
      vertex -14.45 2 6.15
      vertex -14.45 2 2.2
    endloop
  endfacet
  facet normal 0 -1 0
    outer loop
      vertex -92.55 2 2.2
      vertex -14.45 2 6.15
      vertex -92.55 2 6.15
    endloop
  endfacet
  facet normal 0 -1 -0
    outer loop
      vertex -14.45 2 6.15
      vertex -92.55 2 2.2
      vertex -14.45 2 2.2
    endloop
  endfacet
  facet normal 0 1 -0
    outer loop
      vertex -15.65 3.2 2.2
      vertex -91.35 3.2 6.15
      vertex -15.65 3.2 6.15
    endloop
  endfacet
  facet normal 0 1 0
    outer loop
      vertex -91.35 3.2 6.15
      vertex -15.65 3.2 2.2
      vertex -91.35 3.2 2.2
    endloop
  endfacet
  facet normal 0 -1 0
    outer loop
      vertex -91.35 25.4 2.2
      vertex -15.65 25.4 6.15
      vertex -91.35 25.4 6.15
    endloop
  endfacet
  facet normal 0 -1 -0
    outer loop
      vertex -15.65 25.4 6.15
      vertex -91.35 25.4 2.2
      vertex -15.65 25.4 2.2
    endloop
  endfacet
  facet normal 0 1 -0
    outer loop
      vertex -17.9999 26.6 2.2
      vertex -89.0001 26.6 6.15
      vertex -17.9999 26.6 6.15
    endloop
  endfacet
  facet normal 0 1 0
    outer loop
      vertex -89.0001 26.6 6.15
      vertex -17.9999 26.6 2.2
      vertex -89.0001 26.6 2.2
    endloop
  endfacet
  facet normal 1 -0 0
    outer loop
      vertex -91.35 3.2 6.15
      vertex -91.35 25.4 2.2
      vertex -91.35 25.4 6.15
    endloop
  endfacet
  facet normal 1 0 0
    outer loop
      vertex -91.35 25.4 2.2
      vertex -91.35 3.2 6.15
      vertex -91.35 3.2 2.2
    endloop
  endfacet
  facet normal -1 0 0
    outer loop
      vertex -15.65 3.2 2.2
      vertex -15.65 25.4 6.15
      vertex -15.65 25.4 2.2
    endloop
  endfacet
  facet normal -1 -0 0
    outer loop
      vertex -15.65 25.4 6.15
      vertex -15.65 3.2 2.2
      vertex -15.65 3.2 6.15
    endloop
  endfacet
  facet normal -1 0 0
    outer loop
      vertex -90.5 -20.25 2.2
      vertex -90.5 -17.25 4.35
      vertex -90.5 -17.25 2.2
    endloop
  endfacet
  facet normal -1 -0 0
    outer loop
      vertex -90.5 -17.25 4.35
      vertex -90.5 -20.25 2.2
      vertex -90.5 -20.25 4.35
    endloop
  endfacet
  facet normal -0 0 1
    outer loop
      vertex -90.5 -17.25 4.35
      vertex -87.5 -20.25 4.35
      vertex -87.5 -17.25 4.35
    endloop
  endfacet
  facet normal 0 0 1
    outer loop
      vertex -87.5 -20.25 4.35
      vertex -90.5 -17.25 4.35
      vertex -90.5 -20.25 4.35
    endloop
  endfacet
  facet normal 1 -0 0
    outer loop
      vertex -87.5 -20.25 4.35
      vertex -87.5 -17.25 2.25
      vertex -87.5 -17.25 4.35
    endloop
  endfacet
  facet normal 1 0 0
    outer loop
      vertex -87.5 -20.25 2.2
      vertex -87.5 -17.25 2.25
      vertex -87.5 -20.25 4.35
    endloop
  endfacet
  facet normal 1 0 0
    outer loop
      vertex -87.5 -17.25 2.25
      vertex -87.5 -20.25 2.2
      vertex -87.5 -17.25 2.2
    endloop
  endfacet
  facet normal 0 1 -0
    outer loop
      vertex -87.5 -17.25 2.25
      vertex -90.5 -17.25 4.35
      vertex -87.5 -17.25 4.35
    endloop
  endfacet
  facet normal 0 1 0
    outer loop
      vertex -90.5 -17.25 2.2
      vertex -87.5 -17.25 2.25
      vertex -87.5 -17.25 2.2
    endloop
  endfacet
  facet normal 0 1 0
    outer loop
      vertex -87.5 -17.25 2.25
      vertex -90.5 -17.25 2.2
      vertex -90.5 -17.25 4.35
    endloop
  endfacet
  facet normal 0 -1 0
    outer loop
      vertex -90.5 -20.25 2.2
      vertex -87.5 -20.25 4.35
      vertex -90.5 -20.25 4.35
    endloop
  endfacet
  facet normal 0 -1 -0
    outer loop
      vertex -87.5 -20.25 4.35
      vertex -90.5 -20.25 2.2
      vertex -87.5 -20.25 2.2
    endloop
  endfacet
  facet normal -1 0 0
    outer loop
      vertex -90.5 -9.25 2.2
      vertex -90.5 -6.25 4.35
      vertex -90.5 -6.25 2.2
    endloop
  endfacet
  facet normal -1 -0 0
    outer loop
      vertex -90.5 -6.25 4.35
      vertex -90.5 -9.25 2.2
      vertex -90.5 -9.25 4.35
    endloop
  endfacet
  facet normal -0 0 1
    outer loop
      vertex -90.5 -6.25 4.35
      vertex -87.5 -9.25 4.35
      vertex -87.5 -6.25 4.35
    endloop
  endfacet
  facet normal 0 0 1
    outer loop
      vertex -87.5 -9.25 4.35
      vertex -90.5 -6.25 4.35
      vertex -90.5 -9.25 4.35
    endloop
  endfacet
  facet normal 1 0 0
    outer loop
      vertex -87.5 -9.25 2.25
      vertex -87.5 -6.25 4.35
      vertex -87.5 -9.25 4.35
    endloop
  endfacet
  facet normal 1 0 0
    outer loop
      vertex -87.5 -6.25 4.35
      vertex -87.5 -9.25 2.25
      vertex -87.5 -6.25 2.2
    endloop
  endfacet
  facet normal 1 0 0
    outer loop
      vertex -87.5 -6.25 2.2
      vertex -87.5 -9.25 2.25
      vertex -87.5 -9.25 2.2
    endloop
  endfacet
  facet normal 0 -1 0
    outer loop
      vertex -90.5 -9.25 4.35
      vertex -87.5 -9.25 2.25
      vertex -87.5 -9.25 4.35
    endloop
  endfacet
  facet normal 0 -1 0
    outer loop
      vertex -90.5 -9.25 2.2
      vertex -87.5 -9.25 2.25
      vertex -90.5 -9.25 4.35
    endloop
  endfacet
  facet normal 0 -1 -0
    outer loop
      vertex -87.5 -9.25 2.25
      vertex -90.5 -9.25 2.2
      vertex -87.5 -9.25 2.2
    endloop
  endfacet
  facet normal 0 1 -0
    outer loop
      vertex -87.5 -6.25 2.2
      vertex -90.5 -6.25 4.35
      vertex -87.5 -6.25 4.35
    endloop
  endfacet
  facet normal 0 1 0
    outer loop
      vertex -90.5 -6.25 4.35
      vertex -87.5 -6.25 2.2
      vertex -90.5 -6.25 2.2
    endloop
  endfacet
  facet normal -1 0 0
    outer loop
      vertex -79.5 -20.25 2.2
      vertex -79.5 -17.25 2.25
      vertex -79.5 -17.25 2.2
    endloop
  endfacet
  facet normal -1 0 0
    outer loop
      vertex -79.5 -20.25 4.35
      vertex -79.5 -17.25 2.25
      vertex -79.5 -20.25 2.2
    endloop
  endfacet
  facet normal -1 0 0
    outer loop
      vertex -79.5 -17.25 2.25
      vertex -79.5 -20.25 4.35
      vertex -79.5 -17.25 4.35
    endloop
  endfacet
  facet normal -0 0 1
    outer loop
      vertex -79.5 -17.25 4.35
      vertex -76.5 -20.25 4.35
      vertex -76.5 -17.25 4.35
    endloop
  endfacet
  facet normal 0 0 1
    outer loop
      vertex -76.5 -20.25 4.35
      vertex -79.5 -17.25 4.35
      vertex -79.5 -20.25 4.35
    endloop
  endfacet
  facet normal 1 -0 0
    outer loop
      vertex -76.5 -20.25 4.35
      vertex -76.5 -17.25 2.2
      vertex -76.5 -17.25 4.35
    endloop
  endfacet
  facet normal 1 0 0
    outer loop
      vertex -76.5 -17.25 2.2
      vertex -76.5 -20.25 4.35
      vertex -76.5 -20.25 2.2
    endloop
  endfacet
  facet normal 0 1 0
    outer loop
      vertex -76.5 -17.25 4.35
      vertex -79.5 -17.25 2.25
      vertex -79.5 -17.25 4.35
    endloop
  endfacet
  facet normal 0 1 -0
    outer loop
      vertex -76.5 -17.25 2.2
      vertex -79.5 -17.25 2.25
      vertex -76.5 -17.25 4.35
    endloop
  endfacet
  facet normal 0 1 0
    outer loop
      vertex -79.5 -17.25 2.25
      vertex -76.5 -17.25 2.2
      vertex -79.5 -17.25 2.2
    endloop
  endfacet
  facet normal 0 -1 0
    outer loop
      vertex -79.5 -20.25 2.2
      vertex -76.5 -20.25 4.35
      vertex -79.5 -20.25 4.35
    endloop
  endfacet
  facet normal 0 -1 -0
    outer loop
      vertex -76.5 -20.25 4.35
      vertex -79.5 -20.25 2.2
      vertex -76.5 -20.25 2.2
    endloop
  endfacet
  facet normal -1 0 0
    outer loop
      vertex -79.5 -9.25 2.25
      vertex -79.5 -6.25 2.2
      vertex -79.5 -9.25 2.2
    endloop
  endfacet
  facet normal -1 0 0
    outer loop
      vertex -79.5 -6.25 2.2
      vertex -79.5 -9.25 2.25
      vertex -79.5 -6.25 4.35
    endloop
  endfacet
  facet normal -1 -0 0
    outer loop
      vertex -79.5 -6.25 4.35
      vertex -79.5 -9.25 2.25
      vertex -79.5 -9.25 4.35
    endloop
  endfacet
  facet normal -0 0 1
    outer loop
      vertex -79.5 -6.25 4.35
      vertex -76.5 -9.25 4.35
      vertex -76.5 -6.25 4.35
    endloop
  endfacet
  facet normal 0 0 1
    outer loop
      vertex -76.5 -9.25 4.35
      vertex -79.5 -6.25 4.35
      vertex -79.5 -9.25 4.35
    endloop
  endfacet
  facet normal 1 -0 0
    outer loop
      vertex -76.5 -9.25 4.35
      vertex -76.5 -6.25 2.2
      vertex -76.5 -6.25 4.35
    endloop
  endfacet
  facet normal 1 0 0
    outer loop
      vertex -76.5 -6.25 2.2
      vertex -76.5 -9.25 4.35
      vertex -76.5 -9.25 2.2
    endloop
  endfacet
  facet normal 0 1 -0
    outer loop
      vertex -76.5 -6.25 2.2
      vertex -79.5 -6.25 4.35
      vertex -76.5 -6.25 4.35
    endloop
  endfacet
  facet normal 0 1 0
    outer loop
      vertex -79.5 -6.25 4.35
      vertex -76.5 -6.25 2.2
      vertex -79.5 -6.25 2.2
    endloop
  endfacet
  facet normal 0 -1 0
    outer loop
      vertex -79.5 -9.25 2.25
      vertex -76.5 -9.25 4.35
      vertex -79.5 -9.25 4.35
    endloop
  endfacet
  facet normal 0 -1 0
    outer loop
      vertex -76.5 -9.25 2.2
      vertex -79.5 -9.25 2.25
      vertex -79.5 -9.25 2.2
    endloop
  endfacet
  facet normal 0 -1 0
    outer loop
      vertex -79.5 -9.25 2.25
      vertex -76.5 -9.25 2.2
      vertex -76.5 -9.25 4.35
    endloop
  endfacet
  facet normal -1 0 0
    outer loop
      vertex -92.05 -21.8 2.2
      vertex -92.05 -4.7 6.95
      vertex -92.05 -4.7 2.2
    endloop
  endfacet
  facet normal -1 -0 0
    outer loop
      vertex -92.05 -4.7 6.95
      vertex -92.05 -21.8 2.2
      vertex -92.05 -21.8 6.95
    endloop
  endfacet
  facet normal 0 0 1
    outer loop
      vertex -74.95 -4.7 6.95
      vertex -76.15 -5.9 6.95
      vertex -74.95 -21.8 6.95
    endloop
  endfacet
  facet normal 0 0 1
    outer loop
      vertex -74.95 -4.7 6.95
      vertex -90.85 -5.9 6.95
      vertex -76.15 -5.9 6.95
    endloop
  endfacet
  facet normal 0 0 1
    outer loop
      vertex -90.85 -5.9 6.95
      vertex -92.05 -4.7 6.95
      vertex -90.85 -20.6 6.95
    endloop
  endfacet
  facet normal -0 0 1
    outer loop
      vertex -92.05 -4.7 6.95
      vertex -90.85 -5.9 6.95
      vertex -74.95 -4.7 6.95
    endloop
  endfacet
  facet normal -0 0 1
    outer loop
      vertex -76.15 -20.6 6.95
      vertex -74.95 -21.8 6.95
      vertex -76.15 -5.9 6.95
    endloop
  endfacet
  facet normal -0 0 1
    outer loop
      vertex -90.85 -20.6 6.95
      vertex -74.95 -21.8 6.95
      vertex -76.15 -20.6 6.95
    endloop
  endfacet
  facet normal 0 0 1
    outer loop
      vertex -90.85 -20.6 6.95
      vertex -92.05 -21.8 6.95
      vertex -74.95 -21.8 6.95
    endloop
  endfacet
  facet normal 0 0 1
    outer loop
      vertex -92.05 -21.8 6.95
      vertex -90.85 -20.6 6.95
      vertex -92.05 -4.7 6.95
    endloop
  endfacet
  facet normal 1 -0 0
    outer loop
      vertex -74.95 -21.8 6.95
      vertex -74.95 -4.7 2.2
      vertex -74.95 -4.7 6.95
    endloop
  endfacet
  facet normal 1 0 0
    outer loop
      vertex -74.95 -4.7 2.2
      vertex -74.95 -21.8 6.95
      vertex -74.95 -21.8 2.2
    endloop
  endfacet
  facet normal 0 1 -0
    outer loop
      vertex -76.15 -20.6 2.2
      vertex -90.85 -20.6 6.95
      vertex -76.15 -20.6 6.95
    endloop
  endfacet
  facet normal 0 1 0
    outer loop
      vertex -90.85 -20.6 6.95
      vertex -76.15 -20.6 2.2
      vertex -90.85 -20.6 2.2
    endloop
  endfacet
  facet normal 0 -1 0
    outer loop
      vertex -92.05 -21.8 2.2
      vertex -74.95 -21.8 6.95
      vertex -92.05 -21.8 6.95
    endloop
  endfacet
  facet normal 0 -1 -0
    outer loop
      vertex -74.95 -21.8 6.95
      vertex -92.05 -21.8 2.2
      vertex -74.95 -21.8 2.2
    endloop
  endfacet
  facet normal 0 1 -0
    outer loop
      vertex -74.95 -4.7 2.2
      vertex -92.05 -4.7 6.95
      vertex -74.95 -4.7 6.95
    endloop
  endfacet
  facet normal 0 1 0
    outer loop
      vertex -92.05 -4.7 6.95
      vertex -74.95 -4.7 2.2
      vertex -92.05 -4.7 2.2
    endloop
  endfacet
  facet normal 0 -1 0
    outer loop
      vertex -90.85 -5.9 2.2
      vertex -76.15 -5.9 6.95
      vertex -90.85 -5.9 6.95
    endloop
  endfacet
  facet normal 0 -1 -0
    outer loop
      vertex -76.15 -5.9 6.95
      vertex -90.85 -5.9 2.2
      vertex -76.15 -5.9 2.2
    endloop
  endfacet
  facet normal 1 -0 0
    outer loop
      vertex -90.85 -20.6 6.95
      vertex -90.85 -5.9 2.2
      vertex -90.85 -5.9 6.95
    endloop
  endfacet
  facet normal 1 0 0
    outer loop
      vertex -90.85 -5.9 2.2
      vertex -90.85 -20.6 6.95
      vertex -90.85 -20.6 2.2
    endloop
  endfacet
  facet normal -1 0 0
    outer loop
      vertex -76.15 -20.6 2.2
      vertex -76.15 -5.9 6.95
      vertex -76.15 -5.9 2.2
    endloop
  endfacet
  facet normal -1 -0 0
    outer loop
      vertex -76.15 -5.9 6.95
      vertex -76.15 -20.6 2.2
      vertex -76.15 -20.6 6.95
    endloop
  endfacet
  facet normal -1 0 0
    outer loop
      vertex -33.5 -25.05 2.2
      vertex -33.5 -22.05 4.15
      vertex -33.5 -22.05 2.2
    endloop
  endfacet
  facet normal -1 -0 0
    outer loop
      vertex -33.5 -22.05 4.15
      vertex -33.5 -25.05 2.2
      vertex -33.5 -25.05 4.15
    endloop
  endfacet
  facet normal -0 0 1
    outer loop
      vertex -33.5 -22.05 4.15
      vertex -30.5 -25.05 4.15
      vertex -30.5 -22.05 4.15
    endloop
  endfacet
  facet normal 0 0 1
    outer loop
      vertex -30.5 -25.05 4.15
      vertex -33.5 -22.05 4.15
      vertex -33.5 -25.05 4.15
    endloop
  endfacet
  facet normal 1 -0 0
    outer loop
      vertex -30.5 -25.05 4.15
      vertex -30.5 -22.05 2.2
      vertex -30.5 -22.05 4.15
    endloop
  endfacet
  facet normal 1 0 0
    outer loop
      vertex -30.5 -22.05 2.2
      vertex -30.5 -25.05 4.15
      vertex -30.5 -25.05 2.2
    endloop
  endfacet
  facet normal 0 1 -0
    outer loop
      vertex -30.5 -22.05 2.2
      vertex -33.5 -22.05 4.15
      vertex -30.5 -22.05 4.15
    endloop
  endfacet
  facet normal 0 1 0
    outer loop
      vertex -33.5 -22.05 4.15
      vertex -30.5 -22.05 2.2
      vertex -33.5 -22.05 2.2
    endloop
  endfacet
  facet normal 0 -1 0
    outer loop
      vertex -33.5 -25.05 2.2
      vertex -30.5 -25.05 4.15
      vertex -33.5 -25.05 4.15
    endloop
  endfacet
  facet normal 0 -1 -0
    outer loop
      vertex -30.5 -25.05 4.15
      vertex -33.5 -25.05 2.2
      vertex -30.5 -25.05 2.2
    endloop
  endfacet
  facet normal -1 0 0
    outer loop
      vertex -33.5 -4.45 2.2
      vertex -33.5 -1.45 4.15
      vertex -33.5 -1.45 2.2
    endloop
  endfacet
  facet normal -1 -0 0
    outer loop
      vertex -33.5 -1.45 4.15
      vertex -33.5 -4.45 2.2
      vertex -33.5 -4.45 4.15
    endloop
  endfacet
  facet normal -0 0 1
    outer loop
      vertex -33.5 -1.45 4.15
      vertex -30.5 -4.45 4.15
      vertex -30.5 -1.45 4.15
    endloop
  endfacet
  facet normal 0 0 1
    outer loop
      vertex -30.5 -4.45 4.15
      vertex -33.5 -1.45 4.15
      vertex -33.5 -4.45 4.15
    endloop
  endfacet
  facet normal 1 -0 0
    outer loop
      vertex -30.5 -4.45 4.15
      vertex -30.5 -1.45 2.2
      vertex -30.5 -1.45 4.15
    endloop
  endfacet
  facet normal 1 0 0
    outer loop
      vertex -30.5 -1.45 2.2
      vertex -30.5 -4.45 4.15
      vertex -30.5 -4.45 2.2
    endloop
  endfacet
  facet normal 0 1 -0
    outer loop
      vertex -30.5 -1.45 2.2
      vertex -33.5 -1.45 4.15
      vertex -30.5 -1.45 4.15
    endloop
  endfacet
  facet normal 0 1 0
    outer loop
      vertex -33.5 -1.45 4.15
      vertex -30.5 -1.45 2.2
      vertex -33.5 -1.45 2.2
    endloop
  endfacet
  facet normal 0 -1 0
    outer loop
      vertex -33.5 -4.45 2.2
      vertex -30.5 -4.45 4.15
      vertex -33.5 -4.45 4.15
    endloop
  endfacet
  facet normal 0 -1 -0
    outer loop
      vertex -30.5 -4.45 4.15
      vertex -33.5 -4.45 2.2
      vertex -30.5 -4.45 2.2
    endloop
  endfacet
  facet normal -1 0 0
    outer loop
      vertex -18.5 -25.05 2.2
      vertex -18.5 -22.05 4.15
      vertex -18.5 -22.05 2.2
    endloop
  endfacet
  facet normal -1 -0 0
    outer loop
      vertex -18.5 -22.05 4.15
      vertex -18.5 -25.05 2.2
      vertex -18.5 -25.05 4.15
    endloop
  endfacet
  facet normal -0 0 1
    outer loop
      vertex -18.5 -22.05 4.15
      vertex -15.5 -25.05 4.15
      vertex -15.5 -22.05 4.15
    endloop
  endfacet
  facet normal 0 0 1
    outer loop
      vertex -15.5 -25.05 4.15
      vertex -18.5 -22.05 4.15
      vertex -18.5 -25.05 4.15
    endloop
  endfacet
  facet normal 1 -0 0
    outer loop
      vertex -15.5 -25.05 4.15
      vertex -15.5 -22.05 2.2
      vertex -15.5 -22.05 4.15
    endloop
  endfacet
  facet normal 1 0 0
    outer loop
      vertex -15.5 -22.05 2.2
      vertex -15.5 -25.05 4.15
      vertex -15.5 -25.05 2.2
    endloop
  endfacet
  facet normal 0 -1 0
    outer loop
      vertex -18.5 -25.05 2.2
      vertex -15.5 -25.05 4.15
      vertex -18.5 -25.05 4.15
    endloop
  endfacet
  facet normal 0 -1 -0
    outer loop
      vertex -15.5 -25.05 4.15
      vertex -18.5 -25.05 2.2
      vertex -15.5 -25.05 2.2
    endloop
  endfacet
  facet normal 0 1 -0
    outer loop
      vertex -15.5 -22.05 2.2
      vertex -18.5 -22.05 4.15
      vertex -15.5 -22.05 4.15
    endloop
  endfacet
  facet normal 0 1 0
    outer loop
      vertex -18.5 -22.05 4.15
      vertex -15.5 -22.05 2.2
      vertex -18.5 -22.05 2.2
    endloop
  endfacet
  facet normal -1 0 0
    outer loop
      vertex -18.5 -4.45 2.2
      vertex -18.5 -1.45 4.15
      vertex -18.5 -1.45 2.2
    endloop
  endfacet
  facet normal -1 -0 0
    outer loop
      vertex -18.5 -1.45 4.15
      vertex -18.5 -4.45 2.2
      vertex -18.5 -4.45 4.15
    endloop
  endfacet
  facet normal -0 0 1
    outer loop
      vertex -18.5 -1.45 4.15
      vertex -15.5 -4.45 4.15
      vertex -15.5 -1.45 4.15
    endloop
  endfacet
  facet normal 0 0 1
    outer loop
      vertex -15.5 -4.45 4.15
      vertex -18.5 -1.45 4.15
      vertex -18.5 -4.45 4.15
    endloop
  endfacet
  facet normal 1 -0 0
    outer loop
      vertex -15.5 -4.45 4.15
      vertex -15.5 -1.45 2.2
      vertex -15.5 -1.45 4.15
    endloop
  endfacet
  facet normal 1 0 0
    outer loop
      vertex -15.5 -1.45 2.2
      vertex -15.5 -4.45 4.15
      vertex -15.5 -4.45 2.2
    endloop
  endfacet
  facet normal 0 1 -0
    outer loop
      vertex -15.5 -1.45 2.2
      vertex -18.5 -1.45 4.15
      vertex -15.5 -1.45 4.15
    endloop
  endfacet
  facet normal 0 1 0
    outer loop
      vertex -18.5 -1.45 4.15
      vertex -15.5 -1.45 2.2
      vertex -18.5 -1.45 2.2
    endloop
  endfacet
  facet normal 0 -1 0
    outer loop
      vertex -18.5 -4.45 2.2
      vertex -15.5 -4.45 4.15
      vertex -18.5 -4.45 4.15
    endloop
  endfacet
  facet normal 0 -1 -0
    outer loop
      vertex -15.5 -4.45 4.15
      vertex -18.5 -4.45 2.2
      vertex -15.5 -4.45 2.2
    endloop
  endfacet
  facet normal -1 0 0
    outer loop
      vertex -35.05 -26.6 2.2
      vertex -35.05 0.0999994 6.75
      vertex -35.05 0.0999994 2.2
    endloop
  endfacet
  facet normal -1 -0 0
    outer loop
      vertex -35.05 0.0999994 6.75
      vertex -35.05 -26.6 2.2
      vertex -35.05 -26.6 6.75
    endloop
  endfacet
  facet normal -0 0 1
    outer loop
      vertex -15.15 -1.1 6.75
      vertex -13.95 -24.1656 6.75
      vertex -13.95 0.0999994 6.75
    endloop
  endfacet
  facet normal 0 0 1
    outer loop
      vertex -15.15 -25.4 6.75
      vertex -13.95 -24.1656 6.75
      vertex -15.15 -1.1 6.75
    endloop
  endfacet
  facet normal 0 0 1
    outer loop
      vertex -13.95 -24.1656 6.75
      vertex -15.15 -25.4 6.75
      vertex -14.0163 -24.3 6.75
    endloop
  endfacet
  facet normal 0 0 1
    outer loop
      vertex -14.0163 -24.3 6.75
      vertex -15.15 -25.4 6.75
      vertex -14.3506 -24.8003 6.75
    endloop
  endfacet
  facet normal 0 0 1
    outer loop
      vertex -13.95 0.0999994 6.75
      vertex -33.85 -1.1 6.75
      vertex -15.15 -1.1 6.75
    endloop
  endfacet
  facet normal 0 0 1
    outer loop
      vertex -33.85 -1.1 6.75
      vertex -35.05 0.0999994 6.75
      vertex -33.85 -25.4 6.75
    endloop
  endfacet
  facet normal -0 0 1
    outer loop
      vertex -35.05 0.0999994 6.75
      vertex -33.85 -1.1 6.75
      vertex -13.95 0.0999994 6.75
    endloop
  endfacet
  facet normal 0 0 1
    outer loop
      vertex -14.3506 -24.8003 6.75
      vertex -15.15 -25.4 6.75
      vertex -14.7473 -25.2527 6.75
    endloop
  endfacet
  facet normal -0 0 1
    outer loop
      vertex -15.15 -25.4 6.75
      vertex -15.1997 -25.6494 6.75
      vertex -14.7473 -25.2527 6.75
    endloop
  endfacet
  facet normal 0 0 1
    outer loop
      vertex -15.15 -25.4 6.75
      vertex -15.7 -25.9837 6.75
      vertex -15.1997 -25.6494 6.75
    endloop
  endfacet
  facet normal 0 0 1
    outer loop
      vertex -15.15 -25.4 6.75
      vertex -16.2397 -26.2498 6.75
      vertex -15.7 -25.9837 6.75
    endloop
  endfacet
  facet normal 0 0 1
    outer loop
      vertex -15.15 -25.4 6.75
      vertex -16.8094 -26.4433 6.75
      vertex -16.2397 -26.2498 6.75
    endloop
  endfacet
  facet normal 0 0 1
    outer loop
      vertex -15.15 -25.4 6.75
      vertex -17.3996 -26.5607 6.75
      vertex -16.8094 -26.4433 6.75
    endloop
  endfacet
  facet normal 0 0 1
    outer loop
      vertex -15.15 -25.4 6.75
      vertex -17.9999 -26.6 6.75
      vertex -17.3996 -26.5607 6.75
    endloop
  endfacet
  facet normal -0 0 1
    outer loop
      vertex -33.85 -25.4 6.75
      vertex -17.9999 -26.6 6.75
      vertex -15.15 -25.4 6.75
    endloop
  endfacet
  facet normal 0 0 1
    outer loop
      vertex -33.85 -25.4 6.75
      vertex -35.05 -26.6 6.75
      vertex -17.9999 -26.6 6.75
    endloop
  endfacet
  facet normal 0 0 1
    outer loop
      vertex -35.05 -26.6 6.75
      vertex -33.85 -25.4 6.75
      vertex -35.05 0.0999994 6.75
    endloop
  endfacet
  facet normal 1 -0 0
    outer loop
      vertex -13.95 -24.1656 6.75
      vertex -13.95 0.0999994 2.2
      vertex -13.95 0.0999994 6.75
    endloop
  endfacet
  facet normal 1 0 0
    outer loop
      vertex -13.95 0.0999994 2.2
      vertex -13.95 -24.1656 6.75
      vertex -13.95 -24.1656 2.2
    endloop
  endfacet
  facet normal 0 -1 0
    outer loop
      vertex -35.05 -26.6 2.2
      vertex -17.9999 -26.6 6.75
      vertex -35.05 -26.6 6.75
    endloop
  endfacet
  facet normal 0 -1 -0
    outer loop
      vertex -17.9999 -26.6 6.75
      vertex -35.05 -26.6 2.2
      vertex -17.9999 -26.6 2.2
    endloop
  endfacet
  facet normal 0 1 -0
    outer loop
      vertex -15.15 -25.4 2.2
      vertex -33.85 -25.4 6.75
      vertex -15.15 -25.4 6.75
    endloop
  endfacet
  facet normal 0 1 0
    outer loop
      vertex -33.85 -25.4 6.75
      vertex -15.15 -25.4 2.2
      vertex -33.85 -25.4 2.2
    endloop
  endfacet
  facet normal 0 -1 0
    outer loop
      vertex -33.85 -1.1 2.2
      vertex -15.15 -1.1 6.75
      vertex -33.85 -1.1 6.75
    endloop
  endfacet
  facet normal 0 -1 -0
    outer loop
      vertex -15.15 -1.1 6.75
      vertex -33.85 -1.1 2.2
      vertex -15.15 -1.1 2.2
    endloop
  endfacet
  facet normal 0 1 -0
    outer loop
      vertex -13.95 0.0999994 2.2
      vertex -35.05 0.0999994 6.75
      vertex -13.95 0.0999994 6.75
    endloop
  endfacet
  facet normal 0 1 0
    outer loop
      vertex -35.05 0.0999994 6.75
      vertex -13.95 0.0999994 2.2
      vertex -35.05 0.0999994 2.2
    endloop
  endfacet
  facet normal 1 -0 0
    outer loop
      vertex -33.85 -25.4 6.75
      vertex -33.85 -1.1 2.2
      vertex -33.85 -1.1 6.75
    endloop
  endfacet
  facet normal 1 0 0
    outer loop
      vertex -33.85 -1.1 2.2
      vertex -33.85 -25.4 6.75
      vertex -33.85 -25.4 2.2
    endloop
  endfacet
  facet normal -1 0 0
    outer loop
      vertex -15.15 -25.4 2.2
      vertex -15.15 -1.1 6.75
      vertex -15.15 -1.1 2.2
    endloop
  endfacet
  facet normal -1 -0 0
    outer loop
      vertex -15.15 -1.1 6.75
      vertex -15.15 -25.4 2.2
      vertex -15.15 -25.4 6.75
    endloop
  endfacet
  facet normal 0.896871 0.442292 0
    outer loop
      vertex -64.9131 -22.4285 24.2
      vertex -65.0751 -22.1 2.2
      vertex -65.0751 -22.1 24.2
    endloop
  endfacet
  facet normal 0.896871 0.442292 0
    outer loop
      vertex -65.0751 -22.1 2.2
      vertex -64.9131 -22.4285 24.2
      vertex -64.9131 -22.4285 2.2
    endloop
  endfacet
  facet normal 0.83142 0.555645 0
    outer loop
      vertex -65.0751 -22.1 24.2
      vertex -65.2786 -21.7955 2.2
      vertex -65.2786 -21.7955 24.2
    endloop
  endfacet
  facet normal 0.83142 0.555645 0
    outer loop
      vertex -65.2786 -21.7955 2.2
      vertex -65.0751 -22.1 24.2
      vertex -65.0751 -22.1 2.2
    endloop
  endfacet
  facet normal 0.321384 0.946949 -0
    outer loop
      vertex -66.4285 -20.9131 2.2
      vertex -66.7753 -20.7954 24.2
      vertex -66.4285 -20.9131 24.2
    endloop
  endfacet
  facet normal 0.321384 0.946949 0
    outer loop
      vertex -66.7753 -20.7954 24.2
      vertex -66.4285 -20.9131 2.2
      vertex -66.7753 -20.7954 2.2
    endloop
  endfacet
  facet normal 0.442292 0.896871 -0
    outer loop
      vertex -66.1 -21.0751 2.2
      vertex -66.4285 -20.9131 24.2
      vertex -66.1 -21.0751 24.2
    endloop
  endfacet
  facet normal 0.442292 0.896871 0
    outer loop
      vertex -66.4285 -20.9131 24.2
      vertex -66.1 -21.0751 2.2
      vertex -66.4285 -20.9131 2.2
    endloop
  endfacet
  facet normal -0.321384 0.946949 0
    outer loop
      vertex -68.2247 -20.7954 2.2
      vertex -68.5715 -20.9131 24.2
      vertex -68.2247 -20.7954 24.2
    endloop
  endfacet
  facet normal -0.321384 0.946949 0
    outer loop
      vertex -68.5715 -20.9131 24.2
      vertex -68.2247 -20.7954 2.2
      vertex -68.5715 -20.9131 2.2
    endloop
  endfacet
  facet normal -0.896871 0.442292 0
    outer loop
      vertex -70.0869 -22.4285 2.2
      vertex -69.9249 -22.1 24.2
      vertex -69.9249 -22.1 2.2
    endloop
  endfacet
  facet normal -0.896871 0.442292 0
    outer loop
      vertex -69.9249 -22.1 24.2
      vertex -70.0869 -22.4285 2.2
      vertex -70.0869 -22.4285 24.2
    endloop
  endfacet
  facet normal 0.980811 -0.194961 0
    outer loop
      vertex -64.7954 -24.2247 24.2
      vertex -64.724 -23.8655 2.2
      vertex -64.724 -23.8655 24.2
    endloop
  endfacet
  facet normal 0.980811 -0.194961 0
    outer loop
      vertex -64.724 -23.8655 2.2
      vertex -64.7954 -24.2247 24.2
      vertex -64.7954 -24.2247 2.2
    endloop
  endfacet
  facet normal 0.194961 0.980811 -0
    outer loop
      vertex -66.7753 -20.7954 2.2
      vertex -67.1345 -20.724 24.2
      vertex -66.7753 -20.7954 24.2
    endloop
  endfacet
  facet normal 0.194961 0.980811 0
    outer loop
      vertex -67.1345 -20.724 24.2
      vertex -66.7753 -20.7954 2.2
      vertex -67.1345 -20.724 2.2
    endloop
  endfacet
  facet normal 0.555645 0.83142 -0
    outer loop
      vertex -65.7955 -21.2786 2.2
      vertex -66.1 -21.0751 24.2
      vertex -65.7955 -21.2786 24.2
    endloop
  endfacet
  facet normal 0.555645 0.83142 0
    outer loop
      vertex -66.1 -21.0751 24.2
      vertex -65.7955 -21.2786 2.2
      vertex -66.1 -21.0751 2.2
    endloop
  endfacet
  facet normal -0.980811 0.194961 0
    outer loop
      vertex -70.276 -23.1345 2.2
      vertex -70.2046 -22.7753 24.2
      vertex -70.2046 -22.7753 2.2
    endloop
  endfacet
  facet normal -0.980811 0.194961 0
    outer loop
      vertex -70.2046 -22.7753 24.2
      vertex -70.276 -23.1345 2.2
      vertex -70.276 -23.1345 24.2
    endloop
  endfacet
  facet normal -0.751866 0.659316 0
    outer loop
      vertex -69.7214 -21.7955 2.2
      vertex -69.4799 -21.5201 24.2
      vertex -69.4799 -21.5201 2.2
    endloop
  endfacet
  facet normal -0.751866 0.659316 0
    outer loop
      vertex -69.4799 -21.5201 24.2
      vertex -69.7214 -21.7955 2.2
      vertex -69.7214 -21.7955 24.2
    endloop
  endfacet
  facet normal -0.194961 0.980811 0
    outer loop
      vertex -67.8655 -20.724 2.2
      vertex -68.2247 -20.7954 24.2
      vertex -67.8655 -20.724 24.2
    endloop
  endfacet
  facet normal -0.194961 0.980811 0
    outer loop
      vertex -68.2247 -20.7954 24.2
      vertex -67.8655 -20.724 2.2
      vertex -68.2247 -20.7954 2.2
    endloop
  endfacet
  facet normal -0.659316 0.751866 0
    outer loop
      vertex -69.2045 -21.2786 2.2
      vertex -69.4799 -21.5201 24.2
      vertex -69.2045 -21.2786 24.2
    endloop
  endfacet
  facet normal -0.659316 0.751866 0
    outer loop
      vertex -69.4799 -21.5201 24.2
      vertex -69.2045 -21.2786 2.2
      vertex -69.4799 -21.5201 2.2
    endloop
  endfacet
  facet normal 0.997851 0.0655224 0
    outer loop
      vertex -64.7 -23.5 24.2
      vertex -64.724 -23.1345 2.2
      vertex -64.724 -23.1345 24.2
    endloop
  endfacet
  facet normal 0.997851 0.0655224 0
    outer loop
      vertex -64.724 -23.1345 2.2
      vertex -64.7 -23.5 24.2
      vertex -64.7 -23.5 2.2
    endloop
  endfacet
  facet normal 0.946949 -0.321384 0
    outer loop
      vertex -64.9131 -24.5715 24.2
      vertex -64.7954 -24.2247 2.2
      vertex -64.7954 -24.2247 24.2
    endloop
  endfacet
  facet normal 0.946949 -0.321384 0
    outer loop
      vertex -64.7954 -24.2247 2.2
      vertex -64.9131 -24.5715 24.2
      vertex -64.9131 -24.5715 2.2
    endloop
  endfacet
  facet normal 0.555645 -0.83142 0
    outer loop
      vertex -66.1 -25.9249 2.2
      vertex -65.7955 -25.7214 24.2
      vertex -66.1 -25.9249 24.2
    endloop
  endfacet
  facet normal 0.555645 -0.83142 0
    outer loop
      vertex -65.7955 -25.7214 24.2
      vertex -66.1 -25.9249 2.2
      vertex -65.7955 -25.7214 2.2
    endloop
  endfacet
  facet normal 0.946949 0.321384 0
    outer loop
      vertex -64.7954 -22.7753 24.2
      vertex -64.9131 -22.4285 2.2
      vertex -64.9131 -22.4285 24.2
    endloop
  endfacet
  facet normal 0.946949 0.321384 0
    outer loop
      vertex -64.9131 -22.4285 2.2
      vertex -64.7954 -22.7753 24.2
      vertex -64.7954 -22.7753 2.2
    endloop
  endfacet
  facet normal 0.659316 0.751866 -0
    outer loop
      vertex -65.5201 -21.5201 2.2
      vertex -65.7955 -21.2786 24.2
      vertex -65.5201 -21.5201 24.2
    endloop
  endfacet
  facet normal 0.659316 0.751866 0
    outer loop
      vertex -65.7955 -21.2786 24.2
      vertex -65.5201 -21.5201 2.2
      vertex -65.7955 -21.2786 2.2
    endloop
  endfacet
  facet normal 0.751866 0.659316 0
    outer loop
      vertex -65.2786 -21.7955 24.2
      vertex -65.5201 -21.5201 2.2
      vertex -65.5201 -21.5201 24.2
    endloop
  endfacet
  facet normal 0.751866 0.659316 0
    outer loop
      vertex -65.5201 -21.5201 2.2
      vertex -65.2786 -21.7955 24.2
      vertex -65.2786 -21.7955 2.2
    endloop
  endfacet
  facet normal 0.0655224 0.997851 -0
    outer loop
      vertex -67.1345 -20.724 2.2
      vertex -67.5 -20.7 24.2
      vertex -67.1345 -20.724 24.2
    endloop
  endfacet
  facet normal 0.0655224 0.997851 0
    outer loop
      vertex -67.5 -20.7 24.2
      vertex -67.1345 -20.724 2.2
      vertex -67.5 -20.7 2.2
    endloop
  endfacet
  facet normal -0.997851 0.0655224 0
    outer loop
      vertex -70.3 -23.5 2.2
      vertex -70.276 -23.1345 24.2
      vertex -70.276 -23.1345 2.2
    endloop
  endfacet
  facet normal -0.997851 0.0655224 0
    outer loop
      vertex -70.276 -23.1345 24.2
      vertex -70.3 -23.5 2.2
      vertex -70.3 -23.5 24.2
    endloop
  endfacet
  facet normal -0.946949 0.321384 0
    outer loop
      vertex -70.2046 -22.7753 2.2
      vertex -70.0869 -22.4285 24.2
      vertex -70.0869 -22.4285 2.2
    endloop
  endfacet
  facet normal -0.946949 0.321384 0
    outer loop
      vertex -70.0869 -22.4285 24.2
      vertex -70.2046 -22.7753 2.2
      vertex -70.2046 -22.7753 24.2
    endloop
  endfacet
  facet normal -0.83142 0.555645 0
    outer loop
      vertex -69.9249 -22.1 2.2
      vertex -69.7214 -21.7955 24.2
      vertex -69.7214 -21.7955 2.2
    endloop
  endfacet
  facet normal -0.83142 0.555645 0
    outer loop
      vertex -69.7214 -21.7955 24.2
      vertex -69.9249 -22.1 2.2
      vertex -69.9249 -22.1 24.2
    endloop
  endfacet
  facet normal -0.0655224 0.997851 0
    outer loop
      vertex -67.5 -20.7 2.2
      vertex -67.8655 -20.724 24.2
      vertex -67.5 -20.7 24.2
    endloop
  endfacet
  facet normal -0.0655224 0.997851 0
    outer loop
      vertex -67.8655 -20.724 24.2
      vertex -67.5 -20.7 2.2
      vertex -67.8655 -20.724 2.2
    endloop
  endfacet
  facet normal -0.555645 0.83142 0
    outer loop
      vertex -68.9 -21.0751 2.2
      vertex -69.2045 -21.2786 24.2
      vertex -68.9 -21.0751 24.2
    endloop
  endfacet
  facet normal -0.555645 0.83142 0
    outer loop
      vertex -69.2045 -21.2786 24.2
      vertex -68.9 -21.0751 2.2
      vertex -69.2045 -21.2786 2.2
    endloop
  endfacet
  facet normal -0.442292 0.896871 0
    outer loop
      vertex -68.5715 -20.9131 2.2
      vertex -68.9 -21.0751 24.2
      vertex -68.5715 -20.9131 24.2
    endloop
  endfacet
  facet normal -0.442292 0.896871 0
    outer loop
      vertex -68.9 -21.0751 24.2
      vertex -68.5715 -20.9131 2.2
      vertex -68.9 -21.0751 2.2
    endloop
  endfacet
  facet normal 0.997851 -0.0655224 0
    outer loop
      vertex -64.724 -23.8655 24.2
      vertex -64.7 -23.5 2.2
      vertex -64.7 -23.5 24.2
    endloop
  endfacet
  facet normal 0.997851 -0.0655224 0
    outer loop
      vertex -64.7 -23.5 2.2
      vertex -64.724 -23.8655 24.2
      vertex -64.724 -23.8655 2.2
    endloop
  endfacet
  facet normal 0.83142 -0.555645 0
    outer loop
      vertex -65.2786 -25.2045 24.2
      vertex -65.0751 -24.9 2.2
      vertex -65.0751 -24.9 24.2
    endloop
  endfacet
  facet normal 0.83142 -0.555645 0
    outer loop
      vertex -65.0751 -24.9 2.2
      vertex -65.2786 -25.2045 24.2
      vertex -65.2786 -25.2045 2.2
    endloop
  endfacet
  facet normal -0.896871 -0.442292 0
    outer loop
      vertex -69.9249 -24.9 2.2
      vertex -70.0869 -24.5715 24.2
      vertex -70.0869 -24.5715 2.2
    endloop
  endfacet
  facet normal -0.896871 -0.442292 0
    outer loop
      vertex -70.0869 -24.5715 24.2
      vertex -69.9249 -24.9 2.2
      vertex -69.9249 -24.9 24.2
    endloop
  endfacet
  facet normal 0.194961 -0.980811 0
    outer loop
      vertex -67.1345 -26.276 2.2
      vertex -66.7753 -26.2046 24.2
      vertex -67.1345 -26.276 24.2
    endloop
  endfacet
  facet normal 0.194961 -0.980811 0
    outer loop
      vertex -66.7753 -26.2046 24.2
      vertex -67.1345 -26.276 2.2
      vertex -66.7753 -26.2046 2.2
    endloop
  endfacet
  facet normal 0.659316 -0.751866 0
    outer loop
      vertex -65.7955 -25.7214 2.2
      vertex -65.5201 -25.4799 24.2
      vertex -65.7955 -25.7214 24.2
    endloop
  endfacet
  facet normal 0.659316 -0.751866 0
    outer loop
      vertex -65.5201 -25.4799 24.2
      vertex -65.7955 -25.7214 2.2
      vertex -65.5201 -25.4799 2.2
    endloop
  endfacet
  facet normal 0.980811 0.194961 0
    outer loop
      vertex -64.724 -23.1345 24.2
      vertex -64.7954 -22.7753 2.2
      vertex -64.7954 -22.7753 24.2
    endloop
  endfacet
  facet normal 0.980811 0.194961 0
    outer loop
      vertex -64.7954 -22.7753 2.2
      vertex -64.724 -23.1345 24.2
      vertex -64.724 -23.1345 2.2
    endloop
  endfacet
  facet normal 0 0 1
    outer loop
      vertex -66.65 -23.5 24.2
      vertex -64.7 -23.5 24.2
      vertex -64.724 -23.1345 24.2
    endloop
  endfacet
  facet normal 0 0 1
    outer loop
      vertex -66.6573 -23.3891 24.2
      vertex -64.724 -23.1345 24.2
      vertex -64.7954 -22.7753 24.2
    endloop
  endfacet
  facet normal 0 0 1
    outer loop
      vertex -64.7 -23.5 24.2
      vertex -66.65 -23.5 24.2
      vertex -64.724 -23.8655 24.2
    endloop
  endfacet
  facet normal 0 0 1
    outer loop
      vertex -66.679 -23.28 24.2
      vertex -64.7954 -22.7753 24.2
      vertex -64.9131 -22.4285 24.2
    endloop
  endfacet
  facet normal -0 0 1
    outer loop
      vertex -66.6573 -23.6109 24.2
      vertex -64.724 -23.8655 24.2
      vertex -66.65 -23.5 24.2
    endloop
  endfacet
  facet normal 0 0 1
    outer loop
      vertex -66.7147 -23.1747 24.2
      vertex -64.9131 -22.4285 24.2
      vertex -65.0751 -22.1 24.2
    endloop
  endfacet
  facet normal 0 0 1
    outer loop
      vertex -64.724 -23.8655 24.2
      vertex -66.6573 -23.6109 24.2
      vertex -64.7954 -24.2247 24.2
    endloop
  endfacet
  facet normal 0 0 1
    outer loop
      vertex -66.7639 -23.075 24.2
      vertex -65.0751 -22.1 24.2
      vertex -65.2786 -21.7955 24.2
    endloop
  endfacet
  facet normal -0 0 1
    outer loop
      vertex -66.679 -23.72 24.2
      vertex -64.7954 -24.2247 24.2
      vertex -66.6573 -23.6109 24.2
    endloop
  endfacet
  facet normal 0 0 1
    outer loop
      vertex -66.8257 -22.9826 24.2
      vertex -65.2786 -21.7955 24.2
      vertex -65.5201 -21.5201 24.2
    endloop
  endfacet
  facet normal 0 0 1
    outer loop
      vertex -64.7954 -24.2247 24.2
      vertex -66.679 -23.72 24.2
      vertex -64.9131 -24.5715 24.2
    endloop
  endfacet
  facet normal 0 0 1
    outer loop
      vertex -66.899 -22.899 24.2
      vertex -65.5201 -21.5201 24.2
      vertex -65.7955 -21.2786 24.2
    endloop
  endfacet
  facet normal -0 0 1
    outer loop
      vertex -66.7147 -23.8253 24.2
      vertex -64.9131 -24.5715 24.2
      vertex -66.679 -23.72 24.2
    endloop
  endfacet
  facet normal 0 0 1
    outer loop
      vertex -66.9826 -22.8256 24.2
      vertex -65.7955 -21.2786 24.2
      vertex -66.1 -21.0751 24.2
    endloop
  endfacet
  facet normal 0 0 1
    outer loop
      vertex -64.9131 -24.5715 24.2
      vertex -66.7147 -23.8253 24.2
      vertex -65.0751 -24.9 24.2
    endloop
  endfacet
  facet normal 0 0 1
    outer loop
      vertex -67.075 -22.7639 24.2
      vertex -66.1 -21.0751 24.2
      vertex -66.4285 -20.9131 24.2
    endloop
  endfacet
  facet normal -0 0 1
    outer loop
      vertex -66.7639 -23.925 24.2
      vertex -65.0751 -24.9 24.2
      vertex -66.7147 -23.8253 24.2
    endloop
  endfacet
  facet normal 0 0 1
    outer loop
      vertex -65.0751 -24.9 24.2
      vertex -66.7639 -23.925 24.2
      vertex -65.2786 -25.2045 24.2
    endloop
  endfacet
  facet normal 0 0 1
    outer loop
      vertex -64.724 -23.1345 24.2
      vertex -66.6573 -23.3891 24.2
      vertex -66.65 -23.5 24.2
    endloop
  endfacet
  facet normal 0 0 1
    outer loop
      vertex -64.7954 -22.7753 24.2
      vertex -66.679 -23.28 24.2
      vertex -66.6573 -23.3891 24.2
    endloop
  endfacet
  facet normal 0 0 1
    outer loop
      vertex -64.9131 -22.4285 24.2
      vertex -66.7147 -23.1747 24.2
      vertex -66.679 -23.28 24.2
    endloop
  endfacet
  facet normal 0 0 1
    outer loop
      vertex -65.0751 -22.1 24.2
      vertex -66.7639 -23.075 24.2
      vertex -66.7147 -23.1747 24.2
    endloop
  endfacet
  facet normal 0 0 1
    outer loop
      vertex -67.1747 -22.7147 24.2
      vertex -66.4285 -20.9131 24.2
      vertex -66.7753 -20.7954 24.2
    endloop
  endfacet
  facet normal 0 0 1
    outer loop
      vertex -65.2786 -21.7955 24.2
      vertex -66.8257 -22.9826 24.2
      vertex -66.7639 -23.075 24.2
    endloop
  endfacet
  facet normal 0 0 1
    outer loop
      vertex -65.5201 -21.5201 24.2
      vertex -66.899 -22.899 24.2
      vertex -66.8257 -22.9826 24.2
    endloop
  endfacet
  facet normal 0 0 1
    outer loop
      vertex -65.7955 -21.2786 24.2
      vertex -66.9826 -22.8256 24.2
      vertex -66.899 -22.899 24.2
    endloop
  endfacet
  facet normal 0 0 1
    outer loop
      vertex -66.1 -21.0751 24.2
      vertex -67.075 -22.7639 24.2
      vertex -66.9826 -22.8256 24.2
    endloop
  endfacet
  facet normal 0 0 1
    outer loop
      vertex -67.28 -22.679 24.2
      vertex -66.7753 -20.7954 24.2
      vertex -67.1345 -20.724 24.2
    endloop
  endfacet
  facet normal 0 0 1
    outer loop
      vertex -66.4285 -20.9131 24.2
      vertex -67.1747 -22.7147 24.2
      vertex -67.075 -22.7639 24.2
    endloop
  endfacet
  facet normal 0 0 1
    outer loop
      vertex -66.7753 -20.7954 24.2
      vertex -67.28 -22.679 24.2
      vertex -67.1747 -22.7147 24.2
    endloop
  endfacet
  facet normal 0 0 1
    outer loop
      vertex -67.1345 -20.724 24.2
      vertex -67.3891 -22.6573 24.2
      vertex -67.28 -22.679 24.2
    endloop
  endfacet
  facet normal 0 0 1
    outer loop
      vertex -67.5 -20.7 24.2
      vertex -67.3891 -22.6573 24.2
      vertex -67.1345 -20.724 24.2
    endloop
  endfacet
  facet normal 0 0 1
    outer loop
      vertex -67.5 -20.7 24.2
      vertex -67.5 -22.65 24.2
      vertex -67.3891 -22.6573 24.2
    endloop
  endfacet
  facet normal 0 0 1
    outer loop
      vertex -67.5 -20.7 24.2
      vertex -67.6109 -22.6573 24.2
      vertex -67.5 -22.65 24.2
    endloop
  endfacet
  facet normal -0 0 1
    outer loop
      vertex -67.8655 -20.724 24.2
      vertex -67.6109 -22.6573 24.2
      vertex -67.5 -20.7 24.2
    endloop
  endfacet
  facet normal 0 0 1
    outer loop
      vertex -67.6109 -22.6573 24.2
      vertex -67.8655 -20.724 24.2
      vertex -67.72 -22.679 24.2
    endloop
  endfacet
  facet normal -0 0 1
    outer loop
      vertex -68.2247 -20.7954 24.2
      vertex -67.72 -22.679 24.2
      vertex -67.8655 -20.724 24.2
    endloop
  endfacet
  facet normal 0 0 1
    outer loop
      vertex -67.72 -22.679 24.2
      vertex -68.2247 -20.7954 24.2
      vertex -67.8253 -22.7147 24.2
    endloop
  endfacet
  facet normal -0 0 1
    outer loop
      vertex -68.5715 -20.9131 24.2
      vertex -67.8253 -22.7147 24.2
      vertex -68.2247 -20.7954 24.2
    endloop
  endfacet
  facet normal 0 0 1
    outer loop
      vertex -67.8253 -22.7147 24.2
      vertex -68.5715 -20.9131 24.2
      vertex -67.925 -22.7639 24.2
    endloop
  endfacet
  facet normal -0 0 1
    outer loop
      vertex -68.9 -21.0751 24.2
      vertex -67.925 -22.7639 24.2
      vertex -68.5715 -20.9131 24.2
    endloop
  endfacet
  facet normal 0 0 1
    outer loop
      vertex -67.925 -22.7639 24.2
      vertex -68.9 -21.0751 24.2
      vertex -68.0174 -22.8256 24.2
    endloop
  endfacet
  facet normal -0 0 1
    outer loop
      vertex -69.2045 -21.2786 24.2
      vertex -68.0174 -22.8256 24.2
      vertex -68.9 -21.0751 24.2
    endloop
  endfacet
  facet normal 0 0 1
    outer loop
      vertex -68.0174 -22.8256 24.2
      vertex -69.2045 -21.2786 24.2
      vertex -68.101 -22.899 24.2
    endloop
  endfacet
  facet normal -0 0 1
    outer loop
      vertex -69.4799 -21.5201 24.2
      vertex -68.101 -22.899 24.2
      vertex -69.2045 -21.2786 24.2
    endloop
  endfacet
  facet normal 0 0 1
    outer loop
      vertex -68.101 -22.899 24.2
      vertex -69.4799 -21.5201 24.2
      vertex -68.1743 -22.9826 24.2
    endloop
  endfacet
  facet normal -0 0 1
    outer loop
      vertex -69.7214 -21.7955 24.2
      vertex -68.1743 -22.9826 24.2
      vertex -69.4799 -21.5201 24.2
    endloop
  endfacet
  facet normal 0 0 1
    outer loop
      vertex -68.1743 -22.9826 24.2
      vertex -69.7214 -21.7955 24.2
      vertex -68.2361 -23.075 24.2
    endloop
  endfacet
  facet normal -0 0 1
    outer loop
      vertex -66.8257 -24.0174 24.2
      vertex -65.2786 -25.2045 24.2
      vertex -66.7639 -23.925 24.2
    endloop
  endfacet
  facet normal 0 0 1
    outer loop
      vertex -65.2786 -25.2045 24.2
      vertex -66.8257 -24.0174 24.2
      vertex -65.5201 -25.4799 24.2
    endloop
  endfacet
  facet normal -0 0 1
    outer loop
      vertex -66.899 -24.101 24.2
      vertex -65.5201 -25.4799 24.2
      vertex -66.8257 -24.0174 24.2
    endloop
  endfacet
  facet normal 0 0 1
    outer loop
      vertex -65.5201 -25.4799 24.2
      vertex -66.899 -24.101 24.2
      vertex -65.7955 -25.7214 24.2
    endloop
  endfacet
  facet normal -0 0 1
    outer loop
      vertex -66.9826 -24.1744 24.2
      vertex -65.7955 -25.7214 24.2
      vertex -66.899 -24.101 24.2
    endloop
  endfacet
  facet normal 0 0 1
    outer loop
      vertex -65.7955 -25.7214 24.2
      vertex -66.9826 -24.1744 24.2
      vertex -66.1 -25.9249 24.2
    endloop
  endfacet
  facet normal -0 0 1
    outer loop
      vertex -67.075 -24.2361 24.2
      vertex -66.1 -25.9249 24.2
      vertex -66.9826 -24.1744 24.2
    endloop
  endfacet
  facet normal 0 0 1
    outer loop
      vertex -66.1 -25.9249 24.2
      vertex -67.075 -24.2361 24.2
      vertex -66.4285 -26.0869 24.2
    endloop
  endfacet
  facet normal -0 0 1
    outer loop
      vertex -67.1747 -24.2853 24.2
      vertex -66.4285 -26.0869 24.2
      vertex -67.075 -24.2361 24.2
    endloop
  endfacet
  facet normal 0 0 1
    outer loop
      vertex -66.4285 -26.0869 24.2
      vertex -67.1747 -24.2853 24.2
      vertex -66.7753 -26.2046 24.2
    endloop
  endfacet
  facet normal -0 0 1
    outer loop
      vertex -67.28 -24.321 24.2
      vertex -66.7753 -26.2046 24.2
      vertex -67.1747 -24.2853 24.2
    endloop
  endfacet
  facet normal 0 0 1
    outer loop
      vertex -66.7753 -26.2046 24.2
      vertex -67.28 -24.321 24.2
      vertex -67.1345 -26.276 24.2
    endloop
  endfacet
  facet normal -0 0 1
    outer loop
      vertex -67.3891 -24.3427 24.2
      vertex -67.1345 -26.276 24.2
      vertex -67.28 -24.321 24.2
    endloop
  endfacet
  facet normal -0 0 1
    outer loop
      vertex -67.5 -24.35 24.2
      vertex -67.1345 -26.276 24.2
      vertex -67.3891 -24.3427 24.2
    endloop
  endfacet
  facet normal 0 0 1
    outer loop
      vertex -67.5 -24.35 24.2
      vertex -67.5 -26.3 24.2
      vertex -67.1345 -26.276 24.2
    endloop
  endfacet
  facet normal 0 0 1
    outer loop
      vertex -67.6109 -24.3427 24.2
      vertex -67.5 -26.3 24.2
      vertex -67.5 -24.35 24.2
    endloop
  endfacet
  facet normal 0 0 1
    outer loop
      vertex -67.8655 -26.276 24.2
      vertex -67.6109 -24.3427 24.2
      vertex -67.72 -24.321 24.2
    endloop
  endfacet
  facet normal 0 0 1
    outer loop
      vertex -68.2247 -26.2046 24.2
      vertex -67.72 -24.321 24.2
      vertex -67.8253 -24.2853 24.2
    endloop
  endfacet
  facet normal 0 0 1
    outer loop
      vertex -67.6109 -24.3427 24.2
      vertex -67.8655 -26.276 24.2
      vertex -67.5 -26.3 24.2
    endloop
  endfacet
  facet normal 0 0 1
    outer loop
      vertex -68.5715 -26.0869 24.2
      vertex -67.8253 -24.2853 24.2
      vertex -67.925 -24.2361 24.2
    endloop
  endfacet
  facet normal 0 0 1
    outer loop
      vertex -68.9 -25.9249 24.2
      vertex -67.925 -24.2361 24.2
      vertex -68.0174 -24.1744 24.2
    endloop
  endfacet
  facet normal 0 0 1
    outer loop
      vertex -69.2045 -25.7214 24.2
      vertex -68.0174 -24.1744 24.2
      vertex -68.101 -24.101 24.2
    endloop
  endfacet
  facet normal 0 0 1
    outer loop
      vertex -69.4799 -25.4799 24.2
      vertex -68.101 -24.101 24.2
      vertex -68.1743 -24.0174 24.2
    endloop
  endfacet
  facet normal 0 0 1
    outer loop
      vertex -67.72 -24.321 24.2
      vertex -68.2247 -26.2046 24.2
      vertex -67.8655 -26.276 24.2
    endloop
  endfacet
  facet normal 0 0 1
    outer loop
      vertex -69.7214 -25.2045 24.2
      vertex -68.1743 -24.0174 24.2
      vertex -68.2361 -23.925 24.2
    endloop
  endfacet
  facet normal 0 0 1
    outer loop
      vertex -69.9249 -24.9 24.2
      vertex -68.2361 -23.925 24.2
      vertex -68.2853 -23.8253 24.2
    endloop
  endfacet
  facet normal 0 0 1
    outer loop
      vertex -70.0869 -24.5715 24.2
      vertex -68.2853 -23.8253 24.2
      vertex -68.321 -23.72 24.2
    endloop
  endfacet
  facet normal 0 0 1
    outer loop
      vertex -70.2046 -24.2247 24.2
      vertex -68.321 -23.72 24.2
      vertex -68.3427 -23.6109 24.2
    endloop
  endfacet
  facet normal 0 0 1
    outer loop
      vertex -70.276 -23.8655 24.2
      vertex -68.3427 -23.6109 24.2
      vertex -68.35 -23.5 24.2
    endloop
  endfacet
  facet normal -0 0 1
    outer loop
      vertex -69.9249 -22.1 24.2
      vertex -68.2361 -23.075 24.2
      vertex -69.7214 -21.7955 24.2
    endloop
  endfacet
  facet normal 0 0 1
    outer loop
      vertex -67.8253 -24.2853 24.2
      vertex -68.5715 -26.0869 24.2
      vertex -68.2247 -26.2046 24.2
    endloop
  endfacet
  facet normal 0 0 1
    outer loop
      vertex -68.2361 -23.075 24.2
      vertex -69.9249 -22.1 24.2
      vertex -68.2853 -23.1747 24.2
    endloop
  endfacet
  facet normal 0 0 1
    outer loop
      vertex -67.925 -24.2361 24.2
      vertex -68.9 -25.9249 24.2
      vertex -68.5715 -26.0869 24.2
    endloop
  endfacet
  facet normal -0 0 1
    outer loop
      vertex -70.0869 -22.4285 24.2
      vertex -68.2853 -23.1747 24.2
      vertex -69.9249 -22.1 24.2
    endloop
  endfacet
  facet normal 0 0 1
    outer loop
      vertex -68.0174 -24.1744 24.2
      vertex -69.2045 -25.7214 24.2
      vertex -68.9 -25.9249 24.2
    endloop
  endfacet
  facet normal 0 0 1
    outer loop
      vertex -68.2853 -23.1747 24.2
      vertex -70.0869 -22.4285 24.2
      vertex -68.321 -23.28 24.2
    endloop
  endfacet
  facet normal 0 0 1
    outer loop
      vertex -68.101 -24.101 24.2
      vertex -69.4799 -25.4799 24.2
      vertex -69.2045 -25.7214 24.2
    endloop
  endfacet
  facet normal -0 0 1
    outer loop
      vertex -70.2046 -22.7753 24.2
      vertex -68.321 -23.28 24.2
      vertex -70.0869 -22.4285 24.2
    endloop
  endfacet
  facet normal 0 0 1
    outer loop
      vertex -68.1743 -24.0174 24.2
      vertex -69.7214 -25.2045 24.2
      vertex -69.4799 -25.4799 24.2
    endloop
  endfacet
  facet normal 0 0 1
    outer loop
      vertex -68.321 -23.28 24.2
      vertex -70.2046 -22.7753 24.2
      vertex -68.3427 -23.3891 24.2
    endloop
  endfacet
  facet normal 0 0 1
    outer loop
      vertex -68.2361 -23.925 24.2
      vertex -69.9249 -24.9 24.2
      vertex -69.7214 -25.2045 24.2
    endloop
  endfacet
  facet normal -0 0 1
    outer loop
      vertex -70.276 -23.1345 24.2
      vertex -68.3427 -23.3891 24.2
      vertex -70.2046 -22.7753 24.2
    endloop
  endfacet
  facet normal 0 0 1
    outer loop
      vertex -68.2853 -23.8253 24.2
      vertex -70.0869 -24.5715 24.2
      vertex -69.9249 -24.9 24.2
    endloop
  endfacet
  facet normal 0 0 1
    outer loop
      vertex -68.3427 -23.3891 24.2
      vertex -70.276 -23.1345 24.2
      vertex -68.35 -23.5 24.2
    endloop
  endfacet
  facet normal 0 0 1
    outer loop
      vertex -68.321 -23.72 24.2
      vertex -70.2046 -24.2247 24.2
      vertex -70.0869 -24.5715 24.2
    endloop
  endfacet
  facet normal 0 0 1
    outer loop
      vertex -70.3 -23.5 24.2
      vertex -68.35 -23.5 24.2
      vertex -70.276 -23.1345 24.2
    endloop
  endfacet
  facet normal 0 0 1
    outer loop
      vertex -68.3427 -23.6109 24.2
      vertex -70.276 -23.8655 24.2
      vertex -70.2046 -24.2247 24.2
    endloop
  endfacet
  facet normal 0 0 1
    outer loop
      vertex -68.35 -23.5 24.2
      vertex -70.3 -23.5 24.2
      vertex -70.276 -23.8655 24.2
    endloop
  endfacet
  facet normal 0.896871 -0.442292 0
    outer loop
      vertex -65.0751 -24.9 24.2
      vertex -64.9131 -24.5715 2.2
      vertex -64.9131 -24.5715 24.2
    endloop
  endfacet
  facet normal 0.896871 -0.442292 0
    outer loop
      vertex -64.9131 -24.5715 2.2
      vertex -65.0751 -24.9 24.2
      vertex -65.0751 -24.9 2.2
    endloop
  endfacet
  facet normal 0.0655224 -0.997851 0
    outer loop
      vertex -67.5 -26.3 2.2
      vertex -67.1345 -26.276 24.2
      vertex -67.5 -26.3 24.2
    endloop
  endfacet
  facet normal 0.0655224 -0.997851 0
    outer loop
      vertex -67.1345 -26.276 24.2
      vertex -67.5 -26.3 2.2
      vertex -67.1345 -26.276 2.2
    endloop
  endfacet
  facet normal -0.997851 -0.0655224 0
    outer loop
      vertex -70.276 -23.8655 2.2
      vertex -70.3 -23.5 24.2
      vertex -70.3 -23.5 2.2
    endloop
  endfacet
  facet normal -0.997851 -0.0655224 0
    outer loop
      vertex -70.3 -23.5 24.2
      vertex -70.276 -23.8655 2.2
      vertex -70.276 -23.8655 24.2
    endloop
  endfacet
  facet normal -0.946949 -0.321384 0
    outer loop
      vertex -70.0869 -24.5715 2.2
      vertex -70.2046 -24.2247 24.2
      vertex -70.2046 -24.2247 2.2
    endloop
  endfacet
  facet normal -0.946949 -0.321384 0
    outer loop
      vertex -70.2046 -24.2247 24.2
      vertex -70.0869 -24.5715 2.2
      vertex -70.0869 -24.5715 24.2
    endloop
  endfacet
  facet normal 0.442292 -0.896871 0
    outer loop
      vertex -66.4285 -26.0869 2.2
      vertex -66.1 -25.9249 24.2
      vertex -66.4285 -26.0869 24.2
    endloop
  endfacet
  facet normal 0.442292 -0.896871 0
    outer loop
      vertex -66.1 -25.9249 24.2
      vertex -66.4285 -26.0869 2.2
      vertex -66.1 -25.9249 2.2
    endloop
  endfacet
  facet normal 0.321384 -0.946949 0
    outer loop
      vertex -66.7753 -26.2046 2.2
      vertex -66.4285 -26.0869 24.2
      vertex -66.7753 -26.2046 24.2
    endloop
  endfacet
  facet normal 0.321384 -0.946949 0
    outer loop
      vertex -66.4285 -26.0869 24.2
      vertex -66.7753 -26.2046 2.2
      vertex -66.4285 -26.0869 2.2
    endloop
  endfacet
  facet normal -0.321384 -0.946949 0
    outer loop
      vertex -68.5715 -26.0869 2.2
      vertex -68.2247 -26.2046 24.2
      vertex -68.5715 -26.0869 24.2
    endloop
  endfacet
  facet normal -0.321384 -0.946949 -0
    outer loop
      vertex -68.2247 -26.2046 24.2
      vertex -68.5715 -26.0869 2.2
      vertex -68.2247 -26.2046 2.2
    endloop
  endfacet
  facet normal -0.194961 -0.980811 0
    outer loop
      vertex -68.2247 -26.2046 2.2
      vertex -67.8655 -26.276 24.2
      vertex -68.2247 -26.2046 24.2
    endloop
  endfacet
  facet normal -0.194961 -0.980811 -0
    outer loop
      vertex -67.8655 -26.276 24.2
      vertex -68.2247 -26.2046 2.2
      vertex -67.8655 -26.276 2.2
    endloop
  endfacet
  facet normal -0.751866 -0.659316 0
    outer loop
      vertex -69.4799 -25.4799 2.2
      vertex -69.7214 -25.2045 24.2
      vertex -69.7214 -25.2045 2.2
    endloop
  endfacet
  facet normal -0.751866 -0.659316 0
    outer loop
      vertex -69.7214 -25.2045 24.2
      vertex -69.4799 -25.4799 2.2
      vertex -69.4799 -25.4799 24.2
    endloop
  endfacet
  facet normal -0.659316 -0.751866 0
    outer loop
      vertex -69.4799 -25.4799 2.2
      vertex -69.2045 -25.7214 24.2
      vertex -69.4799 -25.4799 24.2
    endloop
  endfacet
  facet normal -0.659316 -0.751866 -0
    outer loop
      vertex -69.2045 -25.7214 24.2
      vertex -69.4799 -25.4799 2.2
      vertex -69.2045 -25.7214 2.2
    endloop
  endfacet
  facet normal -0.980811 -0.194961 0
    outer loop
      vertex -70.2046 -24.2247 2.2
      vertex -70.276 -23.8655 24.2
      vertex -70.276 -23.8655 2.2
    endloop
  endfacet
  facet normal -0.980811 -0.194961 0
    outer loop
      vertex -70.276 -23.8655 24.2
      vertex -70.2046 -24.2247 2.2
      vertex -70.2046 -24.2247 24.2
    endloop
  endfacet
  facet normal 0.751866 -0.659316 0
    outer loop
      vertex -65.5201 -25.4799 24.2
      vertex -65.2786 -25.2045 2.2
      vertex -65.2786 -25.2045 24.2
    endloop
  endfacet
  facet normal 0.751866 -0.659316 0
    outer loop
      vertex -65.2786 -25.2045 2.2
      vertex -65.5201 -25.4799 24.2
      vertex -65.5201 -25.4799 2.2
    endloop
  endfacet
  facet normal -0.555645 -0.83142 0
    outer loop
      vertex -69.2045 -25.7214 2.2
      vertex -68.9 -25.9249 24.2
      vertex -69.2045 -25.7214 24.2
    endloop
  endfacet
  facet normal -0.555645 -0.83142 -0
    outer loop
      vertex -68.9 -25.9249 24.2
      vertex -69.2045 -25.7214 2.2
      vertex -68.9 -25.9249 2.2
    endloop
  endfacet
  facet normal -0.0655224 -0.997851 0
    outer loop
      vertex -67.8655 -26.276 2.2
      vertex -67.5 -26.3 24.2
      vertex -67.8655 -26.276 24.2
    endloop
  endfacet
  facet normal -0.0655224 -0.997851 -0
    outer loop
      vertex -67.5 -26.3 24.2
      vertex -67.8655 -26.276 2.2
      vertex -67.5 -26.3 2.2
    endloop
  endfacet
  facet normal -0.83142 -0.555645 0
    outer loop
      vertex -69.7214 -25.2045 2.2
      vertex -69.9249 -24.9 24.2
      vertex -69.9249 -24.9 2.2
    endloop
  endfacet
  facet normal -0.83142 -0.555645 0
    outer loop
      vertex -69.9249 -24.9 24.2
      vertex -69.7214 -25.2045 2.2
      vertex -69.7214 -25.2045 24.2
    endloop
  endfacet
  facet normal -0.442292 -0.896871 0
    outer loop
      vertex -68.9 -25.9249 2.2
      vertex -68.5715 -26.0869 24.2
      vertex -68.9 -25.9249 24.2
    endloop
  endfacet
  facet normal -0.442292 -0.896871 -0
    outer loop
      vertex -68.5715 -26.0869 24.2
      vertex -68.9 -25.9249 2.2
      vertex -68.5715 -26.0869 2.2
    endloop
  endfacet
  facet normal 0.997851 0.0655224 0
    outer loop
      vertex -37.7 -23.5 24.2
      vertex -37.724 -23.1345 2.2
      vertex -37.724 -23.1345 24.2
    endloop
  endfacet
  facet normal 0.997851 0.0655224 0
    outer loop
      vertex -37.724 -23.1345 2.2
      vertex -37.7 -23.5 24.2
      vertex -37.7 -23.5 2.2
    endloop
  endfacet
  facet normal -0.997851 0.0655224 0
    outer loop
      vertex -43.3 -23.5 2.2
      vertex -43.276 -23.1345 24.2
      vertex -43.276 -23.1345 2.2
    endloop
  endfacet
  facet normal -0.997851 0.0655224 0
    outer loop
      vertex -43.276 -23.1345 24.2
      vertex -43.3 -23.5 2.2
      vertex -43.3 -23.5 24.2
    endloop
  endfacet
  facet normal -0.0655224 0.997851 0
    outer loop
      vertex -40.5 -20.7 2.2
      vertex -40.8655 -20.724 24.2
      vertex -40.5 -20.7 24.2
    endloop
  endfacet
  facet normal -0.0655224 0.997851 0
    outer loop
      vertex -40.8655 -20.724 24.2
      vertex -40.5 -20.7 2.2
      vertex -40.8655 -20.724 2.2
    endloop
  endfacet
  facet normal -0.0655224 -0.997851 0
    outer loop
      vertex -40.8655 -26.276 2.2
      vertex -40.5 -26.3 24.2
      vertex -40.8655 -26.276 24.2
    endloop
  endfacet
  facet normal -0.0655224 -0.997851 -0
    outer loop
      vertex -40.5 -26.3 24.2
      vertex -40.8655 -26.276 2.2
      vertex -40.5 -26.3 2.2
    endloop
  endfacet
  facet normal 0.659316 0.751866 -0
    outer loop
      vertex -38.5201 -21.5201 2.2
      vertex -38.7955 -21.2786 24.2
      vertex -38.5201 -21.5201 24.2
    endloop
  endfacet
  facet normal 0.659316 0.751866 0
    outer loop
      vertex -38.7955 -21.2786 24.2
      vertex -38.5201 -21.5201 2.2
      vertex -38.7955 -21.2786 2.2
    endloop
  endfacet
  facet normal -0.751866 0.659316 0
    outer loop
      vertex -42.7214 -21.7955 2.2
      vertex -42.4799 -21.5201 24.2
      vertex -42.4799 -21.5201 2.2
    endloop
  endfacet
  facet normal -0.751866 0.659316 0
    outer loop
      vertex -42.4799 -21.5201 24.2
      vertex -42.7214 -21.7955 2.2
      vertex -42.7214 -21.7955 24.2
    endloop
  endfacet
  facet normal -0.442292 0.896871 0
    outer loop
      vertex -41.5715 -20.9131 2.2
      vertex -41.9 -21.0751 24.2
      vertex -41.5715 -20.9131 24.2
    endloop
  endfacet
  facet normal -0.442292 0.896871 0
    outer loop
      vertex -41.9 -21.0751 24.2
      vertex -41.5715 -20.9131 2.2
      vertex -41.9 -21.0751 2.2
    endloop
  endfacet
  facet normal 0.896871 0.442292 0
    outer loop
      vertex -37.9131 -22.4285 24.2
      vertex -38.0751 -22.1 2.2
      vertex -38.0751 -22.1 24.2
    endloop
  endfacet
  facet normal 0.896871 0.442292 0
    outer loop
      vertex -38.0751 -22.1 2.2
      vertex -37.9131 -22.4285 24.2
      vertex -37.9131 -22.4285 2.2
    endloop
  endfacet
  facet normal 0.83142 0.555645 0
    outer loop
      vertex -38.0751 -22.1 24.2
      vertex -38.2786 -21.7955 2.2
      vertex -38.2786 -21.7955 24.2
    endloop
  endfacet
  facet normal 0.83142 0.555645 0
    outer loop
      vertex -38.2786 -21.7955 2.2
      vertex -38.0751 -22.1 24.2
      vertex -38.0751 -22.1 2.2
    endloop
  endfacet
  facet normal 0.321384 0.946949 -0
    outer loop
      vertex -39.4285 -20.9131 2.2
      vertex -39.7753 -20.7954 24.2
      vertex -39.4285 -20.9131 24.2
    endloop
  endfacet
  facet normal 0.321384 0.946949 0
    outer loop
      vertex -39.7753 -20.7954 24.2
      vertex -39.4285 -20.9131 2.2
      vertex -39.7753 -20.7954 2.2
    endloop
  endfacet
  facet normal 0.442292 0.896871 -0
    outer loop
      vertex -39.1 -21.0751 2.2
      vertex -39.4285 -20.9131 24.2
      vertex -39.1 -21.0751 24.2
    endloop
  endfacet
  facet normal 0.442292 0.896871 0
    outer loop
      vertex -39.4285 -20.9131 24.2
      vertex -39.1 -21.0751 2.2
      vertex -39.4285 -20.9131 2.2
    endloop
  endfacet
  facet normal -0.896871 0.442292 0
    outer loop
      vertex -43.0869 -22.4285 2.2
      vertex -42.9249 -22.1 24.2
      vertex -42.9249 -22.1 2.2
    endloop
  endfacet
  facet normal -0.896871 0.442292 0
    outer loop
      vertex -42.9249 -22.1 24.2
      vertex -43.0869 -22.4285 2.2
      vertex -43.0869 -22.4285 24.2
    endloop
  endfacet
  facet normal -0.83142 0.555645 0
    outer loop
      vertex -42.9249 -22.1 2.2
      vertex -42.7214 -21.7955 24.2
      vertex -42.7214 -21.7955 2.2
    endloop
  endfacet
  facet normal -0.83142 0.555645 0
    outer loop
      vertex -42.7214 -21.7955 24.2
      vertex -42.9249 -22.1 2.2
      vertex -42.9249 -22.1 24.2
    endloop
  endfacet
  facet normal -0.946949 0.321384 0
    outer loop
      vertex -43.2046 -22.7753 2.2
      vertex -43.0869 -22.4285 24.2
      vertex -43.0869 -22.4285 2.2
    endloop
  endfacet
  facet normal -0.946949 0.321384 0
    outer loop
      vertex -43.0869 -22.4285 24.2
      vertex -43.2046 -22.7753 2.2
      vertex -43.2046 -22.7753 24.2
    endloop
  endfacet
  facet normal -0.555645 0.83142 0
    outer loop
      vertex -41.9 -21.0751 2.2
      vertex -42.2045 -21.2786 24.2
      vertex -41.9 -21.0751 24.2
    endloop
  endfacet
  facet normal -0.555645 0.83142 0
    outer loop
      vertex -42.2045 -21.2786 24.2
      vertex -41.9 -21.0751 2.2
      vertex -42.2045 -21.2786 2.2
    endloop
  endfacet
  facet normal -0.321384 0.946949 0
    outer loop
      vertex -41.2247 -20.7954 2.2
      vertex -41.5715 -20.9131 24.2
      vertex -41.2247 -20.7954 24.2
    endloop
  endfacet
  facet normal -0.321384 0.946949 0
    outer loop
      vertex -41.5715 -20.9131 24.2
      vertex -41.2247 -20.7954 2.2
      vertex -41.5715 -20.9131 2.2
    endloop
  endfacet
  facet normal -0.442292 -0.896871 0
    outer loop
      vertex -41.9 -25.9249 2.2
      vertex -41.5715 -26.0869 24.2
      vertex -41.9 -25.9249 24.2
    endloop
  endfacet
  facet normal -0.442292 -0.896871 -0
    outer loop
      vertex -41.5715 -26.0869 24.2
      vertex -41.9 -25.9249 2.2
      vertex -41.5715 -26.0869 2.2
    endloop
  endfacet
  facet normal -0.659316 -0.751866 0
    outer loop
      vertex -42.4799 -25.4799 2.2
      vertex -42.2045 -25.7214 24.2
      vertex -42.4799 -25.4799 24.2
    endloop
  endfacet
  facet normal -0.659316 -0.751866 -0
    outer loop
      vertex -42.2045 -25.7214 24.2
      vertex -42.4799 -25.4799 2.2
      vertex -42.2045 -25.7214 2.2
    endloop
  endfacet
  facet normal -0.321384 -0.946949 0
    outer loop
      vertex -41.5715 -26.0869 2.2
      vertex -41.2247 -26.2046 24.2
      vertex -41.5715 -26.0869 24.2
    endloop
  endfacet
  facet normal -0.321384 -0.946949 -0
    outer loop
      vertex -41.2247 -26.2046 24.2
      vertex -41.5715 -26.0869 2.2
      vertex -41.2247 -26.2046 2.2
    endloop
  endfacet
  facet normal 0.946949 0.321384 0
    outer loop
      vertex -37.7954 -22.7753 24.2
      vertex -37.9131 -22.4285 2.2
      vertex -37.9131 -22.4285 24.2
    endloop
  endfacet
  facet normal 0.946949 0.321384 0
    outer loop
      vertex -37.9131 -22.4285 2.2
      vertex -37.7954 -22.7753 24.2
      vertex -37.7954 -22.7753 2.2
    endloop
  endfacet
  facet normal 0.980811 0.194961 0
    outer loop
      vertex -37.724 -23.1345 24.2
      vertex -37.7954 -22.7753 2.2
      vertex -37.7954 -22.7753 24.2
    endloop
  endfacet
  facet normal 0.980811 0.194961 0
    outer loop
      vertex -37.7954 -22.7753 2.2
      vertex -37.724 -23.1345 24.2
      vertex -37.724 -23.1345 2.2
    endloop
  endfacet
  facet normal 0.751866 0.659316 0
    outer loop
      vertex -38.2786 -21.7955 24.2
      vertex -38.5201 -21.5201 2.2
      vertex -38.5201 -21.5201 24.2
    endloop
  endfacet
  facet normal 0.751866 0.659316 0
    outer loop
      vertex -38.5201 -21.5201 2.2
      vertex -38.2786 -21.7955 24.2
      vertex -38.2786 -21.7955 2.2
    endloop
  endfacet
  facet normal 0.194961 0.980811 -0
    outer loop
      vertex -39.7753 -20.7954 2.2
      vertex -40.1345 -20.724 24.2
      vertex -39.7753 -20.7954 24.2
    endloop
  endfacet
  facet normal 0.194961 0.980811 0
    outer loop
      vertex -40.1345 -20.724 24.2
      vertex -39.7753 -20.7954 2.2
      vertex -40.1345 -20.724 2.2
    endloop
  endfacet
  facet normal 0.0655224 0.997851 -0
    outer loop
      vertex -40.1345 -20.724 2.2
      vertex -40.5 -20.7 24.2
      vertex -40.1345 -20.724 24.2
    endloop
  endfacet
  facet normal 0.0655224 0.997851 0
    outer loop
      vertex -40.5 -20.7 24.2
      vertex -40.1345 -20.724 2.2
      vertex -40.5 -20.7 2.2
    endloop
  endfacet
  facet normal 0.555645 0.83142 -0
    outer loop
      vertex -38.7955 -21.2786 2.2
      vertex -39.1 -21.0751 24.2
      vertex -38.7955 -21.2786 24.2
    endloop
  endfacet
  facet normal 0.555645 0.83142 0
    outer loop
      vertex -39.1 -21.0751 24.2
      vertex -38.7955 -21.2786 2.2
      vertex -39.1 -21.0751 2.2
    endloop
  endfacet
  facet normal -0.980811 0.194961 0
    outer loop
      vertex -43.276 -23.1345 2.2
      vertex -43.2046 -22.7753 24.2
      vertex -43.2046 -22.7753 2.2
    endloop
  endfacet
  facet normal -0.980811 0.194961 0
    outer loop
      vertex -43.2046 -22.7753 24.2
      vertex -43.276 -23.1345 2.2
      vertex -43.276 -23.1345 24.2
    endloop
  endfacet
  facet normal 0 0 1
    outer loop
      vertex -39.65 -23.5 24.2
      vertex -37.7 -23.5 24.2
      vertex -37.724 -23.1345 24.2
    endloop
  endfacet
  facet normal 0 0 1
    outer loop
      vertex -39.6573 -23.3891 24.2
      vertex -37.724 -23.1345 24.2
      vertex -37.7954 -22.7753 24.2
    endloop
  endfacet
  facet normal 0 0 1
    outer loop
      vertex -37.7 -23.5 24.2
      vertex -39.65 -23.5 24.2
      vertex -37.724 -23.8655 24.2
    endloop
  endfacet
  facet normal 0 0 1
    outer loop
      vertex -39.679 -23.28 24.2
      vertex -37.7954 -22.7753 24.2
      vertex -37.9131 -22.4285 24.2
    endloop
  endfacet
  facet normal -0 0 1
    outer loop
      vertex -39.6573 -23.6109 24.2
      vertex -37.724 -23.8655 24.2
      vertex -39.65 -23.5 24.2
    endloop
  endfacet
  facet normal 0 0 1
    outer loop
      vertex -39.7147 -23.1747 24.2
      vertex -37.9131 -22.4285 24.2
      vertex -38.0751 -22.1 24.2
    endloop
  endfacet
  facet normal 0 0 1
    outer loop
      vertex -37.724 -23.8655 24.2
      vertex -39.6573 -23.6109 24.2
      vertex -37.7954 -24.2247 24.2
    endloop
  endfacet
  facet normal 0 0 1
    outer loop
      vertex -39.7639 -23.075 24.2
      vertex -38.0751 -22.1 24.2
      vertex -38.2786 -21.7955 24.2
    endloop
  endfacet
  facet normal -0 0 1
    outer loop
      vertex -39.679 -23.72 24.2
      vertex -37.7954 -24.2247 24.2
      vertex -39.6573 -23.6109 24.2
    endloop
  endfacet
  facet normal 0 0 1
    outer loop
      vertex -39.8256 -22.9826 24.2
      vertex -38.2786 -21.7955 24.2
      vertex -38.5201 -21.5201 24.2
    endloop
  endfacet
  facet normal 0 0 1
    outer loop
      vertex -37.7954 -24.2247 24.2
      vertex -39.679 -23.72 24.2
      vertex -37.9131 -24.5715 24.2
    endloop
  endfacet
  facet normal 0 0 1
    outer loop
      vertex -39.899 -22.899 24.2
      vertex -38.5201 -21.5201 24.2
      vertex -38.7955 -21.2786 24.2
    endloop
  endfacet
  facet normal -0 0 1
    outer loop
      vertex -39.7147 -23.8253 24.2
      vertex -37.9131 -24.5715 24.2
      vertex -39.679 -23.72 24.2
    endloop
  endfacet
  facet normal 0 0 1
    outer loop
      vertex -39.9826 -22.8256 24.2
      vertex -38.7955 -21.2786 24.2
      vertex -39.1 -21.0751 24.2
    endloop
  endfacet
  facet normal 0 0 1
    outer loop
      vertex -37.9131 -24.5715 24.2
      vertex -39.7147 -23.8253 24.2
      vertex -38.0751 -24.9 24.2
    endloop
  endfacet
  facet normal 0 0 1
    outer loop
      vertex -40.075 -22.7639 24.2
      vertex -39.1 -21.0751 24.2
      vertex -39.4285 -20.9131 24.2
    endloop
  endfacet
  facet normal -0 0 1
    outer loop
      vertex -39.7639 -23.925 24.2
      vertex -38.0751 -24.9 24.2
      vertex -39.7147 -23.8253 24.2
    endloop
  endfacet
  facet normal 0 0 1
    outer loop
      vertex -38.0751 -24.9 24.2
      vertex -39.7639 -23.925 24.2
      vertex -38.2786 -25.2045 24.2
    endloop
  endfacet
  facet normal 0 0 1
    outer loop
      vertex -37.724 -23.1345 24.2
      vertex -39.6573 -23.3891 24.2
      vertex -39.65 -23.5 24.2
    endloop
  endfacet
  facet normal 0 0 1
    outer loop
      vertex -37.7954 -22.7753 24.2
      vertex -39.679 -23.28 24.2
      vertex -39.6573 -23.3891 24.2
    endloop
  endfacet
  facet normal 0 0 1
    outer loop
      vertex -37.9131 -22.4285 24.2
      vertex -39.7147 -23.1747 24.2
      vertex -39.679 -23.28 24.2
    endloop
  endfacet
  facet normal 0 0 1
    outer loop
      vertex -38.0751 -22.1 24.2
      vertex -39.7639 -23.075 24.2
      vertex -39.7147 -23.1747 24.2
    endloop
  endfacet
  facet normal 0 0 1
    outer loop
      vertex -40.1747 -22.7147 24.2
      vertex -39.4285 -20.9131 24.2
      vertex -39.7753 -20.7954 24.2
    endloop
  endfacet
  facet normal 0 0 1
    outer loop
      vertex -38.2786 -21.7955 24.2
      vertex -39.8256 -22.9826 24.2
      vertex -39.7639 -23.075 24.2
    endloop
  endfacet
  facet normal 0 0 1
    outer loop
      vertex -38.5201 -21.5201 24.2
      vertex -39.899 -22.899 24.2
      vertex -39.8256 -22.9826 24.2
    endloop
  endfacet
  facet normal 0 0 1
    outer loop
      vertex -38.7955 -21.2786 24.2
      vertex -39.9826 -22.8256 24.2
      vertex -39.899 -22.899 24.2
    endloop
  endfacet
  facet normal 0 0 1
    outer loop
      vertex -39.1 -21.0751 24.2
      vertex -40.075 -22.7639 24.2
      vertex -39.9826 -22.8256 24.2
    endloop
  endfacet
  facet normal 0 0 1
    outer loop
      vertex -40.28 -22.679 24.2
      vertex -39.7753 -20.7954 24.2
      vertex -40.1345 -20.724 24.2
    endloop
  endfacet
  facet normal 0 0 1
    outer loop
      vertex -39.4285 -20.9131 24.2
      vertex -40.1747 -22.7147 24.2
      vertex -40.075 -22.7639 24.2
    endloop
  endfacet
  facet normal 0 0 1
    outer loop
      vertex -39.7753 -20.7954 24.2
      vertex -40.28 -22.679 24.2
      vertex -40.1747 -22.7147 24.2
    endloop
  endfacet
  facet normal 0 0 1
    outer loop
      vertex -40.1345 -20.724 24.2
      vertex -40.3891 -22.6573 24.2
      vertex -40.28 -22.679 24.2
    endloop
  endfacet
  facet normal 0 0 1
    outer loop
      vertex -40.5 -20.7 24.2
      vertex -40.3891 -22.6573 24.2
      vertex -40.1345 -20.724 24.2
    endloop
  endfacet
  facet normal 0 0 1
    outer loop
      vertex -40.5 -20.7 24.2
      vertex -40.5 -22.65 24.2
      vertex -40.3891 -22.6573 24.2
    endloop
  endfacet
  facet normal 0 0 1
    outer loop
      vertex -40.5 -20.7 24.2
      vertex -40.6109 -22.6573 24.2
      vertex -40.5 -22.65 24.2
    endloop
  endfacet
  facet normal -0 0 1
    outer loop
      vertex -40.8655 -20.724 24.2
      vertex -40.6109 -22.6573 24.2
      vertex -40.5 -20.7 24.2
    endloop
  endfacet
  facet normal 0 0 1
    outer loop
      vertex -40.6109 -22.6573 24.2
      vertex -40.8655 -20.724 24.2
      vertex -40.72 -22.679 24.2
    endloop
  endfacet
  facet normal -0 0 1
    outer loop
      vertex -41.2247 -20.7954 24.2
      vertex -40.72 -22.679 24.2
      vertex -40.8655 -20.724 24.2
    endloop
  endfacet
  facet normal 0 0 1
    outer loop
      vertex -40.72 -22.679 24.2
      vertex -41.2247 -20.7954 24.2
      vertex -40.8253 -22.7147 24.2
    endloop
  endfacet
  facet normal -0 0 1
    outer loop
      vertex -41.5715 -20.9131 24.2
      vertex -40.8253 -22.7147 24.2
      vertex -41.2247 -20.7954 24.2
    endloop
  endfacet
  facet normal 0 0 1
    outer loop
      vertex -40.8253 -22.7147 24.2
      vertex -41.5715 -20.9131 24.2
      vertex -40.925 -22.7639 24.2
    endloop
  endfacet
  facet normal -0 0 1
    outer loop
      vertex -41.9 -21.0751 24.2
      vertex -40.925 -22.7639 24.2
      vertex -41.5715 -20.9131 24.2
    endloop
  endfacet
  facet normal 0 0 1
    outer loop
      vertex -40.925 -22.7639 24.2
      vertex -41.9 -21.0751 24.2
      vertex -41.0174 -22.8256 24.2
    endloop
  endfacet
  facet normal -0 0 1
    outer loop
      vertex -42.2045 -21.2786 24.2
      vertex -41.0174 -22.8256 24.2
      vertex -41.9 -21.0751 24.2
    endloop
  endfacet
  facet normal 0 0 1
    outer loop
      vertex -41.0174 -22.8256 24.2
      vertex -42.2045 -21.2786 24.2
      vertex -41.101 -22.899 24.2
    endloop
  endfacet
  facet normal -0 0 1
    outer loop
      vertex -42.4799 -21.5201 24.2
      vertex -41.101 -22.899 24.2
      vertex -42.2045 -21.2786 24.2
    endloop
  endfacet
  facet normal 0 0 1
    outer loop
      vertex -41.101 -22.899 24.2
      vertex -42.4799 -21.5201 24.2
      vertex -41.1744 -22.9826 24.2
    endloop
  endfacet
  facet normal -0 0 1
    outer loop
      vertex -42.7214 -21.7955 24.2
      vertex -41.1744 -22.9826 24.2
      vertex -42.4799 -21.5201 24.2
    endloop
  endfacet
  facet normal 0 0 1
    outer loop
      vertex -41.1744 -22.9826 24.2
      vertex -42.7214 -21.7955 24.2
      vertex -41.2361 -23.075 24.2
    endloop
  endfacet
  facet normal -0 0 1
    outer loop
      vertex -39.8256 -24.0174 24.2
      vertex -38.2786 -25.2045 24.2
      vertex -39.7639 -23.925 24.2
    endloop
  endfacet
  facet normal 0 0 1
    outer loop
      vertex -38.2786 -25.2045 24.2
      vertex -39.8256 -24.0174 24.2
      vertex -38.5201 -25.4799 24.2
    endloop
  endfacet
  facet normal -0 0 1
    outer loop
      vertex -39.899 -24.101 24.2
      vertex -38.5201 -25.4799 24.2
      vertex -39.8256 -24.0174 24.2
    endloop
  endfacet
  facet normal 0 0 1
    outer loop
      vertex -38.5201 -25.4799 24.2
      vertex -39.899 -24.101 24.2
      vertex -38.7955 -25.7214 24.2
    endloop
  endfacet
  facet normal -0 0 1
    outer loop
      vertex -39.9826 -24.1744 24.2
      vertex -38.7955 -25.7214 24.2
      vertex -39.899 -24.101 24.2
    endloop
  endfacet
  facet normal 0 0 1
    outer loop
      vertex -38.7955 -25.7214 24.2
      vertex -39.9826 -24.1744 24.2
      vertex -39.1 -25.9249 24.2
    endloop
  endfacet
  facet normal -0 0 1
    outer loop
      vertex -40.075 -24.2361 24.2
      vertex -39.1 -25.9249 24.2
      vertex -39.9826 -24.1744 24.2
    endloop
  endfacet
  facet normal 0 0 1
    outer loop
      vertex -39.1 -25.9249 24.2
      vertex -40.075 -24.2361 24.2
      vertex -39.4285 -26.0869 24.2
    endloop
  endfacet
  facet normal -0 0 1
    outer loop
      vertex -40.1747 -24.2853 24.2
      vertex -39.4285 -26.0869 24.2
      vertex -40.075 -24.2361 24.2
    endloop
  endfacet
  facet normal 0 0 1
    outer loop
      vertex -39.4285 -26.0869 24.2
      vertex -40.1747 -24.2853 24.2
      vertex -39.7753 -26.2046 24.2
    endloop
  endfacet
  facet normal -0 0 1
    outer loop
      vertex -40.28 -24.321 24.2
      vertex -39.7753 -26.2046 24.2
      vertex -40.1747 -24.2853 24.2
    endloop
  endfacet
  facet normal 0 0 1
    outer loop
      vertex -39.7753 -26.2046 24.2
      vertex -40.28 -24.321 24.2
      vertex -40.1345 -26.276 24.2
    endloop
  endfacet
  facet normal -0 0 1
    outer loop
      vertex -40.3891 -24.3427 24.2
      vertex -40.1345 -26.276 24.2
      vertex -40.28 -24.321 24.2
    endloop
  endfacet
  facet normal -0 0 1
    outer loop
      vertex -40.5 -24.35 24.2
      vertex -40.1345 -26.276 24.2
      vertex -40.3891 -24.3427 24.2
    endloop
  endfacet
  facet normal 0 0 1
    outer loop
      vertex -40.5 -24.35 24.2
      vertex -40.5 -26.3 24.2
      vertex -40.1345 -26.276 24.2
    endloop
  endfacet
  facet normal 0 0 1
    outer loop
      vertex -40.6109 -24.3427 24.2
      vertex -40.5 -26.3 24.2
      vertex -40.5 -24.35 24.2
    endloop
  endfacet
  facet normal 0 0 1
    outer loop
      vertex -40.8655 -26.276 24.2
      vertex -40.6109 -24.3427 24.2
      vertex -40.72 -24.321 24.2
    endloop
  endfacet
  facet normal 0 0 1
    outer loop
      vertex -41.2247 -26.2046 24.2
      vertex -40.72 -24.321 24.2
      vertex -40.8253 -24.2853 24.2
    endloop
  endfacet
  facet normal 0 0 1
    outer loop
      vertex -40.6109 -24.3427 24.2
      vertex -40.8655 -26.276 24.2
      vertex -40.5 -26.3 24.2
    endloop
  endfacet
  facet normal 0 0 1
    outer loop
      vertex -41.5715 -26.0869 24.2
      vertex -40.8253 -24.2853 24.2
      vertex -40.925 -24.2361 24.2
    endloop
  endfacet
  facet normal 0 0 1
    outer loop
      vertex -41.9 -25.9249 24.2
      vertex -40.925 -24.2361 24.2
      vertex -41.0174 -24.1744 24.2
    endloop
  endfacet
  facet normal 0 0 1
    outer loop
      vertex -42.2045 -25.7214 24.2
      vertex -41.0174 -24.1744 24.2
      vertex -41.101 -24.101 24.2
    endloop
  endfacet
  facet normal 0 0 1
    outer loop
      vertex -42.4799 -25.4799 24.2
      vertex -41.101 -24.101 24.2
      vertex -41.1744 -24.0174 24.2
    endloop
  endfacet
  facet normal 0 0 1
    outer loop
      vertex -40.72 -24.321 24.2
      vertex -41.2247 -26.2046 24.2
      vertex -40.8655 -26.276 24.2
    endloop
  endfacet
  facet normal 0 0 1
    outer loop
      vertex -42.7214 -25.2045 24.2
      vertex -41.1744 -24.0174 24.2
      vertex -41.2361 -23.925 24.2
    endloop
  endfacet
  facet normal 0 0 1
    outer loop
      vertex -42.9249 -24.9 24.2
      vertex -41.2361 -23.925 24.2
      vertex -41.2853 -23.8253 24.2
    endloop
  endfacet
  facet normal 0 0 1
    outer loop
      vertex -43.0869 -24.5715 24.2
      vertex -41.2853 -23.8253 24.2
      vertex -41.321 -23.72 24.2
    endloop
  endfacet
  facet normal 0 0 1
    outer loop
      vertex -43.2046 -24.2247 24.2
      vertex -41.321 -23.72 24.2
      vertex -41.3427 -23.6109 24.2
    endloop
  endfacet
  facet normal 0 0 1
    outer loop
      vertex -43.276 -23.8655 24.2
      vertex -41.3427 -23.6109 24.2
      vertex -41.35 -23.5 24.2
    endloop
  endfacet
  facet normal -0 0 1
    outer loop
      vertex -42.9249 -22.1 24.2
      vertex -41.2361 -23.075 24.2
      vertex -42.7214 -21.7955 24.2
    endloop
  endfacet
  facet normal 0 0 1
    outer loop
      vertex -40.8253 -24.2853 24.2
      vertex -41.5715 -26.0869 24.2
      vertex -41.2247 -26.2046 24.2
    endloop
  endfacet
  facet normal 0 0 1
    outer loop
      vertex -41.2361 -23.075 24.2
      vertex -42.9249 -22.1 24.2
      vertex -41.2853 -23.1747 24.2
    endloop
  endfacet
  facet normal 0 0 1
    outer loop
      vertex -40.925 -24.2361 24.2
      vertex -41.9 -25.9249 24.2
      vertex -41.5715 -26.0869 24.2
    endloop
  endfacet
  facet normal -0 0 1
    outer loop
      vertex -43.0869 -22.4285 24.2
      vertex -41.2853 -23.1747 24.2
      vertex -42.9249 -22.1 24.2
    endloop
  endfacet
  facet normal 0 0 1
    outer loop
      vertex -41.0174 -24.1744 24.2
      vertex -42.2045 -25.7214 24.2
      vertex -41.9 -25.9249 24.2
    endloop
  endfacet
  facet normal 0 0 1
    outer loop
      vertex -41.2853 -23.1747 24.2
      vertex -43.0869 -22.4285 24.2
      vertex -41.321 -23.28 24.2
    endloop
  endfacet
  facet normal 0 0 1
    outer loop
      vertex -41.101 -24.101 24.2
      vertex -42.4799 -25.4799 24.2
      vertex -42.2045 -25.7214 24.2
    endloop
  endfacet
  facet normal -0 0 1
    outer loop
      vertex -43.2046 -22.7753 24.2
      vertex -41.321 -23.28 24.2
      vertex -43.0869 -22.4285 24.2
    endloop
  endfacet
  facet normal 0 0 1
    outer loop
      vertex -41.1744 -24.0174 24.2
      vertex -42.7214 -25.2045 24.2
      vertex -42.4799 -25.4799 24.2
    endloop
  endfacet
  facet normal 0 0 1
    outer loop
      vertex -41.321 -23.28 24.2
      vertex -43.2046 -22.7753 24.2
      vertex -41.3427 -23.3891 24.2
    endloop
  endfacet
  facet normal 0 0 1
    outer loop
      vertex -41.2361 -23.925 24.2
      vertex -42.9249 -24.9 24.2
      vertex -42.7214 -25.2045 24.2
    endloop
  endfacet
  facet normal -0 0 1
    outer loop
      vertex -43.276 -23.1345 24.2
      vertex -41.3427 -23.3891 24.2
      vertex -43.2046 -22.7753 24.2
    endloop
  endfacet
  facet normal 0 0 1
    outer loop
      vertex -41.2853 -23.8253 24.2
      vertex -43.0869 -24.5715 24.2
      vertex -42.9249 -24.9 24.2
    endloop
  endfacet
  facet normal 0 0 1
    outer loop
      vertex -41.3427 -23.3891 24.2
      vertex -43.276 -23.1345 24.2
      vertex -41.35 -23.5 24.2
    endloop
  endfacet
  facet normal 0 0 1
    outer loop
      vertex -41.321 -23.72 24.2
      vertex -43.2046 -24.2247 24.2
      vertex -43.0869 -24.5715 24.2
    endloop
  endfacet
  facet normal 0 0 1
    outer loop
      vertex -43.3 -23.5 24.2
      vertex -41.35 -23.5 24.2
      vertex -43.276 -23.1345 24.2
    endloop
  endfacet
  facet normal 0 0 1
    outer loop
      vertex -41.3427 -23.6109 24.2
      vertex -43.276 -23.8655 24.2
      vertex -43.2046 -24.2247 24.2
    endloop
  endfacet
  facet normal 0 0 1
    outer loop
      vertex -41.35 -23.5 24.2
      vertex -43.3 -23.5 24.2
      vertex -43.276 -23.8655 24.2
    endloop
  endfacet
  facet normal -0.659316 0.751866 0
    outer loop
      vertex -42.2045 -21.2786 2.2
      vertex -42.4799 -21.5201 24.2
      vertex -42.2045 -21.2786 24.2
    endloop
  endfacet
  facet normal -0.659316 0.751866 0
    outer loop
      vertex -42.4799 -21.5201 24.2
      vertex -42.2045 -21.2786 2.2
      vertex -42.4799 -21.5201 2.2
    endloop
  endfacet
  facet normal -0.194961 0.980811 0
    outer loop
      vertex -40.8655 -20.724 2.2
      vertex -41.2247 -20.7954 24.2
      vertex -40.8655 -20.724 24.2
    endloop
  endfacet
  facet normal -0.194961 0.980811 0
    outer loop
      vertex -41.2247 -20.7954 24.2
      vertex -40.8655 -20.724 2.2
      vertex -41.2247 -20.7954 2.2
    endloop
  endfacet
  facet normal 0.0655224 -0.997851 0
    outer loop
      vertex -40.5 -26.3 2.2
      vertex -40.1345 -26.276 24.2
      vertex -40.5 -26.3 24.2
    endloop
  endfacet
  facet normal 0.0655224 -0.997851 0
    outer loop
      vertex -40.1345 -26.276 24.2
      vertex -40.5 -26.3 2.2
      vertex -40.1345 -26.276 2.2
    endloop
  endfacet
  facet normal 0.321384 -0.946949 0
    outer loop
      vertex -39.7753 -26.2046 2.2
      vertex -39.4285 -26.0869 24.2
      vertex -39.7753 -26.2046 24.2
    endloop
  endfacet
  facet normal 0.321384 -0.946949 0
    outer loop
      vertex -39.4285 -26.0869 24.2
      vertex -39.7753 -26.2046 2.2
      vertex -39.4285 -26.0869 2.2
    endloop
  endfacet
  facet normal 0.659316 -0.751866 0
    outer loop
      vertex -38.7955 -25.7214 2.2
      vertex -38.5201 -25.4799 24.2
      vertex -38.7955 -25.7214 24.2
    endloop
  endfacet
  facet normal 0.659316 -0.751866 0
    outer loop
      vertex -38.5201 -25.4799 24.2
      vertex -38.7955 -25.7214 2.2
      vertex -38.5201 -25.4799 2.2
    endloop
  endfacet
  facet normal 0.442292 -0.896871 0
    outer loop
      vertex -39.4285 -26.0869 2.2
      vertex -39.1 -25.9249 24.2
      vertex -39.4285 -26.0869 24.2
    endloop
  endfacet
  facet normal 0.442292 -0.896871 0
    outer loop
      vertex -39.1 -25.9249 24.2
      vertex -39.4285 -26.0869 2.2
      vertex -39.1 -25.9249 2.2
    endloop
  endfacet
  facet normal 0.946949 -0.321384 0
    outer loop
      vertex -37.9131 -24.5715 24.2
      vertex -37.7954 -24.2247 2.2
      vertex -37.7954 -24.2247 24.2
    endloop
  endfacet
  facet normal 0.946949 -0.321384 0
    outer loop
      vertex -37.7954 -24.2247 2.2
      vertex -37.9131 -24.5715 24.2
      vertex -37.9131 -24.5715 2.2
    endloop
  endfacet
  facet normal 0.83142 -0.555645 0
    outer loop
      vertex -38.2786 -25.2045 24.2
      vertex -38.0751 -24.9 2.2
      vertex -38.0751 -24.9 24.2
    endloop
  endfacet
  facet normal 0.83142 -0.555645 0
    outer loop
      vertex -38.0751 -24.9 2.2
      vertex -38.2786 -25.2045 24.2
      vertex -38.2786 -25.2045 2.2
    endloop
  endfacet
  facet normal -0.555645 -0.83142 0
    outer loop
      vertex -42.2045 -25.7214 2.2
      vertex -41.9 -25.9249 24.2
      vertex -42.2045 -25.7214 24.2
    endloop
  endfacet
  facet normal -0.555645 -0.83142 -0
    outer loop
      vertex -41.9 -25.9249 24.2
      vertex -42.2045 -25.7214 2.2
      vertex -41.9 -25.9249 2.2
    endloop
  endfacet
  facet normal -0.194961 -0.980811 0
    outer loop
      vertex -41.2247 -26.2046 2.2
      vertex -40.8655 -26.276 24.2
      vertex -41.2247 -26.2046 24.2
    endloop
  endfacet
  facet normal -0.194961 -0.980811 -0
    outer loop
      vertex -40.8655 -26.276 24.2
      vertex -41.2247 -26.2046 2.2
      vertex -40.8655 -26.276 2.2
    endloop
  endfacet
  facet normal -0.896871 -0.442292 0
    outer loop
      vertex -42.9249 -24.9 2.2
      vertex -43.0869 -24.5715 24.2
      vertex -43.0869 -24.5715 2.2
    endloop
  endfacet
  facet normal -0.896871 -0.442292 0
    outer loop
      vertex -43.0869 -24.5715 24.2
      vertex -42.9249 -24.9 2.2
      vertex -42.9249 -24.9 24.2
    endloop
  endfacet
  facet normal -0.751866 -0.659316 0
    outer loop
      vertex -42.4799 -25.4799 2.2
      vertex -42.7214 -25.2045 24.2
      vertex -42.7214 -25.2045 2.2
    endloop
  endfacet
  facet normal -0.751866 -0.659316 0
    outer loop
      vertex -42.7214 -25.2045 24.2
      vertex -42.4799 -25.4799 2.2
      vertex -42.4799 -25.4799 24.2
    endloop
  endfacet
  facet normal -0.946949 -0.321384 0
    outer loop
      vertex -43.0869 -24.5715 2.2
      vertex -43.2046 -24.2247 24.2
      vertex -43.2046 -24.2247 2.2
    endloop
  endfacet
  facet normal -0.946949 -0.321384 0
    outer loop
      vertex -43.2046 -24.2247 24.2
      vertex -43.0869 -24.5715 2.2
      vertex -43.0869 -24.5715 24.2
    endloop
  endfacet
  facet normal -0.997851 -0.0655224 0
    outer loop
      vertex -43.276 -23.8655 2.2
      vertex -43.3 -23.5 24.2
      vertex -43.3 -23.5 2.2
    endloop
  endfacet
  facet normal -0.997851 -0.0655224 0
    outer loop
      vertex -43.3 -23.5 24.2
      vertex -43.276 -23.8655 2.2
      vertex -43.276 -23.8655 24.2
    endloop
  endfacet
  facet normal 0.194961 -0.980811 0
    outer loop
      vertex -40.1345 -26.276 2.2
      vertex -39.7753 -26.2046 24.2
      vertex -40.1345 -26.276 24.2
    endloop
  endfacet
  facet normal 0.194961 -0.980811 0
    outer loop
      vertex -39.7753 -26.2046 24.2
      vertex -40.1345 -26.276 2.2
      vertex -39.7753 -26.2046 2.2
    endloop
  endfacet
  facet normal 0.751866 -0.659316 0
    outer loop
      vertex -38.5201 -25.4799 24.2
      vertex -38.2786 -25.2045 2.2
      vertex -38.2786 -25.2045 24.2
    endloop
  endfacet
  facet normal 0.751866 -0.659316 0
    outer loop
      vertex -38.2786 -25.2045 2.2
      vertex -38.5201 -25.4799 24.2
      vertex -38.5201 -25.4799 2.2
    endloop
  endfacet
  facet normal 0.555645 -0.83142 0
    outer loop
      vertex -39.1 -25.9249 2.2
      vertex -38.7955 -25.7214 24.2
      vertex -39.1 -25.9249 24.2
    endloop
  endfacet
  facet normal 0.555645 -0.83142 0
    outer loop
      vertex -38.7955 -25.7214 24.2
      vertex -39.1 -25.9249 2.2
      vertex -38.7955 -25.7214 2.2
    endloop
  endfacet
  facet normal 0.980811 -0.194961 0
    outer loop
      vertex -37.7954 -24.2247 24.2
      vertex -37.724 -23.8655 2.2
      vertex -37.724 -23.8655 24.2
    endloop
  endfacet
  facet normal 0.980811 -0.194961 0
    outer loop
      vertex -37.724 -23.8655 2.2
      vertex -37.7954 -24.2247 24.2
      vertex -37.7954 -24.2247 2.2
    endloop
  endfacet
  facet normal 0.896871 -0.442292 0
    outer loop
      vertex -38.0751 -24.9 24.2
      vertex -37.9131 -24.5715 2.2
      vertex -37.9131 -24.5715 24.2
    endloop
  endfacet
  facet normal 0.896871 -0.442292 0
    outer loop
      vertex -37.9131 -24.5715 2.2
      vertex -38.0751 -24.9 24.2
      vertex -38.0751 -24.9 2.2
    endloop
  endfacet
  facet normal -0.83142 -0.555645 0
    outer loop
      vertex -42.7214 -25.2045 2.2
      vertex -42.9249 -24.9 24.2
      vertex -42.9249 -24.9 2.2
    endloop
  endfacet
  facet normal -0.83142 -0.555645 0
    outer loop
      vertex -42.9249 -24.9 24.2
      vertex -42.7214 -25.2045 2.2
      vertex -42.7214 -25.2045 24.2
    endloop
  endfacet
  facet normal -0.980811 -0.194961 0
    outer loop
      vertex -43.2046 -24.2247 2.2
      vertex -43.276 -23.8655 24.2
      vertex -43.276 -23.8655 2.2
    endloop
  endfacet
  facet normal -0.980811 -0.194961 0
    outer loop
      vertex -43.276 -23.8655 24.2
      vertex -43.2046 -24.2247 2.2
      vertex -43.2046 -24.2247 24.2
    endloop
  endfacet
  facet normal 0.997851 -0.0655224 0
    outer loop
      vertex -37.724 -23.8655 24.2
      vertex -37.7 -23.5 2.2
      vertex -37.7 -23.5 24.2
    endloop
  endfacet
  facet normal 0.997851 -0.0655224 0
    outer loop
      vertex -37.7 -23.5 2.2
      vertex -37.724 -23.8655 24.2
      vertex -37.724 -23.8655 2.2
    endloop
  endfacet
  facet normal 1 -0 0
    outer loop
      vertex -103.7 -12.9 4
      vertex -103.7 12.9 0
      vertex -103.7 12.9 4
    endloop
  endfacet
  facet normal 1 0 0
    outer loop
      vertex -103.7 12.9 0
      vertex -103.7 -12.9 4
      vertex -103.7 -12.9 0
    endloop
  endfacet
  facet normal -1 0 0
    outer loop
      vertex -100.3 -12.9 0
      vertex -100.3 12.9 4
      vertex -100.3 12.9 0
    endloop
  endfacet
  facet normal -1 -0 0
    outer loop
      vertex -100.3 12.9 4
      vertex -100.3 -12.9 0
      vertex -100.3 -12.9 4
    endloop
  endfacet
  facet normal 0 -1 0
    outer loop
      vertex -103.7 12.9 0
      vertex -100.3 12.9 4
      vertex -103.7 12.9 4
    endloop
  endfacet
  facet normal 0 -1 -0
    outer loop
      vertex -100.3 12.9 4
      vertex -103.7 12.9 0
      vertex -100.3 12.9 0
    endloop
  endfacet
  facet normal 0 1 -0
    outer loop
      vertex -100.3 -12.9 0
      vertex -103.7 -12.9 4
      vertex -100.3 -12.9 4
    endloop
  endfacet
  facet normal 0 1 0
    outer loop
      vertex -103.7 -12.9 4
      vertex -100.3 -12.9 0
      vertex -103.7 -12.9 0
    endloop
  endfacet
  facet normal 1 -0 0
    outer loop
      vertex -6.7 -12.9 4
      vertex -6.7 12.9 0
      vertex -6.7 12.9 4
    endloop
  endfacet
  facet normal 1 0 0
    outer loop
      vertex -6.7 12.9 0
      vertex -6.7 -12.9 4
      vertex -6.7 -12.9 0
    endloop
  endfacet
  facet normal -1 0 0
    outer loop
      vertex -3.3 -12.9 0
      vertex -3.3 12.9 4
      vertex -3.3 12.9 0
    endloop
  endfacet
  facet normal -1 -0 0
    outer loop
      vertex -3.3 12.9 4
      vertex -3.3 -12.9 0
      vertex -3.3 -12.9 4
    endloop
  endfacet
  facet normal 0 -1 0
    outer loop
      vertex -6.7 12.9 0
      vertex -3.3 12.9 4
      vertex -6.7 12.9 4
    endloop
  endfacet
  facet normal 0 -1 -0
    outer loop
      vertex -3.3 12.9 4
      vertex -6.7 12.9 0
      vertex -3.3 12.9 0
    endloop
  endfacet
  facet normal 0 1 -0
    outer loop
      vertex -3.3 -12.9 0
      vertex -6.7 -12.9 4
      vertex -3.3 -12.9 4
    endloop
  endfacet
  facet normal 0 1 0
    outer loop
      vertex -6.7 -12.9 4
      vertex -3.3 -12.9 0
      vertex -6.7 -12.9 0
    endloop
  endfacet
  facet normal -0.896754 -0.44253 0
    outer loop
      vertex -66.7147 -23.1747 16.2
      vertex -66.7639 -23.075 24.2
      vertex -66.7639 -23.075 16.2
    endloop
  endfacet
  facet normal -0.896754 -0.44253 0
    outer loop
      vertex -66.7639 -23.075 24.2
      vertex -66.7147 -23.1747 16.2
      vertex -66.7147 -23.1747 24.2
    endloop
  endfacet
  facet normal -0.831219 -0.555945 0
    outer loop
      vertex -66.7639 -23.075 16.2
      vertex -66.8257 -22.9826 24.2
      vertex -66.8257 -22.9826 16.2
    endloop
  endfacet
  facet normal -0.831219 -0.555945 0
    outer loop
      vertex -66.8257 -22.9826 24.2
      vertex -66.7639 -23.075 16.2
      vertex -66.7639 -23.075 24.2
    endloop
  endfacet
  facet normal -0.32108 -0.947052 0
    outer loop
      vertex -67.28 -22.679 16.2
      vertex -67.1747 -22.7147 24.2
      vertex -67.28 -22.679 24.2
    endloop
  endfacet
  facet normal -0.32108 -0.947052 -0
    outer loop
      vertex -67.1747 -22.7147 24.2
      vertex -67.28 -22.679 16.2
      vertex -67.1747 -22.7147 16.2
    endloop
  endfacet
  facet normal 0.44253 -0.896754 0
    outer loop
      vertex -67.925 -22.7639 16.2
      vertex -67.8253 -22.7147 24.2
      vertex -67.925 -22.7639 24.2
    endloop
  endfacet
  facet normal 0.44253 -0.896754 0
    outer loop
      vertex -67.8253 -22.7147 24.2
      vertex -67.925 -22.7639 16.2
      vertex -67.8253 -22.7147 16.2
    endloop
  endfacet
  facet normal 0.896754 -0.44253 0
    outer loop
      vertex -68.2853 -23.1747 24.2
      vertex -68.2361 -23.075 16.2
      vertex -68.2361 -23.075 24.2
    endloop
  endfacet
  facet normal 0.896754 -0.44253 0
    outer loop
      vertex -68.2361 -23.075 16.2
      vertex -68.2853 -23.1747 24.2
      vertex -68.2853 -23.1747 16.2
    endloop
  endfacet
  facet normal -0.980788 0.195079 0
    outer loop
      vertex -66.679 -23.72 16.2
      vertex -66.6573 -23.6109 24.2
      vertex -66.6573 -23.6109 16.2
    endloop
  endfacet
  facet normal -0.980788 0.195079 0
    outer loop
      vertex -66.6573 -23.6109 24.2
      vertex -66.679 -23.72 16.2
      vertex -66.679 -23.72 24.2
    endloop
  endfacet
  facet normal -0.44253 0.896754 0
    outer loop
      vertex -67.075 -24.2361 16.2
      vertex -67.1747 -24.2853 24.2
      vertex -67.075 -24.2361 24.2
    endloop
  endfacet
  facet normal -0.44253 0.896754 0
    outer loop
      vertex -67.1747 -24.2853 24.2
      vertex -67.075 -24.2361 16.2
      vertex -67.1747 -24.2853 16.2
    endloop
  endfacet
  facet normal -0.0656829 -0.997841 0
    outer loop
      vertex -67.5 -22.65 16.2
      vertex -67.3891 -22.6573 24.2
      vertex -67.5 -22.65 24.2
    endloop
  endfacet
  facet normal -0.0656829 -0.997841 -0
    outer loop
      vertex -67.3891 -22.6573 24.2
      vertex -67.5 -22.65 16.2
      vertex -67.3891 -22.6573 16.2
    endloop
  endfacet
  facet normal 0.997841 -0.0656829 0
    outer loop
      vertex -68.35 -23.5 24.2
      vertex -68.3427 -23.3891 16.2
      vertex -68.3427 -23.3891 24.2
    endloop
  endfacet
  facet normal 0.997841 -0.0656829 0
    outer loop
      vertex -68.3427 -23.3891 16.2
      vertex -68.35 -23.5 24.2
      vertex -68.35 -23.5 16.2
    endloop
  endfacet
  facet normal 0.980788 -0.195079 0
    outer loop
      vertex -68.3427 -23.3891 24.2
      vertex -68.321 -23.28 16.2
      vertex -68.321 -23.28 24.2
    endloop
  endfacet
  facet normal 0.980788 -0.195079 0
    outer loop
      vertex -68.321 -23.28 16.2
      vertex -68.3427 -23.3891 24.2
      vertex -68.3427 -23.3891 16.2
    endloop
  endfacet
  facet normal 0.831219 -0.555945 0
    outer loop
      vertex -68.2361 -23.075 24.2
      vertex -68.1743 -22.9826 16.2
      vertex -68.1743 -22.9826 24.2
    endloop
  endfacet
  facet normal 0.831219 -0.555945 0
    outer loop
      vertex -68.1743 -22.9826 16.2
      vertex -68.2361 -23.075 24.2
      vertex -68.2361 -23.075 16.2
    endloop
  endfacet
  facet normal 0.555323 -0.831635 0
    outer loop
      vertex -68.0174 -22.8256 16.2
      vertex -67.925 -22.7639 24.2
      vertex -68.0174 -22.8256 24.2
    endloop
  endfacet
  facet normal 0.555323 -0.831635 0
    outer loop
      vertex -67.925 -22.7639 24.2
      vertex -68.0174 -22.8256 16.2
      vertex -67.925 -22.7639 16.2
    endloop
  endfacet
  facet normal 0.659776 -0.751462 0
    outer loop
      vertex -68.101 -22.899 16.2
      vertex -68.0174 -22.8256 24.2
      vertex -68.101 -22.899 24.2
    endloop
  endfacet
  facet normal 0.659776 -0.751462 0
    outer loop
      vertex -68.0174 -22.8256 24.2
      vertex -68.101 -22.899 16.2
      vertex -68.0174 -22.8256 16.2
    endloop
  endfacet
  facet normal -0.555323 0.831635 0
    outer loop
      vertex -66.9826 -24.1744 16.2
      vertex -67.075 -24.2361 24.2
      vertex -66.9826 -24.1744 24.2
    endloop
  endfacet
  facet normal -0.555323 0.831635 0
    outer loop
      vertex -67.075 -24.2361 24.2
      vertex -66.9826 -24.1744 16.2
      vertex -67.075 -24.2361 16.2
    endloop
  endfacet
  facet normal -0.947052 0.32108 0
    outer loop
      vertex -66.7147 -23.8253 16.2
      vertex -66.679 -23.72 24.2
      vertex -66.679 -23.72 16.2
    endloop
  endfacet
  facet normal -0.947052 0.32108 0
    outer loop
      vertex -66.679 -23.72 24.2
      vertex -66.7147 -23.8253 16.2
      vertex -66.7147 -23.8253 24.2
    endloop
  endfacet
  facet normal -0.32108 0.947052 0
    outer loop
      vertex -67.1747 -24.2853 16.2
      vertex -67.28 -24.321 24.2
      vertex -67.1747 -24.2853 24.2
    endloop
  endfacet
  facet normal -0.32108 0.947052 0
    outer loop
      vertex -67.28 -24.321 24.2
      vertex -67.1747 -24.2853 16.2
      vertex -67.28 -24.321 16.2
    endloop
  endfacet
  facet normal -0.980788 -0.195079 0
    outer loop
      vertex -66.6573 -23.3891 16.2
      vertex -66.679 -23.28 24.2
      vertex -66.679 -23.28 16.2
    endloop
  endfacet
  facet normal -0.980788 -0.195079 0
    outer loop
      vertex -66.679 -23.28 24.2
      vertex -66.6573 -23.3891 16.2
      vertex -66.6573 -23.3891 24.2
    endloop
  endfacet
  facet normal -0.947052 -0.32108 0
    outer loop
      vertex -66.679 -23.28 16.2
      vertex -66.7147 -23.1747 24.2
      vertex -66.7147 -23.1747 16.2
    endloop
  endfacet
  facet normal -0.947052 -0.32108 0
    outer loop
      vertex -66.7147 -23.1747 24.2
      vertex -66.679 -23.28 16.2
      vertex -66.679 -23.28 24.2
    endloop
  endfacet
  facet normal -0.659776 -0.751462 0
    outer loop
      vertex -66.9826 -22.8256 16.2
      vertex -66.899 -22.899 24.2
      vertex -66.9826 -22.8256 24.2
    endloop
  endfacet
  facet normal -0.659776 -0.751462 -0
    outer loop
      vertex -66.899 -22.899 24.2
      vertex -66.9826 -22.8256 16.2
      vertex -66.899 -22.899 16.2
    endloop
  endfacet
  facet normal -0.751908 -0.659268 0
    outer loop
      vertex -66.8257 -22.9826 16.2
      vertex -66.899 -22.899 24.2
      vertex -66.899 -22.899 16.2
    endloop
  endfacet
  facet normal -0.751908 -0.659268 0
    outer loop
      vertex -66.899 -22.899 24.2
      vertex -66.8257 -22.9826 16.2
      vertex -66.8257 -22.9826 24.2
    endloop
  endfacet
  facet normal 0.0656829 -0.997841 0
    outer loop
      vertex -67.6109 -22.6573 16.2
      vertex -67.5 -22.65 24.2
      vertex -67.6109 -22.6573 24.2
    endloop
  endfacet
  facet normal 0.0656829 -0.997841 0
    outer loop
      vertex -67.5 -22.65 24.2
      vertex -67.6109 -22.6573 16.2
      vertex -67.5 -22.65 16.2
    endloop
  endfacet
  facet normal -0.195079 -0.980788 0
    outer loop
      vertex -67.3891 -22.6573 16.2
      vertex -67.28 -22.679 24.2
      vertex -67.3891 -22.6573 24.2
    endloop
  endfacet
  facet normal -0.195079 -0.980788 -0
    outer loop
      vertex -67.28 -22.679 24.2
      vertex -67.3891 -22.6573 16.2
      vertex -67.28 -22.679 16.2
    endloop
  endfacet
  facet normal -0.555323 -0.831635 0
    outer loop
      vertex -67.075 -22.7639 16.2
      vertex -66.9826 -22.8256 24.2
      vertex -67.075 -22.7639 24.2
    endloop
  endfacet
  facet normal -0.555323 -0.831635 -0
    outer loop
      vertex -66.9826 -22.8256 24.2
      vertex -67.075 -22.7639 16.2
      vertex -66.9826 -22.8256 16.2
    endloop
  endfacet
  facet normal -0.44253 -0.896754 0
    outer loop
      vertex -67.1747 -22.7147 16.2
      vertex -67.075 -22.7639 24.2
      vertex -67.1747 -22.7147 24.2
    endloop
  endfacet
  facet normal -0.44253 -0.896754 -0
    outer loop
      vertex -67.075 -22.7639 24.2
      vertex -67.1747 -22.7147 16.2
      vertex -67.075 -22.7639 16.2
    endloop
  endfacet
  facet normal 0.947052 -0.32108 0
    outer loop
      vertex -68.321 -23.28 24.2
      vertex -68.2853 -23.1747 16.2
      vertex -68.2853 -23.1747 24.2
    endloop
  endfacet
  facet normal 0.947052 -0.32108 0
    outer loop
      vertex -68.2853 -23.1747 16.2
      vertex -68.321 -23.28 24.2
      vertex -68.321 -23.28 16.2
    endloop
  endfacet
  facet normal 0.195079 -0.980788 0
    outer loop
      vertex -67.72 -22.679 16.2
      vertex -67.6109 -22.6573 24.2
      vertex -67.72 -22.679 24.2
    endloop
  endfacet
  facet normal 0.195079 -0.980788 0
    outer loop
      vertex -67.6109 -22.6573 24.2
      vertex -67.72 -22.679 16.2
      vertex -67.6109 -22.6573 16.2
    endloop
  endfacet
  facet normal 0.32108 -0.947052 0
    outer loop
      vertex -67.8253 -22.7147 16.2
      vertex -67.72 -22.679 24.2
      vertex -67.8253 -22.7147 24.2
    endloop
  endfacet
  facet normal 0.32108 -0.947052 0
    outer loop
      vertex -67.72 -22.679 24.2
      vertex -67.8253 -22.7147 16.2
      vertex -67.72 -22.679 16.2
    endloop
  endfacet
  facet normal 0.751908 -0.659268 0
    outer loop
      vertex -68.1743 -22.9826 24.2
      vertex -68.101 -22.899 16.2
      vertex -68.101 -22.899 24.2
    endloop
  endfacet
  facet normal 0.751908 -0.659268 0
    outer loop
      vertex -68.101 -22.899 16.2
      vertex -68.1743 -22.9826 24.2
      vertex -68.1743 -22.9826 16.2
    endloop
  endfacet
  facet normal -0.997841 -0.0656829 0
    outer loop
      vertex -66.65 -23.5 16.2
      vertex -66.6573 -23.3891 24.2
      vertex -66.6573 -23.3891 16.2
    endloop
  endfacet
  facet normal -0.997841 -0.0656829 0
    outer loop
      vertex -66.6573 -23.3891 24.2
      vertex -66.65 -23.5 16.2
      vertex -66.65 -23.5 24.2
    endloop
  endfacet
  facet normal -0.831219 0.555945 0
    outer loop
      vertex -66.8257 -24.0174 16.2
      vertex -66.7639 -23.925 24.2
      vertex -66.7639 -23.925 16.2
    endloop
  endfacet
  facet normal -0.831219 0.555945 0
    outer loop
      vertex -66.7639 -23.925 24.2
      vertex -66.8257 -24.0174 16.2
      vertex -66.8257 -24.0174 24.2
    endloop
  endfacet
  facet normal -0.896754 0.44253 0
    outer loop
      vertex -66.7639 -23.925 16.2
      vertex -66.7147 -23.8253 24.2
      vertex -66.7147 -23.8253 16.2
    endloop
  endfacet
  facet normal -0.896754 0.44253 0
    outer loop
      vertex -66.7147 -23.8253 24.2
      vertex -66.7639 -23.925 16.2
      vertex -66.7639 -23.925 24.2
    endloop
  endfacet
  facet normal 0.997841 0.0656829 0
    outer loop
      vertex -68.3427 -23.6109 24.2
      vertex -68.35 -23.5 16.2
      vertex -68.35 -23.5 24.2
    endloop
  endfacet
  facet normal 0.997841 0.0656829 0
    outer loop
      vertex -68.35 -23.5 16.2
      vertex -68.3427 -23.6109 24.2
      vertex -68.3427 -23.6109 16.2
    endloop
  endfacet
  facet normal 0.980788 0.195079 0
    outer loop
      vertex -68.321 -23.72 24.2
      vertex -68.3427 -23.6109 16.2
      vertex -68.3427 -23.6109 24.2
    endloop
  endfacet
  facet normal 0.980788 0.195079 0
    outer loop
      vertex -68.3427 -23.6109 16.2
      vertex -68.321 -23.72 24.2
      vertex -68.321 -23.72 16.2
    endloop
  endfacet
  facet normal -0.195079 0.980788 0
    outer loop
      vertex -67.28 -24.321 16.2
      vertex -67.3891 -24.3427 24.2
      vertex -67.28 -24.321 24.2
    endloop
  endfacet
  facet normal -0.195079 0.980788 0
    outer loop
      vertex -67.3891 -24.3427 24.2
      vertex -67.28 -24.321 16.2
      vertex -67.3891 -24.3427 16.2
    endloop
  endfacet
  facet normal -0.997841 0.0656829 0
    outer loop
      vertex -66.6573 -23.6109 16.2
      vertex -66.65 -23.5 24.2
      vertex -66.65 -23.5 16.2
    endloop
  endfacet
  facet normal -0.997841 0.0656829 0
    outer loop
      vertex -66.65 -23.5 24.2
      vertex -66.6573 -23.6109 16.2
      vertex -66.6573 -23.6109 24.2
    endloop
  endfacet
  facet normal 0.32108 0.947052 -0
    outer loop
      vertex -67.72 -24.321 16.2
      vertex -67.8253 -24.2853 24.2
      vertex -67.72 -24.321 24.2
    endloop
  endfacet
  facet normal 0.32108 0.947052 0
    outer loop
      vertex -67.8253 -24.2853 24.2
      vertex -67.72 -24.321 16.2
      vertex -67.8253 -24.2853 16.2
    endloop
  endfacet
  facet normal 0.0656829 0.997841 -0
    outer loop
      vertex -67.5 -24.35 16.2
      vertex -67.6109 -24.3427 24.2
      vertex -67.5 -24.35 24.2
    endloop
  endfacet
  facet normal 0.0656829 0.997841 0
    outer loop
      vertex -67.6109 -24.3427 24.2
      vertex -67.5 -24.35 16.2
      vertex -67.6109 -24.3427 16.2
    endloop
  endfacet
  facet normal 0 0 1
    outer loop
      vertex -66.6573 -23.3891 16.2
      vertex -66.6573 -23.6109 16.2
      vertex -66.65 -23.5 16.2
    endloop
  endfacet
  facet normal 0 0 1
    outer loop
      vertex -66.679 -23.28 16.2
      vertex -66.6573 -23.6109 16.2
      vertex -66.6573 -23.3891 16.2
    endloop
  endfacet
  facet normal 0 0 1
    outer loop
      vertex -66.679 -23.28 16.2
      vertex -66.679 -23.72 16.2
      vertex -66.6573 -23.6109 16.2
    endloop
  endfacet
  facet normal 0 0 1
    outer loop
      vertex -66.7147 -23.1747 16.2
      vertex -66.679 -23.72 16.2
      vertex -66.679 -23.28 16.2
    endloop
  endfacet
  facet normal 0 0 1
    outer loop
      vertex -66.7147 -23.1747 16.2
      vertex -66.7147 -23.8253 16.2
      vertex -66.679 -23.72 16.2
    endloop
  endfacet
  facet normal 0 0 1
    outer loop
      vertex -66.7639 -23.075 16.2
      vertex -66.7147 -23.8253 16.2
      vertex -66.7147 -23.1747 16.2
    endloop
  endfacet
  facet normal 0 0 1
    outer loop
      vertex -66.7639 -23.075 16.2
      vertex -66.7639 -23.925 16.2
      vertex -66.7147 -23.8253 16.2
    endloop
  endfacet
  facet normal 0 0 1
    outer loop
      vertex -66.8257 -22.9826 16.2
      vertex -66.7639 -23.925 16.2
      vertex -66.7639 -23.075 16.2
    endloop
  endfacet
  facet normal 0 0 1
    outer loop
      vertex -66.8257 -22.9826 16.2
      vertex -66.8257 -24.0174 16.2
      vertex -66.7639 -23.925 16.2
    endloop
  endfacet
  facet normal 0 0 1
    outer loop
      vertex -66.899 -22.899 16.2
      vertex -66.8257 -24.0174 16.2
      vertex -66.8257 -22.9826 16.2
    endloop
  endfacet
  facet normal 0 0 1
    outer loop
      vertex -66.899 -22.899 16.2
      vertex -66.899 -24.101 16.2
      vertex -66.8257 -24.0174 16.2
    endloop
  endfacet
  facet normal 0 0 1
    outer loop
      vertex -66.9826 -22.8256 16.2
      vertex -66.899 -24.101 16.2
      vertex -66.899 -22.899 16.2
    endloop
  endfacet
  facet normal 0 0 1
    outer loop
      vertex -66.9826 -22.8256 16.2
      vertex -66.9826 -24.1744 16.2
      vertex -66.899 -24.101 16.2
    endloop
  endfacet
  facet normal 0 0 1
    outer loop
      vertex -67.075 -22.7639 16.2
      vertex -66.9826 -24.1744 16.2
      vertex -66.9826 -22.8256 16.2
    endloop
  endfacet
  facet normal 0 0 1
    outer loop
      vertex -67.075 -22.7639 16.2
      vertex -67.075 -24.2361 16.2
      vertex -66.9826 -24.1744 16.2
    endloop
  endfacet
  facet normal 0 0 1
    outer loop
      vertex -67.1747 -22.7147 16.2
      vertex -67.075 -24.2361 16.2
      vertex -67.075 -22.7639 16.2
    endloop
  endfacet
  facet normal 0 0 1
    outer loop
      vertex -67.1747 -22.7147 16.2
      vertex -67.1747 -24.2853 16.2
      vertex -67.075 -24.2361 16.2
    endloop
  endfacet
  facet normal 0 0 1
    outer loop
      vertex -67.28 -22.679 16.2
      vertex -67.1747 -24.2853 16.2
      vertex -67.1747 -22.7147 16.2
    endloop
  endfacet
  facet normal 0 0 1
    outer loop
      vertex -67.28 -22.679 16.2
      vertex -67.28 -24.321 16.2
      vertex -67.1747 -24.2853 16.2
    endloop
  endfacet
  facet normal 0 0 1
    outer loop
      vertex -67.3891 -22.6573 16.2
      vertex -67.28 -24.321 16.2
      vertex -67.28 -22.679 16.2
    endloop
  endfacet
  facet normal 0 0 1
    outer loop
      vertex -67.3891 -22.6573 16.2
      vertex -67.3891 -24.3427 16.2
      vertex -67.28 -24.321 16.2
    endloop
  endfacet
  facet normal 0 0 1
    outer loop
      vertex -67.5 -22.65 16.2
      vertex -67.3891 -24.3427 16.2
      vertex -67.3891 -22.6573 16.2
    endloop
  endfacet
  facet normal 0 0 1
    outer loop
      vertex -67.5 -22.65 16.2
      vertex -67.5 -24.35 16.2
      vertex -67.3891 -24.3427 16.2
    endloop
  endfacet
  facet normal -0 0 1
    outer loop
      vertex -67.6109 -22.6573 16.2
      vertex -67.5 -24.35 16.2
      vertex -67.5 -22.65 16.2
    endloop
  endfacet
  facet normal 0 0 1
    outer loop
      vertex -67.6109 -22.6573 16.2
      vertex -67.6109 -24.3427 16.2
      vertex -67.5 -24.35 16.2
    endloop
  endfacet
  facet normal -0 0 1
    outer loop
      vertex -67.72 -22.679 16.2
      vertex -67.6109 -24.3427 16.2
      vertex -67.6109 -22.6573 16.2
    endloop
  endfacet
  facet normal 0 0 1
    outer loop
      vertex -67.72 -22.679 16.2
      vertex -67.72 -24.321 16.2
      vertex -67.6109 -24.3427 16.2
    endloop
  endfacet
  facet normal -0 0 1
    outer loop
      vertex -67.8253 -22.7147 16.2
      vertex -67.72 -24.321 16.2
      vertex -67.72 -22.679 16.2
    endloop
  endfacet
  facet normal 0 0 1
    outer loop
      vertex -67.8253 -22.7147 16.2
      vertex -67.8253 -24.2853 16.2
      vertex -67.72 -24.321 16.2
    endloop
  endfacet
  facet normal -0 0 1
    outer loop
      vertex -67.925 -22.7639 16.2
      vertex -67.8253 -24.2853 16.2
      vertex -67.8253 -22.7147 16.2
    endloop
  endfacet
  facet normal 0 0 1
    outer loop
      vertex -67.925 -22.7639 16.2
      vertex -67.925 -24.2361 16.2
      vertex -67.8253 -24.2853 16.2
    endloop
  endfacet
  facet normal -0 0 1
    outer loop
      vertex -68.0174 -22.8256 16.2
      vertex -67.925 -24.2361 16.2
      vertex -67.925 -22.7639 16.2
    endloop
  endfacet
  facet normal 0 0 1
    outer loop
      vertex -68.0174 -22.8256 16.2
      vertex -68.0174 -24.1744 16.2
      vertex -67.925 -24.2361 16.2
    endloop
  endfacet
  facet normal -0 0 1
    outer loop
      vertex -68.101 -22.899 16.2
      vertex -68.0174 -24.1744 16.2
      vertex -68.0174 -22.8256 16.2
    endloop
  endfacet
  facet normal 0 0 1
    outer loop
      vertex -68.101 -22.899 16.2
      vertex -68.101 -24.101 16.2
      vertex -68.0174 -24.1744 16.2
    endloop
  endfacet
  facet normal -0 0 1
    outer loop
      vertex -68.1743 -22.9826 16.2
      vertex -68.101 -24.101 16.2
      vertex -68.101 -22.899 16.2
    endloop
  endfacet
  facet normal 0 0 1
    outer loop
      vertex -68.1743 -22.9826 16.2
      vertex -68.1743 -24.0174 16.2
      vertex -68.101 -24.101 16.2
    endloop
  endfacet
  facet normal -0 0 1
    outer loop
      vertex -68.2361 -23.075 16.2
      vertex -68.1743 -24.0174 16.2
      vertex -68.1743 -22.9826 16.2
    endloop
  endfacet
  facet normal 0 0 1
    outer loop
      vertex -68.2361 -23.075 16.2
      vertex -68.2361 -23.925 16.2
      vertex -68.1743 -24.0174 16.2
    endloop
  endfacet
  facet normal -0 0 1
    outer loop
      vertex -68.2853 -23.1747 16.2
      vertex -68.2361 -23.925 16.2
      vertex -68.2361 -23.075 16.2
    endloop
  endfacet
  facet normal 0 0 1
    outer loop
      vertex -68.2853 -23.1747 16.2
      vertex -68.2853 -23.8253 16.2
      vertex -68.2361 -23.925 16.2
    endloop
  endfacet
  facet normal -0 0 1
    outer loop
      vertex -68.321 -23.28 16.2
      vertex -68.2853 -23.8253 16.2
      vertex -68.2853 -23.1747 16.2
    endloop
  endfacet
  facet normal 0 0 1
    outer loop
      vertex -68.321 -23.28 16.2
      vertex -68.321 -23.72 16.2
      vertex -68.2853 -23.8253 16.2
    endloop
  endfacet
  facet normal -0 0 1
    outer loop
      vertex -68.3427 -23.3891 16.2
      vertex -68.321 -23.72 16.2
      vertex -68.321 -23.28 16.2
    endloop
  endfacet
  facet normal 0 0 1
    outer loop
      vertex -68.3427 -23.3891 16.2
      vertex -68.3427 -23.6109 16.2
      vertex -68.321 -23.72 16.2
    endloop
  endfacet
  facet normal 0 -0 1
    outer loop
      vertex -68.3427 -23.6109 16.2
      vertex -68.3427 -23.3891 16.2
      vertex -68.35 -23.5 16.2
    endloop
  endfacet
  facet normal 0.947052 0.32108 0
    outer loop
      vertex -68.2853 -23.8253 24.2
      vertex -68.321 -23.72 16.2
      vertex -68.321 -23.72 24.2
    endloop
  endfacet
  facet normal 0.947052 0.32108 0
    outer loop
      vertex -68.321 -23.72 16.2
      vertex -68.2853 -23.8253 24.2
      vertex -68.2853 -23.8253 16.2
    endloop
  endfacet
  facet normal 0.751908 0.659268 0
    outer loop
      vertex -68.101 -24.101 24.2
      vertex -68.1743 -24.0174 16.2
      vertex -68.1743 -24.0174 24.2
    endloop
  endfacet
  facet normal 0.751908 0.659268 0
    outer loop
      vertex -68.1743 -24.0174 16.2
      vertex -68.101 -24.101 24.2
      vertex -68.101 -24.101 16.2
    endloop
  endfacet
  facet normal -0.659776 0.751462 0
    outer loop
      vertex -66.899 -24.101 16.2
      vertex -66.9826 -24.1744 24.2
      vertex -66.899 -24.101 24.2
    endloop
  endfacet
  facet normal -0.659776 0.751462 0
    outer loop
      vertex -66.9826 -24.1744 24.2
      vertex -66.899 -24.101 16.2
      vertex -66.9826 -24.1744 16.2
    endloop
  endfacet
  facet normal -0.751908 0.659268 0
    outer loop
      vertex -66.899 -24.101 16.2
      vertex -66.8257 -24.0174 24.2
      vertex -66.8257 -24.0174 16.2
    endloop
  endfacet
  facet normal -0.751908 0.659268 0
    outer loop
      vertex -66.8257 -24.0174 24.2
      vertex -66.899 -24.101 16.2
      vertex -66.899 -24.101 24.2
    endloop
  endfacet
  facet normal 0.555323 0.831635 -0
    outer loop
      vertex -67.925 -24.2361 16.2
      vertex -68.0174 -24.1744 24.2
      vertex -67.925 -24.2361 24.2
    endloop
  endfacet
  facet normal 0.555323 0.831635 0
    outer loop
      vertex -68.0174 -24.1744 24.2
      vertex -67.925 -24.2361 16.2
      vertex -68.0174 -24.1744 16.2
    endloop
  endfacet
  facet normal -0.0656829 0.997841 0
    outer loop
      vertex -67.3891 -24.3427 16.2
      vertex -67.5 -24.35 24.2
      vertex -67.3891 -24.3427 24.2
    endloop
  endfacet
  facet normal -0.0656829 0.997841 0
    outer loop
      vertex -67.5 -24.35 24.2
      vertex -67.3891 -24.3427 16.2
      vertex -67.5 -24.35 16.2
    endloop
  endfacet
  facet normal 0.195079 0.980788 -0
    outer loop
      vertex -67.6109 -24.3427 16.2
      vertex -67.72 -24.321 24.2
      vertex -67.6109 -24.3427 24.2
    endloop
  endfacet
  facet normal 0.195079 0.980788 0
    outer loop
      vertex -67.72 -24.321 24.2
      vertex -67.6109 -24.3427 16.2
      vertex -67.72 -24.321 16.2
    endloop
  endfacet
  facet normal 0.659776 0.751462 -0
    outer loop
      vertex -68.0174 -24.1744 16.2
      vertex -68.101 -24.101 24.2
      vertex -68.0174 -24.1744 24.2
    endloop
  endfacet
  facet normal 0.659776 0.751462 0
    outer loop
      vertex -68.101 -24.101 24.2
      vertex -68.0174 -24.1744 16.2
      vertex -68.101 -24.101 16.2
    endloop
  endfacet
  facet normal 0.831219 0.555945 0
    outer loop
      vertex -68.1743 -24.0174 24.2
      vertex -68.2361 -23.925 16.2
      vertex -68.2361 -23.925 24.2
    endloop
  endfacet
  facet normal 0.831219 0.555945 0
    outer loop
      vertex -68.2361 -23.925 16.2
      vertex -68.1743 -24.0174 24.2
      vertex -68.1743 -24.0174 16.2
    endloop
  endfacet
  facet normal 0.896754 0.44253 0
    outer loop
      vertex -68.2361 -23.925 24.2
      vertex -68.2853 -23.8253 16.2
      vertex -68.2853 -23.8253 24.2
    endloop
  endfacet
  facet normal 0.896754 0.44253 0
    outer loop
      vertex -68.2853 -23.8253 16.2
      vertex -68.2361 -23.925 24.2
      vertex -68.2361 -23.925 16.2
    endloop
  endfacet
  facet normal 0.44253 0.896754 -0
    outer loop
      vertex -67.8253 -24.2853 16.2
      vertex -67.925 -24.2361 24.2
      vertex -67.8253 -24.2853 24.2
    endloop
  endfacet
  facet normal 0.44253 0.896754 0
    outer loop
      vertex -67.925 -24.2361 24.2
      vertex -67.8253 -24.2853 16.2
      vertex -67.925 -24.2361 16.2
    endloop
  endfacet
  facet normal -0.896754 -0.44253 0
    outer loop
      vertex -39.7147 -23.1747 16.2
      vertex -39.7639 -23.075 24.2
      vertex -39.7639 -23.075 16.2
    endloop
  endfacet
  facet normal -0.896754 -0.44253 0
    outer loop
      vertex -39.7639 -23.075 24.2
      vertex -39.7147 -23.1747 16.2
      vertex -39.7147 -23.1747 24.2
    endloop
  endfacet
  facet normal -0.831635 -0.555323 0
    outer loop
      vertex -39.7639 -23.075 16.2
      vertex -39.8256 -22.9826 24.2
      vertex -39.8256 -22.9826 16.2
    endloop
  endfacet
  facet normal -0.831635 -0.555323 0
    outer loop
      vertex -39.8256 -22.9826 24.2
      vertex -39.7639 -23.075 16.2
      vertex -39.7639 -23.075 24.2
    endloop
  endfacet
  facet normal -0.32108 -0.947052 0
    outer loop
      vertex -40.28 -22.679 16.2
      vertex -40.1747 -22.7147 24.2
      vertex -40.28 -22.679 24.2
    endloop
  endfacet
  facet normal -0.32108 -0.947052 -0
    outer loop
      vertex -40.1747 -22.7147 24.2
      vertex -40.28 -22.679 16.2
      vertex -40.1747 -22.7147 16.2
    endloop
  endfacet
  facet normal 0.44253 -0.896754 0
    outer loop
      vertex -40.925 -22.7639 16.2
      vertex -40.8253 -22.7147 24.2
      vertex -40.925 -22.7639 24.2
    endloop
  endfacet
  facet normal 0.44253 -0.896754 0
    outer loop
      vertex -40.8253 -22.7147 24.2
      vertex -40.925 -22.7639 16.2
      vertex -40.8253 -22.7147 16.2
    endloop
  endfacet
  facet normal 0.896754 -0.44253 0
    outer loop
      vertex -41.2853 -23.1747 24.2
      vertex -41.2361 -23.075 16.2
      vertex -41.2361 -23.075 24.2
    endloop
  endfacet
  facet normal 0.896754 -0.44253 0
    outer loop
      vertex -41.2361 -23.075 16.2
      vertex -41.2853 -23.1747 24.2
      vertex -41.2853 -23.1747 16.2
    endloop
  endfacet
  facet normal -0.980788 0.195079 0
    outer loop
      vertex -39.679 -23.72 16.2
      vertex -39.6573 -23.6109 24.2
      vertex -39.6573 -23.6109 16.2
    endloop
  endfacet
  facet normal -0.980788 0.195079 0
    outer loop
      vertex -39.6573 -23.6109 24.2
      vertex -39.679 -23.72 16.2
      vertex -39.679 -23.72 24.2
    endloop
  endfacet
  facet normal -0.0656829 -0.997841 0
    outer loop
      vertex -40.5 -22.65 16.2
      vertex -40.3891 -22.6573 24.2
      vertex -40.5 -22.65 24.2
    endloop
  endfacet
  facet normal -0.0656829 -0.997841 -0
    outer loop
      vertex -40.3891 -22.6573 24.2
      vertex -40.5 -22.65 16.2
      vertex -40.3891 -22.6573 16.2
    endloop
  endfacet
  facet normal -0.44253 -0.896754 0
    outer loop
      vertex -40.1747 -22.7147 16.2
      vertex -40.075 -22.7639 24.2
      vertex -40.1747 -22.7147 24.2
    endloop
  endfacet
  facet normal -0.44253 -0.896754 -0
    outer loop
      vertex -40.075 -22.7639 24.2
      vertex -40.1747 -22.7147 16.2
      vertex -40.075 -22.7639 16.2
    endloop
  endfacet
  facet normal 0.997841 -0.0656829 0
    outer loop
      vertex -41.35 -23.5 24.2
      vertex -41.3427 -23.3891 16.2
      vertex -41.3427 -23.3891 24.2
    endloop
  endfacet
  facet normal 0.997841 -0.0656829 0
    outer loop
      vertex -41.3427 -23.3891 16.2
      vertex -41.35 -23.5 24.2
      vertex -41.35 -23.5 16.2
    endloop
  endfacet
  facet normal 0.831635 -0.555323 0
    outer loop
      vertex -41.2361 -23.075 24.2
      vertex -41.1744 -22.9826 16.2
      vertex -41.1744 -22.9826 24.2
    endloop
  endfacet
  facet normal 0.831635 -0.555323 0
    outer loop
      vertex -41.1744 -22.9826 16.2
      vertex -41.2361 -23.075 24.2
      vertex -41.2361 -23.075 16.2
    endloop
  endfacet
  facet normal 0.555323 -0.831635 0
    outer loop
      vertex -41.0174 -22.8256 16.2
      vertex -40.925 -22.7639 24.2
      vertex -41.0174 -22.8256 24.2
    endloop
  endfacet
  facet normal 0.555323 -0.831635 0
    outer loop
      vertex -40.925 -22.7639 24.2
      vertex -41.0174 -22.8256 16.2
      vertex -40.925 -22.7639 16.2
    endloop
  endfacet
  facet normal 0.32108 -0.947052 0
    outer loop
      vertex -40.8253 -22.7147 16.2
      vertex -40.72 -22.679 24.2
      vertex -40.8253 -22.7147 24.2
    endloop
  endfacet
  facet normal 0.32108 -0.947052 0
    outer loop
      vertex -40.72 -22.679 24.2
      vertex -40.8253 -22.7147 16.2
      vertex -40.72 -22.679 16.2
    endloop
  endfacet
  facet normal -0.997841 0.0656829 0
    outer loop
      vertex -39.6573 -23.6109 16.2
      vertex -39.65 -23.5 24.2
      vertex -39.65 -23.5 16.2
    endloop
  endfacet
  facet normal -0.997841 0.0656829 0
    outer loop
      vertex -39.65 -23.5 24.2
      vertex -39.6573 -23.6109 16.2
      vertex -39.6573 -23.6109 24.2
    endloop
  endfacet
  facet normal -0.947052 0.32108 0
    outer loop
      vertex -39.7147 -23.8253 16.2
      vertex -39.679 -23.72 24.2
      vertex -39.679 -23.72 16.2
    endloop
  endfacet
  facet normal -0.947052 0.32108 0
    outer loop
      vertex -39.679 -23.72 24.2
      vertex -39.7147 -23.8253 16.2
      vertex -39.7147 -23.8253 24.2
    endloop
  endfacet
  facet normal -0.555323 0.831635 0
    outer loop
      vertex -39.9826 -24.1744 16.2
      vertex -40.075 -24.2361 24.2
      vertex -39.9826 -24.1744 24.2
    endloop
  endfacet
  facet normal -0.555323 0.831635 0
    outer loop
      vertex -40.075 -24.2361 24.2
      vertex -39.9826 -24.1744 16.2
      vertex -40.075 -24.2361 16.2
    endloop
  endfacet
  facet normal -0.980788 -0.195079 0
    outer loop
      vertex -39.6573 -23.3891 16.2
      vertex -39.679 -23.28 24.2
      vertex -39.679 -23.28 16.2
    endloop
  endfacet
  facet normal -0.980788 -0.195079 0
    outer loop
      vertex -39.679 -23.28 24.2
      vertex -39.6573 -23.3891 16.2
      vertex -39.6573 -23.3891 24.2
    endloop
  endfacet
  facet normal -0.947052 -0.32108 0
    outer loop
      vertex -39.679 -23.28 16.2
      vertex -39.7147 -23.1747 24.2
      vertex -39.7147 -23.1747 16.2
    endloop
  endfacet
  facet normal -0.947052 -0.32108 0
    outer loop
      vertex -39.7147 -23.1747 24.2
      vertex -39.679 -23.28 16.2
      vertex -39.679 -23.28 24.2
    endloop
  endfacet
  facet normal -0.659776 -0.751462 0
    outer loop
      vertex -39.9826 -22.8256 16.2
      vertex -39.899 -22.899 24.2
      vertex -39.9826 -22.8256 24.2
    endloop
  endfacet
  facet normal -0.659776 -0.751462 -0
    outer loop
      vertex -39.899 -22.899 24.2
      vertex -39.9826 -22.8256 16.2
      vertex -39.899 -22.899 16.2
    endloop
  endfacet
  facet normal -0.751462 -0.659776 0
    outer loop
      vertex -39.8256 -22.9826 16.2
      vertex -39.899 -22.899 24.2
      vertex -39.899 -22.899 16.2
    endloop
  endfacet
  facet normal -0.751462 -0.659776 0
    outer loop
      vertex -39.899 -22.899 24.2
      vertex -39.8256 -22.9826 16.2
      vertex -39.8256 -22.9826 24.2
    endloop
  endfacet
  facet normal 0.0656829 -0.997841 0
    outer loop
      vertex -40.6109 -22.6573 16.2
      vertex -40.5 -22.65 24.2
      vertex -40.6109 -22.6573 24.2
    endloop
  endfacet
  facet normal 0.0656829 -0.997841 0
    outer loop
      vertex -40.5 -22.65 24.2
      vertex -40.6109 -22.6573 16.2
      vertex -40.5 -22.65 16.2
    endloop
  endfacet
  facet normal -0.195079 -0.980788 0
    outer loop
      vertex -40.3891 -22.6573 16.2
      vertex -40.28 -22.679 24.2
      vertex -40.3891 -22.6573 24.2
    endloop
  endfacet
  facet normal -0.195079 -0.980788 -0
    outer loop
      vertex -40.28 -22.679 24.2
      vertex -40.3891 -22.6573 16.2
      vertex -40.28 -22.679 16.2
    endloop
  endfacet
  facet normal -0.555323 -0.831635 0
    outer loop
      vertex -40.075 -22.7639 16.2
      vertex -39.9826 -22.8256 24.2
      vertex -40.075 -22.7639 24.2
    endloop
  endfacet
  facet normal -0.555323 -0.831635 -0
    outer loop
      vertex -39.9826 -22.8256 24.2
      vertex -40.075 -22.7639 16.2
      vertex -39.9826 -22.8256 16.2
    endloop
  endfacet
  facet normal 0.947052 -0.32108 0
    outer loop
      vertex -41.321 -23.28 24.2
      vertex -41.2853 -23.1747 16.2
      vertex -41.2853 -23.1747 24.2
    endloop
  endfacet
  facet normal 0.947052 -0.32108 0
    outer loop
      vertex -41.2853 -23.1747 16.2
      vertex -41.321 -23.28 24.2
      vertex -41.321 -23.28 16.2
    endloop
  endfacet
  facet normal 0.980788 -0.195079 0
    outer loop
      vertex -41.3427 -23.3891 24.2
      vertex -41.321 -23.28 16.2
      vertex -41.321 -23.28 24.2
    endloop
  endfacet
  facet normal 0.980788 -0.195079 0
    outer loop
      vertex -41.321 -23.28 16.2
      vertex -41.3427 -23.3891 24.2
      vertex -41.3427 -23.3891 16.2
    endloop
  endfacet
  facet normal 0.195079 -0.980788 0
    outer loop
      vertex -40.72 -22.679 16.2
      vertex -40.6109 -22.6573 24.2
      vertex -40.72 -22.679 24.2
    endloop
  endfacet
  facet normal 0.195079 -0.980788 0
    outer loop
      vertex -40.6109 -22.6573 24.2
      vertex -40.72 -22.679 16.2
      vertex -40.6109 -22.6573 16.2
    endloop
  endfacet
  facet normal 0.659776 -0.751462 0
    outer loop
      vertex -41.101 -22.899 16.2
      vertex -41.0174 -22.8256 24.2
      vertex -41.101 -22.899 24.2
    endloop
  endfacet
  facet normal 0.659776 -0.751462 0
    outer loop
      vertex -41.0174 -22.8256 24.2
      vertex -41.101 -22.899 16.2
      vertex -41.0174 -22.8256 16.2
    endloop
  endfacet
  facet normal 0.751462 -0.659776 0
    outer loop
      vertex -41.1744 -22.9826 24.2
      vertex -41.101 -22.899 16.2
      vertex -41.101 -22.899 24.2
    endloop
  endfacet
  facet normal 0.751462 -0.659776 0
    outer loop
      vertex -41.101 -22.899 16.2
      vertex -41.1744 -22.9826 24.2
      vertex -41.1744 -22.9826 16.2
    endloop
  endfacet
  facet normal -0.997841 -0.0656829 0
    outer loop
      vertex -39.65 -23.5 16.2
      vertex -39.6573 -23.3891 24.2
      vertex -39.6573 -23.3891 16.2
    endloop
  endfacet
  facet normal -0.997841 -0.0656829 0
    outer loop
      vertex -39.6573 -23.3891 24.2
      vertex -39.65 -23.5 16.2
      vertex -39.65 -23.5 24.2
    endloop
  endfacet
  facet normal -0.831635 0.555323 0
    outer loop
      vertex -39.8256 -24.0174 16.2
      vertex -39.7639 -23.925 24.2
      vertex -39.7639 -23.925 16.2
    endloop
  endfacet
  facet normal -0.831635 0.555323 0
    outer loop
      vertex -39.7639 -23.925 24.2
      vertex -39.8256 -24.0174 16.2
      vertex -39.8256 -24.0174 24.2
    endloop
  endfacet
  facet normal 0.997841 0.0656829 0
    outer loop
      vertex -41.3427 -23.6109 24.2
      vertex -41.35 -23.5 16.2
      vertex -41.35 -23.5 24.2
    endloop
  endfacet
  facet normal 0.997841 0.0656829 0
    outer loop
      vertex -41.35 -23.5 16.2
      vertex -41.3427 -23.6109 24.2
      vertex -41.3427 -23.6109 16.2
    endloop
  endfacet
  facet normal 0.896754 0.44253 0
    outer loop
      vertex -41.2361 -23.925 24.2
      vertex -41.2853 -23.8253 16.2
      vertex -41.2853 -23.8253 24.2
    endloop
  endfacet
  facet normal 0.896754 0.44253 0
    outer loop
      vertex -41.2853 -23.8253 16.2
      vertex -41.2361 -23.925 24.2
      vertex -41.2361 -23.925 16.2
    endloop
  endfacet
  facet normal -0.195079 0.980788 0
    outer loop
      vertex -40.28 -24.321 16.2
      vertex -40.3891 -24.3427 24.2
      vertex -40.28 -24.321 24.2
    endloop
  endfacet
  facet normal -0.195079 0.980788 0
    outer loop
      vertex -40.3891 -24.3427 24.2
      vertex -40.28 -24.321 16.2
      vertex -40.3891 -24.3427 16.2
    endloop
  endfacet
  facet normal -0.659776 0.751462 0
    outer loop
      vertex -39.899 -24.101 16.2
      vertex -39.9826 -24.1744 24.2
      vertex -39.899 -24.101 24.2
    endloop
  endfacet
  facet normal -0.659776 0.751462 0
    outer loop
      vertex -39.9826 -24.1744 24.2
      vertex -39.899 -24.101 16.2
      vertex -39.9826 -24.1744 16.2
    endloop
  endfacet
  facet normal -0.896754 0.44253 0
    outer loop
      vertex -39.7639 -23.925 16.2
      vertex -39.7147 -23.8253 24.2
      vertex -39.7147 -23.8253 16.2
    endloop
  endfacet
  facet normal -0.896754 0.44253 0
    outer loop
      vertex -39.7147 -23.8253 24.2
      vertex -39.7639 -23.925 16.2
      vertex -39.7639 -23.925 24.2
    endloop
  endfacet
  facet normal 0.0656829 0.997841 -0
    outer loop
      vertex -40.5 -24.35 16.2
      vertex -40.6109 -24.3427 24.2
      vertex -40.5 -24.35 24.2
    endloop
  endfacet
  facet normal 0.0656829 0.997841 0
    outer loop
      vertex -40.6109 -24.3427 24.2
      vertex -40.5 -24.35 16.2
      vertex -40.6109 -24.3427 16.2
    endloop
  endfacet
  facet normal 0 0 1
    outer loop
      vertex -39.6573 -23.3891 16.2
      vertex -39.6573 -23.6109 16.2
      vertex -39.65 -23.5 16.2
    endloop
  endfacet
  facet normal 0 0 1
    outer loop
      vertex -39.679 -23.28 16.2
      vertex -39.6573 -23.6109 16.2
      vertex -39.6573 -23.3891 16.2
    endloop
  endfacet
  facet normal 0 0 1
    outer loop
      vertex -39.679 -23.28 16.2
      vertex -39.679 -23.72 16.2
      vertex -39.6573 -23.6109 16.2
    endloop
  endfacet
  facet normal 0 0 1
    outer loop
      vertex -39.7147 -23.1747 16.2
      vertex -39.679 -23.72 16.2
      vertex -39.679 -23.28 16.2
    endloop
  endfacet
  facet normal 0 0 1
    outer loop
      vertex -39.7147 -23.1747 16.2
      vertex -39.7147 -23.8253 16.2
      vertex -39.679 -23.72 16.2
    endloop
  endfacet
  facet normal 0 0 1
    outer loop
      vertex -39.7639 -23.075 16.2
      vertex -39.7147 -23.8253 16.2
      vertex -39.7147 -23.1747 16.2
    endloop
  endfacet
  facet normal 0 0 1
    outer loop
      vertex -39.7639 -23.075 16.2
      vertex -39.7639 -23.925 16.2
      vertex -39.7147 -23.8253 16.2
    endloop
  endfacet
  facet normal 0 0 1
    outer loop
      vertex -39.8256 -22.9826 16.2
      vertex -39.7639 -23.925 16.2
      vertex -39.7639 -23.075 16.2
    endloop
  endfacet
  facet normal 0 0 1
    outer loop
      vertex -39.8256 -22.9826 16.2
      vertex -39.8256 -24.0174 16.2
      vertex -39.7639 -23.925 16.2
    endloop
  endfacet
  facet normal 0 0 1
    outer loop
      vertex -39.899 -22.899 16.2
      vertex -39.8256 -24.0174 16.2
      vertex -39.8256 -22.9826 16.2
    endloop
  endfacet
  facet normal 0 0 1
    outer loop
      vertex -39.899 -22.899 16.2
      vertex -39.899 -24.101 16.2
      vertex -39.8256 -24.0174 16.2
    endloop
  endfacet
  facet normal 0 0 1
    outer loop
      vertex -39.9826 -22.8256 16.2
      vertex -39.899 -24.101 16.2
      vertex -39.899 -22.899 16.2
    endloop
  endfacet
  facet normal 0 0 1
    outer loop
      vertex -39.9826 -22.8256 16.2
      vertex -39.9826 -24.1744 16.2
      vertex -39.899 -24.101 16.2
    endloop
  endfacet
  facet normal 0 0 1
    outer loop
      vertex -40.075 -22.7639 16.2
      vertex -39.9826 -24.1744 16.2
      vertex -39.9826 -22.8256 16.2
    endloop
  endfacet
  facet normal 0 0 1
    outer loop
      vertex -40.075 -22.7639 16.2
      vertex -40.075 -24.2361 16.2
      vertex -39.9826 -24.1744 16.2
    endloop
  endfacet
  facet normal 0 0 1
    outer loop
      vertex -40.1747 -22.7147 16.2
      vertex -40.075 -24.2361 16.2
      vertex -40.075 -22.7639 16.2
    endloop
  endfacet
  facet normal 0 0 1
    outer loop
      vertex -40.1747 -22.7147 16.2
      vertex -40.1747 -24.2853 16.2
      vertex -40.075 -24.2361 16.2
    endloop
  endfacet
  facet normal 0 0 1
    outer loop
      vertex -40.28 -22.679 16.2
      vertex -40.1747 -24.2853 16.2
      vertex -40.1747 -22.7147 16.2
    endloop
  endfacet
  facet normal 0 0 1
    outer loop
      vertex -40.28 -22.679 16.2
      vertex -40.28 -24.321 16.2
      vertex -40.1747 -24.2853 16.2
    endloop
  endfacet
  facet normal 0 0 1
    outer loop
      vertex -40.3891 -22.6573 16.2
      vertex -40.28 -24.321 16.2
      vertex -40.28 -22.679 16.2
    endloop
  endfacet
  facet normal 0 0 1
    outer loop
      vertex -40.3891 -22.6573 16.2
      vertex -40.3891 -24.3427 16.2
      vertex -40.28 -24.321 16.2
    endloop
  endfacet
  facet normal 0 0 1
    outer loop
      vertex -40.5 -22.65 16.2
      vertex -40.3891 -24.3427 16.2
      vertex -40.3891 -22.6573 16.2
    endloop
  endfacet
  facet normal 0 0 1
    outer loop
      vertex -40.5 -22.65 16.2
      vertex -40.5 -24.35 16.2
      vertex -40.3891 -24.3427 16.2
    endloop
  endfacet
  facet normal -0 0 1
    outer loop
      vertex -40.6109 -22.6573 16.2
      vertex -40.5 -24.35 16.2
      vertex -40.5 -22.65 16.2
    endloop
  endfacet
  facet normal 0 0 1
    outer loop
      vertex -40.6109 -22.6573 16.2
      vertex -40.6109 -24.3427 16.2
      vertex -40.5 -24.35 16.2
    endloop
  endfacet
  facet normal -0 0 1
    outer loop
      vertex -40.72 -22.679 16.2
      vertex -40.6109 -24.3427 16.2
      vertex -40.6109 -22.6573 16.2
    endloop
  endfacet
  facet normal 0 0 1
    outer loop
      vertex -40.72 -22.679 16.2
      vertex -40.72 -24.321 16.2
      vertex -40.6109 -24.3427 16.2
    endloop
  endfacet
  facet normal -0 0 1
    outer loop
      vertex -40.8253 -22.7147 16.2
      vertex -40.72 -24.321 16.2
      vertex -40.72 -22.679 16.2
    endloop
  endfacet
  facet normal 0 0 1
    outer loop
      vertex -40.8253 -22.7147 16.2
      vertex -40.8253 -24.2853 16.2
      vertex -40.72 -24.321 16.2
    endloop
  endfacet
  facet normal -0 0 1
    outer loop
      vertex -40.925 -22.7639 16.2
      vertex -40.8253 -24.2853 16.2
      vertex -40.8253 -22.7147 16.2
    endloop
  endfacet
  facet normal 0 0 1
    outer loop
      vertex -40.925 -22.7639 16.2
      vertex -40.925 -24.2361 16.2
      vertex -40.8253 -24.2853 16.2
    endloop
  endfacet
  facet normal -0 0 1
    outer loop
      vertex -41.0174 -22.8256 16.2
      vertex -40.925 -24.2361 16.2
      vertex -40.925 -22.7639 16.2
    endloop
  endfacet
  facet normal 0 0 1
    outer loop
      vertex -41.0174 -22.8256 16.2
      vertex -41.0174 -24.1744 16.2
      vertex -40.925 -24.2361 16.2
    endloop
  endfacet
  facet normal -0 0 1
    outer loop
      vertex -41.101 -22.899 16.2
      vertex -41.0174 -24.1744 16.2
      vertex -41.0174 -22.8256 16.2
    endloop
  endfacet
  facet normal 0 0 1
    outer loop
      vertex -41.101 -22.899 16.2
      vertex -41.101 -24.101 16.2
      vertex -41.0174 -24.1744 16.2
    endloop
  endfacet
  facet normal -0 0 1
    outer loop
      vertex -41.1744 -22.9826 16.2
      vertex -41.101 -24.101 16.2
      vertex -41.101 -22.899 16.2
    endloop
  endfacet
  facet normal 0 0 1
    outer loop
      vertex -41.1744 -22.9826 16.2
      vertex -41.1744 -24.0174 16.2
      vertex -41.101 -24.101 16.2
    endloop
  endfacet
  facet normal -0 0 1
    outer loop
      vertex -41.2361 -23.075 16.2
      vertex -41.1744 -24.0174 16.2
      vertex -41.1744 -22.9826 16.2
    endloop
  endfacet
  facet normal 0 0 1
    outer loop
      vertex -41.2361 -23.075 16.2
      vertex -41.2361 -23.925 16.2
      vertex -41.1744 -24.0174 16.2
    endloop
  endfacet
  facet normal -0 0 1
    outer loop
      vertex -41.2853 -23.1747 16.2
      vertex -41.2361 -23.925 16.2
      vertex -41.2361 -23.075 16.2
    endloop
  endfacet
  facet normal 0 0 1
    outer loop
      vertex -41.2853 -23.1747 16.2
      vertex -41.2853 -23.8253 16.2
      vertex -41.2361 -23.925 16.2
    endloop
  endfacet
  facet normal -0 0 1
    outer loop
      vertex -41.321 -23.28 16.2
      vertex -41.2853 -23.8253 16.2
      vertex -41.2853 -23.1747 16.2
    endloop
  endfacet
  facet normal 0 0 1
    outer loop
      vertex -41.321 -23.28 16.2
      vertex -41.321 -23.72 16.2
      vertex -41.2853 -23.8253 16.2
    endloop
  endfacet
  facet normal -0 0 1
    outer loop
      vertex -41.3427 -23.3891 16.2
      vertex -41.321 -23.72 16.2
      vertex -41.321 -23.28 16.2
    endloop
  endfacet
  facet normal 0 0 1
    outer loop
      vertex -41.3427 -23.3891 16.2
      vertex -41.3427 -23.6109 16.2
      vertex -41.321 -23.72 16.2
    endloop
  endfacet
  facet normal 0 -0 1
    outer loop
      vertex -41.3427 -23.6109 16.2
      vertex -41.3427 -23.3891 16.2
      vertex -41.35 -23.5 16.2
    endloop
  endfacet
  facet normal 0.947052 0.32108 0
    outer loop
      vertex -41.2853 -23.8253 24.2
      vertex -41.321 -23.72 16.2
      vertex -41.321 -23.72 24.2
    endloop
  endfacet
  facet normal 0.947052 0.32108 0
    outer loop
      vertex -41.321 -23.72 16.2
      vertex -41.2853 -23.8253 24.2
      vertex -41.2853 -23.8253 16.2
    endloop
  endfacet
  facet normal 0.980788 0.195079 0
    outer loop
      vertex -41.321 -23.72 24.2
      vertex -41.3427 -23.6109 16.2
      vertex -41.3427 -23.6109 24.2
    endloop
  endfacet
  facet normal 0.980788 0.195079 0
    outer loop
      vertex -41.3427 -23.6109 16.2
      vertex -41.321 -23.72 24.2
      vertex -41.321 -23.72 16.2
    endloop
  endfacet
  facet normal -0.44253 0.896754 0
    outer loop
      vertex -40.075 -24.2361 16.2
      vertex -40.1747 -24.2853 24.2
      vertex -40.075 -24.2361 24.2
    endloop
  endfacet
  facet normal -0.44253 0.896754 0
    outer loop
      vertex -40.1747 -24.2853 24.2
      vertex -40.075 -24.2361 16.2
      vertex -40.1747 -24.2853 16.2
    endloop
  endfacet
  facet normal -0.32108 0.947052 0
    outer loop
      vertex -40.1747 -24.2853 16.2
      vertex -40.28 -24.321 24.2
      vertex -40.1747 -24.2853 24.2
    endloop
  endfacet
  facet normal -0.32108 0.947052 0
    outer loop
      vertex -40.28 -24.321 24.2
      vertex -40.1747 -24.2853 16.2
      vertex -40.28 -24.321 16.2
    endloop
  endfacet
  facet normal 0.32108 0.947052 -0
    outer loop
      vertex -40.72 -24.321 16.2
      vertex -40.8253 -24.2853 24.2
      vertex -40.72 -24.321 24.2
    endloop
  endfacet
  facet normal 0.32108 0.947052 0
    outer loop
      vertex -40.8253 -24.2853 24.2
      vertex -40.72 -24.321 16.2
      vertex -40.8253 -24.2853 16.2
    endloop
  endfacet
  facet normal -0.0656829 0.997841 0
    outer loop
      vertex -40.3891 -24.3427 16.2
      vertex -40.5 -24.35 24.2
      vertex -40.3891 -24.3427 24.2
    endloop
  endfacet
  facet normal -0.0656829 0.997841 0
    outer loop
      vertex -40.5 -24.35 24.2
      vertex -40.3891 -24.3427 16.2
      vertex -40.5 -24.35 16.2
    endloop
  endfacet
  facet normal 0.195079 0.980788 -0
    outer loop
      vertex -40.6109 -24.3427 16.2
      vertex -40.72 -24.321 24.2
      vertex -40.6109 -24.3427 24.2
    endloop
  endfacet
  facet normal 0.195079 0.980788 0
    outer loop
      vertex -40.72 -24.321 24.2
      vertex -40.6109 -24.3427 16.2
      vertex -40.72 -24.321 16.2
    endloop
  endfacet
  facet normal 0.751462 0.659776 0
    outer loop
      vertex -41.101 -24.101 24.2
      vertex -41.1744 -24.0174 16.2
      vertex -41.1744 -24.0174 24.2
    endloop
  endfacet
  facet normal 0.751462 0.659776 0
    outer loop
      vertex -41.1744 -24.0174 16.2
      vertex -41.101 -24.101 24.2
      vertex -41.101 -24.101 16.2
    endloop
  endfacet
  facet normal 0.659776 0.751462 -0
    outer loop
      vertex -41.0174 -24.1744 16.2
      vertex -41.101 -24.101 24.2
      vertex -41.0174 -24.1744 24.2
    endloop
  endfacet
  facet normal 0.659776 0.751462 0
    outer loop
      vertex -41.101 -24.101 24.2
      vertex -41.0174 -24.1744 16.2
      vertex -41.101 -24.101 16.2
    endloop
  endfacet
  facet normal -0.751462 0.659776 0
    outer loop
      vertex -39.899 -24.101 16.2
      vertex -39.8256 -24.0174 24.2
      vertex -39.8256 -24.0174 16.2
    endloop
  endfacet
  facet normal -0.751462 0.659776 0
    outer loop
      vertex -39.8256 -24.0174 24.2
      vertex -39.899 -24.101 16.2
      vertex -39.899 -24.101 24.2
    endloop
  endfacet
  facet normal 0.831635 0.555323 0
    outer loop
      vertex -41.1744 -24.0174 24.2
      vertex -41.2361 -23.925 16.2
      vertex -41.2361 -23.925 24.2
    endloop
  endfacet
  facet normal 0.831635 0.555323 0
    outer loop
      vertex -41.2361 -23.925 16.2
      vertex -41.1744 -24.0174 24.2
      vertex -41.1744 -24.0174 16.2
    endloop
  endfacet
  facet normal 0.44253 0.896754 -0
    outer loop
      vertex -40.8253 -24.2853 16.2
      vertex -40.925 -24.2361 24.2
      vertex -40.8253 -24.2853 24.2
    endloop
  endfacet
  facet normal 0.44253 0.896754 0
    outer loop
      vertex -40.925 -24.2361 24.2
      vertex -40.8253 -24.2853 16.2
      vertex -40.925 -24.2361 16.2
    endloop
  endfacet
  facet normal 0.555323 0.831635 -0
    outer loop
      vertex -40.925 -24.2361 16.2
      vertex -41.0174 -24.1744 24.2
      vertex -40.925 -24.2361 24.2
    endloop
  endfacet
  facet normal 0.555323 0.831635 0
    outer loop
      vertex -41.0174 -24.1744 24.2
      vertex -40.925 -24.2361 16.2
      vertex -41.0174 -24.1744 16.2
    endloop
  endfacet
  facet normal 1 -0 0
    outer loop
      vertex -87.5 -17.25 2.2
      vertex -87.5 -9.25 0
      vertex -87.5 -9.25 2.2
    endloop
  endfacet
  facet normal 1 0 0
    outer loop
      vertex -87.5 -9.25 0
      vertex -87.5 -17.25 2.2
      vertex -87.5 -17.25 0
    endloop
  endfacet
  facet normal -1 0 0
    outer loop
      vertex -79.5 -17.25 0
      vertex -79.5 -9.25 2.2
      vertex -79.5 -9.25 0
    endloop
  endfacet
  facet normal -1 -0 0
    outer loop
      vertex -79.5 -9.25 2.2
      vertex -79.5 -17.25 0
      vertex -79.5 -17.25 2.2
    endloop
  endfacet
  facet normal 0 1 -0
    outer loop
      vertex -79.5 -17.25 0
      vertex -87.5 -17.25 2.2
      vertex -79.5 -17.25 2.2
    endloop
  endfacet
  facet normal 0 1 0
    outer loop
      vertex -87.5 -17.25 2.2
      vertex -79.5 -17.25 0
      vertex -87.5 -17.25 0
    endloop
  endfacet
  facet normal 0 -1 0
    outer loop
      vertex -87.5 -9.25 0
      vertex -79.5 -9.25 2.2
      vertex -87.5 -9.25 2.2
    endloop
  endfacet
  facet normal 0 -1 -0
    outer loop
      vertex -79.5 -9.25 2.2
      vertex -87.5 -9.25 0
      vertex -79.5 -9.25 0
    endloop
  endfacet
  facet normal 1 -0 0
    outer loop
      vertex -56 -29 6.2
      vertex -56 -26.6 2.7
      vertex -56 -26.6 6.2
    endloop
  endfacet
  facet normal 1 0 0
    outer loop
      vertex -56 -26.6 2.7
      vertex -56 -29 6.2
      vertex -56 -29 2.7
    endloop
  endfacet
  facet normal 0 0 -1
    outer loop
      vertex -56 -29 6.2
      vertex -51 -26.6 6.2
      vertex -51 -29 6.2
    endloop
  endfacet
  facet normal -0 0 -1
    outer loop
      vertex -51 -26.6 6.2
      vertex -56 -29 6.2
      vertex -56 -26.6 6.2
    endloop
  endfacet
  facet normal -1 0 0
    outer loop
      vertex -51 -29 2.7
      vertex -51 -26.6 6.2
      vertex -51 -26.6 2.7
    endloop
  endfacet
  facet normal -1 -0 0
    outer loop
      vertex -51 -26.6 6.2
      vertex -51 -29 2.7
      vertex -51 -29 6.2
    endloop
  endfacet
  facet normal -0 0 1
    outer loop
      vertex -56 -26.6 2.7
      vertex -51 -29 2.7
      vertex -51 -26.6 2.7
    endloop
  endfacet
  facet normal 0 0 1
    outer loop
      vertex -51 -29 2.7
      vertex -56 -26.6 2.7
      vertex -56 -29 2.7
    endloop
  endfacet
  facet normal 0 0 -1
    outer loop
      vertex -13.4 -18.25 11.6
      vertex -11 -8.25 11.6
      vertex -11 -18.25 11.6
    endloop
  endfacet
  facet normal -0 0 -1
    outer loop
      vertex -11 -8.25 11.6
      vertex -13.4 -18.25 11.6
      vertex -13.4 -8.25 11.6
    endloop
  endfacet
  facet normal 0 -1 0
    outer loop
      vertex -13.4 -8.25 6.4
      vertex -11 -8.25 11.6
      vertex -13.4 -8.25 11.6
    endloop
  endfacet
  facet normal 0 -1 -0
    outer loop
      vertex -11 -8.25 11.6
      vertex -13.4 -8.25 6.4
      vertex -11 -8.25 6.4
    endloop
  endfacet
  facet normal -0 0 1
    outer loop
      vertex -13.4 -8.25 6.4
      vertex -11 -18.25 6.4
      vertex -11 -8.25 6.4
    endloop
  endfacet
  facet normal 0 0 1
    outer loop
      vertex -11 -18.25 6.4
      vertex -13.4 -8.25 6.4
      vertex -13.4 -18.25 6.4
    endloop
  endfacet
  facet normal 0 1 -0
    outer loop
      vertex -11 -18.25 6.4
      vertex -13.4 -18.25 11.6
      vertex -11 -18.25 11.6
    endloop
  endfacet
  facet normal 0 1 0
    outer loop
      vertex -13.4 -18.25 11.6
      vertex -11 -18.25 6.4
      vertex -13.4 -18.25 6.4
    endloop
  endfacet
  facet normal 0.442314 -0.89686 0
    outer loop
      vertex 91.6788 -28.4672 0
      vertex 92.5 -28.0622 16.3
      vertex 91.6788 -28.4672 16.3
    endloop
  endfacet
  facet normal 0.442314 -0.89686 0
    outer loop
      vertex 92.5 -28.0622 16.3
      vertex 91.6788 -28.4672 0
      vertex 92.5 -28.0622 0
    endloop
  endfacet
  facet normal 0.555582 -0.831462 0
    outer loop
      vertex 92.5 -28.0622 0
      vertex 93.2613 -27.5535 16.3
      vertex 92.5 -28.0622 16.3
    endloop
  endfacet
  facet normal 0.555582 -0.831462 0
    outer loop
      vertex 93.2613 -27.5535 16.3
      vertex 92.5 -28.0622 0
      vertex 93.2613 -27.5535 0
    endloop
  endfacet
  facet normal 0.3214 -0.946944 0
    outer loop
      vertex 90.8117 -28.7615 0
      vertex 91.6788 -28.4672 16.3
      vertex 90.8117 -28.7615 16.3
    endloop
  endfacet
  facet normal 0.3214 -0.946944 0
    outer loop
      vertex 91.6788 -28.4672 16.3
      vertex 90.8117 -28.7615 0
      vertex 91.6788 -28.4672 0
    endloop
  endfacet
  facet normal 1 -0 0
    outer loop
      vertex 96 -22 16.3
      vertex 96 22 0
      vertex 96 22 16.3
    endloop
  endfacet
  facet normal 1 0 0
    outer loop
      vertex 96 22 0
      vertex 96 -22 16.3
      vertex 96 -22 0
    endloop
  endfacet
  facet normal 0 0 1
    outer loop
      vertex 94.95 22 16.3
      vertex 96 22 16.3
      vertex 95.9401 22.9137 16.3
    endloop
  endfacet
  facet normal 0 0 1
    outer loop
      vertex 96 22 16.3
      vertex 94.95 22 16.3
      vertex 96 -22 16.3
    endloop
  endfacet
  facet normal 0 0 1
    outer loop
      vertex 94.8991 22.7766 16.3
      vertex 95.9401 22.9137 16.3
      vertex 95.7615 23.8117 16.3
    endloop
  endfacet
  facet normal 0 0 1
    outer loop
      vertex 94.95 -22 16.3
      vertex 96 -22 16.3
      vertex 94.95 22 16.3
    endloop
  endfacet
  facet normal 0 0 1
    outer loop
      vertex 94.7473 23.54 16.3
      vertex 95.7615 23.8117 16.3
      vertex 95.4672 24.6788 16.3
    endloop
  endfacet
  facet normal 0 0 1
    outer loop
      vertex 96 -22 16.3
      vertex 94.95 -22 16.3
      vertex 95.9401 -22.9137 16.3
    endloop
  endfacet
  facet normal 0 0 1
    outer loop
      vertex 94.4971 24.277 16.3
      vertex 95.4672 24.6788 16.3
      vertex 95.0622 25.5 16.3
    endloop
  endfacet
  facet normal -0 0 1
    outer loop
      vertex 94.8991 -22.7766 16.3
      vertex 95.9401 -22.9137 16.3
      vertex 94.95 -22 16.3
    endloop
  endfacet
  facet normal 0 0 1
    outer loop
      vertex 95.9401 -22.9137 16.3
      vertex 94.8991 -22.7766 16.3
      vertex 95.7615 -23.8117 16.3
    endloop
  endfacet
  facet normal 0 0 1
    outer loop
      vertex 95.9401 22.9137 16.3
      vertex 94.8991 22.7766 16.3
      vertex 94.95 22 16.3
    endloop
  endfacet
  facet normal 0 0 1
    outer loop
      vertex 95.7615 23.8117 16.3
      vertex 94.7473 23.54 16.3
      vertex 94.8991 22.7766 16.3
    endloop
  endfacet
  facet normal 0 0 1
    outer loop
      vertex 94.1528 24.975 16.3
      vertex 95.0622 25.5 16.3
      vertex 94.5535 26.2613 16.3
    endloop
  endfacet
  facet normal 0 0 1
    outer loop
      vertex 95.4672 24.6788 16.3
      vertex 94.4971 24.277 16.3
      vertex 94.7473 23.54 16.3
    endloop
  endfacet
  facet normal 0 0 1
    outer loop
      vertex 95.0622 25.5 16.3
      vertex 94.1528 24.975 16.3
      vertex 94.4971 24.277 16.3
    endloop
  endfacet
  facet normal 0 0 1
    outer loop
      vertex 93.7205 25.6221 16.3
      vertex 94.5535 26.2613 16.3
      vertex 93.9498 26.9498 16.3
    endloop
  endfacet
  facet normal 0 0 1
    outer loop
      vertex 94.5535 26.2613 16.3
      vertex 93.7205 25.6221 16.3
      vertex 94.1528 24.975 16.3
    endloop
  endfacet
  facet normal 0 0 1
    outer loop
      vertex 93.2073 26.2073 16.3
      vertex 93.9498 26.9498 16.3
      vertex 93.2613 27.5535 16.3
    endloop
  endfacet
  facet normal 0 0 1
    outer loop
      vertex 93.9498 26.9498 16.3
      vertex 93.2073 26.2073 16.3
      vertex 93.7205 25.6221 16.3
    endloop
  endfacet
  facet normal 0 0 1
    outer loop
      vertex 93.2613 27.5535 16.3
      vertex 92.6221 26.7205 16.3
      vertex 93.2073 26.2073 16.3
    endloop
  endfacet
  facet normal 0 0 1
    outer loop
      vertex 92.5 28.0622 16.3
      vertex 92.6221 26.7205 16.3
      vertex 93.2613 27.5535 16.3
    endloop
  endfacet
  facet normal 0 0 1
    outer loop
      vertex 92.5 28.0622 16.3
      vertex 91.975 27.1528 16.3
      vertex 92.6221 26.7205 16.3
    endloop
  endfacet
  facet normal 0 0 1
    outer loop
      vertex 91.6788 28.4672 16.3
      vertex 91.975 27.1528 16.3
      vertex 92.5 28.0622 16.3
    endloop
  endfacet
  facet normal 0 0 1
    outer loop
      vertex 91.6788 28.4672 16.3
      vertex 91.277 27.4971 16.3
      vertex 91.975 27.1528 16.3
    endloop
  endfacet
  facet normal 0 0 1
    outer loop
      vertex 90.8117 28.7615 16.3
      vertex 91.277 27.4971 16.3
      vertex 91.6788 28.4672 16.3
    endloop
  endfacet
  facet normal 0 0 1
    outer loop
      vertex 90.8117 28.7615 16.3
      vertex 90.54 27.7473 16.3
      vertex 91.277 27.4971 16.3
    endloop
  endfacet
  facet normal 0 0 1
    outer loop
      vertex 89.9137 28.9401 16.3
      vertex 90.54 27.7473 16.3
      vertex 90.8117 28.7615 16.3
    endloop
  endfacet
  facet normal 0 0 1
    outer loop
      vertex 89.9137 28.9401 16.3
      vertex 89.7766 27.8991 16.3
      vertex 90.54 27.7473 16.3
    endloop
  endfacet
  facet normal 0 0 1
    outer loop
      vertex 89 29 16.3
      vertex 89.7766 27.8991 16.3
      vertex 89.9137 28.9401 16.3
    endloop
  endfacet
  facet normal 0 0 1
    outer loop
      vertex 89 29 16.3
      vertex 89 27.95 16.3
      vertex 89.7766 27.8991 16.3
    endloop
  endfacet
  facet normal -0 0 1
    outer loop
      vertex 18 29 16.3
      vertex 89 27.95 16.3
      vertex 89 29 16.3
    endloop
  endfacet
  facet normal 0 0 1
    outer loop
      vertex 18 29 16.3
      vertex 18 27.95 16.3
      vertex 89 27.95 16.3
    endloop
  endfacet
  facet normal 0 0 1
    outer loop
      vertex 18 29 16.3
      vertex 17.2234 27.8991 16.3
      vertex 18 27.95 16.3
    endloop
  endfacet
  facet normal -0 0 1
    outer loop
      vertex 17.0863 28.9401 16.3
      vertex 17.2234 27.8991 16.3
      vertex 18 29 16.3
    endloop
  endfacet
  facet normal 0 0 1
    outer loop
      vertex 17.0863 28.9401 16.3
      vertex 16.46 27.7473 16.3
      vertex 17.2234 27.8991 16.3
    endloop
  endfacet
  facet normal -0 0 1
    outer loop
      vertex 16.1883 28.7615 16.3
      vertex 16.46 27.7473 16.3
      vertex 17.0863 28.9401 16.3
    endloop
  endfacet
  facet normal 0 0 1
    outer loop
      vertex 16.1883 28.7615 16.3
      vertex 15.723 27.4971 16.3
      vertex 16.46 27.7473 16.3
    endloop
  endfacet
  facet normal -0 0 1
    outer loop
      vertex 15.3212 28.4672 16.3
      vertex 15.723 27.4971 16.3
      vertex 16.1883 28.7615 16.3
    endloop
  endfacet
  facet normal 0 0 1
    outer loop
      vertex 15.3212 28.4672 16.3
      vertex 15.025 27.1528 16.3
      vertex 15.723 27.4971 16.3
    endloop
  endfacet
  facet normal -0 0 1
    outer loop
      vertex 14.5 28.0622 16.3
      vertex 15.025 27.1528 16.3
      vertex 15.3212 28.4672 16.3
    endloop
  endfacet
  facet normal 0 0 1
    outer loop
      vertex 14.5 28.0622 16.3
      vertex 14.3779 26.7205 16.3
      vertex 15.025 27.1528 16.3
    endloop
  endfacet
  facet normal -0 0 1
    outer loop
      vertex 13.7387 27.5535 16.3
      vertex 14.3779 26.7205 16.3
      vertex 14.5 28.0622 16.3
    endloop
  endfacet
  facet normal 0 0 1
    outer loop
      vertex 14.3779 26.7205 16.3
      vertex 13.7387 27.5535 16.3
      vertex 13.7927 26.2073 16.3
    endloop
  endfacet
  facet normal -0 0 1
    outer loop
      vertex 13.0502 26.9498 16.3
      vertex 13.7927 26.2073 16.3
      vertex 13.7387 27.5535 16.3
    endloop
  endfacet
  facet normal 0 0 1
    outer loop
      vertex 13.7927 26.2073 16.3
      vertex 13.0502 26.9498 16.3
      vertex 13.2795 25.6221 16.3
    endloop
  endfacet
  facet normal -0 0 1
    outer loop
      vertex 12.4465 26.2613 16.3
      vertex 13.2795 25.6221 16.3
      vertex 13.0502 26.9498 16.3
    endloop
  endfacet
  facet normal 0 0 1
    outer loop
      vertex 13.2795 25.6221 16.3
      vertex 12.4465 26.2613 16.3
      vertex 12.8472 24.975 16.3
    endloop
  endfacet
  facet normal -0 0 1
    outer loop
      vertex 11.9378 25.5 16.3
      vertex 12.8472 24.975 16.3
      vertex 12.4465 26.2613 16.3
    endloop
  endfacet
  facet normal 0 0 1
    outer loop
      vertex 12.8472 24.975 16.3
      vertex 11.9378 25.5 16.3
      vertex 12.5029 24.277 16.3
    endloop
  endfacet
  facet normal -0 0 1
    outer loop
      vertex 11.5328 24.6788 16.3
      vertex 12.5029 24.277 16.3
      vertex 11.9378 25.5 16.3
    endloop
  endfacet
  facet normal 0 0 1
    outer loop
      vertex 12.2527 23.54 16.3
      vertex 11.2385 23.8117 16.3
      vertex 12.1009 22.7766 16.3
    endloop
  endfacet
  facet normal -0 0 1
    outer loop
      vertex 11.2385 23.8117 16.3
      vertex 12.2527 23.54 16.3
      vertex 11.5328 24.6788 16.3
    endloop
  endfacet
  facet normal 0 0 1
    outer loop
      vertex 12.5029 24.277 16.3
      vertex 11.5328 24.6788 16.3
      vertex 12.2527 23.54 16.3
    endloop
  endfacet
  facet normal -0 0 1
    outer loop
      vertex 94.7473 -23.54 16.3
      vertex 95.7615 -23.8117 16.3
      vertex 94.8991 -22.7766 16.3
    endloop
  endfacet
  facet normal 0 0 1
    outer loop
      vertex 95.7615 -23.8117 16.3
      vertex 94.7473 -23.54 16.3
      vertex 95.4672 -24.6788 16.3
    endloop
  endfacet
  facet normal -0 0 1
    outer loop
      vertex 94.4971 -24.277 16.3
      vertex 95.4672 -24.6788 16.3
      vertex 94.7473 -23.54 16.3
    endloop
  endfacet
  facet normal 0 0 1
    outer loop
      vertex 95.4672 -24.6788 16.3
      vertex 94.4971 -24.277 16.3
      vertex 95.0622 -25.5 16.3
    endloop
  endfacet
  facet normal -0 0 1
    outer loop
      vertex 94.1528 -24.975 16.3
      vertex 95.0622 -25.5 16.3
      vertex 94.4971 -24.277 16.3
    endloop
  endfacet
  facet normal 0 0 1
    outer loop
      vertex 95.0622 -25.5 16.3
      vertex 94.1528 -24.975 16.3
      vertex 94.5535 -26.2613 16.3
    endloop
  endfacet
  facet normal -0 0 1
    outer loop
      vertex 93.7205 -25.6221 16.3
      vertex 94.5535 -26.2613 16.3
      vertex 94.1528 -24.975 16.3
    endloop
  endfacet
  facet normal 0 0 1
    outer loop
      vertex 94.5535 -26.2613 16.3
      vertex 93.7205 -25.6221 16.3
      vertex 93.9498 -26.9498 16.3
    endloop
  endfacet
  facet normal -0 0 1
    outer loop
      vertex 93.2073 -26.2073 16.3
      vertex 93.9498 -26.9498 16.3
      vertex 93.7205 -25.6221 16.3
    endloop
  endfacet
  facet normal 0 0 1
    outer loop
      vertex 93.9498 -26.9498 16.3
      vertex 93.2073 -26.2073 16.3
      vertex 93.2613 -27.5535 16.3
    endloop
  endfacet
  facet normal -0 0 1
    outer loop
      vertex 92.6221 -26.7205 16.3
      vertex 93.2613 -27.5535 16.3
      vertex 93.2073 -26.2073 16.3
    endloop
  endfacet
  facet normal 0 0 1
    outer loop
      vertex 92.6221 -26.7205 16.3
      vertex 92.5 -28.0622 16.3
      vertex 93.2613 -27.5535 16.3
    endloop
  endfacet
  facet normal -0 0 1
    outer loop
      vertex 91.975 -27.1528 16.3
      vertex 92.5 -28.0622 16.3
      vertex 92.6221 -26.7205 16.3
    endloop
  endfacet
  facet normal 0 0 1
    outer loop
      vertex 91.975 -27.1528 16.3
      vertex 91.6788 -28.4672 16.3
      vertex 92.5 -28.0622 16.3
    endloop
  endfacet
  facet normal -0 0 1
    outer loop
      vertex 91.277 -27.4971 16.3
      vertex 91.6788 -28.4672 16.3
      vertex 91.975 -27.1528 16.3
    endloop
  endfacet
  facet normal 0 0 1
    outer loop
      vertex 91.277 -27.4971 16.3
      vertex 90.8117 -28.7615 16.3
      vertex 91.6788 -28.4672 16.3
    endloop
  endfacet
  facet normal -0 0 1
    outer loop
      vertex 90.54 -27.7473 16.3
      vertex 90.8117 -28.7615 16.3
      vertex 91.277 -27.4971 16.3
    endloop
  endfacet
  facet normal 0 0 1
    outer loop
      vertex 90.54 -27.7473 16.3
      vertex 89.9137 -28.9401 16.3
      vertex 90.8117 -28.7615 16.3
    endloop
  endfacet
  facet normal -0 0 1
    outer loop
      vertex 89.7766 -27.8991 16.3
      vertex 89.9137 -28.9401 16.3
      vertex 90.54 -27.7473 16.3
    endloop
  endfacet
  facet normal -0 0 1
    outer loop
      vertex 89 -27.95 16.3
      vertex 89.9137 -28.9401 16.3
      vertex 89.7766 -27.8991 16.3
    endloop
  endfacet
  facet normal 0 0 1
    outer loop
      vertex 89 -27.95 16.3
      vertex 89 -29 16.3
      vertex 89.9137 -28.9401 16.3
    endloop
  endfacet
  facet normal -0 0 1
    outer loop
      vertex 18 -27.95 16.3
      vertex 89 -29 16.3
      vertex 89 -27.95 16.3
    endloop
  endfacet
  facet normal 0 0 1
    outer loop
      vertex 18 -27.95 16.3
      vertex 18 -29 16.3
      vertex 89 -29 16.3
    endloop
  endfacet
  facet normal 0 0 1
    outer loop
      vertex 17.2234 -27.8991 16.3
      vertex 18 -29 16.3
      vertex 18 -27.95 16.3
    endloop
  endfacet
  facet normal 0 0 1
    outer loop
      vertex 17.2234 -27.8991 16.3
      vertex 17.0863 -28.9401 16.3
      vertex 18 -29 16.3
    endloop
  endfacet
  facet normal 0 0 1
    outer loop
      vertex 16.46 -27.7473 16.3
      vertex 17.0863 -28.9401 16.3
      vertex 17.2234 -27.8991 16.3
    endloop
  endfacet
  facet normal 0 0 1
    outer loop
      vertex 16.46 -27.7473 16.3
      vertex 16.1883 -28.7615 16.3
      vertex 17.0863 -28.9401 16.3
    endloop
  endfacet
  facet normal 0 0 1
    outer loop
      vertex 15.723 -27.4971 16.3
      vertex 16.1883 -28.7615 16.3
      vertex 16.46 -27.7473 16.3
    endloop
  endfacet
  facet normal 0 0 1
    outer loop
      vertex 15.723 -27.4971 16.3
      vertex 15.3212 -28.4672 16.3
      vertex 16.1883 -28.7615 16.3
    endloop
  endfacet
  facet normal 0 0 1
    outer loop
      vertex 15.025 -27.1528 16.3
      vertex 15.3212 -28.4672 16.3
      vertex 15.723 -27.4971 16.3
    endloop
  endfacet
  facet normal 0 0 1
    outer loop
      vertex 15.025 -27.1528 16.3
      vertex 14.5 -28.0622 16.3
      vertex 15.3212 -28.4672 16.3
    endloop
  endfacet
  facet normal 0 0 1
    outer loop
      vertex 14.3779 -26.7205 16.3
      vertex 14.5 -28.0622 16.3
      vertex 15.025 -27.1528 16.3
    endloop
  endfacet
  facet normal 0 0 1
    outer loop
      vertex 13.7387 -27.5535 16.3
      vertex 14.3779 -26.7205 16.3
      vertex 13.7927 -26.2073 16.3
    endloop
  endfacet
  facet normal 0 0 1
    outer loop
      vertex 14.3779 -26.7205 16.3
      vertex 13.7387 -27.5535 16.3
      vertex 14.5 -28.0622 16.3
    endloop
  endfacet
  facet normal 0 0 1
    outer loop
      vertex 13.0502 -26.9498 16.3
      vertex 13.7927 -26.2073 16.3
      vertex 13.2795 -25.6221 16.3
    endloop
  endfacet
  facet normal 0 0 1
    outer loop
      vertex 13.7927 -26.2073 16.3
      vertex 13.0502 -26.9498 16.3
      vertex 13.7387 -27.5535 16.3
    endloop
  endfacet
  facet normal 0 0 1
    outer loop
      vertex 12.4465 -26.2613 16.3
      vertex 13.2795 -25.6221 16.3
      vertex 12.8472 -24.975 16.3
    endloop
  endfacet
  facet normal 0 0 1
    outer loop
      vertex 11.9378 -25.5 16.3
      vertex 12.8472 -24.975 16.3
      vertex 12.5029 -24.277 16.3
    endloop
  endfacet
  facet normal 0 0 1
    outer loop
      vertex 13.2795 -25.6221 16.3
      vertex 12.4465 -26.2613 16.3
      vertex 13.0502 -26.9498 16.3
    endloop
  endfacet
  facet normal 0 0 1
    outer loop
      vertex 11.5328 -24.6788 16.3
      vertex 12.5029 -24.277 16.3
      vertex 12.2527 -23.54 16.3
    endloop
  endfacet
  facet normal 0 0 1
    outer loop
      vertex 11.2385 -23.8117 16.3
      vertex 12.2527 -23.54 16.3
      vertex 12.1009 -22.7766 16.3
    endloop
  endfacet
  facet normal 0 0 1
    outer loop
      vertex 12.8472 -24.975 16.3
      vertex 11.9378 -25.5 16.3
      vertex 12.4465 -26.2613 16.3
    endloop
  endfacet
  facet normal 0 0 1
    outer loop
      vertex 11.0599 -22.9137 16.3
      vertex 12.1009 -22.7766 16.3
      vertex 12.05 -22 16.3
    endloop
  endfacet
  facet normal 0 0 1
    outer loop
      vertex 12.05 22 16.3
      vertex 11 22 16.3
      vertex 12.05 -22 16.3
    endloop
  endfacet
  facet normal -0 0 1
    outer loop
      vertex 11.0599 22.9137 16.3
      vertex 12.1009 22.7766 16.3
      vertex 11.2385 23.8117 16.3
    endloop
  endfacet
  facet normal 0 0 1
    outer loop
      vertex 11 -22 16.3
      vertex 12.05 -22 16.3
      vertex 11 22 16.3
    endloop
  endfacet
  facet normal 0 0 1
    outer loop
      vertex 12.1009 22.7766 16.3
      vertex 11.0599 22.9137 16.3
      vertex 12.05 22 16.3
    endloop
  endfacet
  facet normal 0 -0 1
    outer loop
      vertex 11.0599 -22.9137 16.3
      vertex 12.05 -22 16.3
      vertex 11 -22 16.3
    endloop
  endfacet
  facet normal 0 0 1
    outer loop
      vertex 12.05 22 16.3
      vertex 11.0599 22.9137 16.3
      vertex 11 22 16.3
    endloop
  endfacet
  facet normal 0 0 1
    outer loop
      vertex 12.5029 -24.277 16.3
      vertex 11.5328 -24.6788 16.3
      vertex 11.9378 -25.5 16.3
    endloop
  endfacet
  facet normal 0 0 1
    outer loop
      vertex 12.2527 -23.54 16.3
      vertex 11.2385 -23.8117 16.3
      vertex 11.5328 -24.6788 16.3
    endloop
  endfacet
  facet normal 0 0 1
    outer loop
      vertex 12.1009 -22.7766 16.3
      vertex 11.0599 -22.9137 16.3
      vertex 11.2385 -23.8117 16.3
    endloop
  endfacet
  facet normal 0 1 0
    outer loop
      vertex 89 29 16.3
      vertex 62 29 9.3
      vertex 18 29 16.3
    endloop
  endfacet
  facet normal 0 1 -0
    outer loop
      vertex 89 29 0
      vertex 62 29 9.3
      vertex 89 29 16.3
    endloop
  endfacet
  facet normal 0 1 0
    outer loop
      vertex 18 29 0
      vertex 62 29 5.7
      vertex 89 29 0
    endloop
  endfacet
  facet normal 0 1 0
    outer loop
      vertex 62 29 9.3
      vertex 89 29 0
      vertex 62 29 5.7
    endloop
  endfacet
  facet normal 0 1 -0
    outer loop
      vertex 43 29 9.3
      vertex 18 29 16.3
      vertex 62 29 9.3
    endloop
  endfacet
  facet normal 0 1 0
    outer loop
      vertex 18 29 0
      vertex 43 29 9.3
      vertex 43 29 5.7
    endloop
  endfacet
  facet normal 0 1 0
    outer loop
      vertex 43 29 9.3
      vertex 18 29 0
      vertex 18 29 16.3
    endloop
  endfacet
  facet normal 0 1 0
    outer loop
      vertex 62 29 5.7
      vertex 18 29 0
      vertex 43 29 5.7
    endloop
  endfacet
  facet normal 0.195066 -0.98079 0
    outer loop
      vertex 89.9137 -28.9401 0
      vertex 90.8117 -28.7615 16.3
      vertex 89.9137 -28.9401 16.3
    endloop
  endfacet
  facet normal 0.195066 -0.98079 0
    outer loop
      vertex 90.8117 -28.7615 16.3
      vertex 89.9137 -28.9401 0
      vertex 90.8117 -28.7615 0
    endloop
  endfacet
  facet normal -0.555582 -0.831462 0
    outer loop
      vertex 13.7387 -27.5535 0
      vertex 14.5 -28.0622 16.3
      vertex 13.7387 -27.5535 16.3
    endloop
  endfacet
  facet normal -0.555582 -0.831462 -0
    outer loop
      vertex 14.5 -28.0622 16.3
      vertex 13.7387 -27.5535 0
      vertex 14.5 -28.0622 0
    endloop
  endfacet
  facet normal 0.659285 -0.751893 0
    outer loop
      vertex 93.2613 -27.5535 0
      vertex 93.9498 -26.9498 16.3
      vertex 93.2613 -27.5535 16.3
    endloop
  endfacet
  facet normal 0.659285 -0.751893 0
    outer loop
      vertex 93.9498 -26.9498 16.3
      vertex 93.2613 -27.5535 0
      vertex 93.9498 -26.9498 0
    endloop
  endfacet
  facet normal -0.997858 0.0654172 0
    outer loop
      vertex 11 22 0
      vertex 11.0599 22.9137 16.3
      vertex 11.0599 22.9137 0
    endloop
  endfacet
  facet normal -0.997858 0.0654172 0
    outer loop
      vertex 11.0599 22.9137 16.3
      vertex 11 22 0
      vertex 11 22 16.3
    endloop
  endfacet
  facet normal -1 0 0
    outer loop
      vertex 11 -22 0
      vertex 11 22 16.3
      vertex 11 22 0
    endloop
  endfacet
  facet normal -1 -0 0
    outer loop
      vertex 11 22 16.3
      vertex 11 -22 0
      vertex 11 -22 16.3
    endloop
  endfacet
  facet normal -0.89686 -0.442314 0
    outer loop
      vertex 11.9378 -25.5 0
      vertex 11.5328 -24.6788 16.3
      vertex 11.5328 -24.6788 0
    endloop
  endfacet
  facet normal -0.89686 -0.442314 0
    outer loop
      vertex 11.5328 -24.6788 16.3
      vertex 11.9378 -25.5 0
      vertex 11.9378 -25.5 16.3
    endloop
  endfacet
  facet normal -0.0654172 0.997858 0
    outer loop
      vertex 18 29 0
      vertex 17.0863 28.9401 16.3
      vertex 18 29 16.3
    endloop
  endfacet
  facet normal -0.0654172 0.997858 0
    outer loop
      vertex 17.0863 28.9401 16.3
      vertex 18 29 0
      vertex 17.0863 28.9401 0
    endloop
  endfacet
  facet normal 0.0654172 -0.997858 0
    outer loop
      vertex 89 -29 0
      vertex 89.9137 -28.9401 16.3
      vertex 89 -29 16.3
    endloop
  endfacet
  facet normal 0.0654172 -0.997858 0
    outer loop
      vertex 89.9137 -28.9401 16.3
      vertex 89 -29 0
      vertex 89.9137 -28.9401 0
    endloop
  endfacet
  facet normal -0.0654172 -0.997858 0
    outer loop
      vertex 17.0863 -28.9401 0
      vertex 18 -29 16.3
      vertex 17.0863 -28.9401 16.3
    endloop
  endfacet
  facet normal -0.0654172 -0.997858 -0
    outer loop
      vertex 18 -29 16.3
      vertex 17.0863 -28.9401 0
      vertex 18 -29 0
    endloop
  endfacet
  facet normal 0.659285 0.751893 -0
    outer loop
      vertex 93.9498 26.9498 0
      vertex 93.2613 27.5535 16.3
      vertex 93.9498 26.9498 16.3
    endloop
  endfacet
  facet normal 0.659285 0.751893 0
    outer loop
      vertex 93.2613 27.5535 16.3
      vertex 93.9498 26.9498 0
      vertex 93.2613 27.5535 0
    endloop
  endfacet
  facet normal 0.997858 -0.0654172 0
    outer loop
      vertex 95.9401 -22.9137 16.3
      vertex 96 -22 0
      vertex 96 -22 16.3
    endloop
  endfacet
  facet normal 0.997858 -0.0654172 0
    outer loop
      vertex 96 -22 0
      vertex 95.9401 -22.9137 16.3
      vertex 95.9401 -22.9137 0
    endloop
  endfacet
  facet normal -0.831462 0.555582 0
    outer loop
      vertex 11.9378 25.5 0
      vertex 12.4465 26.2613 16.3
      vertex 12.4465 26.2613 0
    endloop
  endfacet
  facet normal -0.831462 0.555582 0
    outer loop
      vertex 12.4465 26.2613 16.3
      vertex 11.9378 25.5 0
      vertex 11.9378 25.5 16.3
    endloop
  endfacet
  facet normal 0 0 -1
    outer loop
      vertex 69 -9 0
      vertex 68.5863 -0.208841 0
      vertex 68.6 0 0
    endloop
  endfacet
  facet normal 0 0 -1
    outer loop
      vertex 69 -9 0
      vertex 68.5455 -0.41411 0
      vertex 68.5863 -0.208841 0
    endloop
  endfacet
  facet normal -0 0 -1
    outer loop
      vertex 69.6173 -9.92387 0
      vertex 66.5 -21.3 0
      vertex 69.5 -9.86603 0
    endloop
  endfacet
  facet normal 0 0 -1
    outer loop
      vertex 69 -9 0
      vertex 68.4782 -0.612293 0
      vertex 68.5455 -0.41411 0
    endloop
  endfacet
  facet normal -0 0 -1
    outer loop
      vertex 69.5 -9.86603 0
      vertex 66.5 -21.3 0
      vertex 69.3912 -9.79335 0
    endloop
  endfacet
  facet normal 0 0 -1
    outer loop
      vertex 69 -9 0
      vertex 68.3856 -0.799999 0
      vertex 68.4782 -0.612293 0
    endloop
  endfacet
  facet normal 0 0 -1
    outer loop
      vertex 69 -9 0
      vertex 68.2694 -0.974018 0
      vertex 68.3856 -0.799999 0
    endloop
  endfacet
  facet normal 0 0 -1
    outer loop
      vertex 66.2128 -21.3188 0
      vertex 69.3912 -9.79335 0
      vertex 66.5 -21.3 0
    endloop
  endfacet
  facet normal 0 0 -1
    outer loop
      vertex 69 -9 0
      vertex 68.1314 -1.13137 0
      vertex 68.2694 -0.974018 0
    endloop
  endfacet
  facet normal -0 0 -1
    outer loop
      vertex 69.3912 -9.79335 0
      vertex 66.2128 -21.3188 0
      vertex 69.2929 -9.70711 0
    endloop
  endfacet
  facet normal 0 0 -1
    outer loop
      vertex 69 -9 0
      vertex 67.974 -1.26937 0
      vertex 68.1314 -1.13137 0
    endloop
  endfacet
  facet normal 0 0 -1
    outer loop
      vertex 65.9306 -21.375 0
      vertex 69.2929 -9.70711 0
      vertex 66.2128 -21.3188 0
    endloop
  endfacet
  facet normal 0 0 -1
    outer loop
      vertex 69 -9 0
      vertex 67.8 -1.38564 0
      vertex 67.974 -1.26937 0
    endloop
  endfacet
  facet normal -0 0 -1
    outer loop
      vertex 69.2929 -9.70711 0
      vertex 65.9306 -21.375 0
      vertex 69.2066 -9.60876 0
    endloop
  endfacet
  facet normal 0 0 -1
    outer loop
      vertex 69 -9 0
      vertex 67.6123 -1.47821 0
      vertex 67.8 -1.38564 0
    endloop
  endfacet
  facet normal 0 0 -1
    outer loop
      vertex 65.6581 -21.4675 0
      vertex 69.2066 -9.60876 0
      vertex 65.9306 -21.375 0
    endloop
  endfacet
  facet normal 0 0 -1
    outer loop
      vertex 69 -9 0
      vertex 67.4141 -1.54548 0
      vertex 67.6123 -1.47821 0
    endloop
  endfacet
  facet normal -0 0 -1
    outer loop
      vertex 69.2066 -9.60876 0
      vertex 65.6581 -21.4675 0
      vertex 69.134 -9.5 0
    endloop
  endfacet
  facet normal 0 0 -1
    outer loop
      vertex 69 -9 0
      vertex 67.2088 -1.58631 0
      vertex 67.4141 -1.54548 0
    endloop
  endfacet
  facet normal 0 0 -1
    outer loop
      vertex 65.4 -21.5947 0
      vertex 69.134 -9.5 0
      vertex 65.6581 -21.4675 0
    endloop
  endfacet
  facet normal 0 0 -1
    outer loop
      vertex 69 -9 0
      vertex 67 -1.6 0
      vertex 67.2088 -1.58631 0
    endloop
  endfacet
  facet normal -0 0 -1
    outer loop
      vertex 69.134 -9.5 0
      vertex 65.4 -21.5947 0
      vertex 69.0761 -9.38269 0
    endloop
  endfacet
  facet normal 0 0 -1
    outer loop
      vertex 69 -9 0
      vertex 66.7912 -1.58631 0
      vertex 67 -1.6 0
    endloop
  endfacet
  facet normal 0 0 -1
    outer loop
      vertex 65.1607 -21.7546 0
      vertex 69.0761 -9.38269 0
      vertex 65.4 -21.5947 0
    endloop
  endfacet
  facet normal 0 0 -1
    outer loop
      vertex 69 -9 0
      vertex 66.5859 -1.54548 0
      vertex 66.7912 -1.58631 0
    endloop
  endfacet
  facet normal -0 0 -1
    outer loop
      vertex 69.0761 -9.38269 0
      vertex 65.1607 -21.7546 0
      vertex 69.0341 -9.25882 0
    endloop
  endfacet
  facet normal 0 0 -1
    outer loop
      vertex 69 -9 0
      vertex 66.3877 -1.47821 0
      vertex 66.5859 -1.54548 0
    endloop
  endfacet
  facet normal 0 0 -1
    outer loop
      vertex 64.9444 -21.9444 0
      vertex 69.0341 -9.25882 0
      vertex 65.1607 -21.7546 0
    endloop
  endfacet
  facet normal 0 0 -1
    outer loop
      vertex 69 -9 0
      vertex 66.2 -1.38564 0
      vertex 66.3877 -1.47821 0
    endloop
  endfacet
  facet normal -0 0 -1
    outer loop
      vertex 69.0341 -9.25882 0
      vertex 64.9444 -21.9444 0
      vertex 69.0086 -9.13052 0
    endloop
  endfacet
  facet normal 0 0 -1
    outer loop
      vertex 69 -9 0
      vertex 66.026 -1.26937 0
      vertex 66.2 -1.38564 0
    endloop
  endfacet
  facet normal 0 0 -1
    outer loop
      vertex 41.0556 -21.9444 0
      vertex 69.0086 -9.13052 0
      vertex 64.9444 -21.9444 0
    endloop
  endfacet
  facet normal 0 0 -1
    outer loop
      vertex 69 -9 0
      vertex 65.8686 -1.13137 0
      vertex 66.026 -1.26937 0
    endloop
  endfacet
  facet normal 0 -0 -1
    outer loop
      vertex 65.7306 -0.974018 0
      vertex 69.0086 -9.13052 0
      vertex 41.0556 -21.9444 0
    endloop
  endfacet
  facet normal 0 0 -1
    outer loop
      vertex 69 -9 0
      vertex 65.7306 -0.974018 0
      vertex 65.8686 -1.13137 0
    endloop
  endfacet
  facet normal 0 0 -1
    outer loop
      vertex 69.0086 -9.13052 0
      vertex 65.7306 -0.974018 0
      vertex 69 -9 0
    endloop
  endfacet
  facet normal -0 0 -1
    outer loop
      vertex 65.7306 -0.974018 0
      vertex 41.0556 -21.9444 0
      vertex 65.6144 -0.799999 0
    endloop
  endfacet
  facet normal 0 0 -1
    outer loop
      vertex 40.8393 -21.7546 0
      vertex 65.6144 -0.799999 0
      vertex 41.0556 -21.9444 0
    endloop
  endfacet
  facet normal -0 0 -1
    outer loop
      vertex 65.6144 -0.799999 0
      vertex 40.8393 -21.7546 0
      vertex 65.5218 -0.612293 0
    endloop
  endfacet
  facet normal 0 0 -1
    outer loop
      vertex 96 -22 0
      vertex 88.9914 -9.13052 0
      vertex 89 -9 0
    endloop
  endfacet
  facet normal 0 0 -1
    outer loop
      vertex 96 -22 0
      vertex 88.9659 -9.25882 0
      vertex 88.9914 -9.13052 0
    endloop
  endfacet
  facet normal 0 0 -1
    outer loop
      vertex 96 -22 0
      vertex 88.9239 -9.38269 0
      vertex 88.9659 -9.25882 0
    endloop
  endfacet
  facet normal 0 0 -1
    outer loop
      vertex 96 -22 0
      vertex 88.866 -9.5 0
      vertex 88.9239 -9.38269 0
    endloop
  endfacet
  facet normal 0 0 -1
    outer loop
      vertex 96 -22 0
      vertex 88.7934 -9.60876 0
      vertex 88.866 -9.5 0
    endloop
  endfacet
  facet normal 0 0 -1
    outer loop
      vertex 96 -22 0
      vertex 88.7071 -9.70711 0
      vertex 88.7934 -9.60876 0
    endloop
  endfacet
  facet normal 0 0 -1
    outer loop
      vertex 96 -22 0
      vertex 88.6088 -9.79335 0
      vertex 88.7071 -9.70711 0
    endloop
  endfacet
  facet normal 0 0 -1
    outer loop
      vertex 96 -22 0
      vertex 88.5 -9.86603 0
      vertex 88.6088 -9.79335 0
    endloop
  endfacet
  facet normal 0 0 -1
    outer loop
      vertex 96 -22 0
      vertex 88.3827 -9.92387 0
      vertex 88.5 -9.86603 0
    endloop
  endfacet
  facet normal 0 0 -1
    outer loop
      vertex 96 -22 0
      vertex 88.2588 -9.96593 0
      vertex 88.3827 -9.92387 0
    endloop
  endfacet
  facet normal 0 0 -1
    outer loop
      vertex 96 -22 0
      vertex 88.1305 -9.99144 0
      vertex 88.2588 -9.96593 0
    endloop
  endfacet
  facet normal 0 0 -1
    outer loop
      vertex 96 -22 0
      vertex 88 -10 0
      vertex 88.1305 -9.99144 0
    endloop
  endfacet
  facet normal 0 0 -1
    outer loop
      vertex 68.625 -22.9306 0
      vertex 88 -10 0
      vertex 89 -29 0
    endloop
  endfacet
  facet normal 0 0 -1
    outer loop
      vertex 68.5325 -22.6581 0
      vertex 88 -10 0
      vertex 68.625 -22.9306 0
    endloop
  endfacet
  facet normal -0 0 -1
    outer loop
      vertex 88 -10 0
      vertex 68.5325 -22.6581 0
      vertex 70 -10 0
    endloop
  endfacet
  facet normal 0 0 -1
    outer loop
      vertex 68.4053 -22.4 0
      vertex 70 -10 0
      vertex 68.5325 -22.6581 0
    endloop
  endfacet
  facet normal 0 0 -1
    outer loop
      vertex 68.2454 -22.1607 0
      vertex 70 -10 0
      vertex 68.4053 -22.4 0
    endloop
  endfacet
  facet normal 0 0 -1
    outer loop
      vertex 68.0556 -21.9444 0
      vertex 70 -10 0
      vertex 68.2454 -22.1607 0
    endloop
  endfacet
  facet normal 0 0 -1
    outer loop
      vertex 67.8393 -21.7546 0
      vertex 70 -10 0
      vertex 68.0556 -21.9444 0
    endloop
  endfacet
  facet normal 0 0 -1
    outer loop
      vertex 66.7872 -21.3188 0
      vertex 69.7412 -9.96593 0
      vertex 67.0694 -21.375 0
    endloop
  endfacet
  facet normal -0 0 -1
    outer loop
      vertex 69.8695 -9.99144 0
      vertex 67.0694 -21.375 0
      vertex 69.7412 -9.96593 0
    endloop
  endfacet
  facet normal 0 0 -1
    outer loop
      vertex 67.0694 -21.375 0
      vertex 69.8695 -9.99144 0
      vertex 67.3419 -21.4675 0
    endloop
  endfacet
  facet normal -0 0 -1
    outer loop
      vertex 70 -10 0
      vertex 67.3419 -21.4675 0
      vertex 69.8695 -9.99144 0
    endloop
  endfacet
  facet normal 0 0 -1
    outer loop
      vertex 67.3419 -21.4675 0
      vertex 70 -10 0
      vertex 67.6 -21.5947 0
    endloop
  endfacet
  facet normal 0 0 -1
    outer loop
      vertex 67.6 -21.5947 0
      vertex 70 -10 0
      vertex 67.8393 -21.7546 0
    endloop
  endfacet
  facet normal 0 0 -1
    outer loop
      vertex 68.625 -22.9306 0
      vertex 89 -29 0
      vertex 68.6812 -23.2128 0
    endloop
  endfacet
  facet normal 0 0 -1
    outer loop
      vertex 68.6812 -23.2128 0
      vertex 89 -29 0
      vertex 68.7 -23.5 0
    endloop
  endfacet
  facet normal 0 0 -1
    outer loop
      vertex 89 -29 0
      vertex 68.6812 -23.7872 0
      vertex 68.7 -23.5 0
    endloop
  endfacet
  facet normal 0 0 -1
    outer loop
      vertex 89 -29 0
      vertex 68.625 -24.0694 0
      vertex 68.6812 -23.7872 0
    endloop
  endfacet
  facet normal 0 0 -1
    outer loop
      vertex 89 -29 0
      vertex 68.5325 -24.3419 0
      vertex 68.625 -24.0694 0
    endloop
  endfacet
  facet normal 0 0 -1
    outer loop
      vertex 89 -29 0
      vertex 68.4053 -24.6 0
      vertex 68.5325 -24.3419 0
    endloop
  endfacet
  facet normal 0 0 -1
    outer loop
      vertex 89 -29 0
      vertex 68.2454 -24.8393 0
      vertex 68.4053 -24.6 0
    endloop
  endfacet
  facet normal 0 0 -1
    outer loop
      vertex 89 -29 0
      vertex 68.0556 -25.0556 0
      vertex 68.2454 -24.8393 0
    endloop
  endfacet
  facet normal 0 0 -1
    outer loop
      vertex 89 -29 0
      vertex 67.8393 -25.2454 0
      vertex 68.0556 -25.0556 0
    endloop
  endfacet
  facet normal 0 0 -1
    outer loop
      vertex 89 -29 0
      vertex 67.6 -25.4053 0
      vertex 67.8393 -25.2454 0
    endloop
  endfacet
  facet normal 0 0 -1
    outer loop
      vertex 89 -29 0
      vertex 67.3419 -25.5325 0
      vertex 67.6 -25.4053 0
    endloop
  endfacet
  facet normal 0 0 -1
    outer loop
      vertex 89 -29 0
      vertex 67.0694 -25.625 0
      vertex 67.3419 -25.5325 0
    endloop
  endfacet
  facet normal 0 0 -1
    outer loop
      vertex 89 -29 0
      vertex 66.7872 -25.6812 0
      vertex 67.0694 -25.625 0
    endloop
  endfacet
  facet normal 0 0 -1
    outer loop
      vertex 89 -29 0
      vertex 66.5 -25.7 0
      vertex 66.7872 -25.6812 0
    endloop
  endfacet
  facet normal 0 0 -1
    outer loop
      vertex 89 -29 0
      vertex 66.2128 -25.6812 0
      vertex 66.5 -25.7 0
    endloop
  endfacet
  facet normal 0 0 -1
    outer loop
      vertex 64.3188 -23.7872 0
      vertex 41.7 -23.5 0
      vertex 64.3 -23.5 0
    endloop
  endfacet
  facet normal 0 0 -1
    outer loop
      vertex 41.6812 -23.7872 0
      vertex 64.3188 -23.7872 0
      vertex 64.375 -24.0694 0
    endloop
  endfacet
  facet normal 0 0 -1
    outer loop
      vertex 41.625 -24.0694 0
      vertex 64.375 -24.0694 0
      vertex 64.4675 -24.3419 0
    endloop
  endfacet
  facet normal 0 0 -1
    outer loop
      vertex 41.5325 -24.3419 0
      vertex 64.4675 -24.3419 0
      vertex 64.5947 -24.6 0
    endloop
  endfacet
  facet normal 0 0 -1
    outer loop
      vertex 41.4053 -24.6 0
      vertex 64.5947 -24.6 0
      vertex 64.7546 -24.8393 0
    endloop
  endfacet
  facet normal 0 0 -1
    outer loop
      vertex 41.2454 -24.8393 0
      vertex 64.7546 -24.8393 0
      vertex 64.9444 -25.0556 0
    endloop
  endfacet
  facet normal 0 0 -1
    outer loop
      vertex 41.0556 -25.0556 0
      vertex 64.9444 -25.0556 0
      vertex 65.1607 -25.2454 0
    endloop
  endfacet
  facet normal 0 0 -1
    outer loop
      vertex 40.8393 -25.2454 0
      vertex 65.1607 -25.2454 0
      vertex 65.4 -25.4053 0
    endloop
  endfacet
  facet normal 0 0 -1
    outer loop
      vertex 40.6 -25.4053 0
      vertex 65.4 -25.4053 0
      vertex 65.6581 -25.5325 0
    endloop
  endfacet
  facet normal 0 0 -1
    outer loop
      vertex 40.3419 -25.5325 0
      vertex 65.6581 -25.5325 0
      vertex 65.9306 -25.625 0
    endloop
  endfacet
  facet normal 0 0 -1
    outer loop
      vertex 40.0694 -25.625 0
      vertex 65.9306 -25.625 0
      vertex 66.2128 -25.6812 0
    endloop
  endfacet
  facet normal 0 0 -1
    outer loop
      vertex 39.7872 -25.6812 0
      vertex 66.2128 -25.6812 0
      vertex 89 -29 0
    endloop
  endfacet
  facet normal 0 0 -1
    outer loop
      vertex 64.3188 -23.7872 0
      vertex 41.6812 -23.7872 0
      vertex 41.7 -23.5 0
    endloop
  endfacet
  facet normal 0 0 -1
    outer loop
      vertex 64.375 -24.0694 0
      vertex 41.625 -24.0694 0
      vertex 41.6812 -23.7872 0
    endloop
  endfacet
  facet normal 0 0 -1
    outer loop
      vertex 64.4675 -24.3419 0
      vertex 41.5325 -24.3419 0
      vertex 41.625 -24.0694 0
    endloop
  endfacet
  facet normal 0 0 -1
    outer loop
      vertex 64.5947 -24.6 0
      vertex 41.4053 -24.6 0
      vertex 41.5325 -24.3419 0
    endloop
  endfacet
  facet normal 0 0 -1
    outer loop
      vertex 64.7546 -24.8393 0
      vertex 41.2454 -24.8393 0
      vertex 41.4053 -24.6 0
    endloop
  endfacet
  facet normal 0 0 -1
    outer loop
      vertex 64.9444 -25.0556 0
      vertex 41.0556 -25.0556 0
      vertex 41.2454 -24.8393 0
    endloop
  endfacet
  facet normal 0 0 -1
    outer loop
      vertex 65.1607 -25.2454 0
      vertex 40.8393 -25.2454 0
      vertex 41.0556 -25.0556 0
    endloop
  endfacet
  facet normal 0 0 -1
    outer loop
      vertex 65.4 -25.4053 0
      vertex 40.6 -25.4053 0
      vertex 40.8393 -25.2454 0
    endloop
  endfacet
  facet normal 0 0 -1
    outer loop
      vertex 65.6581 -25.5325 0
      vertex 40.3419 -25.5325 0
      vertex 40.6 -25.4053 0
    endloop
  endfacet
  facet normal 0 0 -1
    outer loop
      vertex 65.9306 -25.625 0
      vertex 40.0694 -25.625 0
      vertex 40.3419 -25.5325 0
    endloop
  endfacet
  facet normal 0 0 -1
    outer loop
      vertex 66.2128 -25.6812 0
      vertex 39.7872 -25.6812 0
      vertex 40.0694 -25.625 0
    endloop
  endfacet
  facet normal 0 0 -1
    outer loop
      vertex 18 -29 0
      vertex 39.7872 -25.6812 0
      vertex 89 -29 0
    endloop
  endfacet
  facet normal 0 0 -1
    outer loop
      vertex 39.7872 -25.6812 0
      vertex 18 -29 0
      vertex 39.5 -25.7 0
    endloop
  endfacet
  facet normal 0 0 -1
    outer loop
      vertex 18 -29 0
      vertex 37.3 -23.5 0
      vertex 37.3188 -23.7872 0
    endloop
  endfacet
  facet normal 0 0 -1
    outer loop
      vertex 37.3 -23.5 0
      vertex 34.0897 -5.95662 0
      vertex 34.1 -5.79999 0
    endloop
  endfacet
  facet normal 0 0 -1
    outer loop
      vertex 37.3 -23.5 0
      vertex 34.0591 -6.11057 0
      vertex 34.0897 -5.95662 0
    endloop
  endfacet
  facet normal 0 0 -1
    outer loop
      vertex 37.3 -23.5 0
      vertex 34.0087 -6.2592 0
      vertex 34.0591 -6.11057 0
    endloop
  endfacet
  facet normal 0 0 -1
    outer loop
      vertex 37.3 -23.5 0
      vertex 33.9392 -6.39999 0
      vertex 34.0087 -6.2592 0
    endloop
  endfacet
  facet normal 0 0 -1
    outer loop
      vertex 37.3 -23.5 0
      vertex 33.852 -6.5305 0
      vertex 33.9392 -6.39999 0
    endloop
  endfacet
  facet normal 0 0 -1
    outer loop
      vertex 18 -29 0
      vertex 37.3188 -23.7872 0
      vertex 37.375 -24.0694 0
    endloop
  endfacet
  facet normal 0 0 -1
    outer loop
      vertex 37.3 -23.5 0
      vertex 33.7485 -6.64851 0
      vertex 33.852 -6.5305 0
    endloop
  endfacet
  facet normal 0 0 -1
    outer loop
      vertex 37.3 -23.5 0
      vertex 33.6305 -6.75201 0
      vertex 33.7485 -6.64851 0
    endloop
  endfacet
  facet normal 0 0 -1
    outer loop
      vertex 37.3 -23.5 0
      vertex 33.5 -6.83922 0
      vertex 33.6305 -6.75201 0
    endloop
  endfacet
  facet normal 0 0 -1
    outer loop
      vertex 37.3 -23.5 0
      vertex 33.3592 -6.90865 0
      vertex 33.5 -6.83922 0
    endloop
  endfacet
  facet normal 0 0 -1
    outer loop
      vertex 37.3 -23.5 0
      vertex 33.2106 -6.95909 0
      vertex 33.3592 -6.90865 0
    endloop
  endfacet
  facet normal 0 0 -1
    outer loop
      vertex 37.3 -23.5 0
      vertex 33.0566 -6.98972 0
      vertex 33.2106 -6.95909 0
    endloop
  endfacet
  facet normal 0 0 -1
    outer loop
      vertex 37.3 -23.5 0
      vertex 32.9 -6.99998 0
      vertex 33.0566 -6.98972 0
    endloop
  endfacet
  facet normal 0 0 -1
    outer loop
      vertex 37.3 -23.5 0
      vertex 18.1 -6.99998 0
      vertex 32.9 -6.99998 0
    endloop
  endfacet
  facet normal 0 0 -1
    outer loop
      vertex 18 -29 0
      vertex 37.375 -24.0694 0
      vertex 37.4675 -24.3419 0
    endloop
  endfacet
  facet normal 0 0 -1
    outer loop
      vertex 18 -29 0
      vertex 37.4675 -24.3419 0
      vertex 37.5947 -24.6 0
    endloop
  endfacet
  facet normal 0 0 -1
    outer loop
      vertex 18 -29 0
      vertex 37.5947 -24.6 0
      vertex 37.7546 -24.8393 0
    endloop
  endfacet
  facet normal 0 0 -1
    outer loop
      vertex 18 -29 0
      vertex 37.7546 -24.8393 0
      vertex 37.9444 -25.0556 0
    endloop
  endfacet
  facet normal -0 0 -1
    outer loop
      vertex 39.5 -25.7 0
      vertex 18 -29 0
      vertex 39.2128 -25.6812 0
    endloop
  endfacet
  facet normal 0 0 -1
    outer loop
      vertex 18 -29 0
      vertex 38.9306 -25.625 0
      vertex 39.2128 -25.6812 0
    endloop
  endfacet
  facet normal 0 0 -1
    outer loop
      vertex 18 -29 0
      vertex 38.6581 -25.5325 0
      vertex 38.9306 -25.625 0
    endloop
  endfacet
  facet normal 0 0 -1
    outer loop
      vertex 18 -29 0
      vertex 38.4 -25.4053 0
      vertex 38.6581 -25.5325 0
    endloop
  endfacet
  facet normal 0 0 -1
    outer loop
      vertex 18 -29 0
      vertex 38.1607 -25.2454 0
      vertex 38.4 -25.4053 0
    endloop
  endfacet
  facet normal 0 0 -1
    outer loop
      vertex 18 -29 0
      vertex 37.9444 -25.0556 0
      vertex 38.1607 -25.2454 0
    endloop
  endfacet
  facet normal -0 0 -1
    outer loop
      vertex 37.3 -23.5 0
      vertex 18 -29 0
      vertex 18.1 -6.99998 0
    endloop
  endfacet
  facet normal 0 0 -1
    outer loop
      vertex 11 -22 0
      vertex 18.1 -6.99998 0
      vertex 18 -29 0
    endloop
  endfacet
  facet normal -0 0 -1
    outer loop
      vertex 18.1 -6.99998 0
      vertex 11 -22 0
      vertex 17.9434 -6.98972 0
    endloop
  endfacet
  facet normal -0 0 -1
    outer loop
      vertex 17.9434 -6.98972 0
      vertex 11 -22 0
      vertex 17.7894 -6.95909 0
    endloop
  endfacet
  facet normal -0 0 -1
    outer loop
      vertex 17.7894 -6.95909 0
      vertex 11 -22 0
      vertex 17.6408 -6.90865 0
    endloop
  endfacet
  facet normal -0 0 -1
    outer loop
      vertex 17.6408 -6.90865 0
      vertex 11 -22 0
      vertex 17.5 -6.83922 0
    endloop
  endfacet
  facet normal -0 0 -1
    outer loop
      vertex 17.5 -6.83922 0
      vertex 11 -22 0
      vertex 17.3695 -6.75201 0
    endloop
  endfacet
  facet normal -0 0 -1
    outer loop
      vertex 17.3695 -6.75201 0
      vertex 11 -22 0
      vertex 17.2515 -6.64851 0
    endloop
  endfacet
  facet normal 0 0 -1
    outer loop
      vertex 11 -22 0
      vertex 18 -29 0
      vertex 17.0863 -28.9401 0
    endloop
  endfacet
  facet normal -0 0 -1
    outer loop
      vertex 17.2515 -6.64851 0
      vertex 11 -22 0
      vertex 17.148 -6.5305 0
    endloop
  endfacet
  facet normal -0 0 -1
    outer loop
      vertex 17.148 -6.5305 0
      vertex 11 -22 0
      vertex 17.0608 -6.39999 0
    endloop
  endfacet
  facet normal -0 0 -1
    outer loop
      vertex 17.0608 -6.39999 0
      vertex 11 -22 0
      vertex 16.9913 -6.2592 0
    endloop
  endfacet
  facet normal -0 0 -1
    outer loop
      vertex 16.9913 -6.2592 0
      vertex 11 -22 0
      vertex 16.9409 -6.11057 0
    endloop
  endfacet
  facet normal -0 0 -1
    outer loop
      vertex 16.9409 -6.11057 0
      vertex 11 -22 0
      vertex 16.9103 -5.95662 0
    endloop
  endfacet
  facet normal -0 0 -1
    outer loop
      vertex 16.9103 -5.95662 0
      vertex 11 -22 0
      vertex 16.9 -5.79999 0
    endloop
  endfacet
  facet normal 0 0 -1
    outer loop
      vertex 11 -22 0
      vertex 17.0863 -28.9401 0
      vertex 16.1883 -28.7615 0
    endloop
  endfacet
  facet normal 0 0 -1
    outer loop
      vertex 89 -29 0
      vertex 96 -22 0
      vertex 95.9401 -22.9137 0
    endloop
  endfacet
  facet normal 0 0 -1
    outer loop
      vertex 96 -22 0
      vertex 92.6 0 0
      vertex 96 22 0
    endloop
  endfacet
  facet normal 0 0 -1
    outer loop
      vertex 89 -29 0
      vertex 95.9401 -22.9137 0
      vertex 95.7615 -23.8117 0
    endloop
  endfacet
  facet normal 0 0 -1
    outer loop
      vertex 92.5863 0.208841 0
      vertex 96 22 0
      vertex 92.6 0 0
    endloop
  endfacet
  facet normal 0 0 -1
    outer loop
      vertex 89 -29 0
      vertex 95.7615 -23.8117 0
      vertex 95.4672 -24.6788 0
    endloop
  endfacet
  facet normal 0 0 -1
    outer loop
      vertex 92.5455 0.41411 0
      vertex 96 22 0
      vertex 92.5863 0.208841 0
    endloop
  endfacet
  facet normal 0 0 -1
    outer loop
      vertex 89 -29 0
      vertex 95.4672 -24.6788 0
      vertex 95.0622 -25.5 0
    endloop
  endfacet
  facet normal 0 0 -1
    outer loop
      vertex 92.4782 0.612293 0
      vertex 96 22 0
      vertex 92.5455 0.41411 0
    endloop
  endfacet
  facet normal 0 0 -1
    outer loop
      vertex 89 -29 0
      vertex 95.0622 -25.5 0
      vertex 94.5535 -26.2613 0
    endloop
  endfacet
  facet normal 0 0 -1
    outer loop
      vertex 92.3856 0.799999 0
      vertex 96 22 0
      vertex 92.4782 0.612293 0
    endloop
  endfacet
  facet normal 0 0 -1
    outer loop
      vertex 89 -29 0
      vertex 94.5535 -26.2613 0
      vertex 93.9498 -26.9498 0
    endloop
  endfacet
  facet normal 0 0 -1
    outer loop
      vertex 92.2694 0.974018 0
      vertex 96 22 0
      vertex 92.3856 0.799999 0
    endloop
  endfacet
  facet normal 0 0 -1
    outer loop
      vertex 89 -29 0
      vertex 93.9498 -26.9498 0
      vertex 93.2613 -27.5535 0
    endloop
  endfacet
  facet normal 0 0 -1
    outer loop
      vertex 88.9914 9.13052 0
      vertex 96 22 0
      vertex 92.2694 0.974018 0
    endloop
  endfacet
  facet normal 0 0 -1
    outer loop
      vertex 88.9659 9.25882 0
      vertex 96 22 0
      vertex 88.9914 9.13052 0
    endloop
  endfacet
  facet normal 0 0 -1
    outer loop
      vertex 96 -22 0
      vertex 92.5863 -0.208841 0
      vertex 92.6 0 0
    endloop
  endfacet
  facet normal 0 0 -1
    outer loop
      vertex 96 -22 0
      vertex 92.5455 -0.41411 0
      vertex 92.5863 -0.208841 0
    endloop
  endfacet
  facet normal 0 0 -1
    outer loop
      vertex 89 -29 0
      vertex 93.2613 -27.5535 0
      vertex 92.5 -28.0622 0
    endloop
  endfacet
  facet normal 0 0 -1
    outer loop
      vertex 96 -22 0
      vertex 92.4782 -0.612293 0
      vertex 92.5455 -0.41411 0
    endloop
  endfacet
  facet normal 0 0 -1
    outer loop
      vertex 96 -22 0
      vertex 92.3856 -0.799999 0
      vertex 92.4782 -0.612293 0
    endloop
  endfacet
  facet normal 0 0 -1
    outer loop
      vertex 96 -22 0
      vertex 89 -9 0
      vertex 92.2694 -0.974018 0
    endloop
  endfacet
  facet normal 0 0 -1
    outer loop
      vertex 96 -22 0
      vertex 92.2694 -0.974018 0
      vertex 92.3856 -0.799999 0
    endloop
  endfacet
  facet normal 0 0 -1
    outer loop
      vertex 92.2694 -0.974018 0
      vertex 89 -9 0
      vertex 92.1314 -1.13137 0
    endloop
  endfacet
  facet normal 0 0 -1
    outer loop
      vertex 92.1314 -1.13137 0
      vertex 89 -9 0
      vertex 91.974 -1.26937 0
    endloop
  endfacet
  facet normal 0 0 -1
    outer loop
      vertex 89 -29 0
      vertex 92.5 -28.0622 0
      vertex 91.6788 -28.4672 0
    endloop
  endfacet
  facet normal 0 0 -1
    outer loop
      vertex 91.974 -1.26937 0
      vertex 89 -9 0
      vertex 91.8 -1.38564 0
    endloop
  endfacet
  facet normal 0 0 -1
    outer loop
      vertex 91.8 -1.38564 0
      vertex 89 -9 0
      vertex 91.6123 -1.47821 0
    endloop
  endfacet
  facet normal 0 0 -1
    outer loop
      vertex 91.6123 -1.47821 0
      vertex 89 -9 0
      vertex 91.4141 -1.54548 0
    endloop
  endfacet
  facet normal 0 0 -1
    outer loop
      vertex 91.4141 -1.54548 0
      vertex 89 -9 0
      vertex 91.2088 -1.58631 0
    endloop
  endfacet
  facet normal 0 0 -1
    outer loop
      vertex 89 -29 0
      vertex 91.6788 -28.4672 0
      vertex 90.8117 -28.7615 0
    endloop
  endfacet
  facet normal 0 0 -1
    outer loop
      vertex 91.2088 -1.58631 0
      vertex 89 -9 0
      vertex 91 -1.6 0
    endloop
  endfacet
  facet normal -0 0 -1
    outer loop
      vertex 91 -1.6 0
      vertex 89 -9 0
      vertex 90.7912 -1.58631 0
    endloop
  endfacet
  facet normal -0 0 -1
    outer loop
      vertex 90.7912 -1.58631 0
      vertex 89 -9 0
      vertex 90.5859 -1.54548 0
    endloop
  endfacet
  facet normal -0 0 -1
    outer loop
      vertex 90.5859 -1.54548 0
      vertex 89 -9 0
      vertex 90.3877 -1.47821 0
    endloop
  endfacet
  facet normal -0 0 -1
    outer loop
      vertex 90.3877 -1.47821 0
      vertex 89 -9 0
      vertex 90.2 -1.38564 0
    endloop
  endfacet
  facet normal 0 0 -1
    outer loop
      vertex 89 -29 0
      vertex 90.8117 -28.7615 0
      vertex 89.9137 -28.9401 0
    endloop
  endfacet
  facet normal -0 0 -1
    outer loop
      vertex 90.2 -1.38564 0
      vertex 89 -9 0
      vertex 90.026 -1.26937 0
    endloop
  endfacet
  facet normal -0 0 -1
    outer loop
      vertex 90.026 -1.26937 0
      vertex 89 -9 0
      vertex 89.8686 -1.13137 0
    endloop
  endfacet
  facet normal -0 0 -1
    outer loop
      vertex 89.8686 -1.13137 0
      vertex 89 -9 0
      vertex 89.7306 -0.974018 0
    endloop
  endfacet
  facet normal -0 0 -1
    outer loop
      vertex 89.7306 -0.974018 0
      vertex 89 -9 0
      vertex 89.6144 -0.799999 0
    endloop
  endfacet
  facet normal -0 0 -1
    outer loop
      vertex 89.6144 -0.799999 0
      vertex 89 -9 0
      vertex 89.5218 -0.612293 0
    endloop
  endfacet
  facet normal -0 0 -1
    outer loop
      vertex 89.5218 -0.612293 0
      vertex 89 -9 0
      vertex 89.4545 -0.41411 0
    endloop
  endfacet
  facet normal -0 0 -1
    outer loop
      vertex 89.4545 -0.41411 0
      vertex 89 -9 0
      vertex 89.4137 -0.208841 0
    endloop
  endfacet
  facet normal 0 0 -1
    outer loop
      vertex 88 -10 0
      vertex 96 -22 0
      vertex 89 -29 0
    endloop
  endfacet
  facet normal 0 0 -1
    outer loop
      vertex 88.9239 9.38269 0
      vertex 96 22 0
      vertex 88.9659 9.25882 0
    endloop
  endfacet
  facet normal 0 0 -1
    outer loop
      vertex 88.866 9.5 0
      vertex 96 22 0
      vertex 88.9239 9.38269 0
    endloop
  endfacet
  facet normal 0 0 -1
    outer loop
      vertex 88.7934 9.60876 0
      vertex 96 22 0
      vertex 88.866 9.5 0
    endloop
  endfacet
  facet normal 0 0 -1
    outer loop
      vertex 88.6088 9.79335 0
      vertex 96 22 0
      vertex 88.7071 9.70711 0
    endloop
  endfacet
  facet normal 0 0 -1
    outer loop
      vertex 88.5 9.86603 0
      vertex 96 22 0
      vertex 88.6088 9.79335 0
    endloop
  endfacet
  facet normal 0 0 -1
    outer loop
      vertex 88.7071 9.70711 0
      vertex 96 22 0
      vertex 88.7934 9.60876 0
    endloop
  endfacet
  facet normal 0 0 -1
    outer loop
      vertex 89 9 0
      vertex 92.2694 0.974018 0
      vertex 92.1314 1.13137 0
    endloop
  endfacet
  facet normal 0 0 -1
    outer loop
      vertex 89 9 0
      vertex 92.1314 1.13137 0
      vertex 91.974 1.26937 0
    endloop
  endfacet
  facet normal 0 0 -1
    outer loop
      vertex 89 9 0
      vertex 91.974 1.26937 0
      vertex 91.8 1.38564 0
    endloop
  endfacet
  facet normal 0 0 -1
    outer loop
      vertex 88.3827 9.92387 0
      vertex 96 22 0
      vertex 88.5 9.86603 0
    endloop
  endfacet
  facet normal 0 0 -1
    outer loop
      vertex 89 9 0
      vertex 91.8 1.38564 0
      vertex 91.6123 1.47821 0
    endloop
  endfacet
  facet normal 0 0 -1
    outer loop
      vertex 89 9 0
      vertex 91.6123 1.47821 0
      vertex 91.4141 1.54548 0
    endloop
  endfacet
  facet normal 0 0 -1
    outer loop
      vertex 89 9 0
      vertex 91.4141 1.54548 0
      vertex 91.2088 1.58631 0
    endloop
  endfacet
  facet normal 0 0 -1
    outer loop
      vertex 89 9 0
      vertex 91.2088 1.58631 0
      vertex 91 1.6 0
    endloop
  endfacet
  facet normal 0 0 -1
    outer loop
      vertex 88.2588 9.96593 0
      vertex 96 22 0
      vertex 88.3827 9.92387 0
    endloop
  endfacet
  facet normal 0 0 -1
    outer loop
      vertex 89 9 0
      vertex 91 1.6 0
      vertex 90.7912 1.58631 0
    endloop
  endfacet
  facet normal 0 0 -1
    outer loop
      vertex 89 9 0
      vertex 90.7912 1.58631 0
      vertex 90.5859 1.54548 0
    endloop
  endfacet
  facet normal 0 0 -1
    outer loop
      vertex 89 9 0
      vertex 90.5859 1.54548 0
      vertex 90.3877 1.47821 0
    endloop
  endfacet
  facet normal 0 0 -1
    outer loop
      vertex 89 9 0
      vertex 90.3877 1.47821 0
      vertex 90.2 1.38564 0
    endloop
  endfacet
  facet normal 0 0 -1
    outer loop
      vertex 89 9 0
      vertex 90.2 1.38564 0
      vertex 90.026 1.26937 0
    endloop
  endfacet
  facet normal 0 0 -1
    outer loop
      vertex 88.1305 9.99144 0
      vertex 96 22 0
      vertex 88.2588 9.96593 0
    endloop
  endfacet
  facet normal 0 0 -1
    outer loop
      vertex 89 9 0
      vertex 90.026 1.26937 0
      vertex 89.8686 1.13137 0
    endloop
  endfacet
  facet normal 0 0 -1
    outer loop
      vertex 89 9 0
      vertex 89.8686 1.13137 0
      vertex 89.7306 0.974018 0
    endloop
  endfacet
  facet normal 0 0 -1
    outer loop
      vertex 89 9 0
      vertex 89.7306 0.974018 0
      vertex 89.6144 0.799999 0
    endloop
  endfacet
  facet normal 0 0 -1
    outer loop
      vertex 89 9 0
      vertex 89.6144 0.799999 0
      vertex 89.5218 0.612293 0
    endloop
  endfacet
  facet normal 0 0 -1
    outer loop
      vertex 89 9 0
      vertex 89.5218 0.612293 0
      vertex 89.4545 0.41411 0
    endloop
  endfacet
  facet normal 0 0 -1
    outer loop
      vertex 89 9 0
      vertex 89.4545 0.41411 0
      vertex 89.4137 0.208841 0
    endloop
  endfacet
  facet normal 0 0 -1
    outer loop
      vertex 89 9 0
      vertex 89.4137 0.208841 0
      vertex 89.4 0 0
    endloop
  endfacet
  facet normal -0 0 -1
    outer loop
      vertex 89.4137 -0.208841 0
      vertex 89 -9 0
      vertex 89.4 0 0
    endloop
  endfacet
  facet normal 0 0 -1
    outer loop
      vertex 89 9 0
      vertex 89.4 0 0
      vertex 89 -9 0
    endloop
  endfacet
  facet normal 0 0 -1
    outer loop
      vertex 92.2694 0.974018 0
      vertex 89 9 0
      vertex 88.9914 9.13052 0
    endloop
  endfacet
  facet normal 0 0 -1
    outer loop
      vertex 88 10 0
      vertex 96 22 0
      vertex 88.1305 9.99144 0
    endloop
  endfacet
  facet normal 0 -0 -1
    outer loop
      vertex 89 29 0
      vertex 96 22 0
      vertex 88 10 0
    endloop
  endfacet
  facet normal 0 0 -1
    outer loop
      vertex 96 22 0
      vertex 89 29 0
      vertex 95.9401 22.9137 0
    endloop
  endfacet
  facet normal 0 0 -1
    outer loop
      vertex 95.9401 22.9137 0
      vertex 89 29 0
      vertex 95.7615 23.8117 0
    endloop
  endfacet
  facet normal 0 0 -1
    outer loop
      vertex 95.7615 23.8117 0
      vertex 89 29 0
      vertex 95.4672 24.6788 0
    endloop
  endfacet
  facet normal 0 0 -1
    outer loop
      vertex 95.4672 24.6788 0
      vertex 89 29 0
      vertex 95.0622 25.5 0
    endloop
  endfacet
  facet normal 0 0 -1
    outer loop
      vertex 95.0622 25.5 0
      vertex 89 29 0
      vertex 94.5535 26.2613 0
    endloop
  endfacet
  facet normal 0 0 -1
    outer loop
      vertex 94.5535 26.2613 0
      vertex 89 29 0
      vertex 93.9498 26.9498 0
    endloop
  endfacet
  facet normal 0 0 -1
    outer loop
      vertex 93.9498 26.9498 0
      vertex 89 29 0
      vertex 93.2613 27.5535 0
    endloop
  endfacet
  facet normal 0 0 -1
    outer loop
      vertex 93.2613 27.5535 0
      vertex 89 29 0
      vertex 92.5 28.0622 0
    endloop
  endfacet
  facet normal 0 0 -1
    outer loop
      vertex 91.6788 28.4672 0
      vertex 89 29 0
      vertex 90.8117 28.7615 0
    endloop
  endfacet
  facet normal 0 0 -1
    outer loop
      vertex 90.8117 28.7615 0
      vertex 89 29 0
      vertex 89.9137 28.9401 0
    endloop
  endfacet
  facet normal 0 0 -1
    outer loop
      vertex 92.5 28.0622 0
      vertex 89 29 0
      vertex 91.6788 28.4672 0
    endloop
  endfacet
  facet normal 0 0 -1
    outer loop
      vertex 70 10 0
      vertex 89 29 0
      vertex 88 10 0
    endloop
  endfacet
  facet normal 0 0 -1
    outer loop
      vertex 69.8695 9.99144 0
      vertex 89 29 0
      vertex 70 10 0
    endloop
  endfacet
  facet normal 0 0 -1
    outer loop
      vertex 69.7412 9.96593 0
      vertex 89 29 0
      vertex 69.8695 9.99144 0
    endloop
  endfacet
  facet normal 0 0 -1
    outer loop
      vertex 69.6173 9.92387 0
      vertex 89 29 0
      vertex 69.7412 9.96593 0
    endloop
  endfacet
  facet normal 0 0 -1
    outer loop
      vertex 18 29 0
      vertex 69.6173 9.92387 0
      vertex 69.5 9.86603 0
    endloop
  endfacet
  facet normal 0 0 -1
    outer loop
      vertex 18 29 0
      vertex 69.5 9.86603 0
      vertex 69.3912 9.79335 0
    endloop
  endfacet
  facet normal 0 0 -1
    outer loop
      vertex 33.5 6.83922 0
      vertex 69.3912 9.79335 0
      vertex 69.2929 9.70711 0
    endloop
  endfacet
  facet normal -0 0 -1
    outer loop
      vertex 69.7412 -9.96593 0
      vertex 66.7872 -21.3188 0
      vertex 69.6173 -9.92387 0
    endloop
  endfacet
  facet normal 0 0 -1
    outer loop
      vertex 66.5 -21.3 0
      vertex 69.6173 -9.92387 0
      vertex 66.7872 -21.3188 0
    endloop
  endfacet
  facet normal 0 0 -1
    outer loop
      vertex 69 -9 0
      vertex 68.6 0 0
      vertex 69 9 0
    endloop
  endfacet
  facet normal 0 0 -1
    outer loop
      vertex 68.5863 0.208841 0
      vertex 69 9 0
      vertex 68.6 0 0
    endloop
  endfacet
  facet normal 0 0 -1
    outer loop
      vertex 68.5455 0.41411 0
      vertex 69 9 0
      vertex 68.5863 0.208841 0
    endloop
  endfacet
  facet normal 0 0 -1
    outer loop
      vertex 68.4782 0.612293 0
      vertex 69 9 0
      vertex 68.5455 0.41411 0
    endloop
  endfacet
  facet normal 0 0 -1
    outer loop
      vertex 68.3856 0.799999 0
      vertex 69 9 0
      vertex 68.4782 0.612293 0
    endloop
  endfacet
  facet normal 0 0 -1
    outer loop
      vertex 68.2694 0.974018 0
      vertex 69 9 0
      vertex 68.3856 0.799999 0
    endloop
  endfacet
  facet normal 0 0 -1
    outer loop
      vertex 68.1314 1.13137 0
      vertex 69 9 0
      vertex 68.2694 0.974018 0
    endloop
  endfacet
  facet normal 0 0 -1
    outer loop
      vertex 67.974 1.26937 0
      vertex 69 9 0
      vertex 68.1314 1.13137 0
    endloop
  endfacet
  facet normal 0 0 -1
    outer loop
      vertex 67.8 1.38564 0
      vertex 69 9 0
      vertex 67.974 1.26937 0
    endloop
  endfacet
  facet normal 0 0 -1
    outer loop
      vertex 67.6123 1.47821 0
      vertex 69 9 0
      vertex 67.8 1.38564 0
    endloop
  endfacet
  facet normal 0 0 -1
    outer loop
      vertex 67.4141 1.54548 0
      vertex 69 9 0
      vertex 67.6123 1.47821 0
    endloop
  endfacet
  facet normal 0 0 -1
    outer loop
      vertex 67.2088 1.58631 0
      vertex 69 9 0
      vertex 67.4141 1.54548 0
    endloop
  endfacet
  facet normal 0 0 -1
    outer loop
      vertex 67 1.6 0
      vertex 69 9 0
      vertex 67.2088 1.58631 0
    endloop
  endfacet
  facet normal 0 0 -1
    outer loop
      vertex 66.7912 1.58631 0
      vertex 69 9 0
      vertex 67 1.6 0
    endloop
  endfacet
  facet normal 0 0 -1
    outer loop
      vertex 66.5859 1.54548 0
      vertex 69 9 0
      vertex 66.7912 1.58631 0
    endloop
  endfacet
  facet normal 0 0 -1
    outer loop
      vertex 66.3877 1.47821 0
      vertex 69 9 0
      vertex 66.5859 1.54548 0
    endloop
  endfacet
  facet normal 0 0 -1
    outer loop
      vertex 66.2 1.38564 0
      vertex 69 9 0
      vertex 66.3877 1.47821 0
    endloop
  endfacet
  facet normal 0 0 -1
    outer loop
      vertex 66.026 1.26937 0
      vertex 69 9 0
      vertex 66.2 1.38564 0
    endloop
  endfacet
  facet normal 0 0 -1
    outer loop
      vertex 65.8686 1.13137 0
      vertex 69 9 0
      vertex 66.026 1.26937 0
    endloop
  endfacet
  facet normal 0 0 -1
    outer loop
      vertex 65.7306 0.974018 0
      vertex 69 9 0
      vertex 65.8686 1.13137 0
    endloop
  endfacet
  facet normal -0 0 -1
    outer loop
      vertex 69 9 0
      vertex 65.7306 0.974018 0
      vertex 69.0086 9.13052 0
    endloop
  endfacet
  facet normal 0 0 -1
    outer loop
      vertex 34.0591 6.11057 0
      vertex 69.0086 9.13052 0
      vertex 65.7306 0.974018 0
    endloop
  endfacet
  facet normal 0 0 -1
    outer loop
      vertex 34.0087 6.2592 0
      vertex 69.0086 9.13052 0
      vertex 34.0591 6.11057 0
    endloop
  endfacet
  facet normal 0 0 -1
    outer loop
      vertex 34.0591 6.11057 0
      vertex 65.7306 0.974018 0
      vertex 65.6144 0.799999 0
    endloop
  endfacet
  facet normal 0 0 -1
    outer loop
      vertex 34.0897 5.95662 0
      vertex 65.6144 0.799999 0
      vertex 65.5218 0.612293 0
    endloop
  endfacet
  facet normal 0 0 -1
    outer loop
      vertex 34.1 -5.79999 0
      vertex 65.5218 -0.612293 0
      vertex 40.8393 -21.7546 0
    endloop
  endfacet
  facet normal 0 0 -1
    outer loop
      vertex 41.0556 -21.9444 0
      vertex 64.9444 -21.9444 0
      vertex 64.7546 -22.1607 0
    endloop
  endfacet
  facet normal 0 0 -1
    outer loop
      vertex 41.2454 -22.1607 0
      vertex 64.7546 -22.1607 0
      vertex 64.5947 -22.4 0
    endloop
  endfacet
  facet normal 0 0 -1
    outer loop
      vertex 41.4053 -22.4 0
      vertex 64.5947 -22.4 0
      vertex 64.4675 -22.6581 0
    endloop
  endfacet
  facet normal 0 0 -1
    outer loop
      vertex 41.5325 -22.6581 0
      vertex 64.4675 -22.6581 0
      vertex 64.375 -22.9306 0
    endloop
  endfacet
  facet normal 0 0 -1
    outer loop
      vertex 41.625 -22.9306 0
      vertex 64.375 -22.9306 0
      vertex 64.3188 -23.2128 0
    endloop
  endfacet
  facet normal 0 0 -1
    outer loop
      vertex 41.6812 -23.2128 0
      vertex 64.3188 -23.2128 0
      vertex 64.3 -23.5 0
    endloop
  endfacet
  facet normal 0 0 -1
    outer loop
      vertex 41.6812 -23.2128 0
      vertex 64.3 -23.5 0
      vertex 41.7 -23.5 0
    endloop
  endfacet
  facet normal 0 0 -1
    outer loop
      vertex 64.3188 -23.2128 0
      vertex 41.6812 -23.2128 0
      vertex 41.625 -22.9306 0
    endloop
  endfacet
  facet normal 0 0 -1
    outer loop
      vertex 64.375 -22.9306 0
      vertex 41.625 -22.9306 0
      vertex 41.5325 -22.6581 0
    endloop
  endfacet
  facet normal 0 0 -1
    outer loop
      vertex 64.4675 -22.6581 0
      vertex 41.5325 -22.6581 0
      vertex 41.4053 -22.4 0
    endloop
  endfacet
  facet normal 0 0 -1
    outer loop
      vertex 64.5947 -22.4 0
      vertex 41.4053 -22.4 0
      vertex 41.2454 -22.1607 0
    endloop
  endfacet
  facet normal 0 0 -1
    outer loop
      vertex 64.7546 -22.1607 0
      vertex 41.2454 -22.1607 0
      vertex 41.0556 -21.9444 0
    endloop
  endfacet
  facet normal -0 0 -1
    outer loop
      vertex 65.5218 -0.612293 0
      vertex 34.1 -5.79999 0
      vertex 65.4545 -0.41411 0
    endloop
  endfacet
  facet normal -0 0 -1
    outer loop
      vertex 65.4545 -0.41411 0
      vertex 34.1 -5.79999 0
      vertex 65.4137 -0.208841 0
    endloop
  endfacet
  facet normal -0 0 -1
    outer loop
      vertex 65.4137 -0.208841 0
      vertex 34.1 -5.79999 0
      vertex 65.4 0 0
    endloop
  endfacet
  facet normal 0 0 -1
    outer loop
      vertex 34.1 5.79999 0
      vertex 65.4 0 0
      vertex 34.1 -5.79999 0
    endloop
  endfacet
  facet normal 0 0 -1
    outer loop
      vertex 65.4 0 0
      vertex 34.1 5.79999 0
      vertex 65.4137 0.208841 0
    endloop
  endfacet
  facet normal 0 0 -1
    outer loop
      vertex 65.4545 0.41411 0
      vertex 34.1 5.79999 0
      vertex 65.5218 0.612293 0
    endloop
  endfacet
  facet normal 0 0 -1
    outer loop
      vertex 34.0897 5.95662 0
      vertex 65.5218 0.612293 0
      vertex 34.1 5.79999 0
    endloop
  endfacet
  facet normal 0 0 -1
    outer loop
      vertex 65.6144 0.799999 0
      vertex 34.0897 5.95662 0
      vertex 34.0591 6.11057 0
    endloop
  endfacet
  facet normal 0 0 -1
    outer loop
      vertex 65.4137 0.208841 0
      vertex 34.1 5.79999 0
      vertex 65.4545 0.41411 0
    endloop
  endfacet
  facet normal 0 0 -1
    outer loop
      vertex 34.1 -5.79999 0
      vertex 40.8393 -21.7546 0
      vertex 40.6 -21.5947 0
    endloop
  endfacet
  facet normal 0 0 -1
    outer loop
      vertex 34.1 -5.79999 0
      vertex 40.6 -21.5947 0
      vertex 40.3419 -21.4675 0
    endloop
  endfacet
  facet normal 0 0 -1
    outer loop
      vertex 34.1 -5.79999 0
      vertex 40.3419 -21.4675 0
      vertex 40.0694 -21.375 0
    endloop
  endfacet
  facet normal 0 0 -1
    outer loop
      vertex 34.1 -5.79999 0
      vertex 40.0694 -21.375 0
      vertex 39.7872 -21.3188 0
    endloop
  endfacet
  facet normal 0 0 -1
    outer loop
      vertex 34.1 -5.79999 0
      vertex 39.7872 -21.3188 0
      vertex 39.5 -21.3 0
    endloop
  endfacet
  facet normal 0 0 -1
    outer loop
      vertex 34.1 -5.79999 0
      vertex 39.5 -21.3 0
      vertex 39.2128 -21.3188 0
    endloop
  endfacet
  facet normal 0 0 -1
    outer loop
      vertex 34.1 -5.79999 0
      vertex 39.2128 -21.3188 0
      vertex 38.9306 -21.375 0
    endloop
  endfacet
  facet normal 0 0 -1
    outer loop
      vertex 34.1 -5.79999 0
      vertex 38.9306 -21.375 0
      vertex 38.6581 -21.4675 0
    endloop
  endfacet
  facet normal 0 0 -1
    outer loop
      vertex 34.1 -5.79999 0
      vertex 38.6581 -21.4675 0
      vertex 38.4 -21.5947 0
    endloop
  endfacet
  facet normal 0 0 -1
    outer loop
      vertex 34.1 -5.79999 0
      vertex 38.4 -21.5947 0
      vertex 38.1607 -21.7546 0
    endloop
  endfacet
  facet normal 0 0 -1
    outer loop
      vertex 34.1 -5.79999 0
      vertex 38.1607 -21.7546 0
      vertex 37.9444 -21.9444 0
    endloop
  endfacet
  facet normal 0 0 -1
    outer loop
      vertex 34.1 -5.79999 0
      vertex 37.3188 -23.2128 0
      vertex 37.3 -23.5 0
    endloop
  endfacet
  facet normal 0 0 -1
    outer loop
      vertex 34.1 -5.79999 0
      vertex 37.375 -22.9306 0
      vertex 37.3188 -23.2128 0
    endloop
  endfacet
  facet normal 0 0 -1
    outer loop
      vertex 34.1 -5.79999 0
      vertex 37.4675 -22.6581 0
      vertex 37.375 -22.9306 0
    endloop
  endfacet
  facet normal 0 0 -1
    outer loop
      vertex 34.1 -5.79999 0
      vertex 37.5947 -22.4 0
      vertex 37.4675 -22.6581 0
    endloop
  endfacet
  facet normal 0 0 -1
    outer loop
      vertex 34.1 -5.79999 0
      vertex 37.7546 -22.1607 0
      vertex 37.5947 -22.4 0
    endloop
  endfacet
  facet normal 0 0 -1
    outer loop
      vertex 34.1 -5.79999 0
      vertex 37.9444 -21.9444 0
      vertex 37.7546 -22.1607 0
    endloop
  endfacet
  facet normal -0 0 -1
    outer loop
      vertex 69.0086 9.13052 0
      vertex 34.0087 6.2592 0
      vertex 69.0341 9.25882 0
    endloop
  endfacet
  facet normal 0 0 -1
    outer loop
      vertex 33.9392 6.39999 0
      vertex 69.0341 9.25882 0
      vertex 34.0087 6.2592 0
    endloop
  endfacet
  facet normal -0 0 -1
    outer loop
      vertex 69.0341 9.25882 0
      vertex 33.9392 6.39999 0
      vertex 69.0761 9.38269 0
    endloop
  endfacet
  facet normal 0 0 -1
    outer loop
      vertex 33.852 6.5305 0
      vertex 69.0761 9.38269 0
      vertex 33.9392 6.39999 0
    endloop
  endfacet
  facet normal -0 0 -1
    outer loop
      vertex 69.0761 9.38269 0
      vertex 33.852 6.5305 0
      vertex 69.134 9.5 0
    endloop
  endfacet
  facet normal 0 0 -1
    outer loop
      vertex 33.7485 6.64851 0
      vertex 69.134 9.5 0
      vertex 33.852 6.5305 0
    endloop
  endfacet
  facet normal -0 0 -1
    outer loop
      vertex 69.134 9.5 0
      vertex 33.7485 6.64851 0
      vertex 69.2066 9.60876 0
    endloop
  endfacet
  facet normal 0 0 -1
    outer loop
      vertex 33.6305 6.75201 0
      vertex 69.2066 9.60876 0
      vertex 33.7485 6.64851 0
    endloop
  endfacet
  facet normal -0 0 -1
    outer loop
      vertex 69.2066 9.60876 0
      vertex 33.6305 6.75201 0
      vertex 69.2929 9.70711 0
    endloop
  endfacet
  facet normal 0 0 -1
    outer loop
      vertex 33.5 6.83922 0
      vertex 69.2929 9.70711 0
      vertex 33.6305 6.75201 0
    endloop
  endfacet
  facet normal -0 0 -1
    outer loop
      vertex 69.3912 9.79335 0
      vertex 33.5 6.83922 0
      vertex 18 29 0
    endloop
  endfacet
  facet normal 0 0 -1
    outer loop
      vertex 18 29 0
      vertex 33.5 6.83922 0
      vertex 33.3592 6.90865 0
    endloop
  endfacet
  facet normal 0 0 -1
    outer loop
      vertex 18 29 0
      vertex 33.3592 6.90865 0
      vertex 33.2106 6.95909 0
    endloop
  endfacet
  facet normal 0 0 -1
    outer loop
      vertex 18 29 0
      vertex 33.2106 6.95909 0
      vertex 33.0566 6.98972 0
    endloop
  endfacet
  facet normal 0 0 -1
    outer loop
      vertex 18 29 0
      vertex 33.0566 6.98972 0
      vertex 32.9 6.99998 0
    endloop
  endfacet
  facet normal 0 0 -1
    outer loop
      vertex 18 29 0
      vertex 32.9 6.99998 0
      vertex 18.1 6.99998 0
    endloop
  endfacet
  facet normal 0 0 -1
    outer loop
      vertex 69.6173 9.92387 0
      vertex 18 29 0
      vertex 89 29 0
    endloop
  endfacet
  facet normal 0 0 -1
    outer loop
      vertex 11 22 0
      vertex 18.1 6.99998 0
      vertex 17.9434 6.98972 0
    endloop
  endfacet
  facet normal 0 0 -1
    outer loop
      vertex 11 22 0
      vertex 17.9434 6.98972 0
      vertex 17.7894 6.95909 0
    endloop
  endfacet
  facet normal 0 0 -1
    outer loop
      vertex 11 22 0
      vertex 17.7894 6.95909 0
      vertex 17.6408 6.90865 0
    endloop
  endfacet
  facet normal 0 0 -1
    outer loop
      vertex 11 22 0
      vertex 17.6408 6.90865 0
      vertex 17.5 6.83922 0
    endloop
  endfacet
  facet normal 0 0 -1
    outer loop
      vertex 11 22 0
      vertex 17.5 6.83922 0
      vertex 17.3695 6.75201 0
    endloop
  endfacet
  facet normal 0 0 -1
    outer loop
      vertex 11 22 0
      vertex 17.3695 6.75201 0
      vertex 17.2515 6.64851 0
    endloop
  endfacet
  facet normal 0 0 -1
    outer loop
      vertex 11 22 0
      vertex 17.2515 6.64851 0
      vertex 17.148 6.5305 0
    endloop
  endfacet
  facet normal 0 0 -1
    outer loop
      vertex 18.1 6.99998 0
      vertex 11 22 0
      vertex 18 29 0
    endloop
  endfacet
  facet normal 0 0 -1
    outer loop
      vertex 11 22 0
      vertex 17.148 6.5305 0
      vertex 17.0608 6.39999 0
    endloop
  endfacet
  facet normal 0 0 -1
    outer loop
      vertex 11 22 0
      vertex 17.0608 6.39999 0
      vertex 16.9913 6.2592 0
    endloop
  endfacet
  facet normal 0 0 -1
    outer loop
      vertex 11 22 0
      vertex 16.9913 6.2592 0
      vertex 16.9409 6.11057 0
    endloop
  endfacet
  facet normal 0 0 -1
    outer loop
      vertex 11 22 0
      vertex 16.9409 6.11057 0
      vertex 16.9103 5.95662 0
    endloop
  endfacet
  facet normal 0 0 -1
    outer loop
      vertex 11 22 0
      vertex 16.9103 5.95662 0
      vertex 16.9 5.79999 0
    endloop
  endfacet
  facet normal -0 0 -1
    outer loop
      vertex 16.9 -5.79999 0
      vertex 11 -22 0
      vertex 16.9 5.79999 0
    endloop
  endfacet
  facet normal 0 0 -1
    outer loop
      vertex 11 22 0
      vertex 16.9 5.79999 0
      vertex 11 -22 0
    endloop
  endfacet
  facet normal 0 0 -1
    outer loop
      vertex 11 -22 0
      vertex 16.1883 -28.7615 0
      vertex 15.3212 -28.4672 0
    endloop
  endfacet
  facet normal 0 0 -1
    outer loop
      vertex 18 29 0
      vertex 11 22 0
      vertex 17.0863 28.9401 0
    endloop
  endfacet
  facet normal 0 0 -1
    outer loop
      vertex 11 -22 0
      vertex 15.3212 -28.4672 0
      vertex 14.5 -28.0622 0
    endloop
  endfacet
  facet normal 0 0 -1
    outer loop
      vertex 17.0863 28.9401 0
      vertex 11 22 0
      vertex 16.1883 28.7615 0
    endloop
  endfacet
  facet normal 0 0 -1
    outer loop
      vertex 11 -22 0
      vertex 14.5 -28.0622 0
      vertex 13.7387 -27.5535 0
    endloop
  endfacet
  facet normal 0 0 -1
    outer loop
      vertex 16.1883 28.7615 0
      vertex 11 22 0
      vertex 15.3212 28.4672 0
    endloop
  endfacet
  facet normal 0 0 -1
    outer loop
      vertex 11 -22 0
      vertex 13.7387 -27.5535 0
      vertex 13.0502 -26.9498 0
    endloop
  endfacet
  facet normal 0 0 -1
    outer loop
      vertex 15.3212 28.4672 0
      vertex 11 22 0
      vertex 14.5 28.0622 0
    endloop
  endfacet
  facet normal 0 0 -1
    outer loop
      vertex 11 -22 0
      vertex 13.0502 -26.9498 0
      vertex 12.4465 -26.2613 0
    endloop
  endfacet
  facet normal 0 0 -1
    outer loop
      vertex 14.5 28.0622 0
      vertex 11 22 0
      vertex 13.7387 27.5535 0
    endloop
  endfacet
  facet normal 0 0 -1
    outer loop
      vertex 11 -22 0
      vertex 12.4465 -26.2613 0
      vertex 11.9378 -25.5 0
    endloop
  endfacet
  facet normal 0 0 -1
    outer loop
      vertex 13.7387 27.5535 0
      vertex 11 22 0
      vertex 13.0502 26.9498 0
    endloop
  endfacet
  facet normal 0 0 -1
    outer loop
      vertex 11 -22 0
      vertex 11.9378 -25.5 0
      vertex 11.5328 -24.6788 0
    endloop
  endfacet
  facet normal 0 0 -1
    outer loop
      vertex 13.0502 26.9498 0
      vertex 11 22 0
      vertex 12.4465 26.2613 0
    endloop
  endfacet
  facet normal 0 0 -1
    outer loop
      vertex 11 -22 0
      vertex 11.5328 -24.6788 0
      vertex 11.2385 -23.8117 0
    endloop
  endfacet
  facet normal 0 0 -1
    outer loop
      vertex 12.4465 26.2613 0
      vertex 11 22 0
      vertex 11.9378 25.5 0
    endloop
  endfacet
  facet normal 0 0 -1
    outer loop
      vertex 11 -22 0
      vertex 11.2385 -23.8117 0
      vertex 11.0599 -22.9137 0
    endloop
  endfacet
  facet normal 0 0 -1
    outer loop
      vertex 11.9378 25.5 0
      vertex 11 22 0
      vertex 11.5328 24.6788 0
    endloop
  endfacet
  facet normal 0 0 -1
    outer loop
      vertex 11.5328 24.6788 0
      vertex 11 22 0
      vertex 11.2385 23.8117 0
    endloop
  endfacet
  facet normal 0 0 -1
    outer loop
      vertex 11.2385 23.8117 0
      vertex 11 22 0
      vertex 11.0599 22.9137 0
    endloop
  endfacet
  facet normal -0.751893 -0.659285 0
    outer loop
      vertex 13.0502 -26.9498 0
      vertex 12.4465 -26.2613 16.3
      vertex 12.4465 -26.2613 0
    endloop
  endfacet
  facet normal -0.751893 -0.659285 0
    outer loop
      vertex 12.4465 -26.2613 16.3
      vertex 13.0502 -26.9498 0
      vertex 13.0502 -26.9498 16.3
    endloop
  endfacet
  facet normal -0.3214 0.946944 0
    outer loop
      vertex 16.1883 28.7615 0
      vertex 15.3212 28.4672 16.3
      vertex 16.1883 28.7615 16.3
    endloop
  endfacet
  facet normal -0.3214 0.946944 0
    outer loop
      vertex 15.3212 28.4672 16.3
      vertex 16.1883 28.7615 0
      vertex 15.3212 28.4672 0
    endloop
  endfacet
  facet normal 0.0654172 0.997858 -0
    outer loop
      vertex 89.9137 28.9401 0
      vertex 89 29 16.3
      vertex 89.9137 28.9401 16.3
    endloop
  endfacet
  facet normal 0.0654172 0.997858 0
    outer loop
      vertex 89 29 16.3
      vertex 89.9137 28.9401 0
      vertex 89 29 0
    endloop
  endfacet
  facet normal -0.195066 0.98079 0
    outer loop
      vertex 17.0863 28.9401 0
      vertex 16.1883 28.7615 16.3
      vertex 17.0863 28.9401 16.3
    endloop
  endfacet
  facet normal -0.195066 0.98079 0
    outer loop
      vertex 16.1883 28.7615 16.3
      vertex 17.0863 28.9401 0
      vertex 16.1883 28.7615 0
    endloop
  endfacet
  facet normal 0 -1 0
    outer loop
      vertex 30.5 -29 11.1
      vertex 18 -29 16.3
      vertex 20.5 -29 11.1
    endloop
  endfacet
  facet normal 0 -1 0
    outer loop
      vertex 18 -29 16.3
      vertex 20.5 -29 5.9
      vertex 20.5 -29 11.1
    endloop
  endfacet
  facet normal 0 -1 -0
    outer loop
      vertex 20.5 -29 5.9
      vertex 18 -29 0
      vertex 30.5 -29 5.9
    endloop
  endfacet
  facet normal 0 -1 0
    outer loop
      vertex 18 -29 0
      vertex 20.5 -29 5.9
      vertex 18 -29 16.3
    endloop
  endfacet
  facet normal 0 -1 0
    outer loop
      vertex 18 -29 16.3
      vertex 30.5 -29 11.1
      vertex 89 -29 16.3
    endloop
  endfacet
  facet normal 0 -1 0
    outer loop
      vertex 30.5 -29 5.9
      vertex 89 -29 16.3
      vertex 30.5 -29 11.1
    endloop
  endfacet
  facet normal 0 -1 0
    outer loop
      vertex 89 -29 0
      vertex 30.5 -29 5.9
      vertex 18 -29 0
    endloop
  endfacet
  facet normal 0 -1 0
    outer loop
      vertex 30.5 -29 5.9
      vertex 89 -29 0
      vertex 89 -29 16.3
    endloop
  endfacet
  facet normal -0.442314 -0.89686 0
    outer loop
      vertex 14.5 -28.0622 0
      vertex 15.3212 -28.4672 16.3
      vertex 14.5 -28.0622 16.3
    endloop
  endfacet
  facet normal -0.442314 -0.89686 -0
    outer loop
      vertex 15.3212 -28.4672 16.3
      vertex 14.5 -28.0622 0
      vertex 15.3212 -28.4672 0
    endloop
  endfacet
  facet normal 0.997858 0.0654172 0
    outer loop
      vertex 96 22 16.3
      vertex 95.9401 22.9137 0
      vertex 95.9401 22.9137 16.3
    endloop
  endfacet
  facet normal 0.997858 0.0654172 0
    outer loop
      vertex 95.9401 22.9137 0
      vertex 96 22 16.3
      vertex 96 22 0
    endloop
  endfacet
  facet normal -0.98079 0.195066 0
    outer loop
      vertex 11.0599 22.9137 0
      vertex 11.2385 23.8117 16.3
      vertex 11.2385 23.8117 0
    endloop
  endfacet
  facet normal -0.98079 0.195066 0
    outer loop
      vertex 11.2385 23.8117 16.3
      vertex 11.0599 22.9137 0
      vertex 11.0599 22.9137 16.3
    endloop
  endfacet
  facet normal -0.946944 0.3214 0
    outer loop
      vertex 11.2385 23.8117 0
      vertex 11.5328 24.6788 16.3
      vertex 11.5328 24.6788 0
    endloop
  endfacet
  facet normal -0.946944 0.3214 0
    outer loop
      vertex 11.5328 24.6788 16.3
      vertex 11.2385 23.8117 0
      vertex 11.2385 23.8117 16.3
    endloop
  endfacet
  facet normal -0.89686 0.442314 0
    outer loop
      vertex 11.5328 24.6788 0
      vertex 11.9378 25.5 16.3
      vertex 11.9378 25.5 0
    endloop
  endfacet
  facet normal -0.89686 0.442314 0
    outer loop
      vertex 11.9378 25.5 16.3
      vertex 11.5328 24.6788 0
      vertex 11.5328 24.6788 16.3
    endloop
  endfacet
  facet normal -0.751893 0.659285 0
    outer loop
      vertex 12.4465 26.2613 0
      vertex 13.0502 26.9498 16.3
      vertex 13.0502 26.9498 0
    endloop
  endfacet
  facet normal -0.751893 0.659285 0
    outer loop
      vertex 13.0502 26.9498 16.3
      vertex 12.4465 26.2613 0
      vertex 12.4465 26.2613 16.3
    endloop
  endfacet
  facet normal -0.659285 0.751893 0
    outer loop
      vertex 13.7387 27.5535 0
      vertex 13.0502 26.9498 16.3
      vertex 13.7387 27.5535 16.3
    endloop
  endfacet
  facet normal -0.659285 0.751893 0
    outer loop
      vertex 13.0502 26.9498 16.3
      vertex 13.7387 27.5535 0
      vertex 13.0502 26.9498 0
    endloop
  endfacet
  facet normal -0.442314 0.89686 0
    outer loop
      vertex 15.3212 28.4672 0
      vertex 14.5 28.0622 16.3
      vertex 15.3212 28.4672 16.3
    endloop
  endfacet
  facet normal -0.442314 0.89686 0
    outer loop
      vertex 14.5 28.0622 16.3
      vertex 15.3212 28.4672 0
      vertex 14.5 28.0622 0
    endloop
  endfacet
  facet normal -0.946944 -0.3214 0
    outer loop
      vertex 11.5328 -24.6788 0
      vertex 11.2385 -23.8117 16.3
      vertex 11.2385 -23.8117 0
    endloop
  endfacet
  facet normal -0.946944 -0.3214 0
    outer loop
      vertex 11.2385 -23.8117 16.3
      vertex 11.5328 -24.6788 0
      vertex 11.5328 -24.6788 16.3
    endloop
  endfacet
  facet normal -0.98079 -0.195066 0
    outer loop
      vertex 11.2385 -23.8117 0
      vertex 11.0599 -22.9137 16.3
      vertex 11.0599 -22.9137 0
    endloop
  endfacet
  facet normal -0.98079 -0.195066 0
    outer loop
      vertex 11.0599 -22.9137 16.3
      vertex 11.2385 -23.8117 0
      vertex 11.2385 -23.8117 16.3
    endloop
  endfacet
  facet normal -0.997858 -0.0654172 0
    outer loop
      vertex 11.0599 -22.9137 0
      vertex 11 -22 16.3
      vertex 11 -22 0
    endloop
  endfacet
  facet normal -0.997858 -0.0654172 0
    outer loop
      vertex 11 -22 16.3
      vertex 11.0599 -22.9137 0
      vertex 11.0599 -22.9137 16.3
    endloop
  endfacet
  facet normal -0.659285 -0.751893 0
    outer loop
      vertex 13.0502 -26.9498 0
      vertex 13.7387 -27.5535 16.3
      vertex 13.0502 -26.9498 16.3
    endloop
  endfacet
  facet normal -0.659285 -0.751893 -0
    outer loop
      vertex 13.7387 -27.5535 16.3
      vertex 13.0502 -26.9498 0
      vertex 13.7387 -27.5535 0
    endloop
  endfacet
  facet normal 0.751893 0.659285 0
    outer loop
      vertex 94.5535 26.2613 16.3
      vertex 93.9498 26.9498 0
      vertex 93.9498 26.9498 16.3
    endloop
  endfacet
  facet normal 0.751893 0.659285 0
    outer loop
      vertex 93.9498 26.9498 0
      vertex 94.5535 26.2613 16.3
      vertex 94.5535 26.2613 0
    endloop
  endfacet
  facet normal 0.442314 0.89686 -0
    outer loop
      vertex 92.5 28.0622 0
      vertex 91.6788 28.4672 16.3
      vertex 92.5 28.0622 16.3
    endloop
  endfacet
  facet normal 0.442314 0.89686 0
    outer loop
      vertex 91.6788 28.4672 16.3
      vertex 92.5 28.0622 0
      vertex 91.6788 28.4672 0
    endloop
  endfacet
  facet normal 0.89686 -0.442314 0
    outer loop
      vertex 95.0622 -25.5 16.3
      vertex 95.4672 -24.6788 0
      vertex 95.4672 -24.6788 16.3
    endloop
  endfacet
  facet normal 0.89686 -0.442314 0
    outer loop
      vertex 95.4672 -24.6788 0
      vertex 95.0622 -25.5 16.3
      vertex 95.0622 -25.5 0
    endloop
  endfacet
  facet normal -0.555582 0.831462 0
    outer loop
      vertex 14.5 28.0622 0
      vertex 13.7387 27.5535 16.3
      vertex 14.5 28.0622 16.3
    endloop
  endfacet
  facet normal -0.555582 0.831462 0
    outer loop
      vertex 13.7387 27.5535 16.3
      vertex 14.5 28.0622 0
      vertex 13.7387 27.5535 0
    endloop
  endfacet
  facet normal -0.831462 -0.555582 0
    outer loop
      vertex 12.4465 -26.2613 0
      vertex 11.9378 -25.5 16.3
      vertex 11.9378 -25.5 0
    endloop
  endfacet
  facet normal -0.831462 -0.555582 0
    outer loop
      vertex 11.9378 -25.5 16.3
      vertex 12.4465 -26.2613 0
      vertex 12.4465 -26.2613 16.3
    endloop
  endfacet
  facet normal -0.195066 -0.98079 0
    outer loop
      vertex 16.1883 -28.7615 0
      vertex 17.0863 -28.9401 16.3
      vertex 16.1883 -28.7615 16.3
    endloop
  endfacet
  facet normal -0.195066 -0.98079 -0
    outer loop
      vertex 17.0863 -28.9401 16.3
      vertex 16.1883 -28.7615 0
      vertex 17.0863 -28.9401 0
    endloop
  endfacet
  facet normal -0.3214 -0.946944 0
    outer loop
      vertex 15.3212 -28.4672 0
      vertex 16.1883 -28.7615 16.3
      vertex 15.3212 -28.4672 16.3
    endloop
  endfacet
  facet normal -0.3214 -0.946944 -0
    outer loop
      vertex 16.1883 -28.7615 16.3
      vertex 15.3212 -28.4672 0
      vertex 16.1883 -28.7615 0
    endloop
  endfacet
  facet normal 0.555582 0.831462 -0
    outer loop
      vertex 93.2613 27.5535 0
      vertex 92.5 28.0622 16.3
      vertex 93.2613 27.5535 16.3
    endloop
  endfacet
  facet normal 0.555582 0.831462 0
    outer loop
      vertex 92.5 28.0622 16.3
      vertex 93.2613 27.5535 0
      vertex 92.5 28.0622 0
    endloop
  endfacet
  facet normal 0.195066 0.98079 -0
    outer loop
      vertex 90.8117 28.7615 0
      vertex 89.9137 28.9401 16.3
      vertex 90.8117 28.7615 16.3
    endloop
  endfacet
  facet normal 0.195066 0.98079 0
    outer loop
      vertex 89.9137 28.9401 16.3
      vertex 90.8117 28.7615 0
      vertex 89.9137 28.9401 0
    endloop
  endfacet
  facet normal 0.3214 0.946944 -0
    outer loop
      vertex 91.6788 28.4672 0
      vertex 90.8117 28.7615 16.3
      vertex 91.6788 28.4672 16.3
    endloop
  endfacet
  facet normal 0.3214 0.946944 0
    outer loop
      vertex 90.8117 28.7615 16.3
      vertex 91.6788 28.4672 0
      vertex 90.8117 28.7615 0
    endloop
  endfacet
  facet normal 0.98079 -0.195066 0
    outer loop
      vertex 95.7615 -23.8117 16.3
      vertex 95.9401 -22.9137 0
      vertex 95.9401 -22.9137 16.3
    endloop
  endfacet
  facet normal 0.98079 -0.195066 0
    outer loop
      vertex 95.9401 -22.9137 0
      vertex 95.7615 -23.8117 16.3
      vertex 95.7615 -23.8117 0
    endloop
  endfacet
  facet normal 0.946944 -0.3214 0
    outer loop
      vertex 95.4672 -24.6788 16.3
      vertex 95.7615 -23.8117 0
      vertex 95.7615 -23.8117 16.3
    endloop
  endfacet
  facet normal 0.946944 -0.3214 0
    outer loop
      vertex 95.7615 -23.8117 0
      vertex 95.4672 -24.6788 16.3
      vertex 95.4672 -24.6788 0
    endloop
  endfacet
  facet normal 0.831462 -0.555582 0
    outer loop
      vertex 94.5535 -26.2613 16.3
      vertex 95.0622 -25.5 0
      vertex 95.0622 -25.5 16.3
    endloop
  endfacet
  facet normal 0.831462 -0.555582 0
    outer loop
      vertex 95.0622 -25.5 0
      vertex 94.5535 -26.2613 16.3
      vertex 94.5535 -26.2613 0
    endloop
  endfacet
  facet normal 0.946944 0.3214 0
    outer loop
      vertex 95.7615 23.8117 16.3
      vertex 95.4672 24.6788 0
      vertex 95.4672 24.6788 16.3
    endloop
  endfacet
  facet normal 0.946944 0.3214 0
    outer loop
      vertex 95.4672 24.6788 0
      vertex 95.7615 23.8117 16.3
      vertex 95.7615 23.8117 0
    endloop
  endfacet
  facet normal 0.98079 0.195066 0
    outer loop
      vertex 95.9401 22.9137 16.3
      vertex 95.7615 23.8117 0
      vertex 95.7615 23.8117 16.3
    endloop
  endfacet
  facet normal 0.98079 0.195066 0
    outer loop
      vertex 95.7615 23.8117 0
      vertex 95.9401 22.9137 16.3
      vertex 95.9401 22.9137 0
    endloop
  endfacet
  facet normal 0.89686 0.442314 0
    outer loop
      vertex 95.4672 24.6788 16.3
      vertex 95.0622 25.5 0
      vertex 95.0622 25.5 16.3
    endloop
  endfacet
  facet normal 0.89686 0.442314 0
    outer loop
      vertex 95.0622 25.5 0
      vertex 95.4672 24.6788 16.3
      vertex 95.4672 24.6788 0
    endloop
  endfacet
  facet normal 0.831462 0.555582 0
    outer loop
      vertex 95.0622 25.5 16.3
      vertex 94.5535 26.2613 0
      vertex 94.5535 26.2613 16.3
    endloop
  endfacet
  facet normal 0.831462 0.555582 0
    outer loop
      vertex 94.5535 26.2613 0
      vertex 95.0622 25.5 16.3
      vertex 95.0622 25.5 0
    endloop
  endfacet
  facet normal 0.751893 -0.659285 0
    outer loop
      vertex 93.9498 -26.9498 16.3
      vertex 94.5535 -26.2613 0
      vertex 94.5535 -26.2613 16.3
    endloop
  endfacet
  facet normal 0.751893 -0.659285 0
    outer loop
      vertex 94.5535 -26.2613 0
      vertex 93.9498 -26.9498 16.3
      vertex 93.9498 -26.9498 0
    endloop
  endfacet
  facet normal 0 1 0
    outer loop
      vertex 89 -26.6 12.25
      vertex 30.5 -26.6 11.1
      vertex 18 -26.6 12.25
    endloop
  endfacet
  facet normal 0 1 0
    outer loop
      vertex 89 -26.6 12.25
      vertex 30.5 -26.6 5.9
      vertex 30.5 -26.6 11.1
    endloop
  endfacet
  facet normal 0 1 0
    outer loop
      vertex 18 -26.6 2.2
      vertex 30.5 -26.6 5.9
      vertex 89 -26.6 2.2
    endloop
  endfacet
  facet normal 0 1 -0
    outer loop
      vertex 89 -26.6 2.2
      vertex 30.5 -26.6 5.9
      vertex 89 -26.6 12.25
    endloop
  endfacet
  facet normal 0 1 -0
    outer loop
      vertex 20.5 -26.6 11.1
      vertex 18 -26.6 12.25
      vertex 30.5 -26.6 11.1
    endloop
  endfacet
  facet normal 0 1 -0
    outer loop
      vertex 20.5 -26.6 5.9
      vertex 18 -26.6 12.25
      vertex 20.5 -26.6 11.1
    endloop
  endfacet
  facet normal 0 1 0
    outer loop
      vertex 20.5 -26.6 5.9
      vertex 18 -26.6 2.2
      vertex 18 -26.6 12.25
    endloop
  endfacet
  facet normal 0 1 0
    outer loop
      vertex 30.5 -26.6 5.9
      vertex 18 -26.6 2.2
      vertex 20.5 -26.6 5.9
    endloop
  endfacet
  facet normal -0.0653166 0.997865 0
    outer loop
      vertex 89.6004 -26.5607 2.2
      vertex 89 -26.6 12.25
      vertex 89.6004 -26.5607 12.25
    endloop
  endfacet
  facet normal -0.0653166 0.997865 0
    outer loop
      vertex 89 -26.6 12.25
      vertex 89.6004 -26.5607 2.2
      vertex 89 -26.6 2.2
    endloop
  endfacet
  facet normal -0.195093 0.980785 0
    outer loop
      vertex 90.1906 -26.4433 2.2
      vertex 89.6004 -26.5607 12.25
      vertex 90.1906 -26.4433 12.25
    endloop
  endfacet
  facet normal -0.195093 0.980785 0
    outer loop
      vertex 89.6004 -26.5607 12.25
      vertex 90.1906 -26.4433 2.2
      vertex 89.6004 -26.5607 2.2
    endloop
  endfacet
  facet normal 0.0653166 -0.997865 0
    outer loop
      vertex 17.3996 26.5607 2.2
      vertex 18 26.6 12.25
      vertex 17.3996 26.5607 12.25
    endloop
  endfacet
  facet normal 0.0653166 -0.997865 0
    outer loop
      vertex 18 26.6 12.25
      vertex 17.3996 26.5607 2.2
      vertex 18 26.6 2.2
    endloop
  endfacet
  facet normal 0.555582 0.831462 -0
    outer loop
      vertex 15.7 -25.9837 2.2
      vertex 15.1997 -25.6494 12.25
      vertex 15.7 -25.9837 12.25
    endloop
  endfacet
  facet normal 0.555582 0.831462 0
    outer loop
      vertex 15.1997 -25.6494 12.25
      vertex 15.7 -25.9837 2.2
      vertex 15.1997 -25.6494 2.2
    endloop
  endfacet
  facet normal -0.0653166 -0.997865 0
    outer loop
      vertex 89 26.6 2.2
      vertex 89.6004 26.5607 12.25
      vertex 89 26.6 12.25
    endloop
  endfacet
  facet normal -0.0653166 -0.997865 -0
    outer loop
      vertex 89.6004 26.5607 12.25
      vertex 89 26.6 2.2
      vertex 89.6004 26.5607 2.2
    endloop
  endfacet
  facet normal 0.659304 -0.751876 0
    outer loop
      vertex 14.7473 25.2527 2.2
      vertex 15.1997 25.6494 12.25
      vertex 14.7473 25.2527 12.25
    endloop
  endfacet
  facet normal 0.659304 -0.751876 0
    outer loop
      vertex 15.1997 25.6494 12.25
      vertex 14.7473 25.2527 2.2
      vertex 15.1997 25.6494 2.2
    endloop
  endfacet
  facet normal 0.659304 0.751876 -0
    outer loop
      vertex 15.1997 -25.6494 2.2
      vertex 14.7473 -25.2527 12.25
      vertex 15.1997 -25.6494 12.25
    endloop
  endfacet
  facet normal 0.659304 0.751876 0
    outer loop
      vertex 14.7473 -25.2527 12.25
      vertex 15.1997 -25.6494 2.2
      vertex 14.7473 -25.2527 2.2
    endloop
  endfacet
  facet normal 0 -1 0
    outer loop
      vertex 18 26.6 12.25
      vertex 43 26.6 9.3
      vertex 89 26.6 12.25
    endloop
  endfacet
  facet normal 0 -1 0
    outer loop
      vertex 18 26.6 12.25
      vertex 43 26.6 5.7
      vertex 43 26.6 9.3
    endloop
  endfacet
  facet normal 0 -1 -0
    outer loop
      vertex 43 26.6 5.7
      vertex 18 26.6 2.2
      vertex 62 26.6 5.7
    endloop
  endfacet
  facet normal 0 -1 0
    outer loop
      vertex 18 26.6 2.2
      vertex 43 26.6 5.7
      vertex 18 26.6 12.25
    endloop
  endfacet
  facet normal 0 -1 0
    outer loop
      vertex 62 26.6 9.3
      vertex 89 26.6 12.25
      vertex 43 26.6 9.3
    endloop
  endfacet
  facet normal 0 -1 0
    outer loop
      vertex 62 26.6 5.7
      vertex 89 26.6 12.25
      vertex 62 26.6 9.3
    endloop
  endfacet
  facet normal 0 -1 0
    outer loop
      vertex 62 26.6 5.7
      vertex 89 26.6 2.2
      vertex 89 26.6 12.25
    endloop
  endfacet
  facet normal 0 -1 0
    outer loop
      vertex 89 26.6 2.2
      vertex 62 26.6 5.7
      vertex 18 26.6 2.2
    endloop
  endfacet
  facet normal 0.442221 -0.896906 0
    outer loop
      vertex 15.7 25.9837 2.2
      vertex 16.2397 26.2498 12.25
      vertex 15.7 25.9837 12.25
    endloop
  endfacet
  facet normal 0.442221 -0.896906 0
    outer loop
      vertex 16.2397 26.2498 12.25
      vertex 15.7 25.9837 2.2
      vertex 16.2397 26.2498 2.2
    endloop
  endfacet
  facet normal 0.997865 0.0653166 0
    outer loop
      vertex 13.4393 -22.6004 12.25
      vertex 13.4 -22 2.2
      vertex 13.4 -22 12.25
    endloop
  endfacet
  facet normal 0.997865 0.0653166 0
    outer loop
      vertex 13.4 -22 2.2
      vertex 13.4393 -22.6004 12.25
      vertex 13.4393 -22.6004 2.2
    endloop
  endfacet
  facet normal 1 -0 0
    outer loop
      vertex 13.4 -22 12.25
      vertex 13.4 22 2.2
      vertex 13.4 22 12.25
    endloop
  endfacet
  facet normal 1 0 0
    outer loop
      vertex 13.4 22 2.2
      vertex 13.4 -22 12.25
      vertex 13.4 -22 2.2
    endloop
  endfacet
  facet normal 0.321608 0.946873 -0
    outer loop
      vertex 16.8094 -26.4433 2.2
      vertex 16.2397 -26.2498 12.25
      vertex 16.8094 -26.4433 12.25
    endloop
  endfacet
  facet normal 0.321608 0.946873 0
    outer loop
      vertex 16.2397 -26.2498 12.25
      vertex 16.8094 -26.4433 2.2
      vertex 16.2397 -26.2498 2.2
    endloop
  endfacet
  facet normal -1 0 0
    outer loop
      vertex 93.6 -22 2.2
      vertex 93.6 22 12.25
      vertex 93.6 22 2.2
    endloop
  endfacet
  facet normal -1 -0 0
    outer loop
      vertex 93.6 22 12.25
      vertex 93.6 -22 2.2
      vertex 93.6 -22 12.25
    endloop
  endfacet
  facet normal -0.659304 -0.751876 0
    outer loop
      vertex 91.8003 25.6494 2.2
      vertex 92.2527 25.2527 12.25
      vertex 91.8003 25.6494 12.25
    endloop
  endfacet
  facet normal -0.659304 -0.751876 -0
    outer loop
      vertex 92.2527 25.2527 12.25
      vertex 91.8003 25.6494 2.2
      vertex 92.2527 25.2527 2.2
    endloop
  endfacet
  facet normal 0.997865 -0.0653166 0
    outer loop
      vertex 13.4 22 12.25
      vertex 13.4393 22.6004 2.2
      vertex 13.4393 22.6004 12.25
    endloop
  endfacet
  facet normal 0.997865 -0.0653166 0
    outer loop
      vertex 13.4393 22.6004 2.2
      vertex 13.4 22 12.25
      vertex 13.4 22 2.2
    endloop
  endfacet
  facet normal 0 0 1
    outer loop
      vertex 63.724 -23.1345 2.2
      vertex 42.276 -23.1345 2.2
      vertex 42.3 -23.5 2.2
    endloop
  endfacet
  facet normal 0 0 1
    outer loop
      vertex 63.9131 -22.4285 2.2
      vertex 42.2046 -22.7753 2.2
      vertex 42.276 -23.1345 2.2
    endloop
  endfacet
  facet normal 0 0 1
    outer loop
      vertex 63.9131 -22.4285 2.2
      vertex 42.0869 -22.4285 2.2
      vertex 42.2046 -22.7753 2.2
    endloop
  endfacet
  facet normal 0 0 1
    outer loop
      vertex 41.9249 -22.1 2.2
      vertex 63 -10.5 2.2
      vertex 42 -10.5 2.2
    endloop
  endfacet
  facet normal 0 0 1
    outer loop
      vertex 63 -10.5 2.2
      vertex 41.9249 -22.1 2.2
      vertex 42.0869 -22.4285 2.2
    endloop
  endfacet
  facet normal 0 0 1
    outer loop
      vertex 89 26.6 2.2
      vertex 93.6 22 2.2
      vertex 93.5607 22.6004 2.2
    endloop
  endfacet
  facet normal 0 0 1
    outer loop
      vertex 93.6 22 2.2
      vertex 93.05 11.55 2.2
      vertex 93.6 -22 2.2
    endloop
  endfacet
  facet normal 0 0 1
    outer loop
      vertex 89 26.6 2.2
      vertex 93.5607 22.6004 2.2
      vertex 93.4433 23.1906 2.2
    endloop
  endfacet
  facet normal -0 0 1
    outer loop
      vertex 93.05 -11.55 2.2
      vertex 93.6 -22 2.2
      vertex 93.05 11.55 2.2
    endloop
  endfacet
  facet normal 0 0 1
    outer loop
      vertex 89 26.6 2.2
      vertex 93.4433 23.1906 2.2
      vertex 93.2498 23.7603 2.2
    endloop
  endfacet
  facet normal 0 0 1
    outer loop
      vertex 89 -26.6 2.2
      vertex 93.6 -22 2.2
      vertex 93.05 -11.55 2.2
    endloop
  endfacet
  facet normal 0 0 1
    outer loop
      vertex 93.6 -22 2.2
      vertex 89 -26.6 2.2
      vertex 93.5607 -22.6004 2.2
    endloop
  endfacet
  facet normal 0 0 1
    outer loop
      vertex 89 26.6 2.2
      vertex 93.2498 23.7603 2.2
      vertex 92.9837 24.3 2.2
    endloop
  endfacet
  facet normal 0 0 1
    outer loop
      vertex 89 26.6 2.2
      vertex 92.9837 24.3 2.2
      vertex 92.6494 24.8003 2.2
    endloop
  endfacet
  facet normal 0 0 1
    outer loop
      vertex 89 26.6 2.2
      vertex 92.6494 24.8003 2.2
      vertex 92.2527 25.2527 2.2
    endloop
  endfacet
  facet normal 0 0 1
    outer loop
      vertex 89 26.6 2.2
      vertex 92.2527 25.2527 2.2
      vertex 91.8003 25.6494 2.2
    endloop
  endfacet
  facet normal 0 0 1
    outer loop
      vertex 89 26.6 2.2
      vertex 91.8003 25.6494 2.2
      vertex 91.3 25.9837 2.2
    endloop
  endfacet
  facet normal 0 0 1
    outer loop
      vertex 89 26.6 2.2
      vertex 91.3 25.9837 2.2
      vertex 90.7603 26.2498 2.2
    endloop
  endfacet
  facet normal 0 0 1
    outer loop
      vertex 89 26.6 2.2
      vertex 90.7603 26.2498 2.2
      vertex 90.1906 26.4433 2.2
    endloop
  endfacet
  facet normal 0 0 1
    outer loop
      vertex 89 26.6 2.2
      vertex 90.1906 26.4433 2.2
      vertex 89.6004 26.5607 2.2
    endloop
  endfacet
  facet normal 0 0 1
    outer loop
      vertex 93.6 22 2.2
      vertex 89 26.6 2.2
      vertex 93.05 11.55 2.2
    endloop
  endfacet
  facet normal 0 0 1
    outer loop
      vertex 89 26.6 2.2
      vertex 64.95 11.55 2.2
      vertex 93.05 11.55 2.2
    endloop
  endfacet
  facet normal -0 0 1
    outer loop
      vertex 63 -10.5 2.2
      vertex 64.95 -11.55 2.2
      vertex 64.95 11.55 2.2
    endloop
  endfacet
  facet normal 0 0 1
    outer loop
      vertex 64.95 -11.55 2.2
      vertex 63 -10.5 2.2
      vertex 64.7955 -21.2786 2.2
    endloop
  endfacet
  facet normal 0 0 1
    outer loop
      vertex 64.7955 -21.2786 2.2
      vertex 63 -10.5 2.2
      vertex 64.5201 -21.5201 2.2
    endloop
  endfacet
  facet normal 0 0 1
    outer loop
      vertex 64.5201 -21.5201 2.2
      vertex 63 -10.5 2.2
      vertex 64.2786 -21.7955 2.2
    endloop
  endfacet
  facet normal 0 0 1
    outer loop
      vertex 64.2786 -21.7955 2.2
      vertex 63 -10.5 2.2
      vertex 64.0751 -22.1 2.2
    endloop
  endfacet
  facet normal 0 0 1
    outer loop
      vertex 64.0751 -22.1 2.2
      vertex 63 -10.5 2.2
      vertex 63.9131 -22.4285 2.2
    endloop
  endfacet
  facet normal 0 0 1
    outer loop
      vertex 42.0869 -22.4285 2.2
      vertex 63.9131 -22.4285 2.2
      vertex 63 -10.5 2.2
    endloop
  endfacet
  facet normal 0 0 1
    outer loop
      vertex 42.276 -23.1345 2.2
      vertex 63.7954 -22.7753 2.2
      vertex 63.9131 -22.4285 2.2
    endloop
  endfacet
  facet normal 0 0 1
    outer loop
      vertex 63 -10.5 2.2
      vertex 64.95 11.55 2.2
      vertex 63 10.5 2.2
    endloop
  endfacet
  facet normal -0 0 1
    outer loop
      vertex 37.3 14.05 2.2
      vertex 64.95 11.55 2.2
      vertex 89 26.6 2.2
    endloop
  endfacet
  facet normal 0 0 1
    outer loop
      vertex 64.95 11.55 2.2
      vertex 37.3 14.05 2.2
      vertex 63 10.5 2.2
    endloop
  endfacet
  facet normal 0 0 1
    outer loop
      vertex 37.3 -14.05 2.2
      vertex 42 -10.5 2.2
      vertex 42 10.5 2.2
    endloop
  endfacet
  facet normal 0 0 1
    outer loop
      vertex 42 -10.5 2.2
      vertex 41.7214 -21.7955 2.2
      vertex 41.9249 -22.1 2.2
    endloop
  endfacet
  facet normal 0 -0 1
    outer loop
      vertex 40.5715 -20.9131 2.2
      vertex 42 -10.5 2.2
      vertex 37.3 -14.05 2.2
    endloop
  endfacet
  facet normal 0 0 1
    outer loop
      vertex 42 -10.5 2.2
      vertex 41.4799 -21.5201 2.2
      vertex 41.7214 -21.7955 2.2
    endloop
  endfacet
  facet normal 0 0 1
    outer loop
      vertex 42 -10.5 2.2
      vertex 41.2045 -21.2786 2.2
      vertex 41.4799 -21.5201 2.2
    endloop
  endfacet
  facet normal 0 0 1
    outer loop
      vertex 42 -10.5 2.2
      vertex 40.9 -21.0751 2.2
      vertex 41.2045 -21.2786 2.2
    endloop
  endfacet
  facet normal 0 0 1
    outer loop
      vertex 42 -10.5 2.2
      vertex 40.5715 -20.9131 2.2
      vertex 40.9 -21.0751 2.2
    endloop
  endfacet
  facet normal 0 0 1
    outer loop
      vertex 40.5715 -20.9131 2.2
      vertex 37.3 -14.05 2.2
      vertex 40.2247 -20.7954 2.2
    endloop
  endfacet
  facet normal 0 0 1
    outer loop
      vertex 40.2247 -20.7954 2.2
      vertex 37.3 -14.05 2.2
      vertex 39.8655 -20.724 2.2
    endloop
  endfacet
  facet normal 0 0 1
    outer loop
      vertex 39.8655 -20.724 2.2
      vertex 37.3 -14.05 2.2
      vertex 39.5 -20.7 2.2
    endloop
  endfacet
  facet normal 0 0 1
    outer loop
      vertex 39.5 -20.7 2.2
      vertex 37.3 -14.05 2.2
      vertex 39.1345 -20.724 2.2
    endloop
  endfacet
  facet normal 0 0 1
    outer loop
      vertex 39.1345 -20.724 2.2
      vertex 37.3 -14.05 2.2
      vertex 38.7753 -20.7954 2.2
    endloop
  endfacet
  facet normal 0 0 1
    outer loop
      vertex 38.7753 -20.7954 2.2
      vertex 37.3 -14.05 2.2
      vertex 38.4285 -20.9131 2.2
    endloop
  endfacet
  facet normal 0 0 1
    outer loop
      vertex 38.4285 -20.9131 2.2
      vertex 37.3 -14.05 2.2
      vertex 38.1 -21.0751 2.2
    endloop
  endfacet
  facet normal 0 0 1
    outer loop
      vertex 38.1 -21.0751 2.2
      vertex 37.3 -14.05 2.2
      vertex 37.7955 -21.2786 2.2
    endloop
  endfacet
  facet normal 0 0 1
    outer loop
      vertex 37.3 -14.05 2.2
      vertex 42 10.5 2.2
      vertex 37.3 14.05 2.2
    endloop
  endfacet
  facet normal 0 0 1
    outer loop
      vertex 63 10.5 2.2
      vertex 37.3 14.05 2.2
      vertex 42 10.5 2.2
    endloop
  endfacet
  facet normal -0 0 1
    outer loop
      vertex 18 26.6 2.2
      vertex 37.3 14.05 2.2
      vertex 89 26.6 2.2
    endloop
  endfacet
  facet normal 0 0 1
    outer loop
      vertex 13.4 22 2.2
      vertex 18 26.6 2.2
      vertex 17.3996 26.5607 2.2
    endloop
  endfacet
  facet normal 0 0 1
    outer loop
      vertex 13.4 22 2.2
      vertex 17.3996 26.5607 2.2
      vertex 16.8094 26.4433 2.2
    endloop
  endfacet
  facet normal 0 0 1
    outer loop
      vertex 13.4 22 2.2
      vertex 16.8094 26.4433 2.2
      vertex 16.2397 26.2498 2.2
    endloop
  endfacet
  facet normal 0 0 1
    outer loop
      vertex 13.4 22 2.2
      vertex 16.2397 26.2498 2.2
      vertex 15.7 25.9837 2.2
    endloop
  endfacet
  facet normal 0 0 1
    outer loop
      vertex 13.4 22 2.2
      vertex 15.7 25.9837 2.2
      vertex 15.1997 25.6494 2.2
    endloop
  endfacet
  facet normal 0 0 1
    outer loop
      vertex 13.4 22 2.2
      vertex 15.1997 25.6494 2.2
      vertex 14.7473 25.2527 2.2
    endloop
  endfacet
  facet normal 0 0 1
    outer loop
      vertex 13.4 22 2.2
      vertex 14.7473 25.2527 2.2
      vertex 14.3506 24.8003 2.2
    endloop
  endfacet
  facet normal 0 0 1
    outer loop
      vertex 13.4 22 2.2
      vertex 14.3506 24.8003 2.2
      vertex 14.0163 24.3 2.2
    endloop
  endfacet
  facet normal 0 0 1
    outer loop
      vertex 13.4 22 2.2
      vertex 14.0163 24.3 2.2
      vertex 13.7502 23.7603 2.2
    endloop
  endfacet
  facet normal 0 0 1
    outer loop
      vertex 18 26.6 2.2
      vertex 13.4 22 2.2
      vertex 13.7 14.05 2.2
    endloop
  endfacet
  facet normal 0 0 1
    outer loop
      vertex 18 26.6 2.2
      vertex 13.7 14.05 2.2
      vertex 37.3 14.05 2.2
    endloop
  endfacet
  facet normal 0 0 1
    outer loop
      vertex 13.4 22 2.2
      vertex 13.7502 23.7603 2.2
      vertex 13.5567 23.1906 2.2
    endloop
  endfacet
  facet normal 0 0 1
    outer loop
      vertex 93.5607 -22.6004 2.2
      vertex 89 -26.6 2.2
      vertex 93.4433 -23.1906 2.2
    endloop
  endfacet
  facet normal 0 0 1
    outer loop
      vertex 93.4433 -23.1906 2.2
      vertex 89 -26.6 2.2
      vertex 93.2498 -23.7603 2.2
    endloop
  endfacet
  facet normal 0 0 1
    outer loop
      vertex 93.2498 -23.7603 2.2
      vertex 89 -26.6 2.2
      vertex 92.9837 -24.3 2.2
    endloop
  endfacet
  facet normal 0 0 1
    outer loop
      vertex 92.9837 -24.3 2.2
      vertex 89 -26.6 2.2
      vertex 92.6494 -24.8003 2.2
    endloop
  endfacet
  facet normal 0 0 1
    outer loop
      vertex 92.6494 -24.8003 2.2
      vertex 89 -26.6 2.2
      vertex 92.2527 -25.2527 2.2
    endloop
  endfacet
  facet normal 0 0 1
    outer loop
      vertex 92.2527 -25.2527 2.2
      vertex 89 -26.6 2.2
      vertex 91.8003 -25.6494 2.2
    endloop
  endfacet
  facet normal 0 0 1
    outer loop
      vertex 91.8003 -25.6494 2.2
      vertex 89 -26.6 2.2
      vertex 91.3 -25.9837 2.2
    endloop
  endfacet
  facet normal 0 0 1
    outer loop
      vertex 91.3 -25.9837 2.2
      vertex 89 -26.6 2.2
      vertex 90.7603 -26.2498 2.2
    endloop
  endfacet
  facet normal 0 0 1
    outer loop
      vertex 90.7603 -26.2498 2.2
      vertex 89 -26.6 2.2
      vertex 90.1906 -26.4433 2.2
    endloop
  endfacet
  facet normal 0 0 1
    outer loop
      vertex 90.1906 -26.4433 2.2
      vertex 89 -26.6 2.2
      vertex 89.6004 -26.5607 2.2
    endloop
  endfacet
  facet normal -0 0 1
    outer loop
      vertex 68.9249 -22.1 2.2
      vertex 89 -26.6 2.2
      vertex 93.05 -11.55 2.2
    endloop
  endfacet
  facet normal 0 0 1
    outer loop
      vertex 89 -26.6 2.2
      vertex 69.276 -23.1345 2.2
      vertex 69.3 -23.5 2.2
    endloop
  endfacet
  facet normal 0 0 1
    outer loop
      vertex 89 -26.6 2.2
      vertex 69.2046 -22.7753 2.2
      vertex 69.276 -23.1345 2.2
    endloop
  endfacet
  facet normal 0 0 1
    outer loop
      vertex 89 -26.6 2.2
      vertex 69.0869 -22.4285 2.2
      vertex 69.2046 -22.7753 2.2
    endloop
  endfacet
  facet normal 0 0 1
    outer loop
      vertex 89 -26.6 2.2
      vertex 68.9249 -22.1 2.2
      vertex 69.0869 -22.4285 2.2
    endloop
  endfacet
  facet normal 0 0 1
    outer loop
      vertex 93.05 -11.55 2.2
      vertex 68.7214 -21.7955 2.2
      vertex 68.9249 -22.1 2.2
    endloop
  endfacet
  facet normal 0 0 1
    outer loop
      vertex 93.05 -11.55 2.2
      vertex 68.4799 -21.5201 2.2
      vertex 68.7214 -21.7955 2.2
    endloop
  endfacet
  facet normal -0 0 1
    outer loop
      vertex 64.95 -11.55 2.2
      vertex 68.4799 -21.5201 2.2
      vertex 93.05 -11.55 2.2
    endloop
  endfacet
  facet normal 0 0 1
    outer loop
      vertex 68.4799 -21.5201 2.2
      vertex 64.95 -11.55 2.2
      vertex 68.2045 -21.2786 2.2
    endloop
  endfacet
  facet normal 0 0 1
    outer loop
      vertex 68.2045 -21.2786 2.2
      vertex 64.95 -11.55 2.2
      vertex 67.9 -21.0751 2.2
    endloop
  endfacet
  facet normal 0 0 1
    outer loop
      vertex 67.9 -21.0751 2.2
      vertex 64.95 -11.55 2.2
      vertex 67.5715 -20.9131 2.2
    endloop
  endfacet
  facet normal 0 0 1
    outer loop
      vertex 67.5715 -20.9131 2.2
      vertex 64.95 -11.55 2.2
      vertex 67.2247 -20.7954 2.2
    endloop
  endfacet
  facet normal 0 0 1
    outer loop
      vertex 67.2247 -20.7954 2.2
      vertex 64.95 -11.55 2.2
      vertex 66.8655 -20.724 2.2
    endloop
  endfacet
  facet normal 0 0 1
    outer loop
      vertex 66.8655 -20.724 2.2
      vertex 64.95 -11.55 2.2
      vertex 66.5 -20.7 2.2
    endloop
  endfacet
  facet normal 0 0 1
    outer loop
      vertex 66.5 -20.7 2.2
      vertex 64.95 -11.55 2.2
      vertex 66.1345 -20.724 2.2
    endloop
  endfacet
  facet normal 0 0 1
    outer loop
      vertex 66.1345 -20.724 2.2
      vertex 64.95 -11.55 2.2
      vertex 65.7753 -20.7954 2.2
    endloop
  endfacet
  facet normal 0 0 1
    outer loop
      vertex 64.95 -11.55 2.2
      vertex 65.4285 -20.9131 2.2
      vertex 65.7753 -20.7954 2.2
    endloop
  endfacet
  facet normal 0 0 1
    outer loop
      vertex 64.95 -11.55 2.2
      vertex 65.1 -21.0751 2.2
      vertex 65.4285 -20.9131 2.2
    endloop
  endfacet
  facet normal 0 0 1
    outer loop
      vertex 65.1 -21.0751 2.2
      vertex 64.95 -11.55 2.2
      vertex 64.7955 -21.2786 2.2
    endloop
  endfacet
  facet normal -0 0 1
    outer loop
      vertex 69.276 -23.8655 2.2
      vertex 89 -26.6 2.2
      vertex 69.3 -23.5 2.2
    endloop
  endfacet
  facet normal -0 0 1
    outer loop
      vertex 69.2046 -24.2247 2.2
      vertex 89 -26.6 2.2
      vertex 69.276 -23.8655 2.2
    endloop
  endfacet
  facet normal -0 0 1
    outer loop
      vertex 69.0869 -24.5715 2.2
      vertex 89 -26.6 2.2
      vertex 69.2046 -24.2247 2.2
    endloop
  endfacet
  facet normal -0 0 1
    outer loop
      vertex 68.9249 -24.9 2.2
      vertex 89 -26.6 2.2
      vertex 69.0869 -24.5715 2.2
    endloop
  endfacet
  facet normal -0 0 1
    outer loop
      vertex 68.7214 -25.2045 2.2
      vertex 89 -26.6 2.2
      vertex 68.9249 -24.9 2.2
    endloop
  endfacet
  facet normal -0 0 1
    outer loop
      vertex 68.4799 -25.4799 2.2
      vertex 89 -26.6 2.2
      vertex 68.7214 -25.2045 2.2
    endloop
  endfacet
  facet normal -0 0 1
    outer loop
      vertex 68.2045 -25.7214 2.2
      vertex 89 -26.6 2.2
      vertex 68.4799 -25.4799 2.2
    endloop
  endfacet
  facet normal -0 0 1
    outer loop
      vertex 67.9 -25.9249 2.2
      vertex 89 -26.6 2.2
      vertex 68.2045 -25.7214 2.2
    endloop
  endfacet
  facet normal -0 0 1
    outer loop
      vertex 67.5715 -26.0869 2.2
      vertex 89 -26.6 2.2
      vertex 67.9 -25.9249 2.2
    endloop
  endfacet
  facet normal -0 0 1
    outer loop
      vertex 67.2247 -26.2046 2.2
      vertex 89 -26.6 2.2
      vertex 67.5715 -26.0869 2.2
    endloop
  endfacet
  facet normal -0 0 1
    outer loop
      vertex 66.8655 -26.276 2.2
      vertex 89 -26.6 2.2
      vertex 67.2247 -26.2046 2.2
    endloop
  endfacet
  facet normal -0 0 1
    outer loop
      vertex 66.5 -26.3 2.2
      vertex 89 -26.6 2.2
      vertex 66.8655 -26.276 2.2
    endloop
  endfacet
  facet normal 0 0 1
    outer loop
      vertex 42.276 -23.1345 2.2
      vertex 63.724 -23.1345 2.2
      vertex 63.7954 -22.7753 2.2
    endloop
  endfacet
  facet normal 0 0 1
    outer loop
      vertex 63.724 -23.1345 2.2
      vertex 42.3 -23.5 2.2
      vertex 63.7 -23.5 2.2
    endloop
  endfacet
  facet normal -0 0 1
    outer loop
      vertex 42.3 -23.5 2.2
      vertex 63.724 -23.8655 2.2
      vertex 63.7 -23.5 2.2
    endloop
  endfacet
  facet normal 0 0 1
    outer loop
      vertex 42.276 -23.8655 2.2
      vertex 63.724 -23.8655 2.2
      vertex 42.3 -23.5 2.2
    endloop
  endfacet
  facet normal 0 0 1
    outer loop
      vertex 63.724 -23.8655 2.2
      vertex 42.276 -23.8655 2.2
      vertex 63.7954 -24.2247 2.2
    endloop
  endfacet
  facet normal 0 0 1
    outer loop
      vertex 42.2046 -24.2247 2.2
      vertex 63.7954 -24.2247 2.2
      vertex 42.276 -23.8655 2.2
    endloop
  endfacet
  facet normal 0 0 1
    outer loop
      vertex 63.7954 -24.2247 2.2
      vertex 42.2046 -24.2247 2.2
      vertex 63.9131 -24.5715 2.2
    endloop
  endfacet
  facet normal 0 0 1
    outer loop
      vertex 42.0869 -24.5715 2.2
      vertex 63.9131 -24.5715 2.2
      vertex 42.2046 -24.2247 2.2
    endloop
  endfacet
  facet normal 0 0 1
    outer loop
      vertex 63.9131 -24.5715 2.2
      vertex 42.0869 -24.5715 2.2
      vertex 64.0751 -24.9 2.2
    endloop
  endfacet
  facet normal 0 0 1
    outer loop
      vertex 41.9249 -24.9 2.2
      vertex 64.0751 -24.9 2.2
      vertex 42.0869 -24.5715 2.2
    endloop
  endfacet
  facet normal 0 0 1
    outer loop
      vertex 64.0751 -24.9 2.2
      vertex 41.9249 -24.9 2.2
      vertex 64.2786 -25.2045 2.2
    endloop
  endfacet
  facet normal 0 0 1
    outer loop
      vertex 41.7214 -25.2045 2.2
      vertex 64.2786 -25.2045 2.2
      vertex 41.9249 -24.9 2.2
    endloop
  endfacet
  facet normal 0 0 1
    outer loop
      vertex 64.2786 -25.2045 2.2
      vertex 41.7214 -25.2045 2.2
      vertex 64.5201 -25.4799 2.2
    endloop
  endfacet
  facet normal 0 0 1
    outer loop
      vertex 41.4799 -25.4799 2.2
      vertex 64.5201 -25.4799 2.2
      vertex 41.7214 -25.2045 2.2
    endloop
  endfacet
  facet normal 0 0 1
    outer loop
      vertex 64.5201 -25.4799 2.2
      vertex 41.4799 -25.4799 2.2
      vertex 64.7955 -25.7214 2.2
    endloop
  endfacet
  facet normal 0 0 1
    outer loop
      vertex 41.2045 -25.7214 2.2
      vertex 64.7955 -25.7214 2.2
      vertex 41.4799 -25.4799 2.2
    endloop
  endfacet
  facet normal 0 0 1
    outer loop
      vertex 64.7955 -25.7214 2.2
      vertex 41.2045 -25.7214 2.2
      vertex 65.1 -25.9249 2.2
    endloop
  endfacet
  facet normal 0 0 1
    outer loop
      vertex 40.9 -25.9249 2.2
      vertex 65.1 -25.9249 2.2
      vertex 41.2045 -25.7214 2.2
    endloop
  endfacet
  facet normal 0 0 1
    outer loop
      vertex 65.1 -25.9249 2.2
      vertex 40.9 -25.9249 2.2
      vertex 65.4285 -26.0869 2.2
    endloop
  endfacet
  facet normal 0 0 1
    outer loop
      vertex 40.5715 -26.0869 2.2
      vertex 65.4285 -26.0869 2.2
      vertex 40.9 -25.9249 2.2
    endloop
  endfacet
  facet normal 0 0 1
    outer loop
      vertex 65.4285 -26.0869 2.2
      vertex 40.5715 -26.0869 2.2
      vertex 65.7753 -26.2046 2.2
    endloop
  endfacet
  facet normal 0 0 1
    outer loop
      vertex 40.2247 -26.2046 2.2
      vertex 65.7753 -26.2046 2.2
      vertex 40.5715 -26.0869 2.2
    endloop
  endfacet
  facet normal 0 0 1
    outer loop
      vertex 65.7753 -26.2046 2.2
      vertex 40.2247 -26.2046 2.2
      vertex 66.1345 -26.276 2.2
    endloop
  endfacet
  facet normal 0 0 1
    outer loop
      vertex 39.8655 -26.276 2.2
      vertex 66.1345 -26.276 2.2
      vertex 40.2247 -26.2046 2.2
    endloop
  endfacet
  facet normal 0 0 1
    outer loop
      vertex 66.1345 -26.276 2.2
      vertex 39.8655 -26.276 2.2
      vertex 66.5 -26.3 2.2
    endloop
  endfacet
  facet normal 0 0 1
    outer loop
      vertex 39.5 -26.3 2.2
      vertex 66.5 -26.3 2.2
      vertex 39.8655 -26.276 2.2
    endloop
  endfacet
  facet normal 0 0 1
    outer loop
      vertex 66.5 -26.3 2.2
      vertex 39.5 -26.3 2.2
      vertex 89 -26.6 2.2
    endloop
  endfacet
  facet normal 0 0 1
    outer loop
      vertex 39.5 -26.3 2.2
      vertex 18 -26.6 2.2
      vertex 89 -26.6 2.2
    endloop
  endfacet
  facet normal 0 0 1
    outer loop
      vertex 39.1345 -26.276 2.2
      vertex 18 -26.6 2.2
      vertex 39.5 -26.3 2.2
    endloop
  endfacet
  facet normal 0 0 1
    outer loop
      vertex 38.7753 -26.2046 2.2
      vertex 18 -26.6 2.2
      vertex 39.1345 -26.276 2.2
    endloop
  endfacet
  facet normal 0 0 1
    outer loop
      vertex 38.4285 -26.0869 2.2
      vertex 18 -26.6 2.2
      vertex 38.7753 -26.2046 2.2
    endloop
  endfacet
  facet normal 0 0 1
    outer loop
      vertex 38.1 -25.9249 2.2
      vertex 18 -26.6 2.2
      vertex 38.4285 -26.0869 2.2
    endloop
  endfacet
  facet normal 0 0 1
    outer loop
      vertex 37.7955 -25.7214 2.2
      vertex 18 -26.6 2.2
      vertex 38.1 -25.9249 2.2
    endloop
  endfacet
  facet normal 0 0 1
    outer loop
      vertex 37.5201 -25.4799 2.2
      vertex 18 -26.6 2.2
      vertex 37.7955 -25.7214 2.2
    endloop
  endfacet
  facet normal 0 0 1
    outer loop
      vertex 37.2786 -25.2045 2.2
      vertex 18 -26.6 2.2
      vertex 37.5201 -25.4799 2.2
    endloop
  endfacet
  facet normal 0 0 1
    outer loop
      vertex 37.0751 -24.9 2.2
      vertex 18 -26.6 2.2
      vertex 37.2786 -25.2045 2.2
    endloop
  endfacet
  facet normal 0 0 1
    outer loop
      vertex 36.9131 -24.5715 2.2
      vertex 18 -26.6 2.2
      vertex 37.0751 -24.9 2.2
    endloop
  endfacet
  facet normal 0 0 1
    outer loop
      vertex 36.7954 -24.2247 2.2
      vertex 18 -26.6 2.2
      vertex 36.9131 -24.5715 2.2
    endloop
  endfacet
  facet normal 0 0 1
    outer loop
      vertex 36.724 -23.8655 2.2
      vertex 18 -26.6 2.2
      vertex 36.7954 -24.2247 2.2
    endloop
  endfacet
  facet normal 0 0 1
    outer loop
      vertex 18 -26.6 2.2
      vertex 36.724 -23.8655 2.2
      vertex 36.7 -23.5 2.2
    endloop
  endfacet
  facet normal 0 0 1
    outer loop
      vertex 37.7955 -21.2786 2.2
      vertex 37.3 -14.05 2.2
      vertex 37.5201 -21.5201 2.2
    endloop
  endfacet
  facet normal 0 0 1
    outer loop
      vertex 37.3 -14.05 2.2
      vertex 37.2786 -21.7955 2.2
      vertex 37.5201 -21.5201 2.2
    endloop
  endfacet
  facet normal 0 0 1
    outer loop
      vertex 37.3 -14.05 2.2
      vertex 37.0751 -22.1 2.2
      vertex 37.2786 -21.7955 2.2
    endloop
  endfacet
  facet normal 0 0 1
    outer loop
      vertex 37.3 -14.05 2.2
      vertex 36.9131 -22.4285 2.2
      vertex 37.0751 -22.1 2.2
    endloop
  endfacet
  facet normal 0 0 1
    outer loop
      vertex 18 -26.6 2.2
      vertex 36.9131 -22.4285 2.2
      vertex 37.3 -14.05 2.2
    endloop
  endfacet
  facet normal 0 0 1
    outer loop
      vertex 36.9131 -22.4285 2.2
      vertex 18 -26.6 2.2
      vertex 36.7954 -22.7753 2.2
    endloop
  endfacet
  facet normal 0 0 1
    outer loop
      vertex 36.7954 -22.7753 2.2
      vertex 18 -26.6 2.2
      vertex 36.724 -23.1345 2.2
    endloop
  endfacet
  facet normal 0 0 1
    outer loop
      vertex 36.724 -23.1345 2.2
      vertex 18 -26.6 2.2
      vertex 36.7 -23.5 2.2
    endloop
  endfacet
  facet normal -0 0 1
    outer loop
      vertex 13.7 -14.05 2.2
      vertex 18 -26.6 2.2
      vertex 37.3 -14.05 2.2
    endloop
  endfacet
  facet normal -0 0 1
    outer loop
      vertex 13.4 -22 2.2
      vertex 18 -26.6 2.2
      vertex 13.7 -14.05 2.2
    endloop
  endfacet
  facet normal 0 0 1
    outer loop
      vertex 18 -26.6 2.2
      vertex 13.4 -22 2.2
      vertex 17.3996 -26.5607 2.2
    endloop
  endfacet
  facet normal 0 0 1
    outer loop
      vertex 17.3996 -26.5607 2.2
      vertex 13.4 -22 2.2
      vertex 16.8094 -26.4433 2.2
    endloop
  endfacet
  facet normal 0 0 1
    outer loop
      vertex 16.8094 -26.4433 2.2
      vertex 13.4 -22 2.2
      vertex 16.2397 -26.2498 2.2
    endloop
  endfacet
  facet normal 0 0 1
    outer loop
      vertex 16.2397 -26.2498 2.2
      vertex 13.4 -22 2.2
      vertex 15.7 -25.9837 2.2
    endloop
  endfacet
  facet normal 0 0 1
    outer loop
      vertex 15.1997 -25.6494 2.2
      vertex 13.4 -22 2.2
      vertex 14.7473 -25.2527 2.2
    endloop
  endfacet
  facet normal 0 0 1
    outer loop
      vertex 14.7473 -25.2527 2.2
      vertex 13.4 -22 2.2
      vertex 14.3506 -24.8003 2.2
    endloop
  endfacet
  facet normal 0 0 1
    outer loop
      vertex 14.3506 -24.8003 2.2
      vertex 13.4 -22 2.2
      vertex 14.0163 -24.3 2.2
    endloop
  endfacet
  facet normal 0 0 1
    outer loop
      vertex 15.7 -25.9837 2.2
      vertex 13.4 -22 2.2
      vertex 15.1997 -25.6494 2.2
    endloop
  endfacet
  facet normal 0 0 1
    outer loop
      vertex 14.0163 -24.3 2.2
      vertex 13.4 -22 2.2
      vertex 13.7502 -23.7603 2.2
    endloop
  endfacet
  facet normal 0 0 1
    outer loop
      vertex 13.7 14.05 2.2
      vertex 13.4 22 2.2
      vertex 13.7 -14.05 2.2
    endloop
  endfacet
  facet normal 0 0 1
    outer loop
      vertex 13.4 22 2.2
      vertex 13.5567 23.1906 2.2
      vertex 13.4393 22.6004 2.2
    endloop
  endfacet
  facet normal 0 0 1
    outer loop
      vertex 13.4 -22 2.2
      vertex 13.7 -14.05 2.2
      vertex 13.4 22 2.2
    endloop
  endfacet
  facet normal 0 0 1
    outer loop
      vertex 13.7502 -23.7603 2.2
      vertex 13.4 -22 2.2
      vertex 13.5567 -23.1906 2.2
    endloop
  endfacet
  facet normal 0 0 1
    outer loop
      vertex 13.5567 -23.1906 2.2
      vertex 13.4 -22 2.2
      vertex 13.4393 -22.6004 2.2
    endloop
  endfacet
  facet normal 0 0 1
    outer loop
      vertex 35.75 9.5 2.2
      vertex 34.1 5.79999 2.2
      vertex 35.75 -9.5 2.2
    endloop
  endfacet
  facet normal 0 0 1
    outer loop
      vertex 35.75 9.5 2.2
      vertex 34.0897 5.95662 2.2
      vertex 34.1 5.79999 2.2
    endloop
  endfacet
  facet normal 0 0 1
    outer loop
      vertex 35.75 9.5 2.2
      vertex 34.0591 6.11057 2.2
      vertex 34.0897 5.95662 2.2
    endloop
  endfacet
  facet normal 0 0 1
    outer loop
      vertex 35.75 9.5 2.2
      vertex 34.0087 6.2592 2.2
      vertex 34.0591 6.11057 2.2
    endloop
  endfacet
  facet normal 0 0 1
    outer loop
      vertex 35.75 9.5 2.2
      vertex 33.9392 6.39999 2.2
      vertex 34.0087 6.2592 2.2
    endloop
  endfacet
  facet normal 0 0 1
    outer loop
      vertex 35.75 9.5 2.2
      vertex 33.852 6.5305 2.2
      vertex 33.9392 6.39999 2.2
    endloop
  endfacet
  facet normal 0 0 1
    outer loop
      vertex 35.75 9.5 2.2
      vertex 33.7485 6.64851 2.2
      vertex 33.852 6.5305 2.2
    endloop
  endfacet
  facet normal 0 0 1
    outer loop
      vertex 35.75 9.5 2.2
      vertex 33.6305 6.75201 2.2
      vertex 33.7485 6.64851 2.2
    endloop
  endfacet
  facet normal 0 0 1
    outer loop
      vertex 35.75 9.5 2.2
      vertex 33.5 6.83922 2.2
      vertex 33.6305 6.75201 2.2
    endloop
  endfacet
  facet normal -0 0 1
    outer loop
      vertex 32.75 9.5 2.2
      vertex 33.5 6.83922 2.2
      vertex 35.75 9.5 2.2
    endloop
  endfacet
  facet normal 0 0 1
    outer loop
      vertex 33.5 6.83922 2.2
      vertex 32.75 9.5 2.2
      vertex 33.3592 6.90865 2.2
    endloop
  endfacet
  facet normal 0 0 1
    outer loop
      vertex 33.3592 6.90865 2.2
      vertex 32.75 9.5 2.2
      vertex 33.2106 6.95909 2.2
    endloop
  endfacet
  facet normal 0 0 1
    outer loop
      vertex 33.2106 6.95909 2.2
      vertex 32.75 9.5 2.2
      vertex 33.0566 6.98972 2.2
    endloop
  endfacet
  facet normal 0 0 1
    outer loop
      vertex 33.0566 6.98972 2.2
      vertex 32.75 9.5 2.2
      vertex 32.9 6.99998 2.2
    endloop
  endfacet
  facet normal 0 0 1
    outer loop
      vertex 18.25 9.5 2.2
      vertex 32.75 9.5 2.2
      vertex 18.25 12.5 2.2
    endloop
  endfacet
  facet normal 0 0 1
    outer loop
      vertex 32.75 9.5 2.2
      vertex 18.25 9.5 2.2
      vertex 32.9 6.99998 2.2
    endloop
  endfacet
  facet normal 0 0 1
    outer loop
      vertex 18.25 9.5 2.2
      vertex 18.1 6.99998 2.2
      vertex 32.9 6.99998 2.2
    endloop
  endfacet
  facet normal 0 0 1
    outer loop
      vertex 18.25 9.5 2.2
      vertex 17.9434 6.98972 2.2
      vertex 18.1 6.99998 2.2
    endloop
  endfacet
  facet normal 0 0 1
    outer loop
      vertex 18.25 9.5 2.2
      vertex 17.7894 6.95909 2.2
      vertex 17.9434 6.98972 2.2
    endloop
  endfacet
  facet normal 0 0 1
    outer loop
      vertex 18.25 9.5 2.2
      vertex 17.6408 6.90865 2.2
      vertex 17.7894 6.95909 2.2
    endloop
  endfacet
  facet normal 0 0 1
    outer loop
      vertex 18.25 9.5 2.2
      vertex 17.5 6.83922 2.2
      vertex 17.6408 6.90865 2.2
    endloop
  endfacet
  facet normal -0 0 1
    outer loop
      vertex 15.25 9.5 2.2
      vertex 17.5 6.83922 2.2
      vertex 18.25 9.5 2.2
    endloop
  endfacet
  facet normal 0 0 1
    outer loop
      vertex 17.5 6.83922 2.2
      vertex 15.25 9.5 2.2
      vertex 17.3695 6.75201 2.2
    endloop
  endfacet
  facet normal 0 0 1
    outer loop
      vertex 17.3695 6.75201 2.2
      vertex 15.25 9.5 2.2
      vertex 17.2515 6.64851 2.2
    endloop
  endfacet
  facet normal 0 0 1
    outer loop
      vertex 17.2515 6.64851 2.2
      vertex 15.25 9.5 2.2
      vertex 17.148 6.5305 2.2
    endloop
  endfacet
  facet normal 0 0 1
    outer loop
      vertex 17.148 6.5305 2.2
      vertex 15.25 9.5 2.2
      vertex 17.0608 6.39999 2.2
    endloop
  endfacet
  facet normal 0 0 1
    outer loop
      vertex 16.9 5.79999 2.2
      vertex 15.25 9.5 2.2
      vertex 16.9 -5.79999 2.2
    endloop
  endfacet
  facet normal 0 0 1
    outer loop
      vertex 16.9103 5.95662 2.2
      vertex 15.25 9.5 2.2
      vertex 16.9 5.79999 2.2
    endloop
  endfacet
  facet normal 0 0 1
    outer loop
      vertex 16.9409 6.11057 2.2
      vertex 15.25 9.5 2.2
      vertex 16.9103 5.95662 2.2
    endloop
  endfacet
  facet normal 0 0 1
    outer loop
      vertex 16.9913 6.2592 2.2
      vertex 15.25 9.5 2.2
      vertex 16.9409 6.11057 2.2
    endloop
  endfacet
  facet normal 0 0 1
    outer loop
      vertex 17.0608 6.39999 2.2
      vertex 15.25 9.5 2.2
      vertex 16.9913 6.2592 2.2
    endloop
  endfacet
  facet normal 0 0 1
    outer loop
      vertex 35.75 9.5 2.2
      vertex 36.1 12.85 2.2
      vertex 35.75 12.5 2.2
    endloop
  endfacet
  facet normal 0 0 1
    outer loop
      vertex 36.1 12.85 2.2
      vertex 32.75 12.5 2.2
      vertex 35.75 12.5 2.2
    endloop
  endfacet
  facet normal 0 0 1
    outer loop
      vertex 32.75 12.5 2.2
      vertex 18.25 12.5 2.2
      vertex 32.75 9.5 2.2
    endloop
  endfacet
  facet normal 0 0 1
    outer loop
      vertex 36.1 12.85 2.2
      vertex 18.25 12.5 2.2
      vertex 32.75 12.5 2.2
    endloop
  endfacet
  facet normal -0 0 1
    outer loop
      vertex 14.9 12.85 2.2
      vertex 18.25 12.5 2.2
      vertex 36.1 12.85 2.2
    endloop
  endfacet
  facet normal 0 0 1
    outer loop
      vertex 14.9 12.85 2.2
      vertex 15.25 9.5 2.2
      vertex 15.25 12.5 2.2
    endloop
  endfacet
  facet normal 0 0 1
    outer loop
      vertex 15.25 9.5 2.2
      vertex 14.9 12.85 2.2
      vertex 15.25 -9.5 2.2
    endloop
  endfacet
  facet normal 0 0 1
    outer loop
      vertex 14.9 -12.85 2.2
      vertex 15.25 -9.5 2.2
      vertex 14.9 12.85 2.2
    endloop
  endfacet
  facet normal 0 0 1
    outer loop
      vertex 18.25 12.5 2.2
      vertex 14.9 12.85 2.2
      vertex 15.25 12.5 2.2
    endloop
  endfacet
  facet normal 0 0 1
    outer loop
      vertex 36.1 12.85 2.2
      vertex 35.75 9.5 2.2
      vertex 36.1 -12.85 2.2
    endloop
  endfacet
  facet normal -0 0 1
    outer loop
      vertex 35.75 -9.5 2.2
      vertex 36.1 -12.85 2.2
      vertex 35.75 9.5 2.2
    endloop
  endfacet
  facet normal -0 0 1
    outer loop
      vertex 35.75 -12.5 2.2
      vertex 36.1 -12.85 2.2
      vertex 35.75 -9.5 2.2
    endloop
  endfacet
  facet normal -0 0 1
    outer loop
      vertex 32.75 -12.5 2.2
      vertex 36.1 -12.85 2.2
      vertex 35.75 -12.5 2.2
    endloop
  endfacet
  facet normal 0 0 1
    outer loop
      vertex 18.25 -12.5 2.2
      vertex 32.75 -12.5 2.2
      vertex 18.25 -9.5 2.2
    endloop
  endfacet
  facet normal -0 0 1
    outer loop
      vertex 18.25 -12.5 2.2
      vertex 36.1 -12.85 2.2
      vertex 32.75 -12.5 2.2
    endloop
  endfacet
  facet normal 0 0 1
    outer loop
      vertex 14.9 -12.85 2.2
      vertex 18.25 -12.5 2.2
      vertex 15.25 -12.5 2.2
    endloop
  endfacet
  facet normal 0 0 1
    outer loop
      vertex 18.25 -12.5 2.2
      vertex 14.9 -12.85 2.2
      vertex 36.1 -12.85 2.2
    endloop
  endfacet
  facet normal 0 0 1
    outer loop
      vertex 15.25 -9.5 2.2
      vertex 14.9 -12.85 2.2
      vertex 15.25 -12.5 2.2
    endloop
  endfacet
  facet normal -0 0 1
    outer loop
      vertex 34.1 -5.79999 2.2
      vertex 35.75 -9.5 2.2
      vertex 34.1 5.79999 2.2
    endloop
  endfacet
  facet normal -0 0 1
    outer loop
      vertex 34.0897 -5.95662 2.2
      vertex 35.75 -9.5 2.2
      vertex 34.1 -5.79999 2.2
    endloop
  endfacet
  facet normal -0 0 1
    outer loop
      vertex 34.0591 -6.11057 2.2
      vertex 35.75 -9.5 2.2
      vertex 34.0897 -5.95662 2.2
    endloop
  endfacet
  facet normal -0 0 1
    outer loop
      vertex 34.0087 -6.2592 2.2
      vertex 35.75 -9.5 2.2
      vertex 34.0591 -6.11057 2.2
    endloop
  endfacet
  facet normal -0 0 1
    outer loop
      vertex 33.9392 -6.39999 2.2
      vertex 35.75 -9.5 2.2
      vertex 34.0087 -6.2592 2.2
    endloop
  endfacet
  facet normal -0 0 1
    outer loop
      vertex 33.852 -6.5305 2.2
      vertex 35.75 -9.5 2.2
      vertex 33.9392 -6.39999 2.2
    endloop
  endfacet
  facet normal -0 0 1
    outer loop
      vertex 33.7485 -6.64851 2.2
      vertex 35.75 -9.5 2.2
      vertex 33.852 -6.5305 2.2
    endloop
  endfacet
  facet normal -0 0 1
    outer loop
      vertex 33.6305 -6.75201 2.2
      vertex 35.75 -9.5 2.2
      vertex 33.7485 -6.64851 2.2
    endloop
  endfacet
  facet normal -0 0 1
    outer loop
      vertex 33.5 -6.83922 2.2
      vertex 35.75 -9.5 2.2
      vertex 33.6305 -6.75201 2.2
    endloop
  endfacet
  facet normal 0 0 1
    outer loop
      vertex 32.75 -9.5 2.2
      vertex 33.5 -6.83922 2.2
      vertex 33.3592 -6.90865 2.2
    endloop
  endfacet
  facet normal 0 0 1
    outer loop
      vertex 32.75 -9.5 2.2
      vertex 33.3592 -6.90865 2.2
      vertex 33.2106 -6.95909 2.2
    endloop
  endfacet
  facet normal 0 0 1
    outer loop
      vertex 32.75 -9.5 2.2
      vertex 33.2106 -6.95909 2.2
      vertex 33.0566 -6.98972 2.2
    endloop
  endfacet
  facet normal 0 0 1
    outer loop
      vertex 32.75 -9.5 2.2
      vertex 33.0566 -6.98972 2.2
      vertex 32.9 -6.99998 2.2
    endloop
  endfacet
  facet normal 0 0 1
    outer loop
      vertex 33.5 -6.83922 2.2
      vertex 32.75 -9.5 2.2
      vertex 35.75 -9.5 2.2
    endloop
  endfacet
  facet normal 0 0 1
    outer loop
      vertex 32.75 -9.5 2.2
      vertex 18.25 -9.5 2.2
      vertex 32.75 -12.5 2.2
    endloop
  endfacet
  facet normal 0 0 1
    outer loop
      vertex 32.9 -6.99998 2.2
      vertex 18.25 -9.5 2.2
      vertex 32.75 -9.5 2.2
    endloop
  endfacet
  facet normal -0 0 1
    outer loop
      vertex 18.1 -6.99998 2.2
      vertex 18.25 -9.5 2.2
      vertex 32.9 -6.99998 2.2
    endloop
  endfacet
  facet normal 0 0 1
    outer loop
      vertex 17.9434 -6.98972 2.2
      vertex 18.25 -9.5 2.2
      vertex 18.1 -6.99998 2.2
    endloop
  endfacet
  facet normal 0 0 1
    outer loop
      vertex 17.7894 -6.95909 2.2
      vertex 18.25 -9.5 2.2
      vertex 17.9434 -6.98972 2.2
    endloop
  endfacet
  facet normal 0 0 1
    outer loop
      vertex 17.6408 -6.90865 2.2
      vertex 18.25 -9.5 2.2
      vertex 17.7894 -6.95909 2.2
    endloop
  endfacet
  facet normal 0 0 1
    outer loop
      vertex 17.5 -6.83922 2.2
      vertex 18.25 -9.5 2.2
      vertex 17.6408 -6.90865 2.2
    endloop
  endfacet
  facet normal 0 0 1
    outer loop
      vertex 15.25 -9.5 2.2
      vertex 17.5 -6.83922 2.2
      vertex 17.3695 -6.75201 2.2
    endloop
  endfacet
  facet normal 0 0 1
    outer loop
      vertex 15.25 -9.5 2.2
      vertex 17.3695 -6.75201 2.2
      vertex 17.2515 -6.64851 2.2
    endloop
  endfacet
  facet normal 0 0 1
    outer loop
      vertex 15.25 -9.5 2.2
      vertex 17.2515 -6.64851 2.2
      vertex 17.148 -6.5305 2.2
    endloop
  endfacet
  facet normal 0 0 1
    outer loop
      vertex 15.25 -9.5 2.2
      vertex 17.148 -6.5305 2.2
      vertex 17.0608 -6.39999 2.2
    endloop
  endfacet
  facet normal 0 0 1
    outer loop
      vertex 15.25 -9.5 2.2
      vertex 17.0608 -6.39999 2.2
      vertex 16.9913 -6.2592 2.2
    endloop
  endfacet
  facet normal 0 0 1
    outer loop
      vertex 15.25 -9.5 2.2
      vertex 16.9 -5.79999 2.2
      vertex 15.25 9.5 2.2
    endloop
  endfacet
  facet normal 0 0 1
    outer loop
      vertex 17.5 -6.83922 2.2
      vertex 15.25 -9.5 2.2
      vertex 18.25 -9.5 2.2
    endloop
  endfacet
  facet normal 0 0 1
    outer loop
      vertex 16.9409 -6.11057 2.2
      vertex 15.25 -9.5 2.2
      vertex 16.9913 -6.2592 2.2
    endloop
  endfacet
  facet normal 0 0 1
    outer loop
      vertex 16.9103 -5.95662 2.2
      vertex 15.25 -9.5 2.2
      vertex 16.9409 -6.11057 2.2
    endloop
  endfacet
  facet normal 0 0 1
    outer loop
      vertex 16.9 -5.79999 2.2
      vertex 15.25 -9.5 2.2
      vertex 16.9103 -5.95662 2.2
    endloop
  endfacet
  facet normal -0 0 1
    outer loop
      vertex 43.55 5.95 2.2
      vertex 46.55 -5.95 2.2
      vertex 46.55 5.95 2.2
    endloop
  endfacet
  facet normal 0 0 1
    outer loop
      vertex 46.55 -5.95 2.2
      vertex 43.55 5.95 2.2
      vertex 43.55 -5.95 2.2
    endloop
  endfacet
  facet normal -0 0 1
    outer loop
      vertex 58.45 5.95 2.2
      vertex 61.45 -5.95 2.2
      vertex 61.45 5.95 2.2
    endloop
  endfacet
  facet normal 0 0 1
    outer loop
      vertex 61.45 -5.95 2.2
      vertex 58.45 5.95 2.2
      vertex 58.45 -5.95 2.2
    endloop
  endfacet
  facet normal 0 0 1
    outer loop
      vertex 61.45 5.95 2.2
      vertex 61.8 9.3 2.2
      vertex 61.45 8.95 2.2
    endloop
  endfacet
  facet normal 0 0 1
    outer loop
      vertex 61.8 9.3 2.2
      vertex 58.45 8.95 2.2
      vertex 61.45 8.95 2.2
    endloop
  endfacet
  facet normal 0 0 1
    outer loop
      vertex 46.55 5.95 2.2
      vertex 58.45 5.95 2.2
      vertex 58.45 8.95 2.2
    endloop
  endfacet
  facet normal 0 0 1
    outer loop
      vertex 58.45 5.95 2.2
      vertex 46.55 5.95 2.2
      vertex 58.45 -5.95 2.2
    endloop
  endfacet
  facet normal 0 0 1
    outer loop
      vertex 46.55 5.95 2.2
      vertex 58.45 8.95 2.2
      vertex 46.55 8.95 2.2
    endloop
  endfacet
  facet normal 0 0 1
    outer loop
      vertex 61.8 9.3 2.2
      vertex 46.55 8.95 2.2
      vertex 58.45 8.95 2.2
    endloop
  endfacet
  facet normal -0 0 1
    outer loop
      vertex 43.2 9.3 2.2
      vertex 46.55 8.95 2.2
      vertex 61.8 9.3 2.2
    endloop
  endfacet
  facet normal 0 0 1
    outer loop
      vertex 43.2 9.3 2.2
      vertex 43.55 5.95 2.2
      vertex 43.55 8.95 2.2
    endloop
  endfacet
  facet normal 0 0 1
    outer loop
      vertex 43.55 5.95 2.2
      vertex 43.2 9.3 2.2
      vertex 43.55 -5.95 2.2
    endloop
  endfacet
  facet normal 0 0 1
    outer loop
      vertex 43.2 -9.3 2.2
      vertex 43.55 -5.95 2.2
      vertex 43.2 9.3 2.2
    endloop
  endfacet
  facet normal 0 0 1
    outer loop
      vertex 46.55 8.95 2.2
      vertex 43.2 9.3 2.2
      vertex 43.55 8.95 2.2
    endloop
  endfacet
  facet normal 0 0 1
    outer loop
      vertex 61.8 9.3 2.2
      vertex 61.45 5.95 2.2
      vertex 61.8 -9.3 2.2
    endloop
  endfacet
  facet normal -0 0 1
    outer loop
      vertex 61.45 -5.95 2.2
      vertex 61.8 -9.3 2.2
      vertex 61.45 5.95 2.2
    endloop
  endfacet
  facet normal -0 0 1
    outer loop
      vertex 61.45 -8.95 2.2
      vertex 61.8 -9.3 2.2
      vertex 61.45 -5.95 2.2
    endloop
  endfacet
  facet normal -0 0 1
    outer loop
      vertex 58.45 -8.95 2.2
      vertex 61.8 -9.3 2.2
      vertex 61.45 -8.95 2.2
    endloop
  endfacet
  facet normal 0 0 1
    outer loop
      vertex 46.55 -5.95 2.2
      vertex 58.45 -5.95 2.2
      vertex 46.55 5.95 2.2
    endloop
  endfacet
  facet normal 0 0 1
    outer loop
      vertex 58.45 -5.95 2.2
      vertex 46.55 -5.95 2.2
      vertex 58.45 -8.95 2.2
    endloop
  endfacet
  facet normal 0 0 1
    outer loop
      vertex 46.55 -8.95 2.2
      vertex 58.45 -8.95 2.2
      vertex 46.55 -5.95 2.2
    endloop
  endfacet
  facet normal -0 0 1
    outer loop
      vertex 46.55 -8.95 2.2
      vertex 61.8 -9.3 2.2
      vertex 58.45 -8.95 2.2
    endloop
  endfacet
  facet normal 0 0 1
    outer loop
      vertex 43.2 -9.3 2.2
      vertex 46.55 -8.95 2.2
      vertex 43.55 -8.95 2.2
    endloop
  endfacet
  facet normal 0 0 1
    outer loop
      vertex 46.55 -8.95 2.2
      vertex 43.2 -9.3 2.2
      vertex 61.8 -9.3 2.2
    endloop
  endfacet
  facet normal 0 0 1
    outer loop
      vertex 43.55 -5.95 2.2
      vertex 43.2 -9.3 2.2
      vertex 43.55 -8.95 2.2
    endloop
  endfacet
  facet normal -0 0 1
    outer loop
      vertex 91.5 7 2.2
      vertex 91.85 1.35223 2.2
      vertex 91.85 10.35 2.2
    endloop
  endfacet
  facet normal 0 0 1
    outer loop
      vertex 91.85 1.35223 2.2
      vertex 91.5 7 2.2
      vertex 91.8 1.38564 2.2
    endloop
  endfacet
  facet normal 0 0 1
    outer loop
      vertex 91.5 7 2.2
      vertex 91.85 10.35 2.2
      vertex 91.5 10 2.2
    endloop
  endfacet
  facet normal 0 0 1
    outer loop
      vertex 91.85 10.35 2.2
      vertex 88.5 10 2.2
      vertex 91.5 10 2.2
    endloop
  endfacet
  facet normal 0 0 1
    outer loop
      vertex 88.5 10 2.2
      vertex 88.3827 9.92387 2.2
      vertex 88.5 9.86603 2.2
    endloop
  endfacet
  facet normal 0 0 1
    outer loop
      vertex 88.5 10 2.2
      vertex 88.2588 9.96593 2.2
      vertex 88.3827 9.92387 2.2
    endloop
  endfacet
  facet normal 0 0 1
    outer loop
      vertex 88.5 10 2.2
      vertex 88.1305 9.99144 2.2
      vertex 88.2588 9.96593 2.2
    endloop
  endfacet
  facet normal 0 0 1
    outer loop
      vertex 88 10 2.2
      vertex 88.5 10 2.2
      vertex 91.85 10.35 2.2
    endloop
  endfacet
  facet normal 0 0 1
    outer loop
      vertex 88.5 10 2.2
      vertex 88 10 2.2
      vertex 88.1305 9.99144 2.2
    endloop
  endfacet
  facet normal 0 0 1
    outer loop
      vertex 91.85 10.35 2.2
      vertex 70 10 2.2
      vertex 88 10 2.2
    endloop
  endfacet
  facet normal 0 0 1
    outer loop
      vertex 69.7412 9.96593 2.2
      vertex 69.5 10 2.2
      vertex 69.6173 9.92387 2.2
    endloop
  endfacet
  facet normal 0 0 1
    outer loop
      vertex 69.8695 9.99144 2.2
      vertex 69.5 10 2.2
      vertex 69.7412 9.96593 2.2
    endloop
  endfacet
  facet normal 0 0 1
    outer loop
      vertex 70 10 2.2
      vertex 69.5 10 2.2
      vertex 69.8695 9.99144 2.2
    endloop
  endfacet
  facet normal -0 0 1
    outer loop
      vertex 66.15 10.35 2.2
      vertex 70 10 2.2
      vertex 91.85 10.35 2.2
    endloop
  endfacet
  facet normal 0 0 1
    outer loop
      vertex 70 10 2.2
      vertex 66.15 10.35 2.2
      vertex 69.5 10 2.2
    endloop
  endfacet
  facet normal 0 0 1
    outer loop
      vertex 66.15 10.35 2.2
      vertex 66.5 7 2.2
      vertex 66.5 10 2.2
    endloop
  endfacet
  facet normal 0 0 1
    outer loop
      vertex 66.5 7 2.2
      vertex 66.2 1.38564 2.2
      vertex 66.3877 1.47821 2.2
    endloop
  endfacet
  facet normal 0 0 1
    outer loop
      vertex 69.5 10 2.2
      vertex 66.15 10.35 2.2
      vertex 66.5 10 2.2
    endloop
  endfacet
  facet normal 0 0 1
    outer loop
      vertex 66.5 7 2.2
      vertex 66.15 10.35 2.2
      vertex 66.15 1.35223 2.2
    endloop
  endfacet
  facet normal 0 0 1
    outer loop
      vertex 66.5 7 2.2
      vertex 66.15 1.35223 2.2
      vertex 66.2 1.38564 2.2
    endloop
  endfacet
  facet normal 0 0 1
    outer loop
      vertex 91.8 1.38564 2.2
      vertex 91.5 7 2.2
      vertex 91.6123 1.47821 2.2
    endloop
  endfacet
  facet normal 0 0 1
    outer loop
      vertex 91.5 7 2.2
      vertex 91.4141 1.54548 2.2
      vertex 91.6123 1.47821 2.2
    endloop
  endfacet
  facet normal 0 0 1
    outer loop
      vertex 91.5 7 2.2
      vertex 91.2088 1.58631 2.2
      vertex 91.4141 1.54548 2.2
    endloop
  endfacet
  facet normal 0 0 1
    outer loop
      vertex 91.5 7 2.2
      vertex 91 1.6 2.2
      vertex 91.2088 1.58631 2.2
    endloop
  endfacet
  facet normal 0 0 1
    outer loop
      vertex 91.5 7 2.2
      vertex 90.7912 1.58631 2.2
      vertex 91 1.6 2.2
    endloop
  endfacet
  facet normal -0 0 1
    outer loop
      vertex 89 7 2.2
      vertex 90.7912 1.58631 2.2
      vertex 91.5 7 2.2
    endloop
  endfacet
  facet normal 0 0 1
    outer loop
      vertex 90.7912 1.58631 2.2
      vertex 89 7 2.2
      vertex 90.5859 1.54548 2.2
    endloop
  endfacet
  facet normal 0 0 1
    outer loop
      vertex 90.5859 1.54548 2.2
      vertex 89 7 2.2
      vertex 90.3877 1.47821 2.2
    endloop
  endfacet
  facet normal 0 0 1
    outer loop
      vertex 90.3877 1.47821 2.2
      vertex 89 7 2.2
      vertex 90.2 1.38564 2.2
    endloop
  endfacet
  facet normal 0 0 1
    outer loop
      vertex 90.2 1.38564 2.2
      vertex 89 7 2.2
      vertex 90.026 1.26937 2.2
    endloop
  endfacet
  facet normal 0 0 1
    outer loop
      vertex 90.026 1.26937 2.2
      vertex 89 7 2.2
      vertex 89.8686 1.13137 2.2
    endloop
  endfacet
  facet normal 0 0 1
    outer loop
      vertex 89.8686 1.13137 2.2
      vertex 89 7 2.2
      vertex 89.7306 0.974018 2.2
    endloop
  endfacet
  facet normal 0 0 1
    outer loop
      vertex 89.7306 0.974018 2.2
      vertex 89 7 2.2
      vertex 89.6144 0.799999 2.2
    endloop
  endfacet
  facet normal 0 0 1
    outer loop
      vertex 89.6144 0.799999 2.2
      vertex 89 7 2.2
      vertex 89.5218 0.612293 2.2
    endloop
  endfacet
  facet normal 0 0 1
    outer loop
      vertex 89.4137 0.208841 2.2
      vertex 89 7 2.2
      vertex 89.4 0 2.2
    endloop
  endfacet
  facet normal 0 0 1
    outer loop
      vertex 89.4545 0.41411 2.2
      vertex 89 7 2.2
      vertex 89.4137 0.208841 2.2
    endloop
  endfacet
  facet normal 0 0 1
    outer loop
      vertex 89.5218 0.612293 2.2
      vertex 89 7 2.2
      vertex 89.4545 0.41411 2.2
    endloop
  endfacet
  facet normal -0 0 1
    outer loop
      vertex 91.4141 -1.54548 2.2
      vertex 91.5 -7 2.2
      vertex 91.6123 -1.47821 2.2
    endloop
  endfacet
  facet normal -0 0 1
    outer loop
      vertex 91.2088 -1.58631 2.2
      vertex 91.5 -7 2.2
      vertex 91.4141 -1.54548 2.2
    endloop
  endfacet
  facet normal -0 0 1
    outer loop
      vertex 91 -1.6 2.2
      vertex 91.5 -7 2.2
      vertex 91.2088 -1.58631 2.2
    endloop
  endfacet
  facet normal 0 0 1
    outer loop
      vertex 90.7912 -1.58631 2.2
      vertex 91.5 -7 2.2
      vertex 91 -1.6 2.2
    endloop
  endfacet
  facet normal 0 0 1
    outer loop
      vertex 89 -7 2.2
      vertex 90.7912 -1.58631 2.2
      vertex 90.5859 -1.54548 2.2
    endloop
  endfacet
  facet normal 0 0 1
    outer loop
      vertex 89 -7 2.2
      vertex 90.5859 -1.54548 2.2
      vertex 90.3877 -1.47821 2.2
    endloop
  endfacet
  facet normal 0 0 1
    outer loop
      vertex 89 -7 2.2
      vertex 90.3877 -1.47821 2.2
      vertex 90.2 -1.38564 2.2
    endloop
  endfacet
  facet normal 0 0 1
    outer loop
      vertex 89 -7 2.2
      vertex 90.2 -1.38564 2.2
      vertex 90.026 -1.26937 2.2
    endloop
  endfacet
  facet normal 0 0 1
    outer loop
      vertex 89 -7 2.2
      vertex 90.026 -1.26937 2.2
      vertex 89.8686 -1.13137 2.2
    endloop
  endfacet
  facet normal 0 0 1
    outer loop
      vertex 89 -7 2.2
      vertex 89.8686 -1.13137 2.2
      vertex 89.7306 -0.974018 2.2
    endloop
  endfacet
  facet normal 0 0 1
    outer loop
      vertex 89 -7 2.2
      vertex 89.7306 -0.974018 2.2
      vertex 89.6144 -0.799999 2.2
    endloop
  endfacet
  facet normal 0 0 1
    outer loop
      vertex 89 -7 2.2
      vertex 89.6144 -0.799999 2.2
      vertex 89.5218 -0.612293 2.2
    endloop
  endfacet
  facet normal 0 0 1
    outer loop
      vertex 89 -7 2.2
      vertex 89.5218 -0.612293 2.2
      vertex 89.4545 -0.41411 2.2
    endloop
  endfacet
  facet normal 0 0 1
    outer loop
      vertex 90.7912 -1.58631 2.2
      vertex 89 -7 2.2
      vertex 91.5 -7 2.2
    endloop
  endfacet
  facet normal 0 0 1
    outer loop
      vertex 89.4137 -0.208841 2.2
      vertex 89 -7 2.2
      vertex 89.4545 -0.41411 2.2
    endloop
  endfacet
  facet normal 0 0 1
    outer loop
      vertex 89.4 0 2.2
      vertex 89 -7 2.2
      vertex 89.4137 -0.208841 2.2
    endloop
  endfacet
  facet normal 0 0 1
    outer loop
      vertex 89 -7 2.2
      vertex 89.4 0 2.2
      vertex 89 7 2.2
    endloop
  endfacet
  facet normal 0 0 1
    outer loop
      vertex 91.5 -7 2.2
      vertex 91.85 -1.35223 2.2
      vertex 91.8 -1.38564 2.2
    endloop
  endfacet
  facet normal 0 0 1
    outer loop
      vertex 91.5 -7 2.2
      vertex 91.8 -1.38564 2.2
      vertex 91.6123 -1.47821 2.2
    endloop
  endfacet
  facet normal 0 0 1
    outer loop
      vertex 91.85 -1.35223 2.2
      vertex 91.5 -7 2.2
      vertex 91.85 -10.35 2.2
    endloop
  endfacet
  facet normal -0 0 1
    outer loop
      vertex 91.5 -10 2.2
      vertex 91.85 -10.35 2.2
      vertex 91.5 -7 2.2
    endloop
  endfacet
  facet normal -0 0 1
    outer loop
      vertex 88.5 -10 2.2
      vertex 91.85 -10.35 2.2
      vertex 91.5 -10 2.2
    endloop
  endfacet
  facet normal -0 0 1
    outer loop
      vertex 88.2588 -9.96593 2.2
      vertex 88.5 -10 2.2
      vertex 88.3827 -9.92387 2.2
    endloop
  endfacet
  facet normal -0 0 1
    outer loop
      vertex 88.1305 -9.99144 2.2
      vertex 88.5 -10 2.2
      vertex 88.2588 -9.96593 2.2
    endloop
  endfacet
  facet normal 0 0 1
    outer loop
      vertex 88 -10 2.2
      vertex 88.5 -10 2.2
      vertex 88.1305 -9.99144 2.2
    endloop
  endfacet
  facet normal 0 0 1
    outer loop
      vertex 88.5 -10 2.2
      vertex 88 -10 2.2
      vertex 91.85 -10.35 2.2
    endloop
  endfacet
  facet normal -0 0 1
    outer loop
      vertex 70 -10 2.2
      vertex 91.85 -10.35 2.2
      vertex 88 -10 2.2
    endloop
  endfacet
  facet normal 0 0 1
    outer loop
      vertex 69.5 -10 2.2
      vertex 69.6173 -9.92387 2.2
      vertex 69.5 -9.86603 2.2
    endloop
  endfacet
  facet normal 0 0 1
    outer loop
      vertex 69.5 -10 2.2
      vertex 69.7412 -9.96593 2.2
      vertex 69.6173 -9.92387 2.2
    endloop
  endfacet
  facet normal 0 0 1
    outer loop
      vertex 69.5 -10 2.2
      vertex 69.8695 -9.99144 2.2
      vertex 69.7412 -9.96593 2.2
    endloop
  endfacet
  facet normal 0 0 1
    outer loop
      vertex 69.5 -10 2.2
      vertex 70 -10 2.2
      vertex 69.8695 -9.99144 2.2
    endloop
  endfacet
  facet normal 0 0 1
    outer loop
      vertex 66.15 -10.35 2.2
      vertex 70 -10 2.2
      vertex 69.5 -10 2.2
    endloop
  endfacet
  facet normal 0 0 1
    outer loop
      vertex 66.15 -10.35 2.2
      vertex 69.5 -10 2.2
      vertex 66.5 -10 2.2
    endloop
  endfacet
  facet normal 0 0 1
    outer loop
      vertex 66.15 -1.35223 2.2
      vertex 66.5 -7 2.2
      vertex 66.2 -1.38564 2.2
    endloop
  endfacet
  facet normal 0 0 1
    outer loop
      vertex 66.15 -10.35 2.2
      vertex 66.5 -7 2.2
      vertex 66.15 -1.35223 2.2
    endloop
  endfacet
  facet normal 0 0 1
    outer loop
      vertex 70 -10 2.2
      vertex 66.15 -10.35 2.2
      vertex 91.85 -10.35 2.2
    endloop
  endfacet
  facet normal 0 0 1
    outer loop
      vertex 66.5 -7 2.2
      vertex 66.15 -10.35 2.2
      vertex 66.5 -10 2.2
    endloop
  endfacet
  facet normal 0 0 1
    outer loop
      vertex 69.6173 9.92387 2.2
      vertex 69.5 10 2.2
      vertex 69.5 9.86603 2.2
    endloop
  endfacet
  facet normal 0 0 1
    outer loop
      vertex 69 7 2.2
      vertex 68.6 0 2.2
      vertex 69 -7 2.2
    endloop
  endfacet
  facet normal 0 0 1
    outer loop
      vertex 69 7 2.2
      vertex 68.5863 0.208841 2.2
      vertex 68.6 0 2.2
    endloop
  endfacet
  facet normal 0 0 1
    outer loop
      vertex 69 7 2.2
      vertex 68.5455 0.41411 2.2
      vertex 68.5863 0.208841 2.2
    endloop
  endfacet
  facet normal 0 0 1
    outer loop
      vertex 69 7 2.2
      vertex 68.4782 0.612293 2.2
      vertex 68.5455 0.41411 2.2
    endloop
  endfacet
  facet normal 0 0 1
    outer loop
      vertex 69 7 2.2
      vertex 68.3856 0.799999 2.2
      vertex 68.4782 0.612293 2.2
    endloop
  endfacet
  facet normal 0 0 1
    outer loop
      vertex 69 7 2.2
      vertex 68.2694 0.974018 2.2
      vertex 68.3856 0.799999 2.2
    endloop
  endfacet
  facet normal 0 0 1
    outer loop
      vertex 69 7 2.2
      vertex 68.1314 1.13137 2.2
      vertex 68.2694 0.974018 2.2
    endloop
  endfacet
  facet normal 0 0 1
    outer loop
      vertex 69 7 2.2
      vertex 67.974 1.26937 2.2
      vertex 68.1314 1.13137 2.2
    endloop
  endfacet
  facet normal 0 0 1
    outer loop
      vertex 69 7 2.2
      vertex 67.8 1.38564 2.2
      vertex 67.974 1.26937 2.2
    endloop
  endfacet
  facet normal 0 0 1
    outer loop
      vertex 69 7 2.2
      vertex 67.6123 1.47821 2.2
      vertex 67.8 1.38564 2.2
    endloop
  endfacet
  facet normal 0 0 1
    outer loop
      vertex 69 7 2.2
      vertex 67.4141 1.54548 2.2
      vertex 67.6123 1.47821 2.2
    endloop
  endfacet
  facet normal 0 0 1
    outer loop
      vertex 69 7 2.2
      vertex 67.2088 1.58631 2.2
      vertex 67.4141 1.54548 2.2
    endloop
  endfacet
  facet normal -0 0 1
    outer loop
      vertex 66.5 7 2.2
      vertex 67.2088 1.58631 2.2
      vertex 69 7 2.2
    endloop
  endfacet
  facet normal 0 0 1
    outer loop
      vertex 67.2088 1.58631 2.2
      vertex 66.5 7 2.2
      vertex 67 1.6 2.2
    endloop
  endfacet
  facet normal 0 0 1
    outer loop
      vertex 67 1.6 2.2
      vertex 66.5 7 2.2
      vertex 66.7912 1.58631 2.2
    endloop
  endfacet
  facet normal 0 0 1
    outer loop
      vertex 66.7912 1.58631 2.2
      vertex 66.5 7 2.2
      vertex 66.5859 1.54548 2.2
    endloop
  endfacet
  facet normal 0 0 1
    outer loop
      vertex 66.5859 1.54548 2.2
      vertex 66.5 7 2.2
      vertex 66.3877 1.47821 2.2
    endloop
  endfacet
  facet normal -0 0 1
    outer loop
      vertex 68.5863 -0.208841 2.2
      vertex 69 -7 2.2
      vertex 68.6 0 2.2
    endloop
  endfacet
  facet normal -0 0 1
    outer loop
      vertex 68.5455 -0.41411 2.2
      vertex 69 -7 2.2
      vertex 68.5863 -0.208841 2.2
    endloop
  endfacet
  facet normal -0 0 1
    outer loop
      vertex 68.4782 -0.612293 2.2
      vertex 69 -7 2.2
      vertex 68.5455 -0.41411 2.2
    endloop
  endfacet
  facet normal -0 0 1
    outer loop
      vertex 68.3856 -0.799999 2.2
      vertex 69 -7 2.2
      vertex 68.4782 -0.612293 2.2
    endloop
  endfacet
  facet normal -0 0 1
    outer loop
      vertex 68.2694 -0.974018 2.2
      vertex 69 -7 2.2
      vertex 68.3856 -0.799999 2.2
    endloop
  endfacet
  facet normal -0 0 1
    outer loop
      vertex 68.1314 -1.13137 2.2
      vertex 69 -7 2.2
      vertex 68.2694 -0.974018 2.2
    endloop
  endfacet
  facet normal -0 0 1
    outer loop
      vertex 67.974 -1.26937 2.2
      vertex 69 -7 2.2
      vertex 68.1314 -1.13137 2.2
    endloop
  endfacet
  facet normal -0 0 1
    outer loop
      vertex 67.8 -1.38564 2.2
      vertex 69 -7 2.2
      vertex 67.974 -1.26937 2.2
    endloop
  endfacet
  facet normal -0 0 1
    outer loop
      vertex 67.6123 -1.47821 2.2
      vertex 69 -7 2.2
      vertex 67.8 -1.38564 2.2
    endloop
  endfacet
  facet normal -0 0 1
    outer loop
      vertex 67.4141 -1.54548 2.2
      vertex 69 -7 2.2
      vertex 67.6123 -1.47821 2.2
    endloop
  endfacet
  facet normal -0 0 1
    outer loop
      vertex 67.2088 -1.58631 2.2
      vertex 69 -7 2.2
      vertex 67.4141 -1.54548 2.2
    endloop
  endfacet
  facet normal 0 0 1
    outer loop
      vertex 66.5 -7 2.2
      vertex 67.2088 -1.58631 2.2
      vertex 67 -1.6 2.2
    endloop
  endfacet
  facet normal 0 0 1
    outer loop
      vertex 66.5 -7 2.2
      vertex 67 -1.6 2.2
      vertex 66.7912 -1.58631 2.2
    endloop
  endfacet
  facet normal 0 0 1
    outer loop
      vertex 66.5 -7 2.2
      vertex 66.7912 -1.58631 2.2
      vertex 66.5859 -1.54548 2.2
    endloop
  endfacet
  facet normal 0 0 1
    outer loop
      vertex 67.2088 -1.58631 2.2
      vertex 66.5 -7 2.2
      vertex 69 -7 2.2
    endloop
  endfacet
  facet normal 0 0 1
    outer loop
      vertex 66.2 -1.38564 2.2
      vertex 66.5 -7 2.2
      vertex 66.3877 -1.47821 2.2
    endloop
  endfacet
  facet normal 0 0 1
    outer loop
      vertex 66.3877 -1.47821 2.2
      vertex 66.5 -7 2.2
      vertex 66.5859 -1.54548 2.2
    endloop
  endfacet
  facet normal 0 0 1
    outer loop
      vertex 88.5 -9.86603 2.2
      vertex 88.3827 -9.92387 2.2
      vertex 88.5 -10 2.2
    endloop
  endfacet
  facet normal 0.0653166 0.997865 -0
    outer loop
      vertex 18 -26.6 2.2
      vertex 17.3996 -26.5607 12.25
      vertex 18 -26.6 12.25
    endloop
  endfacet
  facet normal 0.0653166 0.997865 0
    outer loop
      vertex 17.3996 -26.5607 12.25
      vertex 18 -26.6 2.2
      vertex 17.3996 -26.5607 2.2
    endloop
  endfacet
  facet normal -0.831462 0.555582 0
    outer loop
      vertex 92.6494 -24.8003 2.2
      vertex 92.9837 -24.3 12.25
      vertex 92.9837 -24.3 2.2
    endloop
  endfacet
  facet normal -0.831462 0.555582 0
    outer loop
      vertex 92.9837 -24.3 12.25
      vertex 92.6494 -24.8003 2.2
      vertex 92.6494 -24.8003 12.25
    endloop
  endfacet
  facet normal -0.946873 0.321608 0
    outer loop
      vertex 93.2498 -23.7603 2.2
      vertex 93.4433 -23.1906 12.25
      vertex 93.4433 -23.1906 2.2
    endloop
  endfacet
  facet normal -0.946873 0.321608 0
    outer loop
      vertex 93.4433 -23.1906 12.25
      vertex 93.2498 -23.7603 2.2
      vertex 93.2498 -23.7603 12.25
    endloop
  endfacet
  facet normal -0.321608 -0.946873 0
    outer loop
      vertex 90.1906 26.4433 2.2
      vertex 90.7603 26.2498 12.25
      vertex 90.1906 26.4433 12.25
    endloop
  endfacet
  facet normal -0.321608 -0.946873 -0
    outer loop
      vertex 90.7603 26.2498 12.25
      vertex 90.1906 26.4433 2.2
      vertex 90.7603 26.2498 2.2
    endloop
  endfacet
  facet normal -0.442221 -0.896906 0
    outer loop
      vertex 90.7603 26.2498 2.2
      vertex 91.3 25.9837 12.25
      vertex 90.7603 26.2498 12.25
    endloop
  endfacet
  facet normal -0.442221 -0.896906 -0
    outer loop
      vertex 91.3 25.9837 12.25
      vertex 90.7603 26.2498 2.2
      vertex 91.3 25.9837 2.2
    endloop
  endfacet
  facet normal -0.555582 -0.831462 0
    outer loop
      vertex 91.3 25.9837 2.2
      vertex 91.8003 25.6494 12.25
      vertex 91.3 25.9837 12.25
    endloop
  endfacet
  facet normal -0.555582 -0.831462 -0
    outer loop
      vertex 91.8003 25.6494 12.25
      vertex 91.3 25.9837 2.2
      vertex 91.8003 25.6494 2.2
    endloop
  endfacet
  facet normal 0.555582 -0.831462 0
    outer loop
      vertex 15.1997 25.6494 2.2
      vertex 15.7 25.9837 12.25
      vertex 15.1997 25.6494 12.25
    endloop
  endfacet
  facet normal 0.555582 -0.831462 0
    outer loop
      vertex 15.7 25.9837 12.25
      vertex 15.1997 25.6494 2.2
      vertex 15.7 25.9837 2.2
    endloop
  endfacet
  facet normal 0.946873 -0.321608 0
    outer loop
      vertex 13.5567 23.1906 12.25
      vertex 13.7502 23.7603 2.2
      vertex 13.7502 23.7603 12.25
    endloop
  endfacet
  facet normal 0.946873 -0.321608 0
    outer loop
      vertex 13.7502 23.7603 2.2
      vertex 13.5567 23.1906 12.25
      vertex 13.5567 23.1906 2.2
    endloop
  endfacet
  facet normal 0.980785 -0.195093 0
    outer loop
      vertex 13.4393 22.6004 12.25
      vertex 13.5567 23.1906 2.2
      vertex 13.5567 23.1906 12.25
    endloop
  endfacet
  facet normal 0.980785 -0.195093 0
    outer loop
      vertex 13.5567 23.1906 2.2
      vertex 13.4393 22.6004 12.25
      vertex 13.4393 22.6004 2.2
    endloop
  endfacet
  facet normal 0.442221 0.896906 -0
    outer loop
      vertex 16.2397 -26.2498 2.2
      vertex 15.7 -25.9837 12.25
      vertex 16.2397 -26.2498 12.25
    endloop
  endfacet
  facet normal 0.442221 0.896906 0
    outer loop
      vertex 15.7 -25.9837 12.25
      vertex 16.2397 -26.2498 2.2
      vertex 15.7 -25.9837 2.2
    endloop
  endfacet
  facet normal 0.751876 0.659304 0
    outer loop
      vertex 14.7473 -25.2527 12.25
      vertex 14.3506 -24.8003 2.2
      vertex 14.3506 -24.8003 12.25
    endloop
  endfacet
  facet normal 0.751876 0.659304 0
    outer loop
      vertex 14.3506 -24.8003 2.2
      vertex 14.7473 -25.2527 12.25
      vertex 14.7473 -25.2527 2.2
    endloop
  endfacet
  facet normal 0.831462 0.555582 0
    outer loop
      vertex 14.3506 -24.8003 12.25
      vertex 14.0163 -24.3 2.2
      vertex 14.0163 -24.3 12.25
    endloop
  endfacet
  facet normal 0.831462 0.555582 0
    outer loop
      vertex 14.0163 -24.3 2.2
      vertex 14.3506 -24.8003 12.25
      vertex 14.3506 -24.8003 2.2
    endloop
  endfacet
  facet normal 0.195093 0.980785 -0
    outer loop
      vertex 17.3996 -26.5607 2.2
      vertex 16.8094 -26.4433 12.25
      vertex 17.3996 -26.5607 12.25
    endloop
  endfacet
  facet normal 0.195093 0.980785 0
    outer loop
      vertex 16.8094 -26.4433 12.25
      vertex 17.3996 -26.5607 2.2
      vertex 16.8094 -26.4433 2.2
    endloop
  endfacet
  facet normal -0.997865 0.0653166 0
    outer loop
      vertex 93.5607 -22.6004 2.2
      vertex 93.6 -22 12.25
      vertex 93.6 -22 2.2
    endloop
  endfacet
  facet normal -0.997865 0.0653166 0
    outer loop
      vertex 93.6 -22 12.25
      vertex 93.5607 -22.6004 2.2
      vertex 93.5607 -22.6004 12.25
    endloop
  endfacet
  facet normal -0.321608 0.946873 0
    outer loop
      vertex 90.7603 -26.2498 2.2
      vertex 90.1906 -26.4433 12.25
      vertex 90.7603 -26.2498 12.25
    endloop
  endfacet
  facet normal -0.321608 0.946873 0
    outer loop
      vertex 90.1906 -26.4433 12.25
      vertex 90.7603 -26.2498 2.2
      vertex 90.1906 -26.4433 2.2
    endloop
  endfacet
  facet normal -0.195093 -0.980785 0
    outer loop
      vertex 89.6004 26.5607 2.2
      vertex 90.1906 26.4433 12.25
      vertex 89.6004 26.5607 12.25
    endloop
  endfacet
  facet normal -0.195093 -0.980785 -0
    outer loop
      vertex 90.1906 26.4433 12.25
      vertex 89.6004 26.5607 2.2
      vertex 90.1906 26.4433 2.2
    endloop
  endfacet
  facet normal 0.751876 -0.659304 0
    outer loop
      vertex 14.3506 24.8003 12.25
      vertex 14.7473 25.2527 2.2
      vertex 14.7473 25.2527 12.25
    endloop
  endfacet
  facet normal 0.751876 -0.659304 0
    outer loop
      vertex 14.7473 25.2527 2.2
      vertex 14.3506 24.8003 12.25
      vertex 14.3506 24.8003 2.2
    endloop
  endfacet
  facet normal 0.896906 -0.442221 0
    outer loop
      vertex 13.7502 23.7603 12.25
      vertex 14.0163 24.3 2.2
      vertex 14.0163 24.3 12.25
    endloop
  endfacet
  facet normal 0.896906 -0.442221 0
    outer loop
      vertex 14.0163 24.3 2.2
      vertex 13.7502 23.7603 12.25
      vertex 13.7502 23.7603 2.2
    endloop
  endfacet
  facet normal 0.896906 0.442221 0
    outer loop
      vertex 14.0163 -24.3 12.25
      vertex 13.7502 -23.7603 2.2
      vertex 13.7502 -23.7603 12.25
    endloop
  endfacet
  facet normal 0.896906 0.442221 0
    outer loop
      vertex 13.7502 -23.7603 2.2
      vertex 14.0163 -24.3 12.25
      vertex 14.0163 -24.3 2.2
    endloop
  endfacet
  facet normal -0.831462 -0.555582 0
    outer loop
      vertex 92.9837 24.3 2.2
      vertex 92.6494 24.8003 12.25
      vertex 92.6494 24.8003 2.2
    endloop
  endfacet
  facet normal -0.831462 -0.555582 0
    outer loop
      vertex 92.6494 24.8003 12.25
      vertex 92.9837 24.3 2.2
      vertex 92.9837 24.3 12.25
    endloop
  endfacet
  facet normal -0.896906 -0.442221 0
    outer loop
      vertex 93.2498 23.7603 2.2
      vertex 92.9837 24.3 12.25
      vertex 92.9837 24.3 2.2
    endloop
  endfacet
  facet normal -0.896906 -0.442221 0
    outer loop
      vertex 92.9837 24.3 12.25
      vertex 93.2498 23.7603 2.2
      vertex 93.2498 23.7603 12.25
    endloop
  endfacet
  facet normal -0.896906 0.442221 0
    outer loop
      vertex 92.9837 -24.3 2.2
      vertex 93.2498 -23.7603 12.25
      vertex 93.2498 -23.7603 2.2
    endloop
  endfacet
  facet normal -0.896906 0.442221 0
    outer loop
      vertex 93.2498 -23.7603 12.25
      vertex 92.9837 -24.3 2.2
      vertex 92.9837 -24.3 12.25
    endloop
  endfacet
  facet normal -0.751876 0.659304 0
    outer loop
      vertex 92.2527 -25.2527 2.2
      vertex 92.6494 -24.8003 12.25
      vertex 92.6494 -24.8003 2.2
    endloop
  endfacet
  facet normal -0.751876 0.659304 0
    outer loop
      vertex 92.6494 -24.8003 12.25
      vertex 92.2527 -25.2527 2.2
      vertex 92.2527 -25.2527 12.25
    endloop
  endfacet
  facet normal -0.659304 0.751876 0
    outer loop
      vertex 92.2527 -25.2527 2.2
      vertex 91.8003 -25.6494 12.25
      vertex 92.2527 -25.2527 12.25
    endloop
  endfacet
  facet normal -0.659304 0.751876 0
    outer loop
      vertex 91.8003 -25.6494 12.25
      vertex 92.2527 -25.2527 2.2
      vertex 91.8003 -25.6494 2.2
    endloop
  endfacet
  facet normal -0.442221 0.896906 0
    outer loop
      vertex 91.3 -25.9837 2.2
      vertex 90.7603 -26.2498 12.25
      vertex 91.3 -25.9837 12.25
    endloop
  endfacet
  facet normal -0.442221 0.896906 0
    outer loop
      vertex 90.7603 -26.2498 12.25
      vertex 91.3 -25.9837 2.2
      vertex 90.7603 -26.2498 2.2
    endloop
  endfacet
  facet normal 0.831462 -0.555582 0
    outer loop
      vertex 14.0163 24.3 12.25
      vertex 14.3506 24.8003 2.2
      vertex 14.3506 24.8003 12.25
    endloop
  endfacet
  facet normal 0.831462 -0.555582 0
    outer loop
      vertex 14.3506 24.8003 2.2
      vertex 14.0163 24.3 12.25
      vertex 14.0163 24.3 2.2
    endloop
  endfacet
  facet normal 0.980785 0.195093 0
    outer loop
      vertex 13.5567 -23.1906 12.25
      vertex 13.4393 -22.6004 2.2
      vertex 13.4393 -22.6004 12.25
    endloop
  endfacet
  facet normal 0.980785 0.195093 0
    outer loop
      vertex 13.4393 -22.6004 2.2
      vertex 13.5567 -23.1906 12.25
      vertex 13.5567 -23.1906 2.2
    endloop
  endfacet
  facet normal -0.751876 -0.659304 0
    outer loop
      vertex 92.6494 24.8003 2.2
      vertex 92.2527 25.2527 12.25
      vertex 92.2527 25.2527 2.2
    endloop
  endfacet
  facet normal -0.751876 -0.659304 0
    outer loop
      vertex 92.2527 25.2527 12.25
      vertex 92.6494 24.8003 2.2
      vertex 92.6494 24.8003 12.25
    endloop
  endfacet
  facet normal -0.980785 -0.195093 0
    outer loop
      vertex 93.5607 22.6004 2.2
      vertex 93.4433 23.1906 12.25
      vertex 93.4433 23.1906 2.2
    endloop
  endfacet
  facet normal -0.980785 -0.195093 0
    outer loop
      vertex 93.4433 23.1906 12.25
      vertex 93.5607 22.6004 2.2
      vertex 93.5607 22.6004 12.25
    endloop
  endfacet
  facet normal -0.997865 -0.0653166 0
    outer loop
      vertex 93.6 22 2.2
      vertex 93.5607 22.6004 12.25
      vertex 93.5607 22.6004 2.2
    endloop
  endfacet
  facet normal -0.997865 -0.0653166 0
    outer loop
      vertex 93.5607 22.6004 12.25
      vertex 93.6 22 2.2
      vertex 93.6 22 12.25
    endloop
  endfacet
  facet normal -0.946873 -0.321608 0
    outer loop
      vertex 93.4433 23.1906 2.2
      vertex 93.2498 23.7603 12.25
      vertex 93.2498 23.7603 2.2
    endloop
  endfacet
  facet normal -0.946873 -0.321608 0
    outer loop
      vertex 93.2498 23.7603 12.25
      vertex 93.4433 23.1906 2.2
      vertex 93.4433 23.1906 12.25
    endloop
  endfacet
  facet normal -0.980785 0.195093 0
    outer loop
      vertex 93.4433 -23.1906 2.2
      vertex 93.5607 -22.6004 12.25
      vertex 93.5607 -22.6004 2.2
    endloop
  endfacet
  facet normal -0.980785 0.195093 0
    outer loop
      vertex 93.5607 -22.6004 12.25
      vertex 93.4433 -23.1906 2.2
      vertex 93.4433 -23.1906 12.25
    endloop
  endfacet
  facet normal -0.555582 0.831462 0
    outer loop
      vertex 91.8003 -25.6494 2.2
      vertex 91.3 -25.9837 12.25
      vertex 91.8003 -25.6494 12.25
    endloop
  endfacet
  facet normal -0.555582 0.831462 0
    outer loop
      vertex 91.3 -25.9837 12.25
      vertex 91.8003 -25.6494 2.2
      vertex 91.3 -25.9837 2.2
    endloop
  endfacet
  facet normal 0.321608 -0.946873 0
    outer loop
      vertex 16.2397 26.2498 2.2
      vertex 16.8094 26.4433 12.25
      vertex 16.2397 26.2498 12.25
    endloop
  endfacet
  facet normal 0.321608 -0.946873 0
    outer loop
      vertex 16.8094 26.4433 12.25
      vertex 16.2397 26.2498 2.2
      vertex 16.8094 26.4433 2.2
    endloop
  endfacet
  facet normal 0.195093 -0.980785 0
    outer loop
      vertex 16.8094 26.4433 2.2
      vertex 17.3996 26.5607 12.25
      vertex 16.8094 26.4433 12.25
    endloop
  endfacet
  facet normal 0.195093 -0.980785 0
    outer loop
      vertex 17.3996 26.5607 12.25
      vertex 16.8094 26.4433 2.2
      vertex 17.3996 26.5607 2.2
    endloop
  endfacet
  facet normal 0.946873 0.321608 0
    outer loop
      vertex 13.7502 -23.7603 12.25
      vertex 13.5567 -23.1906 2.2
      vertex 13.5567 -23.1906 12.25
    endloop
  endfacet
  facet normal 0.946873 0.321608 0
    outer loop
      vertex 13.5567 -23.1906 2.2
      vertex 13.7502 -23.7603 12.25
      vertex 13.7502 -23.7603 2.2
    endloop
  endfacet
  facet normal -0.0654018 -0.997859 0
    outer loop
      vertex 89 27.95 12.25
      vertex 89.7766 27.8991 16.3
      vertex 89 27.95 16.3
    endloop
  endfacet
  facet normal -0.0654018 -0.997859 -0
    outer loop
      vertex 89.7766 27.8991 16.3
      vertex 89 27.95 12.25
      vertex 89.7766 27.8991 12.25
    endloop
  endfacet
  facet normal 0 1 -0
    outer loop
      vertex 89 -27.95 12.25
      vertex 18 -27.95 16.3
      vertex 89 -27.95 16.3
    endloop
  endfacet
  facet normal 0 1 0
    outer loop
      vertex 18 -27.95 16.3
      vertex 89 -27.95 12.25
      vertex 18 -27.95 12.25
    endloop
  endfacet
  facet normal -0.321465 0.946921 0
    outer loop
      vertex 91.277 -27.4971 12.25
      vertex 90.54 -27.7473 16.3
      vertex 91.277 -27.4971 16.3
    endloop
  endfacet
  facet normal -0.321465 0.946921 0
    outer loop
      vertex 90.54 -27.7473 16.3
      vertex 91.277 -27.4971 12.25
      vertex 90.54 -27.7473 12.25
    endloop
  endfacet
  facet normal -0.555501 0.831516 0
    outer loop
      vertex 92.6221 -26.7205 12.25
      vertex 91.975 -27.1528 16.3
      vertex 92.6221 -26.7205 16.3
    endloop
  endfacet
  facet normal -0.555501 0.831516 0
    outer loop
      vertex 91.975 -27.1528 16.3
      vertex 92.6221 -26.7205 12.25
      vertex 91.975 -27.1528 12.25
    endloop
  endfacet
  facet normal 0 -1 0
    outer loop
      vertex 18 27.95 12.25
      vertex 89 27.95 16.3
      vertex 18 27.95 16.3
    endloop
  endfacet
  facet normal 0 -1 -0
    outer loop
      vertex 89 27.95 16.3
      vertex 18 27.95 12.25
      vertex 89 27.95 12.25
    endloop
  endfacet
  facet normal -0.751844 0.659341 0
    outer loop
      vertex 93.2073 -26.2073 12.25
      vertex 93.7205 -25.6221 16.3
      vertex 93.7205 -25.6221 12.25
    endloop
  endfacet
  facet normal -0.751844 0.659341 0
    outer loop
      vertex 93.7205 -25.6221 16.3
      vertex 93.2073 -26.2073 12.25
      vertex 93.2073 -26.2073 16.3
    endloop
  endfacet
  facet normal -0.659341 0.751844 0
    outer loop
      vertex 93.2073 -26.2073 12.25
      vertex 92.6221 -26.7205 16.3
      vertex 93.2073 -26.2073 16.3
    endloop
  endfacet
  facet normal -0.659341 0.751844 0
    outer loop
      vertex 92.6221 -26.7205 16.3
      vertex 93.2073 -26.2073 12.25
      vertex 92.6221 -26.7205 12.25
    endloop
  endfacet
  facet normal 0.0654018 0.997859 -0
    outer loop
      vertex 18 -27.95 12.25
      vertex 17.2234 -27.8991 16.3
      vertex 18 -27.95 16.3
    endloop
  endfacet
  facet normal 0.0654018 0.997859 0
    outer loop
      vertex 17.2234 -27.8991 16.3
      vertex 18 -27.95 12.25
      vertex 17.2234 -27.8991 12.25
    endloop
  endfacet
  facet normal -1 0 0
    outer loop
      vertex 94.95 -22 12.25
      vertex 94.95 22 16.3
      vertex 94.95 22 12.25
    endloop
  endfacet
  facet normal -1 -0 0
    outer loop
      vertex 94.95 22 16.3
      vertex 94.95 -22 12.25
      vertex 94.95 -22 16.3
    endloop
  endfacet
  facet normal 0.555501 0.831516 -0
    outer loop
      vertex 15.025 -27.1528 12.25
      vertex 14.3779 -26.7205 16.3
      vertex 15.025 -27.1528 16.3
    endloop
  endfacet
  facet normal 0.555501 0.831516 0
    outer loop
      vertex 14.3779 -26.7205 16.3
      vertex 15.025 -27.1528 12.25
      vertex 14.3779 -26.7205 12.25
    endloop
  endfacet
  facet normal 0.997859 -0.0654018 0
    outer loop
      vertex 12.05 22 16.3
      vertex 12.1009 22.7766 12.25
      vertex 12.1009 22.7766 16.3
    endloop
  endfacet
  facet normal 0.997859 -0.0654018 0
    outer loop
      vertex 12.1009 22.7766 12.25
      vertex 12.05 22 16.3
      vertex 12.05 22 12.25
    endloop
  endfacet
  facet normal 1 -0 0
    outer loop
      vertex 12.05 -22 16.3
      vertex 12.05 22 12.25
      vertex 12.05 22 16.3
    endloop
  endfacet
  facet normal 1 0 0
    outer loop
      vertex 12.05 22 12.25
      vertex 12.05 -22 16.3
      vertex 12.05 -22 12.25
    endloop
  endfacet
  facet normal 0.89683 0.442376 0
    outer loop
      vertex 12.8472 -24.975 16.3
      vertex 12.5029 -24.277 12.25
      vertex 12.5029 -24.277 16.3
    endloop
  endfacet
  facet normal 0.89683 0.442376 0
    outer loop
      vertex 12.5029 -24.277 12.25
      vertex 12.8472 -24.975 16.3
      vertex 12.8472 -24.975 12.25
    endloop
  endfacet
  facet normal 0.442376 -0.89683 0
    outer loop
      vertex 15.025 27.1528 12.25
      vertex 15.723 27.4971 16.3
      vertex 15.025 27.1528 16.3
    endloop
  endfacet
  facet normal 0.442376 -0.89683 0
    outer loop
      vertex 15.723 27.4971 16.3
      vertex 15.025 27.1528 12.25
      vertex 15.723 27.4971 12.25
    endloop
  endfacet
  facet normal -0.659341 -0.751844 0
    outer loop
      vertex 92.6221 26.7205 12.25
      vertex 93.2073 26.2073 16.3
      vertex 92.6221 26.7205 16.3
    endloop
  endfacet
  facet normal -0.659341 -0.751844 -0
    outer loop
      vertex 93.2073 26.2073 16.3
      vertex 92.6221 26.7205 12.25
      vertex 93.2073 26.2073 12.25
    endloop
  endfacet
  facet normal -0.442376 0.89683 0
    outer loop
      vertex 91.975 -27.1528 12.25
      vertex 91.277 -27.4971 16.3
      vertex 91.975 -27.1528 16.3
    endloop
  endfacet
  facet normal -0.442376 0.89683 0
    outer loop
      vertex 91.277 -27.4971 16.3
      vertex 91.975 -27.1528 12.25
      vertex 91.277 -27.4971 12.25
    endloop
  endfacet
  facet normal 0.442376 0.89683 -0
    outer loop
      vertex 15.723 -27.4971 12.25
      vertex 15.025 -27.1528 16.3
      vertex 15.723 -27.4971 16.3
    endloop
  endfacet
  facet normal 0.442376 0.89683 0
    outer loop
      vertex 15.025 -27.1528 16.3
      vertex 15.723 -27.4971 12.25
      vertex 15.025 -27.1528 12.25
    endloop
  endfacet
  facet normal 0.89683 -0.442376 0
    outer loop
      vertex 12.5029 24.277 16.3
      vertex 12.8472 24.975 12.25
      vertex 12.8472 24.975 16.3
    endloop
  endfacet
  facet normal 0.89683 -0.442376 0
    outer loop
      vertex 12.8472 24.975 12.25
      vertex 12.5029 24.277 16.3
      vertex 12.5029 24.277 12.25
    endloop
  endfacet
  facet normal 0.751844 0.659341 0
    outer loop
      vertex 13.7927 -26.2073 16.3
      vertex 13.2795 -25.6221 12.25
      vertex 13.2795 -25.6221 16.3
    endloop
  endfacet
  facet normal 0.751844 0.659341 0
    outer loop
      vertex 13.2795 -25.6221 12.25
      vertex 13.7927 -26.2073 16.3
      vertex 13.7927 -26.2073 12.25
    endloop
  endfacet
  facet normal 0 0 1
    outer loop
      vertex 93.6 22 12.25
      vertex 94.95 22 12.25
      vertex 94.8991 22.7766 12.25
    endloop
  endfacet
  facet normal 0 0 1
    outer loop
      vertex 94.95 22 12.25
      vertex 93.6 22 12.25
      vertex 94.95 -22 12.25
    endloop
  endfacet
  facet normal 0 0 1
    outer loop
      vertex 93.5607 22.6004 12.25
      vertex 94.8991 22.7766 12.25
      vertex 94.7473 23.54 12.25
    endloop
  endfacet
  facet normal 0 0 1
    outer loop
      vertex 93.6 -22 12.25
      vertex 94.95 -22 12.25
      vertex 93.6 22 12.25
    endloop
  endfacet
  facet normal 0 0 1
    outer loop
      vertex 93.4433 23.1906 12.25
      vertex 94.7473 23.54 12.25
      vertex 94.4971 24.277 12.25
    endloop
  endfacet
  facet normal 0 0 1
    outer loop
      vertex 94.95 -22 12.25
      vertex 93.6 -22 12.25
      vertex 94.8991 -22.7766 12.25
    endloop
  endfacet
  facet normal 0 0 1
    outer loop
      vertex 93.2498 23.7603 12.25
      vertex 94.4971 24.277 12.25
      vertex 94.1528 24.975 12.25
    endloop
  endfacet
  facet normal -0 0 1
    outer loop
      vertex 93.5607 -22.6004 12.25
      vertex 94.8991 -22.7766 12.25
      vertex 93.6 -22 12.25
    endloop
  endfacet
  facet normal 0 0 1
    outer loop
      vertex 92.9837 24.3 12.25
      vertex 94.1528 24.975 12.25
      vertex 93.7205 25.6221 12.25
    endloop
  endfacet
  facet normal 0 0 1
    outer loop
      vertex 94.8991 -22.7766 12.25
      vertex 93.5607 -22.6004 12.25
      vertex 94.7473 -23.54 12.25
    endloop
  endfacet
  facet normal -0 0 1
    outer loop
      vertex 93.4433 -23.1906 12.25
      vertex 94.7473 -23.54 12.25
      vertex 93.5607 -22.6004 12.25
    endloop
  endfacet
  facet normal 0 0 1
    outer loop
      vertex 94.8991 22.7766 12.25
      vertex 93.5607 22.6004 12.25
      vertex 93.6 22 12.25
    endloop
  endfacet
  facet normal 0 0 1
    outer loop
      vertex 94.7473 23.54 12.25
      vertex 93.4433 23.1906 12.25
      vertex 93.5607 22.6004 12.25
    endloop
  endfacet
  facet normal 0 0 1
    outer loop
      vertex 94.4971 24.277 12.25
      vertex 93.2498 23.7603 12.25
      vertex 93.4433 23.1906 12.25
    endloop
  endfacet
  facet normal 0 0 1
    outer loop
      vertex 92.6494 24.8003 12.25
      vertex 93.7205 25.6221 12.25
      vertex 93.2073 26.2073 12.25
    endloop
  endfacet
  facet normal 0 0 1
    outer loop
      vertex 94.1528 24.975 12.25
      vertex 92.9837 24.3 12.25
      vertex 93.2498 23.7603 12.25
    endloop
  endfacet
  facet normal 0 0 1
    outer loop
      vertex 93.7205 25.6221 12.25
      vertex 92.6494 24.8003 12.25
      vertex 92.9837 24.3 12.25
    endloop
  endfacet
  facet normal 0 0 1
    outer loop
      vertex 92.2527 25.2527 12.25
      vertex 93.2073 26.2073 12.25
      vertex 92.6221 26.7205 12.25
    endloop
  endfacet
  facet normal 0 0 1
    outer loop
      vertex 93.2073 26.2073 12.25
      vertex 92.2527 25.2527 12.25
      vertex 92.6494 24.8003 12.25
    endloop
  endfacet
  facet normal 0 0 1
    outer loop
      vertex 91.8003 25.6494 12.25
      vertex 92.6221 26.7205 12.25
      vertex 91.975 27.1528 12.25
    endloop
  endfacet
  facet normal 0 0 1
    outer loop
      vertex 92.6221 26.7205 12.25
      vertex 91.8003 25.6494 12.25
      vertex 92.2527 25.2527 12.25
    endloop
  endfacet
  facet normal 0 0 1
    outer loop
      vertex 91.975 27.1528 12.25
      vertex 91.3 25.9837 12.25
      vertex 91.8003 25.6494 12.25
    endloop
  endfacet
  facet normal 0 0 1
    outer loop
      vertex 91.277 27.4971 12.25
      vertex 91.3 25.9837 12.25
      vertex 91.975 27.1528 12.25
    endloop
  endfacet
  facet normal 0 0 1
    outer loop
      vertex 91.277 27.4971 12.25
      vertex 90.7603 26.2498 12.25
      vertex 91.3 25.9837 12.25
    endloop
  endfacet
  facet normal 0 0 1
    outer loop
      vertex 90.54 27.7473 12.25
      vertex 90.7603 26.2498 12.25
      vertex 91.277 27.4971 12.25
    endloop
  endfacet
  facet normal 0 0 1
    outer loop
      vertex 90.54 27.7473 12.25
      vertex 90.1906 26.4433 12.25
      vertex 90.7603 26.2498 12.25
    endloop
  endfacet
  facet normal 0 0 1
    outer loop
      vertex 89.7766 27.8991 12.25
      vertex 90.1906 26.4433 12.25
      vertex 90.54 27.7473 12.25
    endloop
  endfacet
  facet normal 0 0 1
    outer loop
      vertex 89.7766 27.8991 12.25
      vertex 89.6004 26.5607 12.25
      vertex 90.1906 26.4433 12.25
    endloop
  endfacet
  facet normal 0 0 1
    outer loop
      vertex 89 27.95 12.25
      vertex 89.6004 26.5607 12.25
      vertex 89.7766 27.8991 12.25
    endloop
  endfacet
  facet normal 0 0 1
    outer loop
      vertex 89 27.95 12.25
      vertex 89 26.6 12.25
      vertex 89.6004 26.5607 12.25
    endloop
  endfacet
  facet normal -0 0 1
    outer loop
      vertex 18 27.95 12.25
      vertex 89 26.6 12.25
      vertex 89 27.95 12.25
    endloop
  endfacet
  facet normal 0 0 1
    outer loop
      vertex 18 27.95 12.25
      vertex 18 26.6 12.25
      vertex 89 26.6 12.25
    endloop
  endfacet
  facet normal 0 0 1
    outer loop
      vertex 18 27.95 12.25
      vertex 17.3996 26.5607 12.25
      vertex 18 26.6 12.25
    endloop
  endfacet
  facet normal -0 0 1
    outer loop
      vertex 17.2234 27.8991 12.25
      vertex 17.3996 26.5607 12.25
      vertex 18 27.95 12.25
    endloop
  endfacet
  facet normal 0 0 1
    outer loop
      vertex 17.2234 27.8991 12.25
      vertex 16.8094 26.4433 12.25
      vertex 17.3996 26.5607 12.25
    endloop
  endfacet
  facet normal -0 0 1
    outer loop
      vertex 16.46 27.7473 12.25
      vertex 16.8094 26.4433 12.25
      vertex 17.2234 27.8991 12.25
    endloop
  endfacet
  facet normal 0 0 1
    outer loop
      vertex 16.46 27.7473 12.25
      vertex 16.2397 26.2498 12.25
      vertex 16.8094 26.4433 12.25
    endloop
  endfacet
  facet normal -0 0 1
    outer loop
      vertex 15.723 27.4971 12.25
      vertex 16.2397 26.2498 12.25
      vertex 16.46 27.7473 12.25
    endloop
  endfacet
  facet normal 0 0 1
    outer loop
      vertex 15.723 27.4971 12.25
      vertex 15.7 25.9837 12.25
      vertex 16.2397 26.2498 12.25
    endloop
  endfacet
  facet normal -0 0 1
    outer loop
      vertex 15.025 27.1528 12.25
      vertex 15.7 25.9837 12.25
      vertex 15.723 27.4971 12.25
    endloop
  endfacet
  facet normal 0 0 1
    outer loop
      vertex 15.7 25.9837 12.25
      vertex 15.025 27.1528 12.25
      vertex 15.1997 25.6494 12.25
    endloop
  endfacet
  facet normal -0 0 1
    outer loop
      vertex 14.3779 26.7205 12.25
      vertex 15.1997 25.6494 12.25
      vertex 15.025 27.1528 12.25
    endloop
  endfacet
  facet normal 0 0 1
    outer loop
      vertex 15.1997 25.6494 12.25
      vertex 14.3779 26.7205 12.25
      vertex 14.7473 25.2527 12.25
    endloop
  endfacet
  facet normal -0 0 1
    outer loop
      vertex 13.7927 26.2073 12.25
      vertex 14.7473 25.2527 12.25
      vertex 14.3779 26.7205 12.25
    endloop
  endfacet
  facet normal 0 0 1
    outer loop
      vertex 14.7473 25.2527 12.25
      vertex 13.7927 26.2073 12.25
      vertex 14.3506 24.8003 12.25
    endloop
  endfacet
  facet normal -0 0 1
    outer loop
      vertex 13.2795 25.6221 12.25
      vertex 14.3506 24.8003 12.25
      vertex 13.7927 26.2073 12.25
    endloop
  endfacet
  facet normal 0 0 1
    outer loop
      vertex 14.3506 24.8003 12.25
      vertex 13.2795 25.6221 12.25
      vertex 14.0163 24.3 12.25
    endloop
  endfacet
  facet normal -0 0 1
    outer loop
      vertex 12.8472 24.975 12.25
      vertex 14.0163 24.3 12.25
      vertex 13.2795 25.6221 12.25
    endloop
  endfacet
  facet normal 0 0 1
    outer loop
      vertex 14.0163 24.3 12.25
      vertex 12.8472 24.975 12.25
      vertex 13.7502 23.7603 12.25
    endloop
  endfacet
  facet normal -0 0 1
    outer loop
      vertex 12.2527 23.54 12.25
      vertex 13.5567 23.1906 12.25
      vertex 12.5029 24.277 12.25
    endloop
  endfacet
  facet normal 0 0 1
    outer loop
      vertex 13.7502 23.7603 12.25
      vertex 12.5029 24.277 12.25
      vertex 13.5567 23.1906 12.25
    endloop
  endfacet
  facet normal -0 0 1
    outer loop
      vertex 12.5029 24.277 12.25
      vertex 13.7502 23.7603 12.25
      vertex 12.8472 24.975 12.25
    endloop
  endfacet
  facet normal 0 0 1
    outer loop
      vertex 94.7473 -23.54 12.25
      vertex 93.4433 -23.1906 12.25
      vertex 94.4971 -24.277 12.25
    endloop
  endfacet
  facet normal -0 0 1
    outer loop
      vertex 93.2498 -23.7603 12.25
      vertex 94.4971 -24.277 12.25
      vertex 93.4433 -23.1906 12.25
    endloop
  endfacet
  facet normal 0 0 1
    outer loop
      vertex 94.4971 -24.277 12.25
      vertex 93.2498 -23.7603 12.25
      vertex 94.1528 -24.975 12.25
    endloop
  endfacet
  facet normal -0 0 1
    outer loop
      vertex 92.9837 -24.3 12.25
      vertex 94.1528 -24.975 12.25
      vertex 93.2498 -23.7603 12.25
    endloop
  endfacet
  facet normal 0 0 1
    outer loop
      vertex 94.1528 -24.975 12.25
      vertex 92.9837 -24.3 12.25
      vertex 93.7205 -25.6221 12.25
    endloop
  endfacet
  facet normal -0 0 1
    outer loop
      vertex 92.6494 -24.8003 12.25
      vertex 93.7205 -25.6221 12.25
      vertex 92.9837 -24.3 12.25
    endloop
  endfacet
  facet normal 0 0 1
    outer loop
      vertex 93.7205 -25.6221 12.25
      vertex 92.6494 -24.8003 12.25
      vertex 93.2073 -26.2073 12.25
    endloop
  endfacet
  facet normal -0 0 1
    outer loop
      vertex 92.2527 -25.2527 12.25
      vertex 93.2073 -26.2073 12.25
      vertex 92.6494 -24.8003 12.25
    endloop
  endfacet
  facet normal 0 0 1
    outer loop
      vertex 93.2073 -26.2073 12.25
      vertex 92.2527 -25.2527 12.25
      vertex 92.6221 -26.7205 12.25
    endloop
  endfacet
  facet normal -0 0 1
    outer loop
      vertex 91.8003 -25.6494 12.25
      vertex 92.6221 -26.7205 12.25
      vertex 92.2527 -25.2527 12.25
    endloop
  endfacet
  facet normal 0 0 1
    outer loop
      vertex 92.6221 -26.7205 12.25
      vertex 91.8003 -25.6494 12.25
      vertex 91.975 -27.1528 12.25
    endloop
  endfacet
  facet normal -0 0 1
    outer loop
      vertex 91.3 -25.9837 12.25
      vertex 91.975 -27.1528 12.25
      vertex 91.8003 -25.6494 12.25
    endloop
  endfacet
  facet normal 0 0 1
    outer loop
      vertex 91.3 -25.9837 12.25
      vertex 91.277 -27.4971 12.25
      vertex 91.975 -27.1528 12.25
    endloop
  endfacet
  facet normal -0 0 1
    outer loop
      vertex 90.7603 -26.2498 12.25
      vertex 91.277 -27.4971 12.25
      vertex 91.3 -25.9837 12.25
    endloop
  endfacet
  facet normal 0 0 1
    outer loop
      vertex 90.7603 -26.2498 12.25
      vertex 90.54 -27.7473 12.25
      vertex 91.277 -27.4971 12.25
    endloop
  endfacet
  facet normal -0 0 1
    outer loop
      vertex 90.1906 -26.4433 12.25
      vertex 90.54 -27.7473 12.25
      vertex 90.7603 -26.2498 12.25
    endloop
  endfacet
  facet normal 0 0 1
    outer loop
      vertex 90.1906 -26.4433 12.25
      vertex 89.7766 -27.8991 12.25
      vertex 90.54 -27.7473 12.25
    endloop
  endfacet
  facet normal -0 0 1
    outer loop
      vertex 89.6004 -26.5607 12.25
      vertex 89.7766 -27.8991 12.25
      vertex 90.1906 -26.4433 12.25
    endloop
  endfacet
  facet normal -0 0 1
    outer loop
      vertex 89 -26.6 12.25
      vertex 89.7766 -27.8991 12.25
      vertex 89.6004 -26.5607 12.25
    endloop
  endfacet
  facet normal 0 0 1
    outer loop
      vertex 89 -26.6 12.25
      vertex 89 -27.95 12.25
      vertex 89.7766 -27.8991 12.25
    endloop
  endfacet
  facet normal -0 0 1
    outer loop
      vertex 18 -26.6 12.25
      vertex 89 -27.95 12.25
      vertex 89 -26.6 12.25
    endloop
  endfacet
  facet normal 0 0 1
    outer loop
      vertex 18 -26.6 12.25
      vertex 18 -27.95 12.25
      vertex 89 -27.95 12.25
    endloop
  endfacet
  facet normal 0 0 1
    outer loop
      vertex 17.3996 -26.5607 12.25
      vertex 18 -27.95 12.25
      vertex 18 -26.6 12.25
    endloop
  endfacet
  facet normal 0 0 1
    outer loop
      vertex 17.3996 -26.5607 12.25
      vertex 17.2234 -27.8991 12.25
      vertex 18 -27.95 12.25
    endloop
  endfacet
  facet normal 0 0 1
    outer loop
      vertex 16.8094 -26.4433 12.25
      vertex 17.2234 -27.8991 12.25
      vertex 17.3996 -26.5607 12.25
    endloop
  endfacet
  facet normal 0 0 1
    outer loop
      vertex 16.8094 -26.4433 12.25
      vertex 16.46 -27.7473 12.25
      vertex 17.2234 -27.8991 12.25
    endloop
  endfacet
  facet normal 0 0 1
    outer loop
      vertex 16.2397 -26.2498 12.25
      vertex 16.46 -27.7473 12.25
      vertex 16.8094 -26.4433 12.25
    endloop
  endfacet
  facet normal 0 0 1
    outer loop
      vertex 16.2397 -26.2498 12.25
      vertex 15.723 -27.4971 12.25
      vertex 16.46 -27.7473 12.25
    endloop
  endfacet
  facet normal 0 0 1
    outer loop
      vertex 15.7 -25.9837 12.25
      vertex 15.723 -27.4971 12.25
      vertex 16.2397 -26.2498 12.25
    endloop
  endfacet
  facet normal 0 0 1
    outer loop
      vertex 15.025 -27.1528 12.25
      vertex 15.7 -25.9837 12.25
      vertex 15.1997 -25.6494 12.25
    endloop
  endfacet
  facet normal 0 0 1
    outer loop
      vertex 15.7 -25.9837 12.25
      vertex 15.025 -27.1528 12.25
      vertex 15.723 -27.4971 12.25
    endloop
  endfacet
  facet normal 0 0 1
    outer loop
      vertex 14.3779 -26.7205 12.25
      vertex 15.1997 -25.6494 12.25
      vertex 14.7473 -25.2527 12.25
    endloop
  endfacet
  facet normal 0 0 1
    outer loop
      vertex 15.1997 -25.6494 12.25
      vertex 14.3779 -26.7205 12.25
      vertex 15.025 -27.1528 12.25
    endloop
  endfacet
  facet normal 0 0 1
    outer loop
      vertex 13.7927 -26.2073 12.25
      vertex 14.7473 -25.2527 12.25
      vertex 14.3506 -24.8003 12.25
    endloop
  endfacet
  facet normal 0 0 1
    outer loop
      vertex 13.2795 -25.6221 12.25
      vertex 14.3506 -24.8003 12.25
      vertex 14.0163 -24.3 12.25
    endloop
  endfacet
  facet normal 0 0 1
    outer loop
      vertex 14.7473 -25.2527 12.25
      vertex 13.7927 -26.2073 12.25
      vertex 14.3779 -26.7205 12.25
    endloop
  endfacet
  facet normal 0 0 1
    outer loop
      vertex 12.8472 -24.975 12.25
      vertex 14.0163 -24.3 12.25
      vertex 13.7502 -23.7603 12.25
    endloop
  endfacet
  facet normal 0 0 1
    outer loop
      vertex 12.5029 -24.277 12.25
      vertex 13.7502 -23.7603 12.25
      vertex 13.5567 -23.1906 12.25
    endloop
  endfacet
  facet normal 0 0 1
    outer loop
      vertex 12.2527 -23.54 12.25
      vertex 13.5567 -23.1906 12.25
      vertex 13.4393 -22.6004 12.25
    endloop
  endfacet
  facet normal 0 0 1
    outer loop
      vertex 14.3506 -24.8003 12.25
      vertex 13.2795 -25.6221 12.25
      vertex 13.7927 -26.2073 12.25
    endloop
  endfacet
  facet normal 0 0 1
    outer loop
      vertex 12.1009 -22.7766 12.25
      vertex 13.4393 -22.6004 12.25
      vertex 13.4 -22 12.25
    endloop
  endfacet
  facet normal 0 0 1
    outer loop
      vertex 13.4 22 12.25
      vertex 12.05 22 12.25
      vertex 13.4 -22 12.25
    endloop
  endfacet
  facet normal 0 0 1
    outer loop
      vertex 13.5567 23.1906 12.25
      vertex 12.2527 23.54 12.25
      vertex 13.4393 22.6004 12.25
    endloop
  endfacet
  facet normal 0 0 1
    outer loop
      vertex 12.05 -22 12.25
      vertex 13.4 -22 12.25
      vertex 12.05 22 12.25
    endloop
  endfacet
  facet normal -0 0 1
    outer loop
      vertex 12.1009 22.7766 12.25
      vertex 13.4393 22.6004 12.25
      vertex 12.2527 23.54 12.25
    endloop
  endfacet
  facet normal 0 -0 1
    outer loop
      vertex 12.1009 -22.7766 12.25
      vertex 13.4 -22 12.25
      vertex 12.05 -22 12.25
    endloop
  endfacet
  facet normal 0 0 1
    outer loop
      vertex 13.4393 22.6004 12.25
      vertex 12.1009 22.7766 12.25
      vertex 13.4 22 12.25
    endloop
  endfacet
  facet normal 0 0 1
    outer loop
      vertex 14.0163 -24.3 12.25
      vertex 12.8472 -24.975 12.25
      vertex 13.2795 -25.6221 12.25
    endloop
  endfacet
  facet normal 0 0 1
    outer loop
      vertex 13.4 22 12.25
      vertex 12.1009 22.7766 12.25
      vertex 12.05 22 12.25
    endloop
  endfacet
  facet normal 0 0 1
    outer loop
      vertex 13.7502 -23.7603 12.25
      vertex 12.5029 -24.277 12.25
      vertex 12.8472 -24.975 12.25
    endloop
  endfacet
  facet normal 0 0 1
    outer loop
      vertex 13.5567 -23.1906 12.25
      vertex 12.2527 -23.54 12.25
      vertex 12.5029 -24.277 12.25
    endloop
  endfacet
  facet normal 0 0 1
    outer loop
      vertex 13.4393 -22.6004 12.25
      vertex 12.1009 -22.7766 12.25
      vertex 12.2527 -23.54 12.25
    endloop
  endfacet
  facet normal 0.555501 -0.831516 0
    outer loop
      vertex 14.3779 26.7205 12.25
      vertex 15.025 27.1528 16.3
      vertex 14.3779 26.7205 16.3
    endloop
  endfacet
  facet normal 0.555501 -0.831516 0
    outer loop
      vertex 15.025 27.1528 16.3
      vertex 14.3779 26.7205 12.25
      vertex 15.025 27.1528 12.25
    endloop
  endfacet
  facet normal 0.0654018 -0.997859 0
    outer loop
      vertex 17.2234 27.8991 12.25
      vertex 18 27.95 16.3
      vertex 17.2234 27.8991 16.3
    endloop
  endfacet
  facet normal 0.0654018 -0.997859 0
    outer loop
      vertex 18 27.95 16.3
      vertex 17.2234 27.8991 12.25
      vertex 18 27.95 12.25
    endloop
  endfacet
  facet normal 0.321465 -0.946921 0
    outer loop
      vertex 15.723 27.4971 12.25
      vertex 16.46 27.7473 16.3
      vertex 15.723 27.4971 16.3
    endloop
  endfacet
  facet normal 0.321465 -0.946921 0
    outer loop
      vertex 16.46 27.7473 16.3
      vertex 15.723 27.4971 12.25
      vertex 16.46 27.7473 12.25
    endloop
  endfacet
  facet normal -0.831516 -0.555501 0
    outer loop
      vertex 94.1528 24.975 12.25
      vertex 93.7205 25.6221 16.3
      vertex 93.7205 25.6221 12.25
    endloop
  endfacet
  facet normal -0.831516 -0.555501 0
    outer loop
      vertex 93.7205 25.6221 16.3
      vertex 94.1528 24.975 12.25
      vertex 94.1528 24.975 16.3
    endloop
  endfacet
  facet normal -0.831516 0.555501 0
    outer loop
      vertex 93.7205 -25.6221 12.25
      vertex 94.1528 -24.975 16.3
      vertex 94.1528 -24.975 12.25
    endloop
  endfacet
  facet normal -0.831516 0.555501 0
    outer loop
      vertex 94.1528 -24.975 16.3
      vertex 93.7205 -25.6221 12.25
      vertex 93.7205 -25.6221 16.3
    endloop
  endfacet
  facet normal -0.997859 0.0654018 0
    outer loop
      vertex 94.8991 -22.7766 12.25
      vertex 94.95 -22 16.3
      vertex 94.95 -22 12.25
    endloop
  endfacet
  facet normal -0.997859 0.0654018 0
    outer loop
      vertex 94.95 -22 16.3
      vertex 94.8991 -22.7766 12.25
      vertex 94.8991 -22.7766 16.3
    endloop
  endfacet
  facet normal -0.946921 -0.321465 0
    outer loop
      vertex 94.7473 23.54 12.25
      vertex 94.4971 24.277 16.3
      vertex 94.4971 24.277 12.25
    endloop
  endfacet
  facet normal -0.946921 -0.321465 0
    outer loop
      vertex 94.4971 24.277 16.3
      vertex 94.7473 23.54 12.25
      vertex 94.7473 23.54 16.3
    endloop
  endfacet
  facet normal -0.195029 0.980797 0
    outer loop
      vertex 90.54 -27.7473 12.25
      vertex 89.7766 -27.8991 16.3
      vertex 90.54 -27.7473 16.3
    endloop
  endfacet
  facet normal -0.195029 0.980797 0
    outer loop
      vertex 89.7766 -27.8991 16.3
      vertex 90.54 -27.7473 12.25
      vertex 89.7766 -27.8991 12.25
    endloop
  endfacet
  facet normal -0.0654018 0.997859 0
    outer loop
      vertex 89.7766 -27.8991 12.25
      vertex 89 -27.95 16.3
      vertex 89.7766 -27.8991 16.3
    endloop
  endfacet
  facet normal -0.0654018 0.997859 0
    outer loop
      vertex 89 -27.95 16.3
      vertex 89.7766 -27.8991 12.25
      vertex 89 -27.95 12.25
    endloop
  endfacet
  facet normal 0.195029 0.980797 -0
    outer loop
      vertex 17.2234 -27.8991 12.25
      vertex 16.46 -27.7473 16.3
      vertex 17.2234 -27.8991 16.3
    endloop
  endfacet
  facet normal 0.195029 0.980797 0
    outer loop
      vertex 16.46 -27.7473 16.3
      vertex 17.2234 -27.8991 12.25
      vertex 16.46 -27.7473 12.25
    endloop
  endfacet
  facet normal 0.321465 0.946921 -0
    outer loop
      vertex 16.46 -27.7473 12.25
      vertex 15.723 -27.4971 16.3
      vertex 16.46 -27.7473 16.3
    endloop
  endfacet
  facet normal 0.321465 0.946921 0
    outer loop
      vertex 15.723 -27.4971 16.3
      vertex 16.46 -27.7473 12.25
      vertex 15.723 -27.4971 12.25
    endloop
  endfacet
  facet normal 0.751844 -0.659341 0
    outer loop
      vertex 13.2795 25.6221 16.3
      vertex 13.7927 26.2073 12.25
      vertex 13.7927 26.2073 16.3
    endloop
  endfacet
  facet normal 0.751844 -0.659341 0
    outer loop
      vertex 13.7927 26.2073 12.25
      vertex 13.2795 25.6221 16.3
      vertex 13.2795 25.6221 12.25
    endloop
  endfacet
  facet normal 0.659341 -0.751844 0
    outer loop
      vertex 13.7927 26.2073 12.25
      vertex 14.3779 26.7205 16.3
      vertex 13.7927 26.2073 16.3
    endloop
  endfacet
  facet normal 0.659341 -0.751844 0
    outer loop
      vertex 14.3779 26.7205 16.3
      vertex 13.7927 26.2073 12.25
      vertex 14.3779 26.7205 12.25
    endloop
  endfacet
  facet normal 0.831516 -0.555501 0
    outer loop
      vertex 12.8472 24.975 16.3
      vertex 13.2795 25.6221 12.25
      vertex 13.2795 25.6221 16.3
    endloop
  endfacet
  facet normal 0.831516 -0.555501 0
    outer loop
      vertex 13.2795 25.6221 12.25
      vertex 12.8472 24.975 16.3
      vertex 12.8472 24.975 12.25
    endloop
  endfacet
  facet normal 0.980797 -0.195029 0
    outer loop
      vertex 12.1009 22.7766 16.3
      vertex 12.2527 23.54 12.25
      vertex 12.2527 23.54 16.3
    endloop
  endfacet
  facet normal 0.980797 -0.195029 0
    outer loop
      vertex 12.2527 23.54 12.25
      vertex 12.1009 22.7766 16.3
      vertex 12.1009 22.7766 12.25
    endloop
  endfacet
  facet normal 0.946921 -0.321465 0
    outer loop
      vertex 12.2527 23.54 16.3
      vertex 12.5029 24.277 12.25
      vertex 12.5029 24.277 16.3
    endloop
  endfacet
  facet normal 0.946921 -0.321465 0
    outer loop
      vertex 12.5029 24.277 12.25
      vertex 12.2527 23.54 16.3
      vertex 12.2527 23.54 12.25
    endloop
  endfacet
  facet normal 0.946921 0.321465 0
    outer loop
      vertex 12.5029 -24.277 16.3
      vertex 12.2527 -23.54 12.25
      vertex 12.2527 -23.54 16.3
    endloop
  endfacet
  facet normal 0.946921 0.321465 0
    outer loop
      vertex 12.2527 -23.54 12.25
      vertex 12.5029 -24.277 16.3
      vertex 12.5029 -24.277 12.25
    endloop
  endfacet
  facet normal 0.980797 0.195029 0
    outer loop
      vertex 12.2527 -23.54 16.3
      vertex 12.1009 -22.7766 12.25
      vertex 12.1009 -22.7766 16.3
    endloop
  endfacet
  facet normal 0.980797 0.195029 0
    outer loop
      vertex 12.1009 -22.7766 12.25
      vertex 12.2527 -23.54 16.3
      vertex 12.2527 -23.54 12.25
    endloop
  endfacet
  facet normal 0.997859 0.0654018 0
    outer loop
      vertex 12.1009 -22.7766 16.3
      vertex 12.05 -22 12.25
      vertex 12.05 -22 16.3
    endloop
  endfacet
  facet normal 0.997859 0.0654018 0
    outer loop
      vertex 12.05 -22 12.25
      vertex 12.1009 -22.7766 16.3
      vertex 12.1009 -22.7766 12.25
    endloop
  endfacet
  facet normal 0.659341 0.751844 -0
    outer loop
      vertex 14.3779 -26.7205 12.25
      vertex 13.7927 -26.2073 16.3
      vertex 14.3779 -26.7205 16.3
    endloop
  endfacet
  facet normal 0.659341 0.751844 0
    outer loop
      vertex 13.7927 -26.2073 16.3
      vertex 14.3779 -26.7205 12.25
      vertex 13.7927 -26.2073 12.25
    endloop
  endfacet
  facet normal 0.195029 -0.980797 0
    outer loop
      vertex 16.46 27.7473 12.25
      vertex 17.2234 27.8991 16.3
      vertex 16.46 27.7473 16.3
    endloop
  endfacet
  facet normal 0.195029 -0.980797 0
    outer loop
      vertex 17.2234 27.8991 16.3
      vertex 16.46 27.7473 12.25
      vertex 17.2234 27.8991 12.25
    endloop
  endfacet
  facet normal -0.442376 -0.89683 0
    outer loop
      vertex 91.277 27.4971 12.25
      vertex 91.975 27.1528 16.3
      vertex 91.277 27.4971 16.3
    endloop
  endfacet
  facet normal -0.442376 -0.89683 -0
    outer loop
      vertex 91.975 27.1528 16.3
      vertex 91.277 27.4971 12.25
      vertex 91.975 27.1528 12.25
    endloop
  endfacet
  facet normal -0.555501 -0.831516 0
    outer loop
      vertex 91.975 27.1528 12.25
      vertex 92.6221 26.7205 16.3
      vertex 91.975 27.1528 16.3
    endloop
  endfacet
  facet normal -0.555501 -0.831516 -0
    outer loop
      vertex 92.6221 26.7205 16.3
      vertex 91.975 27.1528 12.25
      vertex 92.6221 26.7205 12.25
    endloop
  endfacet
  facet normal -0.751844 -0.659341 0
    outer loop
      vertex 93.7205 25.6221 12.25
      vertex 93.2073 26.2073 16.3
      vertex 93.2073 26.2073 12.25
    endloop
  endfacet
  facet normal -0.751844 -0.659341 0
    outer loop
      vertex 93.2073 26.2073 16.3
      vertex 93.7205 25.6221 12.25
      vertex 93.7205 25.6221 16.3
    endloop
  endfacet
  facet normal -0.89683 -0.442376 0
    outer loop
      vertex 94.4971 24.277 12.25
      vertex 94.1528 24.975 16.3
      vertex 94.1528 24.975 12.25
    endloop
  endfacet
  facet normal -0.89683 -0.442376 0
    outer loop
      vertex 94.1528 24.975 16.3
      vertex 94.4971 24.277 12.25
      vertex 94.4971 24.277 16.3
    endloop
  endfacet
  facet normal -0.89683 0.442376 0
    outer loop
      vertex 94.1528 -24.975 12.25
      vertex 94.4971 -24.277 16.3
      vertex 94.4971 -24.277 12.25
    endloop
  endfacet
  facet normal -0.89683 0.442376 0
    outer loop
      vertex 94.4971 -24.277 16.3
      vertex 94.1528 -24.975 12.25
      vertex 94.1528 -24.975 16.3
    endloop
  endfacet
  facet normal -0.997859 -0.0654018 0
    outer loop
      vertex 94.95 22 12.25
      vertex 94.8991 22.7766 16.3
      vertex 94.8991 22.7766 12.25
    endloop
  endfacet
  facet normal -0.997859 -0.0654018 0
    outer loop
      vertex 94.8991 22.7766 16.3
      vertex 94.95 22 12.25
      vertex 94.95 22 16.3
    endloop
  endfacet
  facet normal 0.831516 0.555501 0
    outer loop
      vertex 13.2795 -25.6221 16.3
      vertex 12.8472 -24.975 12.25
      vertex 12.8472 -24.975 16.3
    endloop
  endfacet
  facet normal 0.831516 0.555501 0
    outer loop
      vertex 12.8472 -24.975 12.25
      vertex 13.2795 -25.6221 16.3
      vertex 13.2795 -25.6221 12.25
    endloop
  endfacet
  facet normal -0.195029 -0.980797 0
    outer loop
      vertex 89.7766 27.8991 12.25
      vertex 90.54 27.7473 16.3
      vertex 89.7766 27.8991 16.3
    endloop
  endfacet
  facet normal -0.195029 -0.980797 -0
    outer loop
      vertex 90.54 27.7473 16.3
      vertex 89.7766 27.8991 12.25
      vertex 90.54 27.7473 12.25
    endloop
  endfacet
  facet normal -0.321465 -0.946921 0
    outer loop
      vertex 90.54 27.7473 12.25
      vertex 91.277 27.4971 16.3
      vertex 90.54 27.7473 16.3
    endloop
  endfacet
  facet normal -0.321465 -0.946921 -0
    outer loop
      vertex 91.277 27.4971 16.3
      vertex 90.54 27.7473 12.25
      vertex 91.277 27.4971 12.25
    endloop
  endfacet
  facet normal -0.980797 -0.195029 0
    outer loop
      vertex 94.8991 22.7766 12.25
      vertex 94.7473 23.54 16.3
      vertex 94.7473 23.54 12.25
    endloop
  endfacet
  facet normal -0.980797 -0.195029 0
    outer loop
      vertex 94.7473 23.54 16.3
      vertex 94.8991 22.7766 12.25
      vertex 94.8991 22.7766 16.3
    endloop
  endfacet
  facet normal -0.980797 0.195029 0
    outer loop
      vertex 94.7473 -23.54 12.25
      vertex 94.8991 -22.7766 16.3
      vertex 94.8991 -22.7766 12.25
    endloop
  endfacet
  facet normal -0.980797 0.195029 0
    outer loop
      vertex 94.8991 -22.7766 16.3
      vertex 94.7473 -23.54 12.25
      vertex 94.7473 -23.54 16.3
    endloop
  endfacet
  facet normal -0.946921 0.321465 0
    outer loop
      vertex 94.4971 -24.277 12.25
      vertex 94.7473 -23.54 16.3
      vertex 94.7473 -23.54 12.25
    endloop
  endfacet
  facet normal -0.946921 0.321465 0
    outer loop
      vertex 94.7473 -23.54 16.3
      vertex 94.4971 -24.277 12.25
      vertex 94.4971 -24.277 16.3
    endloop
  endfacet
  facet normal -1 0 0
    outer loop
      vertex 15.25 -12.5 2.2
      vertex 15.25 -9.5 3.75
      vertex 15.25 -9.5 2.2
    endloop
  endfacet
  facet normal -1 -0 0
    outer loop
      vertex 15.25 -9.5 3.75
      vertex 15.25 -12.5 2.2
      vertex 15.25 -12.5 3.75
    endloop
  endfacet
  facet normal -0 0 1
    outer loop
      vertex 15.25 -9.5 3.75
      vertex 18.25 -12.5 3.75
      vertex 18.25 -9.5 3.75
    endloop
  endfacet
  facet normal 0 0 1
    outer loop
      vertex 18.25 -12.5 3.75
      vertex 15.25 -9.5 3.75
      vertex 15.25 -12.5 3.75
    endloop
  endfacet
  facet normal 1 -0 0
    outer loop
      vertex 18.25 -12.5 3.75
      vertex 18.25 -9.5 2.2
      vertex 18.25 -9.5 3.75
    endloop
  endfacet
  facet normal 1 0 0
    outer loop
      vertex 18.25 -9.5 2.2
      vertex 18.25 -12.5 3.75
      vertex 18.25 -12.5 2.2
    endloop
  endfacet
  facet normal 0 -1 0
    outer loop
      vertex 15.25 -12.5 2.2
      vertex 18.25 -12.5 3.75
      vertex 15.25 -12.5 3.75
    endloop
  endfacet
  facet normal 0 -1 -0
    outer loop
      vertex 18.25 -12.5 3.75
      vertex 15.25 -12.5 2.2
      vertex 18.25 -12.5 2.2
    endloop
  endfacet
  facet normal 0 1 -0
    outer loop
      vertex 18.25 -9.5 2.2
      vertex 15.25 -9.5 3.75
      vertex 18.25 -9.5 3.75
    endloop
  endfacet
  facet normal 0 1 0
    outer loop
      vertex 15.25 -9.5 3.75
      vertex 18.25 -9.5 2.2
      vertex 15.25 -9.5 2.2
    endloop
  endfacet
  facet normal -1 0 0
    outer loop
      vertex 15.25 9.5 2.2
      vertex 15.25 12.5 3.75
      vertex 15.25 12.5 2.2
    endloop
  endfacet
  facet normal -1 -0 0
    outer loop
      vertex 15.25 12.5 3.75
      vertex 15.25 9.5 2.2
      vertex 15.25 9.5 3.75
    endloop
  endfacet
  facet normal -0 0 1
    outer loop
      vertex 15.25 12.5 3.75
      vertex 18.25 9.5 3.75
      vertex 18.25 12.5 3.75
    endloop
  endfacet
  facet normal 0 0 1
    outer loop
      vertex 18.25 9.5 3.75
      vertex 15.25 12.5 3.75
      vertex 15.25 9.5 3.75
    endloop
  endfacet
  facet normal 1 -0 0
    outer loop
      vertex 18.25 9.5 3.75
      vertex 18.25 12.5 2.2
      vertex 18.25 12.5 3.75
    endloop
  endfacet
  facet normal 1 0 0
    outer loop
      vertex 18.25 12.5 2.2
      vertex 18.25 9.5 3.75
      vertex 18.25 9.5 2.2
    endloop
  endfacet
  facet normal 0 1 -0
    outer loop
      vertex 18.25 12.5 2.2
      vertex 15.25 12.5 3.75
      vertex 18.25 12.5 3.75
    endloop
  endfacet
  facet normal 0 1 0
    outer loop
      vertex 15.25 12.5 3.75
      vertex 18.25 12.5 2.2
      vertex 15.25 12.5 2.2
    endloop
  endfacet
  facet normal 0 -1 0
    outer loop
      vertex 15.25 9.5 2.2
      vertex 18.25 9.5 3.75
      vertex 15.25 9.5 3.75
    endloop
  endfacet
  facet normal 0 -1 -0
    outer loop
      vertex 18.25 9.5 3.75
      vertex 15.25 9.5 2.2
      vertex 18.25 9.5 2.2
    endloop
  endfacet
  facet normal -1 0 0
    outer loop
      vertex 32.75 -12.5 2.2
      vertex 32.75 -9.5 3.75
      vertex 32.75 -9.5 2.2
    endloop
  endfacet
  facet normal -1 -0 0
    outer loop
      vertex 32.75 -9.5 3.75
      vertex 32.75 -12.5 2.2
      vertex 32.75 -12.5 3.75
    endloop
  endfacet
  facet normal -0 0 1
    outer loop
      vertex 32.75 -9.5 3.75
      vertex 35.75 -12.5 3.75
      vertex 35.75 -9.5 3.75
    endloop
  endfacet
  facet normal 0 0 1
    outer loop
      vertex 35.75 -12.5 3.75
      vertex 32.75 -9.5 3.75
      vertex 32.75 -12.5 3.75
    endloop
  endfacet
  facet normal 1 -0 0
    outer loop
      vertex 35.75 -12.5 3.75
      vertex 35.75 -9.5 2.2
      vertex 35.75 -9.5 3.75
    endloop
  endfacet
  facet normal 1 0 0
    outer loop
      vertex 35.75 -9.5 2.2
      vertex 35.75 -12.5 3.75
      vertex 35.75 -12.5 2.2
    endloop
  endfacet
  facet normal 0 -1 0
    outer loop
      vertex 32.75 -12.5 2.2
      vertex 35.75 -12.5 3.75
      vertex 32.75 -12.5 3.75
    endloop
  endfacet
  facet normal 0 -1 -0
    outer loop
      vertex 35.75 -12.5 3.75
      vertex 32.75 -12.5 2.2
      vertex 35.75 -12.5 2.2
    endloop
  endfacet
  facet normal 0 1 -0
    outer loop
      vertex 35.75 -9.5 2.2
      vertex 32.75 -9.5 3.75
      vertex 35.75 -9.5 3.75
    endloop
  endfacet
  facet normal 0 1 0
    outer loop
      vertex 32.75 -9.5 3.75
      vertex 35.75 -9.5 2.2
      vertex 32.75 -9.5 2.2
    endloop
  endfacet
  facet normal -1 0 0
    outer loop
      vertex 32.75 9.5 2.2
      vertex 32.75 12.5 3.75
      vertex 32.75 12.5 2.2
    endloop
  endfacet
  facet normal -1 -0 0
    outer loop
      vertex 32.75 12.5 3.75
      vertex 32.75 9.5 2.2
      vertex 32.75 9.5 3.75
    endloop
  endfacet
  facet normal -0 0 1
    outer loop
      vertex 32.75 12.5 3.75
      vertex 35.75 9.5 3.75
      vertex 35.75 12.5 3.75
    endloop
  endfacet
  facet normal 0 0 1
    outer loop
      vertex 35.75 9.5 3.75
      vertex 32.75 12.5 3.75
      vertex 32.75 9.5 3.75
    endloop
  endfacet
  facet normal 1 -0 0
    outer loop
      vertex 35.75 9.5 3.75
      vertex 35.75 12.5 2.2
      vertex 35.75 12.5 3.75
    endloop
  endfacet
  facet normal 1 0 0
    outer loop
      vertex 35.75 12.5 2.2
      vertex 35.75 9.5 3.75
      vertex 35.75 9.5 2.2
    endloop
  endfacet
  facet normal 0 1 -0
    outer loop
      vertex 35.75 12.5 2.2
      vertex 32.75 12.5 3.75
      vertex 35.75 12.5 3.75
    endloop
  endfacet
  facet normal 0 1 0
    outer loop
      vertex 32.75 12.5 3.75
      vertex 35.75 12.5 2.2
      vertex 32.75 12.5 2.2
    endloop
  endfacet
  facet normal 0 -1 0
    outer loop
      vertex 32.75 9.5 2.2
      vertex 35.75 9.5 3.75
      vertex 32.75 9.5 3.75
    endloop
  endfacet
  facet normal 0 -1 -0
    outer loop
      vertex 35.75 9.5 3.75
      vertex 32.75 9.5 2.2
      vertex 35.75 9.5 2.2
    endloop
  endfacet
  facet normal -1 0 0
    outer loop
      vertex 13.7 -14.05 2.2
      vertex 13.7 14.05 6.35
      vertex 13.7 14.05 2.2
    endloop
  endfacet
  facet normal -1 -0 0
    outer loop
      vertex 13.7 14.05 6.35
      vertex 13.7 -14.05 2.2
      vertex 13.7 -14.05 6.35
    endloop
  endfacet
  facet normal 0 0 1
    outer loop
      vertex 37.3 14.05 6.35
      vertex 36.1 12.85 6.35
      vertex 37.3 -14.05 6.35
    endloop
  endfacet
  facet normal 0 0 1
    outer loop
      vertex 37.3 14.05 6.35
      vertex 14.9 12.85 6.35
      vertex 36.1 12.85 6.35
    endloop
  endfacet
  facet normal 0 0 1
    outer loop
      vertex 14.9 12.85 6.35
      vertex 13.7 14.05 6.35
      vertex 14.9 -12.85 6.35
    endloop
  endfacet
  facet normal -0 0 1
    outer loop
      vertex 13.7 14.05 6.35
      vertex 14.9 12.85 6.35
      vertex 37.3 14.05 6.35
    endloop
  endfacet
  facet normal -0 0 1
    outer loop
      vertex 36.1 -12.85 6.35
      vertex 37.3 -14.05 6.35
      vertex 36.1 12.85 6.35
    endloop
  endfacet
  facet normal -0 0 1
    outer loop
      vertex 14.9 -12.85 6.35
      vertex 37.3 -14.05 6.35
      vertex 36.1 -12.85 6.35
    endloop
  endfacet
  facet normal 0 0 1
    outer loop
      vertex 14.9 -12.85 6.35
      vertex 13.7 -14.05 6.35
      vertex 37.3 -14.05 6.35
    endloop
  endfacet
  facet normal 0 0 1
    outer loop
      vertex 13.7 -14.05 6.35
      vertex 14.9 -12.85 6.35
      vertex 13.7 14.05 6.35
    endloop
  endfacet
  facet normal 1 -0 0
    outer loop
      vertex 37.3 -14.05 6.35
      vertex 37.3 14.05 2.2
      vertex 37.3 14.05 6.35
    endloop
  endfacet
  facet normal 1 0 0
    outer loop
      vertex 37.3 14.05 2.2
      vertex 37.3 -14.05 6.35
      vertex 37.3 -14.05 2.2
    endloop
  endfacet
  facet normal 0 1 -0
    outer loop
      vertex 36.1 -12.85 2.2
      vertex 14.9 -12.85 6.35
      vertex 36.1 -12.85 6.35
    endloop
  endfacet
  facet normal 0 1 0
    outer loop
      vertex 14.9 -12.85 6.35
      vertex 36.1 -12.85 2.2
      vertex 14.9 -12.85 2.2
    endloop
  endfacet
  facet normal 0 -1 0
    outer loop
      vertex 13.7 -14.05 2.2
      vertex 37.3 -14.05 6.35
      vertex 13.7 -14.05 6.35
    endloop
  endfacet
  facet normal 0 -1 -0
    outer loop
      vertex 37.3 -14.05 6.35
      vertex 13.7 -14.05 2.2
      vertex 37.3 -14.05 2.2
    endloop
  endfacet
  facet normal 0 1 -0
    outer loop
      vertex 37.3 14.05 2.2
      vertex 13.7 14.05 6.35
      vertex 37.3 14.05 6.35
    endloop
  endfacet
  facet normal 0 1 0
    outer loop
      vertex 13.7 14.05 6.35
      vertex 37.3 14.05 2.2
      vertex 13.7 14.05 2.2
    endloop
  endfacet
  facet normal 0 -1 0
    outer loop
      vertex 14.9 12.85 2.2
      vertex 36.1 12.85 6.35
      vertex 14.9 12.85 6.35
    endloop
  endfacet
  facet normal 0 -1 -0
    outer loop
      vertex 36.1 12.85 6.35
      vertex 14.9 12.85 2.2
      vertex 36.1 12.85 2.2
    endloop
  endfacet
  facet normal 1 -0 0
    outer loop
      vertex 14.9 -12.85 6.35
      vertex 14.9 12.85 2.2
      vertex 14.9 12.85 6.35
    endloop
  endfacet
  facet normal 1 0 0
    outer loop
      vertex 14.9 12.85 2.2
      vertex 14.9 -12.85 6.35
      vertex 14.9 -12.85 2.2
    endloop
  endfacet
  facet normal -1 0 0
    outer loop
      vertex 36.1 -12.85 2.2
      vertex 36.1 12.85 6.35
      vertex 36.1 12.85 2.2
    endloop
  endfacet
  facet normal -1 -0 0
    outer loop
      vertex 36.1 12.85 6.35
      vertex 36.1 -12.85 2.2
      vertex 36.1 -12.85 6.35
    endloop
  endfacet
  facet normal -1 0 0
    outer loop
      vertex 43.55 -8.95 2.2
      vertex 43.55 -5.95 3.75
      vertex 43.55 -5.95 2.2
    endloop
  endfacet
  facet normal -1 -0 0
    outer loop
      vertex 43.55 -5.95 3.75
      vertex 43.55 -8.95 2.2
      vertex 43.55 -8.95 3.75
    endloop
  endfacet
  facet normal -0 0 1
    outer loop
      vertex 43.55 -5.95 3.75
      vertex 46.55 -8.95 3.75
      vertex 46.55 -5.95 3.75
    endloop
  endfacet
  facet normal 0 0 1
    outer loop
      vertex 46.55 -8.95 3.75
      vertex 43.55 -5.95 3.75
      vertex 43.55 -8.95 3.75
    endloop
  endfacet
  facet normal 1 -0 0
    outer loop
      vertex 46.55 -8.95 3.75
      vertex 46.55 -5.95 2.2
      vertex 46.55 -5.95 3.75
    endloop
  endfacet
  facet normal 1 0 0
    outer loop
      vertex 46.55 -5.95 2.2
      vertex 46.55 -8.95 3.75
      vertex 46.55 -8.95 2.2
    endloop
  endfacet
  facet normal 0 1 -0
    outer loop
      vertex 46.55 -5.95 2.2
      vertex 43.55 -5.95 3.75
      vertex 46.55 -5.95 3.75
    endloop
  endfacet
  facet normal 0 1 0
    outer loop
      vertex 43.55 -5.95 3.75
      vertex 46.55 -5.95 2.2
      vertex 43.55 -5.95 2.2
    endloop
  endfacet
  facet normal 0 -1 0
    outer loop
      vertex 43.55 -8.95 2.2
      vertex 46.55 -8.95 3.75
      vertex 43.55 -8.95 3.75
    endloop
  endfacet
  facet normal 0 -1 -0
    outer loop
      vertex 46.55 -8.95 3.75
      vertex 43.55 -8.95 2.2
      vertex 46.55 -8.95 2.2
    endloop
  endfacet
  facet normal -1 0 0
    outer loop
      vertex 43.55 5.95 2.2
      vertex 43.55 8.95 3.75
      vertex 43.55 8.95 2.2
    endloop
  endfacet
  facet normal -1 -0 0
    outer loop
      vertex 43.55 8.95 3.75
      vertex 43.55 5.95 2.2
      vertex 43.55 5.95 3.75
    endloop
  endfacet
  facet normal -0 0 1
    outer loop
      vertex 43.55 8.95 3.75
      vertex 46.55 5.95 3.75
      vertex 46.55 8.95 3.75
    endloop
  endfacet
  facet normal 0 0 1
    outer loop
      vertex 46.55 5.95 3.75
      vertex 43.55 8.95 3.75
      vertex 43.55 5.95 3.75
    endloop
  endfacet
  facet normal 1 -0 0
    outer loop
      vertex 46.55 5.95 3.75
      vertex 46.55 8.95 2.2
      vertex 46.55 8.95 3.75
    endloop
  endfacet
  facet normal 1 0 0
    outer loop
      vertex 46.55 8.95 2.2
      vertex 46.55 5.95 3.75
      vertex 46.55 5.95 2.2
    endloop
  endfacet
  facet normal 0 1 -0
    outer loop
      vertex 46.55 8.95 2.2
      vertex 43.55 8.95 3.75
      vertex 46.55 8.95 3.75
    endloop
  endfacet
  facet normal 0 1 0
    outer loop
      vertex 43.55 8.95 3.75
      vertex 46.55 8.95 2.2
      vertex 43.55 8.95 2.2
    endloop
  endfacet
  facet normal 0 -1 0
    outer loop
      vertex 43.55 5.95 2.2
      vertex 46.55 5.95 3.75
      vertex 43.55 5.95 3.75
    endloop
  endfacet
  facet normal 0 -1 -0
    outer loop
      vertex 46.55 5.95 3.75
      vertex 43.55 5.95 2.2
      vertex 46.55 5.95 2.2
    endloop
  endfacet
  facet normal -1 0 0
    outer loop
      vertex 58.45 -8.95 2.2
      vertex 58.45 -5.95 3.75
      vertex 58.45 -5.95 2.2
    endloop
  endfacet
  facet normal -1 -0 0
    outer loop
      vertex 58.45 -5.95 3.75
      vertex 58.45 -8.95 2.2
      vertex 58.45 -8.95 3.75
    endloop
  endfacet
  facet normal -0 0 1
    outer loop
      vertex 58.45 -5.95 3.75
      vertex 61.45 -8.95 3.75
      vertex 61.45 -5.95 3.75
    endloop
  endfacet
  facet normal 0 0 1
    outer loop
      vertex 61.45 -8.95 3.75
      vertex 58.45 -5.95 3.75
      vertex 58.45 -8.95 3.75
    endloop
  endfacet
  facet normal 1 -0 0
    outer loop
      vertex 61.45 -8.95 3.75
      vertex 61.45 -5.95 2.2
      vertex 61.45 -5.95 3.75
    endloop
  endfacet
  facet normal 1 0 0
    outer loop
      vertex 61.45 -5.95 2.2
      vertex 61.45 -8.95 3.75
      vertex 61.45 -8.95 2.2
    endloop
  endfacet
  facet normal 0 1 -0
    outer loop
      vertex 61.45 -5.95 2.2
      vertex 58.45 -5.95 3.75
      vertex 61.45 -5.95 3.75
    endloop
  endfacet
  facet normal 0 1 0
    outer loop
      vertex 58.45 -5.95 3.75
      vertex 61.45 -5.95 2.2
      vertex 58.45 -5.95 2.2
    endloop
  endfacet
  facet normal 0 -1 0
    outer loop
      vertex 58.45 -8.95 2.2
      vertex 61.45 -8.95 3.75
      vertex 58.45 -8.95 3.75
    endloop
  endfacet
  facet normal 0 -1 -0
    outer loop
      vertex 61.45 -8.95 3.75
      vertex 58.45 -8.95 2.2
      vertex 61.45 -8.95 2.2
    endloop
  endfacet
  facet normal -1 0 0
    outer loop
      vertex 58.45 5.95 2.2
      vertex 58.45 8.95 3.75
      vertex 58.45 8.95 2.2
    endloop
  endfacet
  facet normal -1 -0 0
    outer loop
      vertex 58.45 8.95 3.75
      vertex 58.45 5.95 2.2
      vertex 58.45 5.95 3.75
    endloop
  endfacet
  facet normal -0 0 1
    outer loop
      vertex 58.45 8.95 3.75
      vertex 61.45 5.95 3.75
      vertex 61.45 8.95 3.75
    endloop
  endfacet
  facet normal 0 0 1
    outer loop
      vertex 61.45 5.95 3.75
      vertex 58.45 8.95 3.75
      vertex 58.45 5.95 3.75
    endloop
  endfacet
  facet normal 1 -0 0
    outer loop
      vertex 61.45 5.95 3.75
      vertex 61.45 8.95 2.2
      vertex 61.45 8.95 3.75
    endloop
  endfacet
  facet normal 1 0 0
    outer loop
      vertex 61.45 8.95 2.2
      vertex 61.45 5.95 3.75
      vertex 61.45 5.95 2.2
    endloop
  endfacet
  facet normal 0 1 -0
    outer loop
      vertex 61.45 8.95 2.2
      vertex 58.45 8.95 3.75
      vertex 61.45 8.95 3.75
    endloop
  endfacet
  facet normal 0 1 0
    outer loop
      vertex 58.45 8.95 3.75
      vertex 61.45 8.95 2.2
      vertex 58.45 8.95 2.2
    endloop
  endfacet
  facet normal 0 -1 0
    outer loop
      vertex 58.45 5.95 2.2
      vertex 61.45 5.95 3.75
      vertex 58.45 5.95 3.75
    endloop
  endfacet
  facet normal 0 -1 -0
    outer loop
      vertex 61.45 5.95 3.75
      vertex 58.45 5.95 2.2
      vertex 61.45 5.95 2.2
    endloop
  endfacet
  facet normal -1 0 0
    outer loop
      vertex 42 -10.5 2.2
      vertex 42 10.5 6.35
      vertex 42 10.5 2.2
    endloop
  endfacet
  facet normal -1 -0 0
    outer loop
      vertex 42 10.5 6.35
      vertex 42 -10.5 2.2
      vertex 42 -10.5 6.35
    endloop
  endfacet
  facet normal 0 0 1
    outer loop
      vertex 63 10.5 6.35
      vertex 61.8 9.3 6.35
      vertex 63 -10.5 6.35
    endloop
  endfacet
  facet normal 0 0 1
    outer loop
      vertex 63 10.5 6.35
      vertex 43.2 9.3 6.35
      vertex 61.8 9.3 6.35
    endloop
  endfacet
  facet normal 0 0 1
    outer loop
      vertex 43.2 9.3 6.35
      vertex 42 10.5 6.35
      vertex 43.2 -9.3 6.35
    endloop
  endfacet
  facet normal -0 0 1
    outer loop
      vertex 42 10.5 6.35
      vertex 43.2 9.3 6.35
      vertex 63 10.5 6.35
    endloop
  endfacet
  facet normal -0 0 1
    outer loop
      vertex 61.8 -9.3 6.35
      vertex 63 -10.5 6.35
      vertex 61.8 9.3 6.35
    endloop
  endfacet
  facet normal -0 0 1
    outer loop
      vertex 43.2 -9.3 6.35
      vertex 63 -10.5 6.35
      vertex 61.8 -9.3 6.35
    endloop
  endfacet
  facet normal 0 0 1
    outer loop
      vertex 43.2 -9.3 6.35
      vertex 42 -10.5 6.35
      vertex 63 -10.5 6.35
    endloop
  endfacet
  facet normal 0 0 1
    outer loop
      vertex 42 -10.5 6.35
      vertex 43.2 -9.3 6.35
      vertex 42 10.5 6.35
    endloop
  endfacet
  facet normal 1 -0 0
    outer loop
      vertex 63 -10.5 6.35
      vertex 63 10.5 2.2
      vertex 63 10.5 6.35
    endloop
  endfacet
  facet normal 1 0 0
    outer loop
      vertex 63 10.5 2.2
      vertex 63 -10.5 6.35
      vertex 63 -10.5 2.2
    endloop
  endfacet
  facet normal 0 -1 0
    outer loop
      vertex 42 -10.5 2.2
      vertex 63 -10.5 6.35
      vertex 42 -10.5 6.35
    endloop
  endfacet
  facet normal 0 -1 -0
    outer loop
      vertex 63 -10.5 6.35
      vertex 42 -10.5 2.2
      vertex 63 -10.5 2.2
    endloop
  endfacet
  facet normal 0 1 -0
    outer loop
      vertex 61.8 -9.3 2.2
      vertex 43.2 -9.3 6.35
      vertex 61.8 -9.3 6.35
    endloop
  endfacet
  facet normal 0 1 0
    outer loop
      vertex 43.2 -9.3 6.35
      vertex 61.8 -9.3 2.2
      vertex 43.2 -9.3 2.2
    endloop
  endfacet
  facet normal 0 1 -0
    outer loop
      vertex 63 10.5 2.2
      vertex 42 10.5 6.35
      vertex 63 10.5 6.35
    endloop
  endfacet
  facet normal 0 1 0
    outer loop
      vertex 42 10.5 6.35
      vertex 63 10.5 2.2
      vertex 42 10.5 2.2
    endloop
  endfacet
  facet normal 0 -1 0
    outer loop
      vertex 43.2 9.3 2.2
      vertex 61.8 9.3 6.35
      vertex 43.2 9.3 6.35
    endloop
  endfacet
  facet normal 0 -1 -0
    outer loop
      vertex 61.8 9.3 6.35
      vertex 43.2 9.3 2.2
      vertex 61.8 9.3 2.2
    endloop
  endfacet
  facet normal 1 -0 0
    outer loop
      vertex 43.2 -9.3 6.35
      vertex 43.2 9.3 2.2
      vertex 43.2 9.3 6.35
    endloop
  endfacet
  facet normal 1 0 0
    outer loop
      vertex 43.2 9.3 2.2
      vertex 43.2 -9.3 6.35
      vertex 43.2 -9.3 2.2
    endloop
  endfacet
  facet normal -1 0 0
    outer loop
      vertex 61.8 -9.3 2.2
      vertex 61.8 9.3 6.35
      vertex 61.8 9.3 2.2
    endloop
  endfacet
  facet normal -1 -0 0
    outer loop
      vertex 61.8 9.3 6.35
      vertex 61.8 -9.3 2.2
      vertex 61.8 -9.3 6.35
    endloop
  endfacet
  facet normal -1 0 0
    outer loop
      vertex 66.5 -10 2.2
      vertex 66.5 -7 3.75
      vertex 66.5 -7 2.2
    endloop
  endfacet
  facet normal -1 -0 0
    outer loop
      vertex 66.5 -7 3.75
      vertex 66.5 -10 2.2
      vertex 66.5 -10 3.75
    endloop
  endfacet
  facet normal -0 0 1
    outer loop
      vertex 66.5 -7 3.75
      vertex 69.5 -10 3.75
      vertex 69.5 -7 3.75
    endloop
  endfacet
  facet normal 0 0 1
    outer loop
      vertex 69.5 -10 3.75
      vertex 66.5 -7 3.75
      vertex 66.5 -10 3.75
    endloop
  endfacet
  facet normal 1 0 0
    outer loop
      vertex 69.5 -7 3.75
      vertex 69.5 -9.86603 2.25
      vertex 69.5 -7 2.25
    endloop
  endfacet
  facet normal 1 -0 0
    outer loop
      vertex 69.5 -10 3.75
      vertex 69.5 -9.86603 2.25
      vertex 69.5 -7 3.75
    endloop
  endfacet
  facet normal 1 0 0
    outer loop
      vertex 69.5 -10 2.2
      vertex 69.5 -9.86603 2.25
      vertex 69.5 -10 3.75
    endloop
  endfacet
  facet normal 1 0 0
    outer loop
      vertex 69.5 -9.86603 2.25
      vertex 69.5 -10 2.2
      vertex 69.5 -9.86603 2.2
    endloop
  endfacet
  facet normal 0 1 0
    outer loop
      vertex 69 -7 2.25
      vertex 69.5 -7 3.75
      vertex 69.5 -7 2.25
    endloop
  endfacet
  facet normal 0 1 0
    outer loop
      vertex 69.5 -7 3.75
      vertex 69 -7 2.25
      vertex 66.5 -7 3.75
    endloop
  endfacet
  facet normal 0 1 0
    outer loop
      vertex 66.5 -7 2.2
      vertex 69 -7 2.25
      vertex 69 -7 2.2
    endloop
  endfacet
  facet normal 0 1 0
    outer loop
      vertex 69 -7 2.25
      vertex 66.5 -7 2.2
      vertex 66.5 -7 3.75
    endloop
  endfacet
  facet normal 0 -1 0
    outer loop
      vertex 66.5 -10 2.2
      vertex 69.5 -10 3.75
      vertex 66.5 -10 3.75
    endloop
  endfacet
  facet normal 0 -1 -0
    outer loop
      vertex 69.5 -10 3.75
      vertex 66.5 -10 2.2
      vertex 69.5 -10 2.2
    endloop
  endfacet
  facet normal -1 0 0
    outer loop
      vertex 66.5 7 2.2
      vertex 66.5 10 3.75
      vertex 66.5 10 2.2
    endloop
  endfacet
  facet normal -1 -0 0
    outer loop
      vertex 66.5 10 3.75
      vertex 66.5 7 2.2
      vertex 66.5 7 3.75
    endloop
  endfacet
  facet normal -0 0 1
    outer loop
      vertex 66.5 10 3.75
      vertex 69.5 7 3.75
      vertex 69.5 10 3.75
    endloop
  endfacet
  facet normal 0 0 1
    outer loop
      vertex 69.5 7 3.75
      vertex 66.5 10 3.75
      vertex 66.5 7 3.75
    endloop
  endfacet
  facet normal 1 0 0
    outer loop
      vertex 69.5 10 3.75
      vertex 69.5 9.86603 2.25
      vertex 69.5 10 2.2
    endloop
  endfacet
  facet normal 1 -0 0
    outer loop
      vertex 69.5 7 3.75
      vertex 69.5 9.86603 2.25
      vertex 69.5 10 3.75
    endloop
  endfacet
  facet normal 1 0 0
    outer loop
      vertex 69.5 9.86603 2.25
      vertex 69.5 7 3.75
      vertex 69.5 7 2.25
    endloop
  endfacet
  facet normal 1 0 0
    outer loop
      vertex 69.5 10 2.2
      vertex 69.5 9.86603 2.25
      vertex 69.5 9.86603 2.2
    endloop
  endfacet
  facet normal 0 1 -0
    outer loop
      vertex 69.5 10 2.2
      vertex 66.5 10 3.75
      vertex 69.5 10 3.75
    endloop
  endfacet
  facet normal 0 1 0
    outer loop
      vertex 66.5 10 3.75
      vertex 69.5 10 2.2
      vertex 66.5 10 2.2
    endloop
  endfacet
  facet normal 0 -1 0
    outer loop
      vertex 66.5 7 3.75
      vertex 69 7 2.25
      vertex 69.5 7 3.75
    endloop
  endfacet
  facet normal 0 -1 0
    outer loop
      vertex 66.5 7 2.2
      vertex 69 7 2.25
      vertex 66.5 7 3.75
    endloop
  endfacet
  facet normal 0 -1 -0
    outer loop
      vertex 69 7 2.25
      vertex 66.5 7 2.2
      vertex 69 7 2.2
    endloop
  endfacet
  facet normal 0 -1 -0
    outer loop
      vertex 69.5 7 3.75
      vertex 69 7 2.25
      vertex 69.5 7 2.25
    endloop
  endfacet
  facet normal -1 0 0
    outer loop
      vertex 88.5 -9.86603 2.2
      vertex 88.5 -10 2.2
      vertex 88.5 -9.86603 2.25
    endloop
  endfacet
  facet normal -1 0 0
    outer loop
      vertex 88.5 -9.86603 2.25
      vertex 88.5 -7 3.75
      vertex 88.5 -7 2.25
    endloop
  endfacet
  facet normal -1 0 0
    outer loop
      vertex 88.5 -10 3.75
      vertex 88.5 -9.86603 2.25
      vertex 88.5 -10 2.2
    endloop
  endfacet
  facet normal -1 0 0
    outer loop
      vertex 88.5 -9.86603 2.25
      vertex 88.5 -10 3.75
      vertex 88.5 -7 3.75
    endloop
  endfacet
  facet normal -0 0 1
    outer loop
      vertex 88.5 -7 3.75
      vertex 91.5 -10 3.75
      vertex 91.5 -7 3.75
    endloop
  endfacet
  facet normal 0 0 1
    outer loop
      vertex 91.5 -10 3.75
      vertex 88.5 -7 3.75
      vertex 88.5 -10 3.75
    endloop
  endfacet
  facet normal 1 -0 0
    outer loop
      vertex 91.5 -10 3.75
      vertex 91.5 -7 2.2
      vertex 91.5 -7 3.75
    endloop
  endfacet
  facet normal 1 0 0
    outer loop
      vertex 91.5 -7 2.2
      vertex 91.5 -10 3.75
      vertex 91.5 -10 2.2
    endloop
  endfacet
  facet normal 0 1 0
    outer loop
      vertex 91.5 -7 3.75
      vertex 89 -7 2.25
      vertex 88.5 -7 3.75
    endloop
  endfacet
  facet normal 0 1 -0
    outer loop
      vertex 91.5 -7 2.2
      vertex 89 -7 2.25
      vertex 91.5 -7 3.75
    endloop
  endfacet
  facet normal 0 1 0
    outer loop
      vertex 89 -7 2.25
      vertex 91.5 -7 2.2
      vertex 89 -7 2.2
    endloop
  endfacet
  facet normal 0 1 0
    outer loop
      vertex 88.5 -7 3.75
      vertex 89 -7 2.25
      vertex 88.5 -7 2.25
    endloop
  endfacet
  facet normal 0 -1 0
    outer loop
      vertex 88.5 -10 2.2
      vertex 91.5 -10 3.75
      vertex 88.5 -10 3.75
    endloop
  endfacet
  facet normal 0 -1 -0
    outer loop
      vertex 91.5 -10 3.75
      vertex 88.5 -10 2.2
      vertex 91.5 -10 2.2
    endloop
  endfacet
  facet normal -1 0 0
    outer loop
      vertex 88.5 9.86603 2.25
      vertex 88.5 10 2.2
      vertex 88.5 9.86603 2.2
    endloop
  endfacet
  facet normal -1 0 0
    outer loop
      vertex 88.5 10 2.2
      vertex 88.5 9.86603 2.25
      vertex 88.5 10 3.75
    endloop
  endfacet
  facet normal -1 0 0
    outer loop
      vertex 88.5 7 3.75
      vertex 88.5 9.86603 2.25
      vertex 88.5 7 2.25
    endloop
  endfacet
  facet normal -1 0 0
    outer loop
      vertex 88.5 9.86603 2.25
      vertex 88.5 7 3.75
      vertex 88.5 10 3.75
    endloop
  endfacet
  facet normal -0 0 1
    outer loop
      vertex 88.5 10 3.75
      vertex 91.5 7 3.75
      vertex 91.5 10 3.75
    endloop
  endfacet
  facet normal 0 0 1
    outer loop
      vertex 91.5 7 3.75
      vertex 88.5 10 3.75
      vertex 88.5 7 3.75
    endloop
  endfacet
  facet normal 1 -0 0
    outer loop
      vertex 91.5 7 3.75
      vertex 91.5 10 2.2
      vertex 91.5 10 3.75
    endloop
  endfacet
  facet normal 1 0 0
    outer loop
      vertex 91.5 10 2.2
      vertex 91.5 7 3.75
      vertex 91.5 7 2.2
    endloop
  endfacet
  facet normal 0 1 -0
    outer loop
      vertex 91.5 10 2.2
      vertex 88.5 10 3.75
      vertex 91.5 10 3.75
    endloop
  endfacet
  facet normal 0 1 0
    outer loop
      vertex 88.5 10 3.75
      vertex 91.5 10 2.2
      vertex 88.5 10 2.2
    endloop
  endfacet
  facet normal 0 -1 0
    outer loop
      vertex 89 7 2.25
      vertex 88.5 7 3.75
      vertex 88.5 7 2.25
    endloop
  endfacet
  facet normal 0 -1 0
    outer loop
      vertex 88.5 7 3.75
      vertex 89 7 2.25
      vertex 91.5 7 3.75
    endloop
  endfacet
  facet normal 0 -1 0
    outer loop
      vertex 91.5 7 2.2
      vertex 89 7 2.25
      vertex 89 7 2.2
    endloop
  endfacet
  facet normal 0 -1 0
    outer loop
      vertex 89 7 2.25
      vertex 91.5 7 2.2
      vertex 91.5 7 3.75
    endloop
  endfacet
  facet normal -1 0 0
    outer loop
      vertex 64.95 -11.55 2.2
      vertex 64.95 11.55 6.35
      vertex 64.95 11.55 2.2
    endloop
  endfacet
  facet normal -1 -0 0
    outer loop
      vertex 64.95 11.55 6.35
      vertex 64.95 -11.55 2.2
      vertex 64.95 -11.55 6.35
    endloop
  endfacet
  facet normal 0 0 1
    outer loop
      vertex 93.05 11.55 6.35
      vertex 91.85 10.35 6.35
      vertex 93.05 -11.55 6.35
    endloop
  endfacet
  facet normal 0 0 1
    outer loop
      vertex 93.05 11.55 6.35
      vertex 66.15 10.35 6.35
      vertex 91.85 10.35 6.35
    endloop
  endfacet
  facet normal 0 0 1
    outer loop
      vertex 66.15 10.35 6.35
      vertex 64.95 11.55 6.35
      vertex 66.15 -10.35 6.35
    endloop
  endfacet
  facet normal -0 0 1
    outer loop
      vertex 64.95 11.55 6.35
      vertex 66.15 10.35 6.35
      vertex 93.05 11.55 6.35
    endloop
  endfacet
  facet normal -0 0 1
    outer loop
      vertex 91.85 -10.35 6.35
      vertex 93.05 -11.55 6.35
      vertex 91.85 10.35 6.35
    endloop
  endfacet
  facet normal -0 0 1
    outer loop
      vertex 66.15 -10.35 6.35
      vertex 93.05 -11.55 6.35
      vertex 91.85 -10.35 6.35
    endloop
  endfacet
  facet normal 0 0 1
    outer loop
      vertex 66.15 -10.35 6.35
      vertex 64.95 -11.55 6.35
      vertex 93.05 -11.55 6.35
    endloop
  endfacet
  facet normal 0 0 1
    outer loop
      vertex 64.95 -11.55 6.35
      vertex 66.15 -10.35 6.35
      vertex 64.95 11.55 6.35
    endloop
  endfacet
  facet normal 1 -0 0
    outer loop
      vertex 93.05 -11.55 6.35
      vertex 93.05 11.55 2.2
      vertex 93.05 11.55 6.35
    endloop
  endfacet
  facet normal 1 0 0
    outer loop
      vertex 93.05 11.55 2.2
      vertex 93.05 -11.55 6.35
      vertex 93.05 -11.55 2.2
    endloop
  endfacet
  facet normal 0 1 -0
    outer loop
      vertex 91.85 -10.35 2.2
      vertex 66.15 -10.35 6.35
      vertex 91.85 -10.35 6.35
    endloop
  endfacet
  facet normal 0 1 0
    outer loop
      vertex 66.15 -10.35 6.35
      vertex 91.85 -10.35 2.2
      vertex 66.15 -10.35 2.2
    endloop
  endfacet
  facet normal 0 -1 0
    outer loop
      vertex 64.95 -11.55 2.2
      vertex 93.05 -11.55 6.35
      vertex 64.95 -11.55 6.35
    endloop
  endfacet
  facet normal 0 -1 -0
    outer loop
      vertex 93.05 -11.55 6.35
      vertex 64.95 -11.55 2.2
      vertex 93.05 -11.55 2.2
    endloop
  endfacet
  facet normal 0 1 -0
    outer loop
      vertex 93.05 11.55 2.2
      vertex 64.95 11.55 6.35
      vertex 93.05 11.55 6.35
    endloop
  endfacet
  facet normal 0 1 0
    outer loop
      vertex 64.95 11.55 6.35
      vertex 93.05 11.55 2.2
      vertex 64.95 11.55 2.2
    endloop
  endfacet
  facet normal 0 -1 0
    outer loop
      vertex 66.15 10.35 2.2
      vertex 91.85 10.35 6.35
      vertex 66.15 10.35 6.35
    endloop
  endfacet
  facet normal 0 -1 -0
    outer loop
      vertex 91.85 10.35 6.35
      vertex 66.15 10.35 2.2
      vertex 91.85 10.35 2.2
    endloop
  endfacet
  facet normal 1 0 0
    outer loop
      vertex 66.15 10.35 6.35
      vertex 66.15 1.35223 2.25
      vertex 66.15 10.35 2.2
    endloop
  endfacet
  facet normal 1 0 0
    outer loop
      vertex 66.15 10.35 6.35
      vertex 66.15 -1.35223 2.25
      vertex 66.15 1.35223 2.25
    endloop
  endfacet
  facet normal 1 -0 0
    outer loop
      vertex 66.15 -10.35 6.35
      vertex 66.15 -1.35223 2.25
      vertex 66.15 10.35 6.35
    endloop
  endfacet
  facet normal 1 0 0
    outer loop
      vertex 66.15 -10.35 2.2
      vertex 66.15 -1.35223 2.25
      vertex 66.15 -10.35 6.35
    endloop
  endfacet
  facet normal 1 0 0
    outer loop
      vertex 66.15 -1.35223 2.25
      vertex 66.15 -10.35 2.2
      vertex 66.15 -1.35223 2.2
    endloop
  endfacet
  facet normal 1 0 0
    outer loop
      vertex 66.15 10.35 2.2
      vertex 66.15 1.35223 2.25
      vertex 66.15 1.35223 2.2
    endloop
  endfacet
  facet normal -1 0 0
    outer loop
      vertex 91.85 -1.35223 2.2
      vertex 91.85 -10.35 2.2
      vertex 91.85 -1.35223 2.25
    endloop
  endfacet
  facet normal -1 0 0
    outer loop
      vertex 91.85 1.35223 2.25
      vertex 91.85 10.35 2.2
      vertex 91.85 1.35223 2.2
    endloop
  endfacet
  facet normal -1 0 0
    outer loop
      vertex 91.85 10.35 2.2
      vertex 91.85 1.35223 2.25
      vertex 91.85 10.35 6.35
    endloop
  endfacet
  facet normal -1 0 0
    outer loop
      vertex 91.85 -1.35223 2.25
      vertex 91.85 10.35 6.35
      vertex 91.85 1.35223 2.25
    endloop
  endfacet
  facet normal -1 0 0
    outer loop
      vertex 91.85 -10.35 6.35
      vertex 91.85 -1.35223 2.25
      vertex 91.85 -10.35 2.2
    endloop
  endfacet
  facet normal -1 0 0
    outer loop
      vertex 91.85 -1.35223 2.25
      vertex 91.85 -10.35 6.35
      vertex 91.85 10.35 6.35
    endloop
  endfacet
  facet normal 0.997851 0.0655224 0
    outer loop
      vertex 42.3 -23.5 12.3
      vertex 42.276 -23.1345 2.2
      vertex 42.276 -23.1345 12.3
    endloop
  endfacet
  facet normal 0.997851 0.0655224 0
    outer loop
      vertex 42.276 -23.1345 2.2
      vertex 42.3 -23.5 12.3
      vertex 42.3 -23.5 2.2
    endloop
  endfacet
  facet normal -0.997851 0.0655224 0
    outer loop
      vertex 36.7 -23.5 2.2
      vertex 36.724 -23.1345 12.3
      vertex 36.724 -23.1345 2.2
    endloop
  endfacet
  facet normal -0.997851 0.0655224 0
    outer loop
      vertex 36.724 -23.1345 12.3
      vertex 36.7 -23.5 2.2
      vertex 36.7 -23.5 12.3
    endloop
  endfacet
  facet normal 0.0655224 0.997851 -0
    outer loop
      vertex 39.8655 -20.724 2.2
      vertex 39.5 -20.7 12.3
      vertex 39.8655 -20.724 12.3
    endloop
  endfacet
  facet normal 0.0655224 0.997851 0
    outer loop
      vertex 39.5 -20.7 12.3
      vertex 39.8655 -20.724 2.2
      vertex 39.5 -20.7 2.2
    endloop
  endfacet
  facet normal 0.0655224 -0.997851 0
    outer loop
      vertex 39.5 -26.3 2.2
      vertex 39.8655 -26.276 12.3
      vertex 39.5 -26.3 12.3
    endloop
  endfacet
  facet normal 0.0655224 -0.997851 0
    outer loop
      vertex 39.8655 -26.276 12.3
      vertex 39.5 -26.3 2.2
      vertex 39.8655 -26.276 2.2
    endloop
  endfacet
  facet normal 0.751866 -0.659316 0
    outer loop
      vertex 41.4799 -25.4799 12.3
      vertex 41.7214 -25.2045 2.2
      vertex 41.7214 -25.2045 12.3
    endloop
  endfacet
  facet normal 0.751866 -0.659316 0
    outer loop
      vertex 41.7214 -25.2045 2.2
      vertex 41.4799 -25.4799 12.3
      vertex 41.4799 -25.4799 2.2
    endloop
  endfacet
  facet normal 0.659316 0.751866 -0
    outer loop
      vertex 41.4799 -21.5201 2.2
      vertex 41.2045 -21.2786 12.3
      vertex 41.4799 -21.5201 12.3
    endloop
  endfacet
  facet normal 0.659316 0.751866 0
    outer loop
      vertex 41.2045 -21.2786 12.3
      vertex 41.4799 -21.5201 2.2
      vertex 41.2045 -21.2786 2.2
    endloop
  endfacet
  facet normal -0.659316 0.751866 0
    outer loop
      vertex 37.7955 -21.2786 2.2
      vertex 37.5201 -21.5201 12.3
      vertex 37.7955 -21.2786 12.3
    endloop
  endfacet
  facet normal -0.659316 0.751866 0
    outer loop
      vertex 37.5201 -21.5201 12.3
      vertex 37.7955 -21.2786 2.2
      vertex 37.5201 -21.5201 2.2
    endloop
  endfacet
  facet normal -0.321384 0.946949 0
    outer loop
      vertex 38.7753 -20.7954 2.2
      vertex 38.4285 -20.9131 12.3
      vertex 38.7753 -20.7954 12.3
    endloop
  endfacet
  facet normal -0.321384 0.946949 0
    outer loop
      vertex 38.4285 -20.9131 12.3
      vertex 38.7753 -20.7954 2.2
      vertex 38.4285 -20.9131 2.2
    endloop
  endfacet
  facet normal 0.896871 0.442292 0
    outer loop
      vertex 42.0869 -22.4285 12.3
      vertex 41.9249 -22.1 2.2
      vertex 41.9249 -22.1 12.3
    endloop
  endfacet
  facet normal 0.896871 0.442292 0
    outer loop
      vertex 41.9249 -22.1 2.2
      vertex 42.0869 -22.4285 12.3
      vertex 42.0869 -22.4285 2.2
    endloop
  endfacet
  facet normal 0.83142 0.555645 0
    outer loop
      vertex 41.9249 -22.1 12.3
      vertex 41.7214 -21.7955 2.2
      vertex 41.7214 -21.7955 12.3
    endloop
  endfacet
  facet normal 0.83142 0.555645 0
    outer loop
      vertex 41.7214 -21.7955 2.2
      vertex 41.9249 -22.1 12.3
      vertex 41.9249 -22.1 2.2
    endloop
  endfacet
  facet normal 0.442292 0.896871 -0
    outer loop
      vertex 40.9 -21.0751 2.2
      vertex 40.5715 -20.9131 12.3
      vertex 40.9 -21.0751 12.3
    endloop
  endfacet
  facet normal 0.442292 0.896871 0
    outer loop
      vertex 40.5715 -20.9131 12.3
      vertex 40.9 -21.0751 2.2
      vertex 40.5715 -20.9131 2.2
    endloop
  endfacet
  facet normal 0.321384 0.946949 -0
    outer loop
      vertex 40.5715 -20.9131 2.2
      vertex 40.2247 -20.7954 12.3
      vertex 40.5715 -20.9131 12.3
    endloop
  endfacet
  facet normal 0.321384 0.946949 0
    outer loop
      vertex 40.2247 -20.7954 12.3
      vertex 40.5715 -20.9131 2.2
      vertex 40.2247 -20.7954 2.2
    endloop
  endfacet
  facet normal 0.555645 0.83142 -0
    outer loop
      vertex 41.2045 -21.2786 2.2
      vertex 40.9 -21.0751 12.3
      vertex 41.2045 -21.2786 12.3
    endloop
  endfacet
  facet normal 0.555645 0.83142 0
    outer loop
      vertex 40.9 -21.0751 12.3
      vertex 41.2045 -21.2786 2.2
      vertex 40.9 -21.0751 2.2
    endloop
  endfacet
  facet normal -0.896871 0.442292 0
    outer loop
      vertex 36.9131 -22.4285 2.2
      vertex 37.0751 -22.1 12.3
      vertex 37.0751 -22.1 2.2
    endloop
  endfacet
  facet normal -0.896871 0.442292 0
    outer loop
      vertex 37.0751 -22.1 12.3
      vertex 36.9131 -22.4285 2.2
      vertex 36.9131 -22.4285 12.3
    endloop
  endfacet
  facet normal -0.751866 0.659316 0
    outer loop
      vertex 37.2786 -21.7955 2.2
      vertex 37.5201 -21.5201 12.3
      vertex 37.5201 -21.5201 2.2
    endloop
  endfacet
  facet normal -0.751866 0.659316 0
    outer loop
      vertex 37.5201 -21.5201 12.3
      vertex 37.2786 -21.7955 2.2
      vertex 37.2786 -21.7955 12.3
    endloop
  endfacet
  facet normal -0.946949 0.321384 0
    outer loop
      vertex 36.7954 -22.7753 2.2
      vertex 36.9131 -22.4285 12.3
      vertex 36.9131 -22.4285 2.2
    endloop
  endfacet
  facet normal -0.946949 0.321384 0
    outer loop
      vertex 36.9131 -22.4285 12.3
      vertex 36.7954 -22.7753 2.2
      vertex 36.7954 -22.7753 12.3
    endloop
  endfacet
  facet normal -0.194961 0.980811 0
    outer loop
      vertex 39.1345 -20.724 2.2
      vertex 38.7753 -20.7954 12.3
      vertex 39.1345 -20.724 12.3
    endloop
  endfacet
  facet normal -0.194961 0.980811 0
    outer loop
      vertex 38.7753 -20.7954 12.3
      vertex 39.1345 -20.724 2.2
      vertex 38.7753 -20.7954 2.2
    endloop
  endfacet
  facet normal 0.194961 -0.980811 0
    outer loop
      vertex 39.8655 -26.276 2.2
      vertex 40.2247 -26.2046 12.3
      vertex 39.8655 -26.276 12.3
    endloop
  endfacet
  facet normal 0.194961 -0.980811 0
    outer loop
      vertex 40.2247 -26.2046 12.3
      vertex 39.8655 -26.276 2.2
      vertex 40.2247 -26.2046 2.2
    endloop
  endfacet
  facet normal 0.442292 -0.896871 0
    outer loop
      vertex 40.5715 -26.0869 2.2
      vertex 40.9 -25.9249 12.3
      vertex 40.5715 -26.0869 12.3
    endloop
  endfacet
  facet normal 0.442292 -0.896871 0
    outer loop
      vertex 40.9 -25.9249 12.3
      vertex 40.5715 -26.0869 2.2
      vertex 40.9 -25.9249 2.2
    endloop
  endfacet
  facet normal 0.946949 0.321384 0
    outer loop
      vertex 42.2046 -22.7753 12.3
      vertex 42.0869 -22.4285 2.2
      vertex 42.0869 -22.4285 12.3
    endloop
  endfacet
  facet normal 0.946949 0.321384 0
    outer loop
      vertex 42.0869 -22.4285 2.2
      vertex 42.2046 -22.7753 12.3
      vertex 42.2046 -22.7753 2.2
    endloop
  endfacet
  facet normal 0.980811 0.194961 0
    outer loop
      vertex 42.276 -23.1345 12.3
      vertex 42.2046 -22.7753 2.2
      vertex 42.2046 -22.7753 12.3
    endloop
  endfacet
  facet normal 0.980811 0.194961 0
    outer loop
      vertex 42.2046 -22.7753 2.2
      vertex 42.276 -23.1345 12.3
      vertex 42.276 -23.1345 2.2
    endloop
  endfacet
  facet normal 0.751866 0.659316 0
    outer loop
      vertex 41.7214 -21.7955 12.3
      vertex 41.4799 -21.5201 2.2
      vertex 41.4799 -21.5201 12.3
    endloop
  endfacet
  facet normal 0.751866 0.659316 0
    outer loop
      vertex 41.4799 -21.5201 2.2
      vertex 41.7214 -21.7955 12.3
      vertex 41.7214 -21.7955 2.2
    endloop
  endfacet
  facet normal 0.194961 0.980811 -0
    outer loop
      vertex 40.2247 -20.7954 2.2
      vertex 39.8655 -20.724 12.3
      vertex 40.2247 -20.7954 12.3
    endloop
  endfacet
  facet normal 0.194961 0.980811 0
    outer loop
      vertex 39.8655 -20.724 12.3
      vertex 40.2247 -20.7954 2.2
      vertex 39.8655 -20.724 2.2
    endloop
  endfacet
  facet normal -0.83142 0.555645 0
    outer loop
      vertex 37.0751 -22.1 2.2
      vertex 37.2786 -21.7955 12.3
      vertex 37.2786 -21.7955 2.2
    endloop
  endfacet
  facet normal -0.83142 0.555645 0
    outer loop
      vertex 37.2786 -21.7955 12.3
      vertex 37.0751 -22.1 2.2
      vertex 37.0751 -22.1 12.3
    endloop
  endfacet
  facet normal -0.980811 0.194961 0
    outer loop
      vertex 36.724 -23.1345 2.2
      vertex 36.7954 -22.7753 12.3
      vertex 36.7954 -22.7753 2.2
    endloop
  endfacet
  facet normal -0.980811 0.194961 0
    outer loop
      vertex 36.7954 -22.7753 12.3
      vertex 36.724 -23.1345 2.2
      vertex 36.724 -23.1345 12.3
    endloop
  endfacet
  facet normal 0 0 1
    outer loop
      vertex 40.7 -23.5 12.3
      vertex 42.3 -23.5 12.3
      vertex 42.276 -23.1345 12.3
    endloop
  endfacet
  facet normal 0 0 1
    outer loop
      vertex 40.6897 -23.3434 12.3
      vertex 42.276 -23.1345 12.3
      vertex 42.2046 -22.7753 12.3
    endloop
  endfacet
  facet normal 0 0 1
    outer loop
      vertex 42.3 -23.5 12.3
      vertex 40.7 -23.5 12.3
      vertex 42.276 -23.8655 12.3
    endloop
  endfacet
  facet normal 0 0 1
    outer loop
      vertex 40.6591 -23.1894 12.3
      vertex 42.2046 -22.7753 12.3
      vertex 42.0869 -22.4285 12.3
    endloop
  endfacet
  facet normal -0 0 1
    outer loop
      vertex 40.6897 -23.6566 12.3
      vertex 42.276 -23.8655 12.3
      vertex 40.7 -23.5 12.3
    endloop
  endfacet
  facet normal 0 0 1
    outer loop
      vertex 40.6087 -23.0408 12.3
      vertex 42.0869 -22.4285 12.3
      vertex 41.9249 -22.1 12.3
    endloop
  endfacet
  facet normal 0 0 1
    outer loop
      vertex 42.276 -23.8655 12.3
      vertex 40.6897 -23.6566 12.3
      vertex 42.2046 -24.2247 12.3
    endloop
  endfacet
  facet normal 0 0 1
    outer loop
      vertex 40.5392 -22.9 12.3
      vertex 41.9249 -22.1 12.3
      vertex 41.7214 -21.7955 12.3
    endloop
  endfacet
  facet normal -0 0 1
    outer loop
      vertex 40.6591 -23.8106 12.3
      vertex 42.2046 -24.2247 12.3
      vertex 40.6897 -23.6566 12.3
    endloop
  endfacet
  facet normal 0 0 1
    outer loop
      vertex 40.452 -22.7695 12.3
      vertex 41.7214 -21.7955 12.3
      vertex 41.4799 -21.5201 12.3
    endloop
  endfacet
  facet normal 0 0 1
    outer loop
      vertex 42.2046 -24.2247 12.3
      vertex 40.6591 -23.8106 12.3
      vertex 42.0869 -24.5715 12.3
    endloop
  endfacet
  facet normal 0 0 1
    outer loop
      vertex 40.3485 -22.6515 12.3
      vertex 41.4799 -21.5201 12.3
      vertex 41.2045 -21.2786 12.3
    endloop
  endfacet
  facet normal -0 0 1
    outer loop
      vertex 40.6087 -23.9592 12.3
      vertex 42.0869 -24.5715 12.3
      vertex 40.6591 -23.8106 12.3
    endloop
  endfacet
  facet normal 0 0 1
    outer loop
      vertex 40.2305 -22.548 12.3
      vertex 41.2045 -21.2786 12.3
      vertex 40.9 -21.0751 12.3
    endloop
  endfacet
  facet normal 0 0 1
    outer loop
      vertex 42.0869 -24.5715 12.3
      vertex 40.6087 -23.9592 12.3
      vertex 41.9249 -24.9 12.3
    endloop
  endfacet
  facet normal -0 0 1
    outer loop
      vertex 40.5392 -24.1 12.3
      vertex 41.9249 -24.9 12.3
      vertex 40.6087 -23.9592 12.3
    endloop
  endfacet
  facet normal 0 0 1
    outer loop
      vertex 42.276 -23.1345 12.3
      vertex 40.6897 -23.3434 12.3
      vertex 40.7 -23.5 12.3
    endloop
  endfacet
  facet normal 0 0 1
    outer loop
      vertex 42.2046 -22.7753 12.3
      vertex 40.6591 -23.1894 12.3
      vertex 40.6897 -23.3434 12.3
    endloop
  endfacet
  facet normal 0 0 1
    outer loop
      vertex 42.0869 -22.4285 12.3
      vertex 40.6087 -23.0408 12.3
      vertex 40.6591 -23.1894 12.3
    endloop
  endfacet
  facet normal 0 0 1
    outer loop
      vertex 40.1 -22.4608 12.3
      vertex 40.9 -21.0751 12.3
      vertex 40.5715 -20.9131 12.3
    endloop
  endfacet
  facet normal 0 0 1
    outer loop
      vertex 41.9249 -22.1 12.3
      vertex 40.5392 -22.9 12.3
      vertex 40.6087 -23.0408 12.3
    endloop
  endfacet
  facet normal 0 0 1
    outer loop
      vertex 41.7214 -21.7955 12.3
      vertex 40.452 -22.7695 12.3
      vertex 40.5392 -22.9 12.3
    endloop
  endfacet
  facet normal 0 0 1
    outer loop
      vertex 41.4799 -21.5201 12.3
      vertex 40.3485 -22.6515 12.3
      vertex 40.452 -22.7695 12.3
    endloop
  endfacet
  facet normal 0 0 1
    outer loop
      vertex 41.2045 -21.2786 12.3
      vertex 40.2305 -22.548 12.3
      vertex 40.3485 -22.6515 12.3
    endloop
  endfacet
  facet normal 0 0 1
    outer loop
      vertex 39.9592 -22.3913 12.3
      vertex 40.5715 -20.9131 12.3
      vertex 40.2247 -20.7954 12.3
    endloop
  endfacet
  facet normal 0 0 1
    outer loop
      vertex 40.9 -21.0751 12.3
      vertex 40.1 -22.4608 12.3
      vertex 40.2305 -22.548 12.3
    endloop
  endfacet
  facet normal 0 0 1
    outer loop
      vertex 40.5715 -20.9131 12.3
      vertex 39.9592 -22.3913 12.3
      vertex 40.1 -22.4608 12.3
    endloop
  endfacet
  facet normal 0 0 1
    outer loop
      vertex 39.8106 -22.3409 12.3
      vertex 40.2247 -20.7954 12.3
      vertex 39.8655 -20.724 12.3
    endloop
  endfacet
  facet normal 0 0 1
    outer loop
      vertex 40.2247 -20.7954 12.3
      vertex 39.8106 -22.3409 12.3
      vertex 39.9592 -22.3913 12.3
    endloop
  endfacet
  facet normal 0 0 1
    outer loop
      vertex 39.8655 -20.724 12.3
      vertex 39.6566 -22.3103 12.3
      vertex 39.8106 -22.3409 12.3
    endloop
  endfacet
  facet normal 0 0 1
    outer loop
      vertex 39.5 -20.7 12.3
      vertex 39.6566 -22.3103 12.3
      vertex 39.8655 -20.724 12.3
    endloop
  endfacet
  facet normal 0 0 1
    outer loop
      vertex 39.5 -20.7 12.3
      vertex 39.5 -22.3 12.3
      vertex 39.6566 -22.3103 12.3
    endloop
  endfacet
  facet normal 0 0 1
    outer loop
      vertex 39.5 -20.7 12.3
      vertex 39.3434 -22.3103 12.3
      vertex 39.5 -22.3 12.3
    endloop
  endfacet
  facet normal -0 0 1
    outer loop
      vertex 39.1345 -20.724 12.3
      vertex 39.3434 -22.3103 12.3
      vertex 39.5 -20.7 12.3
    endloop
  endfacet
  facet normal 0 0 1
    outer loop
      vertex 39.3434 -22.3103 12.3
      vertex 39.1345 -20.724 12.3
      vertex 39.1894 -22.3409 12.3
    endloop
  endfacet
  facet normal -0 0 1
    outer loop
      vertex 38.7753 -20.7954 12.3
      vertex 39.1894 -22.3409 12.3
      vertex 39.1345 -20.724 12.3
    endloop
  endfacet
  facet normal 0 0 1
    outer loop
      vertex 39.1894 -22.3409 12.3
      vertex 38.7753 -20.7954 12.3
      vertex 39.0408 -22.3913 12.3
    endloop
  endfacet
  facet normal -0 0 1
    outer loop
      vertex 38.4285 -20.9131 12.3
      vertex 39.0408 -22.3913 12.3
      vertex 38.7753 -20.7954 12.3
    endloop
  endfacet
  facet normal 0 0 1
    outer loop
      vertex 39.0408 -22.3913 12.3
      vertex 38.4285 -20.9131 12.3
      vertex 38.9 -22.4608 12.3
    endloop
  endfacet
  facet normal -0 0 1
    outer loop
      vertex 38.1 -21.0751 12.3
      vertex 38.9 -22.4608 12.3
      vertex 38.4285 -20.9131 12.3
    endloop
  endfacet
  facet normal 0 0 1
    outer loop
      vertex 38.9 -22.4608 12.3
      vertex 38.1 -21.0751 12.3
      vertex 38.7695 -22.548 12.3
    endloop
  endfacet
  facet normal -0 0 1
    outer loop
      vertex 37.7955 -21.2786 12.3
      vertex 38.7695 -22.548 12.3
      vertex 38.1 -21.0751 12.3
    endloop
  endfacet
  facet normal 0 0 1
    outer loop
      vertex 38.7695 -22.548 12.3
      vertex 37.7955 -21.2786 12.3
      vertex 38.6515 -22.6515 12.3
    endloop
  endfacet
  facet normal -0 0 1
    outer loop
      vertex 37.5201 -21.5201 12.3
      vertex 38.6515 -22.6515 12.3
      vertex 37.7955 -21.2786 12.3
    endloop
  endfacet
  facet normal 0 0 1
    outer loop
      vertex 38.6515 -22.6515 12.3
      vertex 37.5201 -21.5201 12.3
      vertex 38.548 -22.7695 12.3
    endloop
  endfacet
  facet normal -0 0 1
    outer loop
      vertex 37.2786 -21.7955 12.3
      vertex 38.548 -22.7695 12.3
      vertex 37.5201 -21.5201 12.3
    endloop
  endfacet
  facet normal 0 0 1
    outer loop
      vertex 38.548 -22.7695 12.3
      vertex 37.2786 -21.7955 12.3
      vertex 38.4608 -22.9 12.3
    endloop
  endfacet
  facet normal -0 0 1
    outer loop
      vertex 37.0751 -22.1 12.3
      vertex 38.4608 -22.9 12.3
      vertex 37.2786 -21.7955 12.3
    endloop
  endfacet
  facet normal 0 0 1
    outer loop
      vertex 41.9249 -24.9 12.3
      vertex 40.5392 -24.1 12.3
      vertex 41.7214 -25.2045 12.3
    endloop
  endfacet
  facet normal -0 0 1
    outer loop
      vertex 40.452 -24.2305 12.3
      vertex 41.7214 -25.2045 12.3
      vertex 40.5392 -24.1 12.3
    endloop
  endfacet
  facet normal 0 0 1
    outer loop
      vertex 41.7214 -25.2045 12.3
      vertex 40.452 -24.2305 12.3
      vertex 41.4799 -25.4799 12.3
    endloop
  endfacet
  facet normal -0 0 1
    outer loop
      vertex 40.3485 -24.3485 12.3
      vertex 41.4799 -25.4799 12.3
      vertex 40.452 -24.2305 12.3
    endloop
  endfacet
  facet normal 0 0 1
    outer loop
      vertex 41.4799 -25.4799 12.3
      vertex 40.3485 -24.3485 12.3
      vertex 41.2045 -25.7214 12.3
    endloop
  endfacet
  facet normal -0 0 1
    outer loop
      vertex 40.2305 -24.452 12.3
      vertex 41.2045 -25.7214 12.3
      vertex 40.3485 -24.3485 12.3
    endloop
  endfacet
  facet normal 0 0 1
    outer loop
      vertex 41.2045 -25.7214 12.3
      vertex 40.2305 -24.452 12.3
      vertex 40.9 -25.9249 12.3
    endloop
  endfacet
  facet normal -0 0 1
    outer loop
      vertex 40.1 -24.5392 12.3
      vertex 40.9 -25.9249 12.3
      vertex 40.2305 -24.452 12.3
    endloop
  endfacet
  facet normal 0 0 1
    outer loop
      vertex 40.9 -25.9249 12.3
      vertex 40.1 -24.5392 12.3
      vertex 40.5715 -26.0869 12.3
    endloop
  endfacet
  facet normal -0 0 1
    outer loop
      vertex 39.9592 -24.6087 12.3
      vertex 40.5715 -26.0869 12.3
      vertex 40.1 -24.5392 12.3
    endloop
  endfacet
  facet normal 0 0 1
    outer loop
      vertex 40.5715 -26.0869 12.3
      vertex 39.9592 -24.6087 12.3
      vertex 40.2247 -26.2046 12.3
    endloop
  endfacet
  facet normal -0 0 1
    outer loop
      vertex 39.8106 -24.6591 12.3
      vertex 40.2247 -26.2046 12.3
      vertex 39.9592 -24.6087 12.3
    endloop
  endfacet
  facet normal 0 0 1
    outer loop
      vertex 40.2247 -26.2046 12.3
      vertex 39.8106 -24.6591 12.3
      vertex 39.8655 -26.276 12.3
    endloop
  endfacet
  facet normal -0 0 1
    outer loop
      vertex 39.6566 -24.6897 12.3
      vertex 39.8655 -26.276 12.3
      vertex 39.8106 -24.6591 12.3
    endloop
  endfacet
  facet normal -0 0 1
    outer loop
      vertex 39.5 -24.7 12.3
      vertex 39.8655 -26.276 12.3
      vertex 39.6566 -24.6897 12.3
    endloop
  endfacet
  facet normal 0 0 1
    outer loop
      vertex 39.5 -24.7 12.3
      vertex 39.5 -26.3 12.3
      vertex 39.8655 -26.276 12.3
    endloop
  endfacet
  facet normal 0 0 1
    outer loop
      vertex 39.3434 -24.6897 12.3
      vertex 39.5 -26.3 12.3
      vertex 39.5 -24.7 12.3
    endloop
  endfacet
  facet normal 0 0 1
    outer loop
      vertex 39.1345 -26.276 12.3
      vertex 39.3434 -24.6897 12.3
      vertex 39.1894 -24.6591 12.3
    endloop
  endfacet
  facet normal 0 0 1
    outer loop
      vertex 39.3434 -24.6897 12.3
      vertex 39.1345 -26.276 12.3
      vertex 39.5 -26.3 12.3
    endloop
  endfacet
  facet normal 0 0 1
    outer loop
      vertex 38.7753 -26.2046 12.3
      vertex 39.1894 -24.6591 12.3
      vertex 39.0408 -24.6087 12.3
    endloop
  endfacet
  facet normal 0 0 1
    outer loop
      vertex 38.4285 -26.0869 12.3
      vertex 39.0408 -24.6087 12.3
      vertex 38.9 -24.5392 12.3
    endloop
  endfacet
  facet normal 0 0 1
    outer loop
      vertex 39.1894 -24.6591 12.3
      vertex 38.7753 -26.2046 12.3
      vertex 39.1345 -26.276 12.3
    endloop
  endfacet
  facet normal 0 0 1
    outer loop
      vertex 38.1 -25.9249 12.3
      vertex 38.9 -24.5392 12.3
      vertex 38.7695 -24.452 12.3
    endloop
  endfacet
  facet normal 0 0 1
    outer loop
      vertex 37.7955 -25.7214 12.3
      vertex 38.7695 -24.452 12.3
      vertex 38.6515 -24.3485 12.3
    endloop
  endfacet
  facet normal 0 0 1
    outer loop
      vertex 37.5201 -25.4799 12.3
      vertex 38.6515 -24.3485 12.3
      vertex 38.548 -24.2305 12.3
    endloop
  endfacet
  facet normal 0 0 1
    outer loop
      vertex 37.2786 -25.2045 12.3
      vertex 38.548 -24.2305 12.3
      vertex 38.4608 -24.1 12.3
    endloop
  endfacet
  facet normal 0 0 1
    outer loop
      vertex 39.0408 -24.6087 12.3
      vertex 38.4285 -26.0869 12.3
      vertex 38.7753 -26.2046 12.3
    endloop
  endfacet
  facet normal 0 0 1
    outer loop
      vertex 37.0751 -24.9 12.3
      vertex 38.4608 -24.1 12.3
      vertex 38.3913 -23.9592 12.3
    endloop
  endfacet
  facet normal 0 0 1
    outer loop
      vertex 36.9131 -24.5715 12.3
      vertex 38.3913 -23.9592 12.3
      vertex 38.3409 -23.8106 12.3
    endloop
  endfacet
  facet normal 0 0 1
    outer loop
      vertex 36.7954 -24.2247 12.3
      vertex 38.3409 -23.8106 12.3
      vertex 38.3103 -23.6566 12.3
    endloop
  endfacet
  facet normal 0 0 1
    outer loop
      vertex 36.724 -23.8655 12.3
      vertex 38.3103 -23.6566 12.3
      vertex 38.3 -23.5 12.3
    endloop
  endfacet
  facet normal 0 0 1
    outer loop
      vertex 38.4608 -22.9 12.3
      vertex 37.0751 -22.1 12.3
      vertex 38.3913 -23.0408 12.3
    endloop
  endfacet
  facet normal 0 0 1
    outer loop
      vertex 38.9 -24.5392 12.3
      vertex 38.1 -25.9249 12.3
      vertex 38.4285 -26.0869 12.3
    endloop
  endfacet
  facet normal -0 0 1
    outer loop
      vertex 36.9131 -22.4285 12.3
      vertex 38.3913 -23.0408 12.3
      vertex 37.0751 -22.1 12.3
    endloop
  endfacet
  facet normal 0 0 1
    outer loop
      vertex 38.7695 -24.452 12.3
      vertex 37.7955 -25.7214 12.3
      vertex 38.1 -25.9249 12.3
    endloop
  endfacet
  facet normal 0 0 1
    outer loop
      vertex 38.3913 -23.0408 12.3
      vertex 36.9131 -22.4285 12.3
      vertex 38.3409 -23.1894 12.3
    endloop
  endfacet
  facet normal 0 0 1
    outer loop
      vertex 38.6515 -24.3485 12.3
      vertex 37.5201 -25.4799 12.3
      vertex 37.7955 -25.7214 12.3
    endloop
  endfacet
  facet normal -0 0 1
    outer loop
      vertex 36.7954 -22.7753 12.3
      vertex 38.3409 -23.1894 12.3
      vertex 36.9131 -22.4285 12.3
    endloop
  endfacet
  facet normal 0 0 1
    outer loop
      vertex 38.548 -24.2305 12.3
      vertex 37.2786 -25.2045 12.3
      vertex 37.5201 -25.4799 12.3
    endloop
  endfacet
  facet normal 0 0 1
    outer loop
      vertex 38.3409 -23.1894 12.3
      vertex 36.7954 -22.7753 12.3
      vertex 38.3103 -23.3434 12.3
    endloop
  endfacet
  facet normal 0 0 1
    outer loop
      vertex 38.4608 -24.1 12.3
      vertex 37.0751 -24.9 12.3
      vertex 37.2786 -25.2045 12.3
    endloop
  endfacet
  facet normal -0 0 1
    outer loop
      vertex 36.724 -23.1345 12.3
      vertex 38.3103 -23.3434 12.3
      vertex 36.7954 -22.7753 12.3
    endloop
  endfacet
  facet normal 0 0 1
    outer loop
      vertex 38.3913 -23.9592 12.3
      vertex 36.9131 -24.5715 12.3
      vertex 37.0751 -24.9 12.3
    endloop
  endfacet
  facet normal 0 0 1
    outer loop
      vertex 38.3103 -23.3434 12.3
      vertex 36.724 -23.1345 12.3
      vertex 38.3 -23.5 12.3
    endloop
  endfacet
  facet normal 0 0 1
    outer loop
      vertex 38.3409 -23.8106 12.3
      vertex 36.7954 -24.2247 12.3
      vertex 36.9131 -24.5715 12.3
    endloop
  endfacet
  facet normal 0 0 1
    outer loop
      vertex 36.7 -23.5 12.3
      vertex 38.3 -23.5 12.3
      vertex 36.724 -23.1345 12.3
    endloop
  endfacet
  facet normal 0 0 1
    outer loop
      vertex 38.3103 -23.6566 12.3
      vertex 36.724 -23.8655 12.3
      vertex 36.7954 -24.2247 12.3
    endloop
  endfacet
  facet normal 0 0 1
    outer loop
      vertex 38.3 -23.5 12.3
      vertex 36.7 -23.5 12.3
      vertex 36.724 -23.8655 12.3
    endloop
  endfacet
  facet normal -0.442292 0.896871 0
    outer loop
      vertex 38.4285 -20.9131 2.2
      vertex 38.1 -21.0751 12.3
      vertex 38.4285 -20.9131 12.3
    endloop
  endfacet
  facet normal -0.442292 0.896871 0
    outer loop
      vertex 38.1 -21.0751 12.3
      vertex 38.4285 -20.9131 2.2
      vertex 38.1 -21.0751 2.2
    endloop
  endfacet
  facet normal -0.555645 0.83142 0
    outer loop
      vertex 38.1 -21.0751 2.2
      vertex 37.7955 -21.2786 12.3
      vertex 38.1 -21.0751 12.3
    endloop
  endfacet
  facet normal -0.555645 0.83142 0
    outer loop
      vertex 37.7955 -21.2786 12.3
      vertex 38.1 -21.0751 2.2
      vertex 37.7955 -21.2786 2.2
    endloop
  endfacet
  facet normal -0.0655224 0.997851 0
    outer loop
      vertex 39.5 -20.7 2.2
      vertex 39.1345 -20.724 12.3
      vertex 39.5 -20.7 12.3
    endloop
  endfacet
  facet normal -0.0655224 0.997851 0
    outer loop
      vertex 39.1345 -20.724 12.3
      vertex 39.5 -20.7 2.2
      vertex 39.1345 -20.724 2.2
    endloop
  endfacet
  facet normal 0.946949 -0.321384 0
    outer loop
      vertex 42.0869 -24.5715 12.3
      vertex 42.2046 -24.2247 2.2
      vertex 42.2046 -24.2247 12.3
    endloop
  endfacet
  facet normal 0.946949 -0.321384 0
    outer loop
      vertex 42.2046 -24.2247 2.2
      vertex 42.0869 -24.5715 12.3
      vertex 42.0869 -24.5715 2.2
    endloop
  endfacet
  facet normal 0.980811 -0.194961 0
    outer loop
      vertex 42.2046 -24.2247 12.3
      vertex 42.276 -23.8655 2.2
      vertex 42.276 -23.8655 12.3
    endloop
  endfacet
  facet normal 0.980811 -0.194961 0
    outer loop
      vertex 42.276 -23.8655 2.2
      vertex 42.2046 -24.2247 12.3
      vertex 42.2046 -24.2247 2.2
    endloop
  endfacet
  facet normal -0.896871 -0.442292 0
    outer loop
      vertex 37.0751 -24.9 2.2
      vertex 36.9131 -24.5715 12.3
      vertex 36.9131 -24.5715 2.2
    endloop
  endfacet
  facet normal -0.896871 -0.442292 0
    outer loop
      vertex 36.9131 -24.5715 12.3
      vertex 37.0751 -24.9 2.2
      vertex 37.0751 -24.9 12.3
    endloop
  endfacet
  facet normal 0.555645 -0.83142 0
    outer loop
      vertex 40.9 -25.9249 2.2
      vertex 41.2045 -25.7214 12.3
      vertex 40.9 -25.9249 12.3
    endloop
  endfacet
  facet normal 0.555645 -0.83142 0
    outer loop
      vertex 41.2045 -25.7214 12.3
      vertex 40.9 -25.9249 2.2
      vertex 41.2045 -25.7214 2.2
    endloop
  endfacet
  facet normal 0.997851 -0.0655224 0
    outer loop
      vertex 42.276 -23.8655 12.3
      vertex 42.3 -23.5 2.2
      vertex 42.3 -23.5 12.3
    endloop
  endfacet
  facet normal 0.997851 -0.0655224 0
    outer loop
      vertex 42.3 -23.5 2.2
      vertex 42.276 -23.8655 12.3
      vertex 42.276 -23.8655 2.2
    endloop
  endfacet
  facet normal -0.946949 -0.321384 0
    outer loop
      vertex 36.9131 -24.5715 2.2
      vertex 36.7954 -24.2247 12.3
      vertex 36.7954 -24.2247 2.2
    endloop
  endfacet
  facet normal -0.946949 -0.321384 0
    outer loop
      vertex 36.7954 -24.2247 12.3
      vertex 36.9131 -24.5715 2.2
      vertex 36.9131 -24.5715 12.3
    endloop
  endfacet
  facet normal 0.659316 -0.751866 0
    outer loop
      vertex 41.2045 -25.7214 2.2
      vertex 41.4799 -25.4799 12.3
      vertex 41.2045 -25.7214 12.3
    endloop
  endfacet
  facet normal 0.659316 -0.751866 0
    outer loop
      vertex 41.4799 -25.4799 12.3
      vertex 41.2045 -25.7214 2.2
      vertex 41.4799 -25.4799 2.2
    endloop
  endfacet
  facet normal 0.321384 -0.946949 0
    outer loop
      vertex 40.2247 -26.2046 2.2
      vertex 40.5715 -26.0869 12.3
      vertex 40.2247 -26.2046 12.3
    endloop
  endfacet
  facet normal 0.321384 -0.946949 0
    outer loop
      vertex 40.5715 -26.0869 12.3
      vertex 40.2247 -26.2046 2.2
      vertex 40.5715 -26.0869 2.2
    endloop
  endfacet
  facet normal 0.896871 -0.442292 0
    outer loop
      vertex 41.9249 -24.9 12.3
      vertex 42.0869 -24.5715 2.2
      vertex 42.0869 -24.5715 12.3
    endloop
  endfacet
  facet normal 0.896871 -0.442292 0
    outer loop
      vertex 42.0869 -24.5715 2.2
      vertex 41.9249 -24.9 12.3
      vertex 41.9249 -24.9 2.2
    endloop
  endfacet
  facet normal 0.83142 -0.555645 0
    outer loop
      vertex 41.7214 -25.2045 12.3
      vertex 41.9249 -24.9 2.2
      vertex 41.9249 -24.9 12.3
    endloop
  endfacet
  facet normal 0.83142 -0.555645 0
    outer loop
      vertex 41.9249 -24.9 2.2
      vertex 41.7214 -25.2045 12.3
      vertex 41.7214 -25.2045 2.2
    endloop
  endfacet
  facet normal -0.0655224 -0.997851 0
    outer loop
      vertex 39.1345 -26.276 2.2
      vertex 39.5 -26.3 12.3
      vertex 39.1345 -26.276 12.3
    endloop
  endfacet
  facet normal -0.0655224 -0.997851 -0
    outer loop
      vertex 39.5 -26.3 12.3
      vertex 39.1345 -26.276 2.2
      vertex 39.5 -26.3 2.2
    endloop
  endfacet
  facet normal -0.321384 -0.946949 0
    outer loop
      vertex 38.4285 -26.0869 2.2
      vertex 38.7753 -26.2046 12.3
      vertex 38.4285 -26.0869 12.3
    endloop
  endfacet
  facet normal -0.321384 -0.946949 -0
    outer loop
      vertex 38.7753 -26.2046 12.3
      vertex 38.4285 -26.0869 2.2
      vertex 38.7753 -26.2046 2.2
    endloop
  endfacet
  facet normal -0.194961 -0.980811 0
    outer loop
      vertex 38.7753 -26.2046 2.2
      vertex 39.1345 -26.276 12.3
      vertex 38.7753 -26.2046 12.3
    endloop
  endfacet
  facet normal -0.194961 -0.980811 -0
    outer loop
      vertex 39.1345 -26.276 12.3
      vertex 38.7753 -26.2046 2.2
      vertex 39.1345 -26.276 2.2
    endloop
  endfacet
  facet normal -0.751866 -0.659316 0
    outer loop
      vertex 37.5201 -25.4799 2.2
      vertex 37.2786 -25.2045 12.3
      vertex 37.2786 -25.2045 2.2
    endloop
  endfacet
  facet normal -0.751866 -0.659316 0
    outer loop
      vertex 37.2786 -25.2045 12.3
      vertex 37.5201 -25.4799 2.2
      vertex 37.5201 -25.4799 12.3
    endloop
  endfacet
  facet normal -0.659316 -0.751866 0
    outer loop
      vertex 37.5201 -25.4799 2.2
      vertex 37.7955 -25.7214 12.3
      vertex 37.5201 -25.4799 12.3
    endloop
  endfacet
  facet normal -0.659316 -0.751866 -0
    outer loop
      vertex 37.7955 -25.7214 12.3
      vertex 37.5201 -25.4799 2.2
      vertex 37.7955 -25.7214 2.2
    endloop
  endfacet
  facet normal -0.980811 -0.194961 0
    outer loop
      vertex 36.7954 -24.2247 2.2
      vertex 36.724 -23.8655 12.3
      vertex 36.724 -23.8655 2.2
    endloop
  endfacet
  facet normal -0.980811 -0.194961 0
    outer loop
      vertex 36.724 -23.8655 12.3
      vertex 36.7954 -24.2247 2.2
      vertex 36.7954 -24.2247 12.3
    endloop
  endfacet
  facet normal -0.997851 -0.0655224 0
    outer loop
      vertex 36.724 -23.8655 2.2
      vertex 36.7 -23.5 12.3
      vertex 36.7 -23.5 2.2
    endloop
  endfacet
  facet normal -0.997851 -0.0655224 0
    outer loop
      vertex 36.7 -23.5 12.3
      vertex 36.724 -23.8655 2.2
      vertex 36.724 -23.8655 12.3
    endloop
  endfacet
  facet normal -0.555645 -0.83142 0
    outer loop
      vertex 37.7955 -25.7214 2.2
      vertex 38.1 -25.9249 12.3
      vertex 37.7955 -25.7214 12.3
    endloop
  endfacet
  facet normal -0.555645 -0.83142 -0
    outer loop
      vertex 38.1 -25.9249 12.3
      vertex 37.7955 -25.7214 2.2
      vertex 38.1 -25.9249 2.2
    endloop
  endfacet
  facet normal -0.83142 -0.555645 0
    outer loop
      vertex 37.2786 -25.2045 2.2
      vertex 37.0751 -24.9 12.3
      vertex 37.0751 -24.9 2.2
    endloop
  endfacet
  facet normal -0.83142 -0.555645 0
    outer loop
      vertex 37.0751 -24.9 12.3
      vertex 37.2786 -25.2045 2.2
      vertex 37.2786 -25.2045 12.3
    endloop
  endfacet
  facet normal -0.442292 -0.896871 0
    outer loop
      vertex 38.1 -25.9249 2.2
      vertex 38.4285 -26.0869 12.3
      vertex 38.1 -25.9249 12.3
    endloop
  endfacet
  facet normal -0.442292 -0.896871 -0
    outer loop
      vertex 38.4285 -26.0869 12.3
      vertex 38.1 -25.9249 2.2
      vertex 38.4285 -26.0869 2.2
    endloop
  endfacet
  facet normal 0.997851 0.0655224 0
    outer loop
      vertex 69.3 -23.5 12.3
      vertex 69.276 -23.1345 2.2
      vertex 69.276 -23.1345 12.3
    endloop
  endfacet
  facet normal 0.997851 0.0655224 0
    outer loop
      vertex 69.276 -23.1345 2.2
      vertex 69.3 -23.5 12.3
      vertex 69.3 -23.5 2.2
    endloop
  endfacet
  facet normal -0.997851 0.0655224 0
    outer loop
      vertex 63.7 -23.5 2.2
      vertex 63.724 -23.1345 12.3
      vertex 63.724 -23.1345 2.2
    endloop
  endfacet
  facet normal -0.997851 0.0655224 0
    outer loop
      vertex 63.724 -23.1345 12.3
      vertex 63.7 -23.5 2.2
      vertex 63.7 -23.5 12.3
    endloop
  endfacet
  facet normal -0.0655224 0.997851 0
    outer loop
      vertex 66.5 -20.7 2.2
      vertex 66.1345 -20.724 12.3
      vertex 66.5 -20.7 12.3
    endloop
  endfacet
  facet normal -0.0655224 0.997851 0
    outer loop
      vertex 66.1345 -20.724 12.3
      vertex 66.5 -20.7 2.2
      vertex 66.1345 -20.724 2.2
    endloop
  endfacet
  facet normal -0.0655224 -0.997851 0
    outer loop
      vertex 66.1345 -26.276 2.2
      vertex 66.5 -26.3 12.3
      vertex 66.1345 -26.276 12.3
    endloop
  endfacet
  facet normal -0.0655224 -0.997851 -0
    outer loop
      vertex 66.5 -26.3 12.3
      vertex 66.1345 -26.276 2.2
      vertex 66.5 -26.3 2.2
    endloop
  endfacet
  facet normal -0.751866 -0.659316 0
    outer loop
      vertex 64.5201 -25.4799 2.2
      vertex 64.2786 -25.2045 12.3
      vertex 64.2786 -25.2045 2.2
    endloop
  endfacet
  facet normal -0.751866 -0.659316 0
    outer loop
      vertex 64.2786 -25.2045 12.3
      vertex 64.5201 -25.4799 2.2
      vertex 64.5201 -25.4799 12.3
    endloop
  endfacet
  facet normal 0.659316 0.751866 -0
    outer loop
      vertex 68.4799 -21.5201 2.2
      vertex 68.2045 -21.2786 12.3
      vertex 68.4799 -21.5201 12.3
    endloop
  endfacet
  facet normal 0.659316 0.751866 0
    outer loop
      vertex 68.2045 -21.2786 12.3
      vertex 68.4799 -21.5201 2.2
      vertex 68.2045 -21.2786 2.2
    endloop
  endfacet
  facet normal -0.751866 0.659316 0
    outer loop
      vertex 64.2786 -21.7955 2.2
      vertex 64.5201 -21.5201 12.3
      vertex 64.5201 -21.5201 2.2
    endloop
  endfacet
  facet normal -0.751866 0.659316 0
    outer loop
      vertex 64.5201 -21.5201 12.3
      vertex 64.2786 -21.7955 2.2
      vertex 64.2786 -21.7955 12.3
    endloop
  endfacet
  facet normal -0.442292 0.896871 0
    outer loop
      vertex 65.4285 -20.9131 2.2
      vertex 65.1 -21.0751 12.3
      vertex 65.4285 -20.9131 12.3
    endloop
  endfacet
  facet normal -0.442292 0.896871 0
    outer loop
      vertex 65.1 -21.0751 12.3
      vertex 65.4285 -20.9131 2.2
      vertex 65.1 -21.0751 2.2
    endloop
  endfacet
  facet normal 0.896871 0.442292 0
    outer loop
      vertex 69.0869 -22.4285 12.3
      vertex 68.9249 -22.1 2.2
      vertex 68.9249 -22.1 12.3
    endloop
  endfacet
  facet normal 0.896871 0.442292 0
    outer loop
      vertex 68.9249 -22.1 2.2
      vertex 69.0869 -22.4285 12.3
      vertex 69.0869 -22.4285 2.2
    endloop
  endfacet
  facet normal 0.83142 0.555645 0
    outer loop
      vertex 68.9249 -22.1 12.3
      vertex 68.7214 -21.7955 2.2
      vertex 68.7214 -21.7955 12.3
    endloop
  endfacet
  facet normal 0.83142 0.555645 0
    outer loop
      vertex 68.7214 -21.7955 2.2
      vertex 68.9249 -22.1 12.3
      vertex 68.9249 -22.1 2.2
    endloop
  endfacet
  facet normal 0.321384 0.946949 -0
    outer loop
      vertex 67.5715 -20.9131 2.2
      vertex 67.2247 -20.7954 12.3
      vertex 67.5715 -20.9131 12.3
    endloop
  endfacet
  facet normal 0.321384 0.946949 0
    outer loop
      vertex 67.2247 -20.7954 12.3
      vertex 67.5715 -20.9131 2.2
      vertex 67.2247 -20.7954 2.2
    endloop
  endfacet
  facet normal 0.442292 0.896871 -0
    outer loop
      vertex 67.9 -21.0751 2.2
      vertex 67.5715 -20.9131 12.3
      vertex 67.9 -21.0751 12.3
    endloop
  endfacet
  facet normal 0.442292 0.896871 0
    outer loop
      vertex 67.5715 -20.9131 12.3
      vertex 67.9 -21.0751 2.2
      vertex 67.5715 -20.9131 2.2
    endloop
  endfacet
  facet normal -0.896871 0.442292 0
    outer loop
      vertex 63.9131 -22.4285 2.2
      vertex 64.0751 -22.1 12.3
      vertex 64.0751 -22.1 2.2
    endloop
  endfacet
  facet normal -0.896871 0.442292 0
    outer loop
      vertex 64.0751 -22.1 12.3
      vertex 63.9131 -22.4285 2.2
      vertex 63.9131 -22.4285 12.3
    endloop
  endfacet
  facet normal -0.83142 0.555645 0
    outer loop
      vertex 64.0751 -22.1 2.2
      vertex 64.2786 -21.7955 12.3
      vertex 64.2786 -21.7955 2.2
    endloop
  endfacet
  facet normal -0.83142 0.555645 0
    outer loop
      vertex 64.2786 -21.7955 12.3
      vertex 64.0751 -22.1 2.2
      vertex 64.0751 -22.1 12.3
    endloop
  endfacet
  facet normal -0.946949 0.321384 0
    outer loop
      vertex 63.7954 -22.7753 2.2
      vertex 63.9131 -22.4285 12.3
      vertex 63.9131 -22.4285 2.2
    endloop
  endfacet
  facet normal -0.946949 0.321384 0
    outer loop
      vertex 63.9131 -22.4285 12.3
      vertex 63.7954 -22.7753 2.2
      vertex 63.7954 -22.7753 12.3
    endloop
  endfacet
  facet normal -0.555645 0.83142 0
    outer loop
      vertex 65.1 -21.0751 2.2
      vertex 64.7955 -21.2786 12.3
      vertex 65.1 -21.0751 12.3
    endloop
  endfacet
  facet normal -0.555645 0.83142 0
    outer loop
      vertex 64.7955 -21.2786 12.3
      vertex 65.1 -21.0751 2.2
      vertex 64.7955 -21.2786 2.2
    endloop
  endfacet
  facet normal -0.321384 0.946949 0
    outer loop
      vertex 65.7753 -20.7954 2.2
      vertex 65.4285 -20.9131 12.3
      vertex 65.7753 -20.7954 12.3
    endloop
  endfacet
  facet normal -0.321384 0.946949 0
    outer loop
      vertex 65.4285 -20.9131 12.3
      vertex 65.7753 -20.7954 2.2
      vertex 65.4285 -20.9131 2.2
    endloop
  endfacet
  facet normal -0.659316 -0.751866 0
    outer loop
      vertex 64.5201 -25.4799 2.2
      vertex 64.7955 -25.7214 12.3
      vertex 64.5201 -25.4799 12.3
    endloop
  endfacet
  facet normal -0.659316 -0.751866 -0
    outer loop
      vertex 64.7955 -25.7214 12.3
      vertex 64.5201 -25.4799 2.2
      vertex 64.7955 -25.7214 2.2
    endloop
  endfacet
  facet normal -0.321384 -0.946949 0
    outer loop
      vertex 65.4285 -26.0869 2.2
      vertex 65.7753 -26.2046 12.3
      vertex 65.4285 -26.0869 12.3
    endloop
  endfacet
  facet normal -0.321384 -0.946949 -0
    outer loop
      vertex 65.7753 -26.2046 12.3
      vertex 65.4285 -26.0869 2.2
      vertex 65.7753 -26.2046 2.2
    endloop
  endfacet
  facet normal 0.946949 0.321384 0
    outer loop
      vertex 69.2046 -22.7753 12.3
      vertex 69.0869 -22.4285 2.2
      vertex 69.0869 -22.4285 12.3
    endloop
  endfacet
  facet normal 0.946949 0.321384 0
    outer loop
      vertex 69.0869 -22.4285 2.2
      vertex 69.2046 -22.7753 12.3
      vertex 69.2046 -22.7753 2.2
    endloop
  endfacet
  facet normal 0.980811 0.194961 0
    outer loop
      vertex 69.276 -23.1345 12.3
      vertex 69.2046 -22.7753 2.2
      vertex 69.2046 -22.7753 12.3
    endloop
  endfacet
  facet normal 0.980811 0.194961 0
    outer loop
      vertex 69.2046 -22.7753 2.2
      vertex 69.276 -23.1345 12.3
      vertex 69.276 -23.1345 2.2
    endloop
  endfacet
  facet normal 0.751866 0.659316 0
    outer loop
      vertex 68.7214 -21.7955 12.3
      vertex 68.4799 -21.5201 2.2
      vertex 68.4799 -21.5201 12.3
    endloop
  endfacet
  facet normal 0.751866 0.659316 0
    outer loop
      vertex 68.4799 -21.5201 2.2
      vertex 68.7214 -21.7955 12.3
      vertex 68.7214 -21.7955 2.2
    endloop
  endfacet
  facet normal 0.194961 0.980811 -0
    outer loop
      vertex 67.2247 -20.7954 2.2
      vertex 66.8655 -20.724 12.3
      vertex 67.2247 -20.7954 12.3
    endloop
  endfacet
  facet normal 0.194961 0.980811 0
    outer loop
      vertex 66.8655 -20.724 12.3
      vertex 67.2247 -20.7954 2.2
      vertex 66.8655 -20.724 2.2
    endloop
  endfacet
  facet normal 0.0655224 0.997851 -0
    outer loop
      vertex 66.8655 -20.724 2.2
      vertex 66.5 -20.7 12.3
      vertex 66.8655 -20.724 12.3
    endloop
  endfacet
  facet normal 0.0655224 0.997851 0
    outer loop
      vertex 66.5 -20.7 12.3
      vertex 66.8655 -20.724 2.2
      vertex 66.5 -20.7 2.2
    endloop
  endfacet
  facet normal 0.555645 0.83142 -0
    outer loop
      vertex 68.2045 -21.2786 2.2
      vertex 67.9 -21.0751 12.3
      vertex 68.2045 -21.2786 12.3
    endloop
  endfacet
  facet normal 0.555645 0.83142 0
    outer loop
      vertex 67.9 -21.0751 12.3
      vertex 68.2045 -21.2786 2.2
      vertex 67.9 -21.0751 2.2
    endloop
  endfacet
  facet normal -0.980811 0.194961 0
    outer loop
      vertex 63.724 -23.1345 2.2
      vertex 63.7954 -22.7753 12.3
      vertex 63.7954 -22.7753 2.2
    endloop
  endfacet
  facet normal -0.980811 0.194961 0
    outer loop
      vertex 63.7954 -22.7753 12.3
      vertex 63.724 -23.1345 2.2
      vertex 63.724 -23.1345 12.3
    endloop
  endfacet
  facet normal -0.659316 0.751866 0
    outer loop
      vertex 64.7955 -21.2786 2.2
      vertex 64.5201 -21.5201 12.3
      vertex 64.7955 -21.2786 12.3
    endloop
  endfacet
  facet normal -0.659316 0.751866 0
    outer loop
      vertex 64.5201 -21.5201 12.3
      vertex 64.7955 -21.2786 2.2
      vertex 64.5201 -21.5201 2.2
    endloop
  endfacet
  facet normal -0.194961 0.980811 0
    outer loop
      vertex 66.1345 -20.724 2.2
      vertex 65.7753 -20.7954 12.3
      vertex 66.1345 -20.724 12.3
    endloop
  endfacet
  facet normal -0.194961 0.980811 0
    outer loop
      vertex 65.7753 -20.7954 12.3
      vertex 66.1345 -20.724 2.2
      vertex 65.7753 -20.7954 2.2
    endloop
  endfacet
  facet normal 0.0655224 -0.997851 0
    outer loop
      vertex 66.5 -26.3 2.2
      vertex 66.8655 -26.276 12.3
      vertex 66.5 -26.3 12.3
    endloop
  endfacet
  facet normal 0.0655224 -0.997851 0
    outer loop
      vertex 66.8655 -26.276 12.3
      vertex 66.5 -26.3 2.2
      vertex 66.8655 -26.276 2.2
    endloop
  endfacet
  facet normal 0.321384 -0.946949 0
    outer loop
      vertex 67.2247 -26.2046 2.2
      vertex 67.5715 -26.0869 12.3
      vertex 67.2247 -26.2046 12.3
    endloop
  endfacet
  facet normal 0.321384 -0.946949 0
    outer loop
      vertex 67.5715 -26.0869 12.3
      vertex 67.2247 -26.2046 2.2
      vertex 67.5715 -26.0869 2.2
    endloop
  endfacet
  facet normal 0.659316 -0.751866 0
    outer loop
      vertex 68.2045 -25.7214 2.2
      vertex 68.4799 -25.4799 12.3
      vertex 68.2045 -25.7214 12.3
    endloop
  endfacet
  facet normal 0.659316 -0.751866 0
    outer loop
      vertex 68.4799 -25.4799 12.3
      vertex 68.2045 -25.7214 2.2
      vertex 68.4799 -25.4799 2.2
    endloop
  endfacet
  facet normal 0.442292 -0.896871 0
    outer loop
      vertex 67.5715 -26.0869 2.2
      vertex 67.9 -25.9249 12.3
      vertex 67.5715 -26.0869 12.3
    endloop
  endfacet
  facet normal 0.442292 -0.896871 0
    outer loop
      vertex 67.9 -25.9249 12.3
      vertex 67.5715 -26.0869 2.2
      vertex 67.9 -25.9249 2.2
    endloop
  endfacet
  facet normal 0.946949 -0.321384 0
    outer loop
      vertex 69.0869 -24.5715 12.3
      vertex 69.2046 -24.2247 2.2
      vertex 69.2046 -24.2247 12.3
    endloop
  endfacet
  facet normal 0.946949 -0.321384 0
    outer loop
      vertex 69.2046 -24.2247 2.2
      vertex 69.0869 -24.5715 12.3
      vertex 69.0869 -24.5715 2.2
    endloop
  endfacet
  facet normal 0.83142 -0.555645 0
    outer loop
      vertex 68.7214 -25.2045 12.3
      vertex 68.9249 -24.9 2.2
      vertex 68.9249 -24.9 12.3
    endloop
  endfacet
  facet normal 0.83142 -0.555645 0
    outer loop
      vertex 68.9249 -24.9 2.2
      vertex 68.7214 -25.2045 12.3
      vertex 68.7214 -25.2045 2.2
    endloop
  endfacet
  facet normal -0.555645 -0.83142 0
    outer loop
      vertex 64.7955 -25.7214 2.2
      vertex 65.1 -25.9249 12.3
      vertex 64.7955 -25.7214 12.3
    endloop
  endfacet
  facet normal -0.555645 -0.83142 -0
    outer loop
      vertex 65.1 -25.9249 12.3
      vertex 64.7955 -25.7214 2.2
      vertex 65.1 -25.9249 2.2
    endloop
  endfacet
  facet normal -0.194961 -0.980811 0
    outer loop
      vertex 65.7753 -26.2046 2.2
      vertex 66.1345 -26.276 12.3
      vertex 65.7753 -26.2046 12.3
    endloop
  endfacet
  facet normal -0.194961 -0.980811 -0
    outer loop
      vertex 66.1345 -26.276 12.3
      vertex 65.7753 -26.2046 2.2
      vertex 66.1345 -26.276 2.2
    endloop
  endfacet
  facet normal -0.896871 -0.442292 0
    outer loop
      vertex 64.0751 -24.9 2.2
      vertex 63.9131 -24.5715 12.3
      vertex 63.9131 -24.5715 2.2
    endloop
  endfacet
  facet normal -0.896871 -0.442292 0
    outer loop
      vertex 63.9131 -24.5715 12.3
      vertex 64.0751 -24.9 2.2
      vertex 64.0751 -24.9 12.3
    endloop
  endfacet
  facet normal -0.946949 -0.321384 0
    outer loop
      vertex 63.9131 -24.5715 2.2
      vertex 63.7954 -24.2247 12.3
      vertex 63.7954 -24.2247 2.2
    endloop
  endfacet
  facet normal -0.946949 -0.321384 0
    outer loop
      vertex 63.7954 -24.2247 12.3
      vertex 63.9131 -24.5715 2.2
      vertex 63.9131 -24.5715 12.3
    endloop
  endfacet
  facet normal -0.997851 -0.0655224 0
    outer loop
      vertex 63.724 -23.8655 2.2
      vertex 63.7 -23.5 12.3
      vertex 63.7 -23.5 2.2
    endloop
  endfacet
  facet normal -0.997851 -0.0655224 0
    outer loop
      vertex 63.7 -23.5 12.3
      vertex 63.724 -23.8655 2.2
      vertex 63.724 -23.8655 12.3
    endloop
  endfacet
  facet normal 0.194961 -0.980811 0
    outer loop
      vertex 66.8655 -26.276 2.2
      vertex 67.2247 -26.2046 12.3
      vertex 66.8655 -26.276 12.3
    endloop
  endfacet
  facet normal 0.194961 -0.980811 0
    outer loop
      vertex 67.2247 -26.2046 12.3
      vertex 66.8655 -26.276 2.2
      vertex 67.2247 -26.2046 2.2
    endloop
  endfacet
  facet normal 0.751866 -0.659316 0
    outer loop
      vertex 68.4799 -25.4799 12.3
      vertex 68.7214 -25.2045 2.2
      vertex 68.7214 -25.2045 12.3
    endloop
  endfacet
  facet normal 0.751866 -0.659316 0
    outer loop
      vertex 68.7214 -25.2045 2.2
      vertex 68.4799 -25.4799 12.3
      vertex 68.4799 -25.4799 2.2
    endloop
  endfacet
  facet normal 0.555645 -0.83142 0
    outer loop
      vertex 67.9 -25.9249 2.2
      vertex 68.2045 -25.7214 12.3
      vertex 67.9 -25.9249 12.3
    endloop
  endfacet
  facet normal 0.555645 -0.83142 0
    outer loop
      vertex 68.2045 -25.7214 12.3
      vertex 67.9 -25.9249 2.2
      vertex 68.2045 -25.7214 2.2
    endloop
  endfacet
  facet normal 0.980811 -0.194961 0
    outer loop
      vertex 69.2046 -24.2247 12.3
      vertex 69.276 -23.8655 2.2
      vertex 69.276 -23.8655 12.3
    endloop
  endfacet
  facet normal 0.980811 -0.194961 0
    outer loop
      vertex 69.276 -23.8655 2.2
      vertex 69.2046 -24.2247 12.3
      vertex 69.2046 -24.2247 2.2
    endloop
  endfacet
  facet normal 0.896871 -0.442292 0
    outer loop
      vertex 68.9249 -24.9 12.3
      vertex 69.0869 -24.5715 2.2
      vertex 69.0869 -24.5715 12.3
    endloop
  endfacet
  facet normal 0.896871 -0.442292 0
    outer loop
      vertex 69.0869 -24.5715 2.2
      vertex 68.9249 -24.9 12.3
      vertex 68.9249 -24.9 2.2
    endloop
  endfacet
  facet normal -0.442292 -0.896871 0
    outer loop
      vertex 65.1 -25.9249 2.2
      vertex 65.4285 -26.0869 12.3
      vertex 65.1 -25.9249 12.3
    endloop
  endfacet
  facet normal -0.442292 -0.896871 -0
    outer loop
      vertex 65.4285 -26.0869 12.3
      vertex 65.1 -25.9249 2.2
      vertex 65.4285 -26.0869 2.2
    endloop
  endfacet
  facet normal -0.83142 -0.555645 0
    outer loop
      vertex 64.2786 -25.2045 2.2
      vertex 64.0751 -24.9 12.3
      vertex 64.0751 -24.9 2.2
    endloop
  endfacet
  facet normal -0.83142 -0.555645 0
    outer loop
      vertex 64.0751 -24.9 12.3
      vertex 64.2786 -25.2045 2.2
      vertex 64.2786 -25.2045 12.3
    endloop
  endfacet
  facet normal -0.980811 -0.194961 0
    outer loop
      vertex 63.7954 -24.2247 2.2
      vertex 63.724 -23.8655 12.3
      vertex 63.724 -23.8655 2.2
    endloop
  endfacet
  facet normal -0.980811 -0.194961 0
    outer loop
      vertex 63.724 -23.8655 12.3
      vertex 63.7954 -24.2247 2.2
      vertex 63.7954 -24.2247 12.3
    endloop
  endfacet
  facet normal 0 0 1
    outer loop
      vertex 67.7 -23.5 12.3
      vertex 69.3 -23.5 12.3
      vertex 69.276 -23.1345 12.3
    endloop
  endfacet
  facet normal 0 0 1
    outer loop
      vertex 67.6897 -23.3434 12.3
      vertex 69.276 -23.1345 12.3
      vertex 69.2046 -22.7753 12.3
    endloop
  endfacet
  facet normal 0 0 1
    outer loop
      vertex 69.3 -23.5 12.3
      vertex 67.7 -23.5 12.3
      vertex 69.276 -23.8655 12.3
    endloop
  endfacet
  facet normal 0 0 1
    outer loop
      vertex 67.6591 -23.1894 12.3
      vertex 69.2046 -22.7753 12.3
      vertex 69.0869 -22.4285 12.3
    endloop
  endfacet
  facet normal -0 0 1
    outer loop
      vertex 67.6897 -23.6566 12.3
      vertex 69.276 -23.8655 12.3
      vertex 67.7 -23.5 12.3
    endloop
  endfacet
  facet normal 0 0 1
    outer loop
      vertex 67.6087 -23.0408 12.3
      vertex 69.0869 -22.4285 12.3
      vertex 68.9249 -22.1 12.3
    endloop
  endfacet
  facet normal 0 0 1
    outer loop
      vertex 69.276 -23.8655 12.3
      vertex 67.6897 -23.6566 12.3
      vertex 69.2046 -24.2247 12.3
    endloop
  endfacet
  facet normal 0 0 1
    outer loop
      vertex 67.5392 -22.9 12.3
      vertex 68.9249 -22.1 12.3
      vertex 68.7214 -21.7955 12.3
    endloop
  endfacet
  facet normal -0 0 1
    outer loop
      vertex 67.6591 -23.8106 12.3
      vertex 69.2046 -24.2247 12.3
      vertex 67.6897 -23.6566 12.3
    endloop
  endfacet
  facet normal 0 0 1
    outer loop
      vertex 67.452 -22.7695 12.3
      vertex 68.7214 -21.7955 12.3
      vertex 68.4799 -21.5201 12.3
    endloop
  endfacet
  facet normal 0 0 1
    outer loop
      vertex 69.2046 -24.2247 12.3
      vertex 67.6591 -23.8106 12.3
      vertex 69.0869 -24.5715 12.3
    endloop
  endfacet
  facet normal 0 0 1
    outer loop
      vertex 67.3485 -22.6515 12.3
      vertex 68.4799 -21.5201 12.3
      vertex 68.2045 -21.2786 12.3
    endloop
  endfacet
  facet normal -0 0 1
    outer loop
      vertex 67.6087 -23.9592 12.3
      vertex 69.0869 -24.5715 12.3
      vertex 67.6591 -23.8106 12.3
    endloop
  endfacet
  facet normal 0 0 1
    outer loop
      vertex 67.2305 -22.548 12.3
      vertex 68.2045 -21.2786 12.3
      vertex 67.9 -21.0751 12.3
    endloop
  endfacet
  facet normal 0 0 1
    outer loop
      vertex 69.0869 -24.5715 12.3
      vertex 67.6087 -23.9592 12.3
      vertex 68.9249 -24.9 12.3
    endloop
  endfacet
  facet normal -0 0 1
    outer loop
      vertex 67.5392 -24.1 12.3
      vertex 68.9249 -24.9 12.3
      vertex 67.6087 -23.9592 12.3
    endloop
  endfacet
  facet normal 0 0 1
    outer loop
      vertex 69.276 -23.1345 12.3
      vertex 67.6897 -23.3434 12.3
      vertex 67.7 -23.5 12.3
    endloop
  endfacet
  facet normal 0 0 1
    outer loop
      vertex 69.2046 -22.7753 12.3
      vertex 67.6591 -23.1894 12.3
      vertex 67.6897 -23.3434 12.3
    endloop
  endfacet
  facet normal 0 0 1
    outer loop
      vertex 69.0869 -22.4285 12.3
      vertex 67.6087 -23.0408 12.3
      vertex 67.6591 -23.1894 12.3
    endloop
  endfacet
  facet normal 0 0 1
    outer loop
      vertex 67.1 -22.4608 12.3
      vertex 67.9 -21.0751 12.3
      vertex 67.5715 -20.9131 12.3
    endloop
  endfacet
  facet normal 0 0 1
    outer loop
      vertex 68.9249 -22.1 12.3
      vertex 67.5392 -22.9 12.3
      vertex 67.6087 -23.0408 12.3
    endloop
  endfacet
  facet normal 0 0 1
    outer loop
      vertex 68.7214 -21.7955 12.3
      vertex 67.452 -22.7695 12.3
      vertex 67.5392 -22.9 12.3
    endloop
  endfacet
  facet normal 0 0 1
    outer loop
      vertex 68.4799 -21.5201 12.3
      vertex 67.3485 -22.6515 12.3
      vertex 67.452 -22.7695 12.3
    endloop
  endfacet
  facet normal 0 0 1
    outer loop
      vertex 68.2045 -21.2786 12.3
      vertex 67.2305 -22.548 12.3
      vertex 67.3485 -22.6515 12.3
    endloop
  endfacet
  facet normal 0 0 1
    outer loop
      vertex 66.9592 -22.3913 12.3
      vertex 67.5715 -20.9131 12.3
      vertex 67.2247 -20.7954 12.3
    endloop
  endfacet
  facet normal 0 0 1
    outer loop
      vertex 67.9 -21.0751 12.3
      vertex 67.1 -22.4608 12.3
      vertex 67.2305 -22.548 12.3
    endloop
  endfacet
  facet normal 0 0 1
    outer loop
      vertex 67.5715 -20.9131 12.3
      vertex 66.9592 -22.3913 12.3
      vertex 67.1 -22.4608 12.3
    endloop
  endfacet
  facet normal 0 0 1
    outer loop
      vertex 66.8106 -22.3409 12.3
      vertex 67.2247 -20.7954 12.3
      vertex 66.8655 -20.724 12.3
    endloop
  endfacet
  facet normal 0 0 1
    outer loop
      vertex 67.2247 -20.7954 12.3
      vertex 66.8106 -22.3409 12.3
      vertex 66.9592 -22.3913 12.3
    endloop
  endfacet
  facet normal 0 0 1
    outer loop
      vertex 66.8655 -20.724 12.3
      vertex 66.6566 -22.3103 12.3
      vertex 66.8106 -22.3409 12.3
    endloop
  endfacet
  facet normal 0 0 1
    outer loop
      vertex 66.5 -20.7 12.3
      vertex 66.6566 -22.3103 12.3
      vertex 66.8655 -20.724 12.3
    endloop
  endfacet
  facet normal 0 0 1
    outer loop
      vertex 66.5 -20.7 12.3
      vertex 66.5 -22.3 12.3
      vertex 66.6566 -22.3103 12.3
    endloop
  endfacet
  facet normal 0 0 1
    outer loop
      vertex 66.5 -20.7 12.3
      vertex 66.3434 -22.3103 12.3
      vertex 66.5 -22.3 12.3
    endloop
  endfacet
  facet normal -0 0 1
    outer loop
      vertex 66.1345 -20.724 12.3
      vertex 66.3434 -22.3103 12.3
      vertex 66.5 -20.7 12.3
    endloop
  endfacet
  facet normal 0 0 1
    outer loop
      vertex 66.3434 -22.3103 12.3
      vertex 66.1345 -20.724 12.3
      vertex 66.1894 -22.3409 12.3
    endloop
  endfacet
  facet normal -0 0 1
    outer loop
      vertex 65.7753 -20.7954 12.3
      vertex 66.1894 -22.3409 12.3
      vertex 66.1345 -20.724 12.3
    endloop
  endfacet
  facet normal 0 0 1
    outer loop
      vertex 66.1894 -22.3409 12.3
      vertex 65.7753 -20.7954 12.3
      vertex 66.0408 -22.3913 12.3
    endloop
  endfacet
  facet normal -0 0 1
    outer loop
      vertex 65.4285 -20.9131 12.3
      vertex 66.0408 -22.3913 12.3
      vertex 65.7753 -20.7954 12.3
    endloop
  endfacet
  facet normal 0 0 1
    outer loop
      vertex 66.0408 -22.3913 12.3
      vertex 65.4285 -20.9131 12.3
      vertex 65.9 -22.4608 12.3
    endloop
  endfacet
  facet normal -0 0 1
    outer loop
      vertex 65.1 -21.0751 12.3
      vertex 65.9 -22.4608 12.3
      vertex 65.4285 -20.9131 12.3
    endloop
  endfacet
  facet normal 0 0 1
    outer loop
      vertex 65.9 -22.4608 12.3
      vertex 65.1 -21.0751 12.3
      vertex 65.7695 -22.548 12.3
    endloop
  endfacet
  facet normal -0 0 1
    outer loop
      vertex 64.7955 -21.2786 12.3
      vertex 65.7695 -22.548 12.3
      vertex 65.1 -21.0751 12.3
    endloop
  endfacet
  facet normal 0 0 1
    outer loop
      vertex 65.7695 -22.548 12.3
      vertex 64.7955 -21.2786 12.3
      vertex 65.6515 -22.6515 12.3
    endloop
  endfacet
  facet normal -0 0 1
    outer loop
      vertex 64.5201 -21.5201 12.3
      vertex 65.6515 -22.6515 12.3
      vertex 64.7955 -21.2786 12.3
    endloop
  endfacet
  facet normal 0 0 1
    outer loop
      vertex 65.6515 -22.6515 12.3
      vertex 64.5201 -21.5201 12.3
      vertex 65.548 -22.7695 12.3
    endloop
  endfacet
  facet normal -0 0 1
    outer loop
      vertex 64.2786 -21.7955 12.3
      vertex 65.548 -22.7695 12.3
      vertex 64.5201 -21.5201 12.3
    endloop
  endfacet
  facet normal 0 0 1
    outer loop
      vertex 65.548 -22.7695 12.3
      vertex 64.2786 -21.7955 12.3
      vertex 65.4608 -22.9 12.3
    endloop
  endfacet
  facet normal -0 0 1
    outer loop
      vertex 64.0751 -22.1 12.3
      vertex 65.4608 -22.9 12.3
      vertex 64.2786 -21.7955 12.3
    endloop
  endfacet
  facet normal 0 0 1
    outer loop
      vertex 68.9249 -24.9 12.3
      vertex 67.5392 -24.1 12.3
      vertex 68.7214 -25.2045 12.3
    endloop
  endfacet
  facet normal -0 0 1
    outer loop
      vertex 67.452 -24.2305 12.3
      vertex 68.7214 -25.2045 12.3
      vertex 67.5392 -24.1 12.3
    endloop
  endfacet
  facet normal 0 0 1
    outer loop
      vertex 68.7214 -25.2045 12.3
      vertex 67.452 -24.2305 12.3
      vertex 68.4799 -25.4799 12.3
    endloop
  endfacet
  facet normal -0 0 1
    outer loop
      vertex 67.3485 -24.3485 12.3
      vertex 68.4799 -25.4799 12.3
      vertex 67.452 -24.2305 12.3
    endloop
  endfacet
  facet normal 0 0 1
    outer loop
      vertex 68.4799 -25.4799 12.3
      vertex 67.3485 -24.3485 12.3
      vertex 68.2045 -25.7214 12.3
    endloop
  endfacet
  facet normal -0 0 1
    outer loop
      vertex 67.2305 -24.452 12.3
      vertex 68.2045 -25.7214 12.3
      vertex 67.3485 -24.3485 12.3
    endloop
  endfacet
  facet normal 0 0 1
    outer loop
      vertex 68.2045 -25.7214 12.3
      vertex 67.2305 -24.452 12.3
      vertex 67.9 -25.9249 12.3
    endloop
  endfacet
  facet normal -0 0 1
    outer loop
      vertex 67.1 -24.5392 12.3
      vertex 67.9 -25.9249 12.3
      vertex 67.2305 -24.452 12.3
    endloop
  endfacet
  facet normal 0 0 1
    outer loop
      vertex 67.9 -25.9249 12.3
      vertex 67.1 -24.5392 12.3
      vertex 67.5715 -26.0869 12.3
    endloop
  endfacet
  facet normal -0 0 1
    outer loop
      vertex 66.9592 -24.6087 12.3
      vertex 67.5715 -26.0869 12.3
      vertex 67.1 -24.5392 12.3
    endloop
  endfacet
  facet normal 0 0 1
    outer loop
      vertex 67.5715 -26.0869 12.3
      vertex 66.9592 -24.6087 12.3
      vertex 67.2247 -26.2046 12.3
    endloop
  endfacet
  facet normal -0 0 1
    outer loop
      vertex 66.8106 -24.6591 12.3
      vertex 67.2247 -26.2046 12.3
      vertex 66.9592 -24.6087 12.3
    endloop
  endfacet
  facet normal 0 0 1
    outer loop
      vertex 67.2247 -26.2046 12.3
      vertex 66.8106 -24.6591 12.3
      vertex 66.8655 -26.276 12.3
    endloop
  endfacet
  facet normal -0 0 1
    outer loop
      vertex 66.6566 -24.6897 12.3
      vertex 66.8655 -26.276 12.3
      vertex 66.8106 -24.6591 12.3
    endloop
  endfacet
  facet normal -0 0 1
    outer loop
      vertex 66.5 -24.7 12.3
      vertex 66.8655 -26.276 12.3
      vertex 66.6566 -24.6897 12.3
    endloop
  endfacet
  facet normal 0 0 1
    outer loop
      vertex 66.5 -24.7 12.3
      vertex 66.5 -26.3 12.3
      vertex 66.8655 -26.276 12.3
    endloop
  endfacet
  facet normal 0 0 1
    outer loop
      vertex 66.3434 -24.6897 12.3
      vertex 66.5 -26.3 12.3
      vertex 66.5 -24.7 12.3
    endloop
  endfacet
  facet normal 0 0 1
    outer loop
      vertex 66.1345 -26.276 12.3
      vertex 66.3434 -24.6897 12.3
      vertex 66.1894 -24.6591 12.3
    endloop
  endfacet
  facet normal 0 0 1
    outer loop
      vertex 66.3434 -24.6897 12.3
      vertex 66.1345 -26.276 12.3
      vertex 66.5 -26.3 12.3
    endloop
  endfacet
  facet normal 0 0 1
    outer loop
      vertex 65.7753 -26.2046 12.3
      vertex 66.1894 -24.6591 12.3
      vertex 66.0408 -24.6087 12.3
    endloop
  endfacet
  facet normal 0 0 1
    outer loop
      vertex 65.4285 -26.0869 12.3
      vertex 66.0408 -24.6087 12.3
      vertex 65.9 -24.5392 12.3
    endloop
  endfacet
  facet normal 0 0 1
    outer loop
      vertex 66.1894 -24.6591 12.3
      vertex 65.7753 -26.2046 12.3
      vertex 66.1345 -26.276 12.3
    endloop
  endfacet
  facet normal 0 0 1
    outer loop
      vertex 65.1 -25.9249 12.3
      vertex 65.9 -24.5392 12.3
      vertex 65.7695 -24.452 12.3
    endloop
  endfacet
  facet normal 0 0 1
    outer loop
      vertex 64.7955 -25.7214 12.3
      vertex 65.7695 -24.452 12.3
      vertex 65.6515 -24.3485 12.3
    endloop
  endfacet
  facet normal 0 0 1
    outer loop
      vertex 64.5201 -25.4799 12.3
      vertex 65.6515 -24.3485 12.3
      vertex 65.548 -24.2305 12.3
    endloop
  endfacet
  facet normal 0 0 1
    outer loop
      vertex 64.2786 -25.2045 12.3
      vertex 65.548 -24.2305 12.3
      vertex 65.4608 -24.1 12.3
    endloop
  endfacet
  facet normal 0 0 1
    outer loop
      vertex 66.0408 -24.6087 12.3
      vertex 65.4285 -26.0869 12.3
      vertex 65.7753 -26.2046 12.3
    endloop
  endfacet
  facet normal 0 0 1
    outer loop
      vertex 64.0751 -24.9 12.3
      vertex 65.4608 -24.1 12.3
      vertex 65.3913 -23.9592 12.3
    endloop
  endfacet
  facet normal 0 0 1
    outer loop
      vertex 63.9131 -24.5715 12.3
      vertex 65.3913 -23.9592 12.3
      vertex 65.3409 -23.8106 12.3
    endloop
  endfacet
  facet normal 0 0 1
    outer loop
      vertex 63.7954 -24.2247 12.3
      vertex 65.3409 -23.8106 12.3
      vertex 65.3103 -23.6566 12.3
    endloop
  endfacet
  facet normal 0 0 1
    outer loop
      vertex 63.724 -23.8655 12.3
      vertex 65.3103 -23.6566 12.3
      vertex 65.3 -23.5 12.3
    endloop
  endfacet
  facet normal 0 0 1
    outer loop
      vertex 65.4608 -22.9 12.3
      vertex 64.0751 -22.1 12.3
      vertex 65.3913 -23.0408 12.3
    endloop
  endfacet
  facet normal 0 0 1
    outer loop
      vertex 65.9 -24.5392 12.3
      vertex 65.1 -25.9249 12.3
      vertex 65.4285 -26.0869 12.3
    endloop
  endfacet
  facet normal -0 0 1
    outer loop
      vertex 63.9131 -22.4285 12.3
      vertex 65.3913 -23.0408 12.3
      vertex 64.0751 -22.1 12.3
    endloop
  endfacet
  facet normal 0 0 1
    outer loop
      vertex 65.7695 -24.452 12.3
      vertex 64.7955 -25.7214 12.3
      vertex 65.1 -25.9249 12.3
    endloop
  endfacet
  facet normal 0 0 1
    outer loop
      vertex 65.3913 -23.0408 12.3
      vertex 63.9131 -22.4285 12.3
      vertex 65.3409 -23.1894 12.3
    endloop
  endfacet
  facet normal 0 0 1
    outer loop
      vertex 65.6515 -24.3485 12.3
      vertex 64.5201 -25.4799 12.3
      vertex 64.7955 -25.7214 12.3
    endloop
  endfacet
  facet normal -0 0 1
    outer loop
      vertex 63.7954 -22.7753 12.3
      vertex 65.3409 -23.1894 12.3
      vertex 63.9131 -22.4285 12.3
    endloop
  endfacet
  facet normal 0 0 1
    outer loop
      vertex 65.548 -24.2305 12.3
      vertex 64.2786 -25.2045 12.3
      vertex 64.5201 -25.4799 12.3
    endloop
  endfacet
  facet normal 0 0 1
    outer loop
      vertex 65.3409 -23.1894 12.3
      vertex 63.7954 -22.7753 12.3
      vertex 65.3103 -23.3434 12.3
    endloop
  endfacet
  facet normal 0 0 1
    outer loop
      vertex 65.4608 -24.1 12.3
      vertex 64.0751 -24.9 12.3
      vertex 64.2786 -25.2045 12.3
    endloop
  endfacet
  facet normal -0 0 1
    outer loop
      vertex 63.724 -23.1345 12.3
      vertex 65.3103 -23.3434 12.3
      vertex 63.7954 -22.7753 12.3
    endloop
  endfacet
  facet normal 0 0 1
    outer loop
      vertex 65.3913 -23.9592 12.3
      vertex 63.9131 -24.5715 12.3
      vertex 64.0751 -24.9 12.3
    endloop
  endfacet
  facet normal 0 0 1
    outer loop
      vertex 65.3103 -23.3434 12.3
      vertex 63.724 -23.1345 12.3
      vertex 65.3 -23.5 12.3
    endloop
  endfacet
  facet normal 0 0 1
    outer loop
      vertex 65.3409 -23.8106 12.3
      vertex 63.7954 -24.2247 12.3
      vertex 63.9131 -24.5715 12.3
    endloop
  endfacet
  facet normal 0 0 1
    outer loop
      vertex 63.7 -23.5 12.3
      vertex 65.3 -23.5 12.3
      vertex 63.724 -23.1345 12.3
    endloop
  endfacet
  facet normal 0 0 1
    outer loop
      vertex 65.3103 -23.6566 12.3
      vertex 63.724 -23.8655 12.3
      vertex 63.7954 -24.2247 12.3
    endloop
  endfacet
  facet normal 0 0 1
    outer loop
      vertex 65.3 -23.5 12.3
      vertex 63.7 -23.5 12.3
      vertex 63.724 -23.8655 12.3
    endloop
  endfacet
  facet normal 0.997851 -0.0655224 0
    outer loop
      vertex 69.276 -23.8655 12.3
      vertex 69.3 -23.5 2.2
      vertex 69.3 -23.5 12.3
    endloop
  endfacet
  facet normal 0.997851 -0.0655224 0
    outer loop
      vertex 69.3 -23.5 2.2
      vertex 69.276 -23.8655 12.3
      vertex 69.276 -23.8655 2.2
    endloop
  endfacet
  facet normal -0.997855 -0.0654594 0
    outer loop
      vertex 68.6 0 0
      vertex 68.5863 0.208841 2.2
      vertex 68.5863 0.208841 0
    endloop
  endfacet
  facet normal -0.997855 -0.0654594 0
    outer loop
      vertex 68.5863 0.208841 2.2
      vertex 68.6 0 0
      vertex 68.6 0 2.2
    endloop
  endfacet
  facet normal 0.997855 -0.0654594 0
    outer loop
      vertex 65.4 0 2.25
      vertex 65.4137 0.208841 0
      vertex 65.4137 0.208841 2.25
    endloop
  endfacet
  facet normal 0.997855 -0.0654594 0
    outer loop
      vertex 65.4137 0.208841 0
      vertex 65.4 0 2.25
      vertex 65.4 0 0
    endloop
  endfacet
  facet normal 0.0654247 -0.997858 0
    outer loop
      vertex 66.7912 1.58631 0
      vertex 67 1.6 2.2
      vertex 66.7912 1.58631 2.2
    endloop
  endfacet
  facet normal 0.0654247 -0.997858 0
    outer loop
      vertex 67 1.6 2.2
      vertex 66.7912 1.58631 0
      vertex 67 1.6 0
    endloop
  endfacet
  facet normal -0.0654247 0.997858 0
    outer loop
      vertex 67.2088 -1.58631 0
      vertex 67 -1.6 2.2
      vertex 67.2088 -1.58631 2.2
    endloop
  endfacet
  facet normal -0.0654247 0.997858 0
    outer loop
      vertex 67 -1.6 2.2
      vertex 67.2088 -1.58631 0
      vertex 67 -1.6 0
    endloop
  endfacet
  facet normal -0.751826 0.659362 0
    outer loop
      vertex 68.1314 -1.13137 0
      vertex 68.2694 -0.974018 2.2
      vertex 68.2694 -0.974018 0
    endloop
  endfacet
  facet normal -0.751826 0.659362 0
    outer loop
      vertex 68.2694 -0.974018 2.2
      vertex 68.1314 -1.13137 0
      vertex 68.1314 -1.13137 2.2
    endloop
  endfacet
  facet normal -0.659248 -0.751925 0
    outer loop
      vertex 67.974 1.26937 0
      vertex 68.1314 1.13137 2.2
      vertex 67.974 1.26937 2.2
    endloop
  endfacet
  facet normal -0.659248 -0.751925 -0
    outer loop
      vertex 68.1314 1.13137 2.2
      vertex 67.974 1.26937 0
      vertex 68.1314 1.13137 0
    endloop
  endfacet
  facet normal 0.751826 -0.659362 0
    outer loop
      vertex 65.7306 0.974018 2.25
      vertex 65.8686 1.13137 0
      vertex 65.8686 1.13137 2.25
    endloop
  endfacet
  facet normal 0.751826 -0.659362 0
    outer loop
      vertex 65.8686 1.13137 0
      vertex 65.7306 0.974018 2.25
      vertex 65.7306 0.974018 0
    endloop
  endfacet
  facet normal 0.442314 -0.89686 0
    outer loop
      vertex 66.2 1.38564 0
      vertex 66.3877 1.47821 2.2
      vertex 66.2 1.38564 2.2
    endloop
  endfacet
  facet normal 0.442314 -0.89686 0
    outer loop
      vertex 66.3877 1.47821 2.2
      vertex 66.2 1.38564 0
      vertex 66.3877 1.47821 0
    endloop
  endfacet
  facet normal -0.896809 -0.442418 0
    outer loop
      vertex 68.4782 0.612293 0
      vertex 68.3856 0.799999 2.2
      vertex 68.3856 0.799999 0
    endloop
  endfacet
  facet normal -0.896809 -0.442418 0
    outer loop
      vertex 68.3856 0.799999 2.2
      vertex 68.4782 0.612293 0
      vertex 68.4782 0.612293 2.2
    endloop
  endfacet
  facet normal -0.831637 -0.55532 0
    outer loop
      vertex 68.3856 0.799999 0
      vertex 68.2694 0.974018 2.2
      vertex 68.2694 0.974018 0
    endloop
  endfacet
  facet normal -0.831637 -0.55532 0
    outer loop
      vertex 68.2694 0.974018 2.2
      vertex 68.3856 0.799999 0
      vertex 68.3856 0.799999 2.2
    endloop
  endfacet
  facet normal -0.321397 -0.946944 0
    outer loop
      vertex 67.4141 1.54548 0
      vertex 67.6123 1.47821 2.2
      vertex 67.4141 1.54548 2.2
    endloop
  endfacet
  facet normal -0.321397 -0.946944 -0
    outer loop
      vertex 67.6123 1.47821 2.2
      vertex 67.4141 1.54548 0
      vertex 67.6123 1.47821 0
    endloop
  endfacet
  facet normal -0.195059 -0.980791 0
    outer loop
      vertex 67.2088 1.58631 0
      vertex 67.4141 1.54548 2.2
      vertex 67.2088 1.58631 2.2
    endloop
  endfacet
  facet normal -0.195059 -0.980791 -0
    outer loop
      vertex 67.4141 1.54548 2.2
      vertex 67.2088 1.58631 0
      vertex 67.4141 1.54548 0
    endloop
  endfacet
  facet normal -0.442314 -0.89686 0
    outer loop
      vertex 67.6123 1.47821 0
      vertex 67.8 1.38564 2.2
      vertex 67.6123 1.47821 2.2
    endloop
  endfacet
  facet normal -0.442314 -0.89686 -0
    outer loop
      vertex 67.8 1.38564 2.2
      vertex 67.6123 1.47821 0
      vertex 67.8 1.38564 0
    endloop
  endfacet
  facet normal 0.946892 -0.321551 0
    outer loop
      vertex 65.4545 0.41411 2.25
      vertex 65.5218 0.612293 0
      vertex 65.5218 0.612293 2.25
    endloop
  endfacet
  facet normal 0.946892 -0.321551 0
    outer loop
      vertex 65.5218 0.612293 0
      vertex 65.4545 0.41411 2.25
      vertex 65.4545 0.41411 0
    endloop
  endfacet
  facet normal 0.896809 -0.442418 0
    outer loop
      vertex 65.5218 0.612293 2.25
      vertex 65.6144 0.799999 0
      vertex 65.6144 0.799999 2.25
    endloop
  endfacet
  facet normal 0.896809 -0.442418 0
    outer loop
      vertex 65.6144 0.799999 0
      vertex 65.5218 0.612293 2.25
      vertex 65.5218 0.612293 0
    endloop
  endfacet
  facet normal 0.980813 -0.19495 0
    outer loop
      vertex 65.4137 0.208841 2.25
      vertex 65.4545 0.41411 0
      vertex 65.4545 0.41411 2.25
    endloop
  endfacet
  facet normal 0.980813 -0.19495 0
    outer loop
      vertex 65.4545 0.41411 0
      vertex 65.4137 0.208841 2.25
      vertex 65.4137 0.208841 0
    endloop
  endfacet
  facet normal 0 0 -1
    outer loop
      vertex 65.8686 -1.13137 2.25
      vertex 66.15 -1.35223 2.25
      vertex 66.026 -1.26937 2.25
    endloop
  endfacet
  facet normal 0 0 -1
    outer loop
      vertex 66.15 -1.35223 2.25
      vertex 65.8686 -1.13137 2.25
      vertex 66.15 1.35223 2.25
    endloop
  endfacet
  facet normal 0 0 -1
    outer loop
      vertex 65.8686 1.13137 2.25
      vertex 66.15 1.35223 2.25
      vertex 65.8686 -1.13137 2.25
    endloop
  endfacet
  facet normal 0 0 -1
    outer loop
      vertex 66.15 1.35223 2.25
      vertex 65.8686 1.13137 2.25
      vertex 66.026 1.26937 2.25
    endloop
  endfacet
  facet normal 0 0 -1
    outer loop
      vertex 65.7306 -0.974018 2.25
      vertex 65.8686 1.13137 2.25
      vertex 65.8686 -1.13137 2.25
    endloop
  endfacet
  facet normal 0 0 -1
    outer loop
      vertex 65.7306 -0.974018 2.25
      vertex 65.7306 0.974018 2.25
      vertex 65.8686 1.13137 2.25
    endloop
  endfacet
  facet normal 0 0 -1
    outer loop
      vertex 65.6144 -0.799999 2.25
      vertex 65.7306 0.974018 2.25
      vertex 65.7306 -0.974018 2.25
    endloop
  endfacet
  facet normal 0 0 -1
    outer loop
      vertex 65.6144 -0.799999 2.25
      vertex 65.6144 0.799999 2.25
      vertex 65.7306 0.974018 2.25
    endloop
  endfacet
  facet normal 0 0 -1
    outer loop
      vertex 65.5218 -0.612293 2.25
      vertex 65.6144 0.799999 2.25
      vertex 65.6144 -0.799999 2.25
    endloop
  endfacet
  facet normal 0 0 -1
    outer loop
      vertex 65.5218 -0.612293 2.25
      vertex 65.5218 0.612293 2.25
      vertex 65.6144 0.799999 2.25
    endloop
  endfacet
  facet normal 0 0 -1
    outer loop
      vertex 65.4545 -0.41411 2.25
      vertex 65.5218 0.612293 2.25
      vertex 65.5218 -0.612293 2.25
    endloop
  endfacet
  facet normal 0 0 -1
    outer loop
      vertex 65.4545 -0.41411 2.25
      vertex 65.4545 0.41411 2.25
      vertex 65.5218 0.612293 2.25
    endloop
  endfacet
  facet normal 0 0 -1
    outer loop
      vertex 65.4137 -0.208841 2.25
      vertex 65.4545 0.41411 2.25
      vertex 65.4545 -0.41411 2.25
    endloop
  endfacet
  facet normal 0 0 -1
    outer loop
      vertex 65.4137 -0.208841 2.25
      vertex 65.4137 0.208841 2.25
      vertex 65.4545 0.41411 2.25
    endloop
  endfacet
  facet normal 0 -0 -1
    outer loop
      vertex 65.4137 0.208841 2.25
      vertex 65.4137 -0.208841 2.25
      vertex 65.4 0 2.25
    endloop
  endfacet
  facet normal 0.555597 -0.831451 0
    outer loop
      vertex 66.026 1.26937 2.25
      vertex 66.15 1.35223 2.2
      vertex 66.15 1.35223 2.25
    endloop
  endfacet
  facet normal 0.555597 -0.831451 0
    outer loop
      vertex 66.026 1.26937 0
      vertex 66.15 1.35223 2.2
      vertex 66.026 1.26937 2.25
    endloop
  endfacet
  facet normal 0.555593 -0.831454 3.47525e-07
    outer loop
      vertex 66.2 1.38564 0
      vertex 66.15 1.35223 2.2
      vertex 66.026 1.26937 0
    endloop
  endfacet
  facet normal 0.555583 -0.831461 0
    outer loop
      vertex 66.15 1.35223 2.2
      vertex 66.2 1.38564 0
      vertex 66.2 1.38564 2.2
    endloop
  endfacet
  facet normal 0.321397 -0.946944 0
    outer loop
      vertex 66.3877 1.47821 0
      vertex 66.5859 1.54548 2.2
      vertex 66.3877 1.47821 2.2
    endloop
  endfacet
  facet normal 0.321397 -0.946944 0
    outer loop
      vertex 66.5859 1.54548 2.2
      vertex 66.3877 1.47821 0
      vertex 66.5859 1.54548 0
    endloop
  endfacet
  facet normal -0.195059 0.980791 0
    outer loop
      vertex 67.4141 -1.54548 0
      vertex 67.2088 -1.58631 2.2
      vertex 67.4141 -1.54548 2.2
    endloop
  endfacet
  facet normal -0.195059 0.980791 0
    outer loop
      vertex 67.2088 -1.58631 2.2
      vertex 67.4141 -1.54548 0
      vertex 67.2088 -1.58631 0
    endloop
  endfacet
  facet normal -0.946892 -0.321551 0
    outer loop
      vertex 68.5455 0.41411 0
      vertex 68.4782 0.612293 2.2
      vertex 68.4782 0.612293 0
    endloop
  endfacet
  facet normal -0.946892 -0.321551 0
    outer loop
      vertex 68.4782 0.612293 2.2
      vertex 68.5455 0.41411 0
      vertex 68.5455 0.41411 2.2
    endloop
  endfacet
  facet normal -0.980813 -0.19495 0
    outer loop
      vertex 68.5863 0.208841 0
      vertex 68.5455 0.41411 2.2
      vertex 68.5455 0.41411 0
    endloop
  endfacet
  facet normal -0.980813 -0.19495 0
    outer loop
      vertex 68.5455 0.41411 2.2
      vertex 68.5863 0.208841 0
      vertex 68.5863 0.208841 2.2
    endloop
  endfacet
  facet normal -0.751826 -0.659362 0
    outer loop
      vertex 68.2694 0.974018 0
      vertex 68.1314 1.13137 2.2
      vertex 68.1314 1.13137 0
    endloop
  endfacet
  facet normal -0.751826 -0.659362 0
    outer loop
      vertex 68.1314 1.13137 2.2
      vertex 68.2694 0.974018 0
      vertex 68.2694 0.974018 2.2
    endloop
  endfacet
  facet normal -0.0654247 -0.997858 0
    outer loop
      vertex 67 1.6 0
      vertex 67.2088 1.58631 2.2
      vertex 67 1.6 2.2
    endloop
  endfacet
  facet normal -0.0654247 -0.997858 -0
    outer loop
      vertex 67.2088 1.58631 2.2
      vertex 67 1.6 0
      vertex 67.2088 1.58631 0
    endloop
  endfacet
  facet normal -0.555593 -0.831454 0
    outer loop
      vertex 67.8 1.38564 0
      vertex 67.974 1.26937 2.2
      vertex 67.8 1.38564 2.2
    endloop
  endfacet
  facet normal -0.555593 -0.831454 -0
    outer loop
      vertex 67.974 1.26937 2.2
      vertex 67.8 1.38564 0
      vertex 67.974 1.26937 0
    endloop
  endfacet
  facet normal 0.195059 -0.980791 0
    outer loop
      vertex 66.5859 1.54548 0
      vertex 66.7912 1.58631 2.2
      vertex 66.5859 1.54548 2.2
    endloop
  endfacet
  facet normal 0.195059 -0.980791 0
    outer loop
      vertex 66.7912 1.58631 2.2
      vertex 66.5859 1.54548 0
      vertex 66.7912 1.58631 0
    endloop
  endfacet
  facet normal -0.997855 0.0654594 0
    outer loop
      vertex 68.5863 -0.208841 0
      vertex 68.6 0 2.2
      vertex 68.6 0 0
    endloop
  endfacet
  facet normal -0.997855 0.0654594 0
    outer loop
      vertex 68.6 0 2.2
      vertex 68.5863 -0.208841 0
      vertex 68.5863 -0.208841 2.2
    endloop
  endfacet
  facet normal -0.946892 0.321551 0
    outer loop
      vertex 68.4782 -0.612293 0
      vertex 68.5455 -0.41411 2.2
      vertex 68.5455 -0.41411 0
    endloop
  endfacet
  facet normal -0.946892 0.321551 0
    outer loop
      vertex 68.5455 -0.41411 2.2
      vertex 68.4782 -0.612293 0
      vertex 68.4782 -0.612293 2.2
    endloop
  endfacet
  facet normal -0.980813 0.19495 0
    outer loop
      vertex 68.5455 -0.41411 0
      vertex 68.5863 -0.208841 2.2
      vertex 68.5863 -0.208841 0
    endloop
  endfacet
  facet normal -0.980813 0.19495 0
    outer loop
      vertex 68.5863 -0.208841 2.2
      vertex 68.5455 -0.41411 0
      vertex 68.5455 -0.41411 2.2
    endloop
  endfacet
  facet normal -0.555593 0.831454 0
    outer loop
      vertex 67.974 -1.26937 0
      vertex 67.8 -1.38564 2.2
      vertex 67.974 -1.26937 2.2
    endloop
  endfacet
  facet normal -0.555593 0.831454 0
    outer loop
      vertex 67.8 -1.38564 2.2
      vertex 67.974 -1.26937 0
      vertex 67.8 -1.38564 0
    endloop
  endfacet
  facet normal -0.442314 0.89686 0
    outer loop
      vertex 67.8 -1.38564 0
      vertex 67.6123 -1.47821 2.2
      vertex 67.8 -1.38564 2.2
    endloop
  endfacet
  facet normal -0.442314 0.89686 0
    outer loop
      vertex 67.6123 -1.47821 2.2
      vertex 67.8 -1.38564 0
      vertex 67.6123 -1.47821 0
    endloop
  endfacet
  facet normal 0.831637 -0.55532 0
    outer loop
      vertex 65.6144 0.799999 2.25
      vertex 65.7306 0.974018 0
      vertex 65.7306 0.974018 2.25
    endloop
  endfacet
  facet normal 0.831637 -0.55532 0
    outer loop
      vertex 65.7306 0.974018 0
      vertex 65.6144 0.799999 2.25
      vertex 65.6144 0.799999 0
    endloop
  endfacet
  facet normal 0.659248 -0.751925 0
    outer loop
      vertex 65.8686 1.13137 0
      vertex 66.026 1.26937 2.25
      vertex 65.8686 1.13137 2.25
    endloop
  endfacet
  facet normal 0.659248 -0.751925 0
    outer loop
      vertex 66.026 1.26937 2.25
      vertex 65.8686 1.13137 0
      vertex 66.026 1.26937 0
    endloop
  endfacet
  facet normal 0.321397 0.946944 -0
    outer loop
      vertex 66.5859 -1.54548 0
      vertex 66.3877 -1.47821 2.2
      vertex 66.5859 -1.54548 2.2
    endloop
  endfacet
  facet normal 0.321397 0.946944 0
    outer loop
      vertex 66.3877 -1.47821 2.2
      vertex 66.5859 -1.54548 0
      vertex 66.3877 -1.47821 0
    endloop
  endfacet
  facet normal 0.751826 0.659362 0
    outer loop
      vertex 65.8686 -1.13137 2.25
      vertex 65.7306 -0.974018 0
      vertex 65.7306 -0.974018 2.25
    endloop
  endfacet
  facet normal 0.751826 0.659362 0
    outer loop
      vertex 65.7306 -0.974018 0
      vertex 65.8686 -1.13137 2.25
      vertex 65.8686 -1.13137 0
    endloop
  endfacet
  facet normal 0.997855 0.0654594 0
    outer loop
      vertex 65.4137 -0.208841 2.25
      vertex 65.4 0 0
      vertex 65.4 0 2.25
    endloop
  endfacet
  facet normal 0.997855 0.0654594 0
    outer loop
      vertex 65.4 0 0
      vertex 65.4137 -0.208841 2.25
      vertex 65.4137 -0.208841 0
    endloop
  endfacet
  facet normal 0.980813 0.19495 0
    outer loop
      vertex 65.4545 -0.41411 2.25
      vertex 65.4137 -0.208841 0
      vertex 65.4137 -0.208841 2.25
    endloop
  endfacet
  facet normal 0.980813 0.19495 0
    outer loop
      vertex 65.4137 -0.208841 0
      vertex 65.4545 -0.41411 2.25
      vertex 65.4545 -0.41411 0
    endloop
  endfacet
  facet normal 0.946892 0.321551 0
    outer loop
      vertex 65.5218 -0.612293 2.25
      vertex 65.4545 -0.41411 0
      vertex 65.4545 -0.41411 2.25
    endloop
  endfacet
  facet normal 0.946892 0.321551 0
    outer loop
      vertex 65.4545 -0.41411 0
      vertex 65.5218 -0.612293 2.25
      vertex 65.5218 -0.612293 0
    endloop
  endfacet
  facet normal -0.659248 0.751925 0
    outer loop
      vertex 68.1314 -1.13137 0
      vertex 67.974 -1.26937 2.2
      vertex 68.1314 -1.13137 2.2
    endloop
  endfacet
  facet normal -0.659248 0.751925 0
    outer loop
      vertex 67.974 -1.26937 2.2
      vertex 68.1314 -1.13137 0
      vertex 67.974 -1.26937 0
    endloop
  endfacet
  facet normal -0.321397 0.946944 0
    outer loop
      vertex 67.6123 -1.47821 0
      vertex 67.4141 -1.54548 2.2
      vertex 67.6123 -1.47821 2.2
    endloop
  endfacet
  facet normal -0.321397 0.946944 0
    outer loop
      vertex 67.4141 -1.54548 2.2
      vertex 67.6123 -1.47821 0
      vertex 67.4141 -1.54548 0
    endloop
  endfacet
  facet normal -0.896809 0.442418 0
    outer loop
      vertex 68.3856 -0.799999 0
      vertex 68.4782 -0.612293 2.2
      vertex 68.4782 -0.612293 0
    endloop
  endfacet
  facet normal -0.896809 0.442418 0
    outer loop
      vertex 68.4782 -0.612293 2.2
      vertex 68.3856 -0.799999 0
      vertex 68.3856 -0.799999 2.2
    endloop
  endfacet
  facet normal -0.831637 0.55532 0
    outer loop
      vertex 68.2694 -0.974018 0
      vertex 68.3856 -0.799999 2.2
      vertex 68.3856 -0.799999 0
    endloop
  endfacet
  facet normal -0.831637 0.55532 0
    outer loop
      vertex 68.3856 -0.799999 2.2
      vertex 68.2694 -0.974018 0
      vertex 68.2694 -0.974018 2.2
    endloop
  endfacet
  facet normal 0.0654247 0.997858 -0
    outer loop
      vertex 67 -1.6 0
      vertex 66.7912 -1.58631 2.2
      vertex 67 -1.6 2.2
    endloop
  endfacet
  facet normal 0.0654247 0.997858 0
    outer loop
      vertex 66.7912 -1.58631 2.2
      vertex 67 -1.6 0
      vertex 66.7912 -1.58631 0
    endloop
  endfacet
  facet normal 0.555583 0.831461 0
    outer loop
      vertex 66.2 -1.38564 2.2
      vertex 66.2 -1.38564 0
      vertex 66.15 -1.35223 2.2
    endloop
  endfacet
  facet normal 0.555597 0.831451 -0
    outer loop
      vertex 66.15 -1.35223 2.2
      vertex 66.026 -1.26937 2.25
      vertex 66.15 -1.35223 2.25
    endloop
  endfacet
  facet normal 0.555593 0.831454 3.47525e-07
    outer loop
      vertex 66.026 -1.26937 0
      vertex 66.15 -1.35223 2.2
      vertex 66.2 -1.38564 0
    endloop
  endfacet
  facet normal 0.555597 0.831451 0
    outer loop
      vertex 66.15 -1.35223 2.2
      vertex 66.026 -1.26937 0
      vertex 66.026 -1.26937 2.25
    endloop
  endfacet
  facet normal 0.195059 0.980791 -0
    outer loop
      vertex 66.7912 -1.58631 0
      vertex 66.5859 -1.54548 2.2
      vertex 66.7912 -1.58631 2.2
    endloop
  endfacet
  facet normal 0.195059 0.980791 0
    outer loop
      vertex 66.5859 -1.54548 2.2
      vertex 66.7912 -1.58631 0
      vertex 66.5859 -1.54548 0
    endloop
  endfacet
  facet normal 0.659248 0.751925 -0
    outer loop
      vertex 66.026 -1.26937 0
      vertex 65.8686 -1.13137 2.25
      vertex 66.026 -1.26937 2.25
    endloop
  endfacet
  facet normal 0.659248 0.751925 0
    outer loop
      vertex 65.8686 -1.13137 2.25
      vertex 66.026 -1.26937 0
      vertex 65.8686 -1.13137 0
    endloop
  endfacet
  facet normal 0.831637 0.55532 0
    outer loop
      vertex 65.7306 -0.974018 2.25
      vertex 65.6144 -0.799999 0
      vertex 65.6144 -0.799999 2.25
    endloop
  endfacet
  facet normal 0.831637 0.55532 0
    outer loop
      vertex 65.6144 -0.799999 0
      vertex 65.7306 -0.974018 2.25
      vertex 65.7306 -0.974018 0
    endloop
  endfacet
  facet normal 0.896809 0.442418 0
    outer loop
      vertex 65.6144 -0.799999 2.25
      vertex 65.5218 -0.612293 0
      vertex 65.5218 -0.612293 2.25
    endloop
  endfacet
  facet normal 0.896809 0.442418 0
    outer loop
      vertex 65.5218 -0.612293 0
      vertex 65.6144 -0.799999 2.25
      vertex 65.6144 -0.799999 0
    endloop
  endfacet
  facet normal 0.442314 0.89686 -0
    outer loop
      vertex 66.3877 -1.47821 0
      vertex 66.2 -1.38564 2.2
      vertex 66.3877 -1.47821 2.2
    endloop
  endfacet
  facet normal 0.442314 0.89686 0
    outer loop
      vertex 66.2 -1.38564 2.2
      vertex 66.3877 -1.47821 0
      vertex 66.2 -1.38564 0
    endloop
  endfacet
  facet normal -0.997855 -0.0654594 0
    outer loop
      vertex 92.6 0 0
      vertex 92.5863 0.208841 2.25
      vertex 92.5863 0.208841 0
    endloop
  endfacet
  facet normal -0.997855 -0.0654594 0
    outer loop
      vertex 92.5863 0.208841 2.25
      vertex 92.6 0 0
      vertex 92.6 0 2.25
    endloop
  endfacet
  facet normal 0.997855 -0.0654594 0
    outer loop
      vertex 89.4 0 2.2
      vertex 89.4137 0.208841 0
      vertex 89.4137 0.208841 2.2
    endloop
  endfacet
  facet normal 0.997855 -0.0654594 0
    outer loop
      vertex 89.4137 0.208841 0
      vertex 89.4 0 2.2
      vertex 89.4 0 0
    endloop
  endfacet
  facet normal 0.0654247 -0.997858 0
    outer loop
      vertex 90.7912 1.58631 0
      vertex 91 1.6 2.2
      vertex 90.7912 1.58631 2.2
    endloop
  endfacet
  facet normal 0.0654247 -0.997858 0
    outer loop
      vertex 91 1.6 2.2
      vertex 90.7912 1.58631 0
      vertex 91 1.6 0
    endloop
  endfacet
  facet normal -0.0654247 0.997858 0
    outer loop
      vertex 91.2088 -1.58631 0
      vertex 91 -1.6 2.2
      vertex 91.2088 -1.58631 2.2
    endloop
  endfacet
  facet normal -0.0654247 0.997858 0
    outer loop
      vertex 91 -1.6 2.2
      vertex 91.2088 -1.58631 0
      vertex 91 -1.6 0
    endloop
  endfacet
  facet normal -0.659248 -0.751925 0
    outer loop
      vertex 91.974 1.26937 0
      vertex 92.1314 1.13137 2.25
      vertex 91.974 1.26937 2.25
    endloop
  endfacet
  facet normal -0.659248 -0.751925 -0
    outer loop
      vertex 92.1314 1.13137 2.25
      vertex 91.974 1.26937 0
      vertex 92.1314 1.13137 0
    endloop
  endfacet
  facet normal 0.751826 -0.659362 0
    outer loop
      vertex 89.7306 0.974018 2.2
      vertex 89.8686 1.13137 0
      vertex 89.8686 1.13137 2.2
    endloop
  endfacet
  facet normal 0.751826 -0.659362 0
    outer loop
      vertex 89.8686 1.13137 0
      vertex 89.7306 0.974018 2.2
      vertex 89.7306 0.974018 0
    endloop
  endfacet
  facet normal 0.442314 -0.89686 0
    outer loop
      vertex 90.2 1.38564 0
      vertex 90.3877 1.47821 2.2
      vertex 90.2 1.38564 2.2
    endloop
  endfacet
  facet normal 0.442314 -0.89686 0
    outer loop
      vertex 90.3877 1.47821 2.2
      vertex 90.2 1.38564 0
      vertex 90.3877 1.47821 0
    endloop
  endfacet
  facet normal -0.896809 -0.442418 0
    outer loop
      vertex 92.4782 0.612293 0
      vertex 92.3856 0.799999 2.25
      vertex 92.3856 0.799999 0
    endloop
  endfacet
  facet normal -0.896809 -0.442418 0
    outer loop
      vertex 92.3856 0.799999 2.25
      vertex 92.4782 0.612293 0
      vertex 92.4782 0.612293 2.25
    endloop
  endfacet
  facet normal -0.831637 -0.55532 0
    outer loop
      vertex 92.3856 0.799999 0
      vertex 92.2694 0.974018 2.25
      vertex 92.2694 0.974018 0
    endloop
  endfacet
  facet normal -0.831637 -0.55532 0
    outer loop
      vertex 92.2694 0.974018 2.25
      vertex 92.3856 0.799999 0
      vertex 92.3856 0.799999 2.25
    endloop
  endfacet
  facet normal -0.321397 -0.946944 0
    outer loop
      vertex 91.4141 1.54548 0
      vertex 91.6123 1.47821 2.2
      vertex 91.4141 1.54548 2.2
    endloop
  endfacet
  facet normal -0.321397 -0.946944 -0
    outer loop
      vertex 91.6123 1.47821 2.2
      vertex 91.4141 1.54548 0
      vertex 91.6123 1.47821 0
    endloop
  endfacet
  facet normal -0.195059 -0.980791 0
    outer loop
      vertex 91.2088 1.58631 0
      vertex 91.4141 1.54548 2.2
      vertex 91.2088 1.58631 2.2
    endloop
  endfacet
  facet normal -0.195059 -0.980791 -0
    outer loop
      vertex 91.4141 1.54548 2.2
      vertex 91.2088 1.58631 0
      vertex 91.4141 1.54548 0
    endloop
  endfacet
  facet normal -0.442314 -0.89686 0
    outer loop
      vertex 91.6123 1.47821 0
      vertex 91.8 1.38564 2.2
      vertex 91.6123 1.47821 2.2
    endloop
  endfacet
  facet normal -0.442314 -0.89686 -0
    outer loop
      vertex 91.8 1.38564 2.2
      vertex 91.6123 1.47821 0
      vertex 91.8 1.38564 0
    endloop
  endfacet
  facet normal 0.946892 -0.321551 0
    outer loop
      vertex 89.4545 0.41411 2.2
      vertex 89.5218 0.612293 0
      vertex 89.5218 0.612293 2.2
    endloop
  endfacet
  facet normal 0.946892 -0.321551 0
    outer loop
      vertex 89.5218 0.612293 0
      vertex 89.4545 0.41411 2.2
      vertex 89.4545 0.41411 0
    endloop
  endfacet
  facet normal 0.896809 -0.442418 0
    outer loop
      vertex 89.5218 0.612293 2.2
      vertex 89.6144 0.799999 0
      vertex 89.6144 0.799999 2.2
    endloop
  endfacet
  facet normal 0.896809 -0.442418 0
    outer loop
      vertex 89.6144 0.799999 0
      vertex 89.5218 0.612293 2.2
      vertex 89.5218 0.612293 0
    endloop
  endfacet
  facet normal 0.980813 -0.19495 0
    outer loop
      vertex 89.4137 0.208841 2.2
      vertex 89.4545 0.41411 0
      vertex 89.4545 0.41411 2.2
    endloop
  endfacet
  facet normal 0.980813 -0.19495 0
    outer loop
      vertex 89.4545 0.41411 0
      vertex 89.4137 0.208841 2.2
      vertex 89.4137 0.208841 0
    endloop
  endfacet
  facet normal 0 0 -1
    outer loop
      vertex 92.5863 -0.208841 2.25
      vertex 92.5863 0.208841 2.25
      vertex 92.6 0 2.25
    endloop
  endfacet
  facet normal 0 0 -1
    outer loop
      vertex 92.5455 -0.41411 2.25
      vertex 92.5863 0.208841 2.25
      vertex 92.5863 -0.208841 2.25
    endloop
  endfacet
  facet normal 0 0 -1
    outer loop
      vertex 92.5455 -0.41411 2.25
      vertex 92.5455 0.41411 2.25
      vertex 92.5863 0.208841 2.25
    endloop
  endfacet
  facet normal 0 0 -1
    outer loop
      vertex 92.4782 -0.612293 2.25
      vertex 92.5455 0.41411 2.25
      vertex 92.5455 -0.41411 2.25
    endloop
  endfacet
  facet normal 0 0 -1
    outer loop
      vertex 92.4782 -0.612293 2.25
      vertex 92.4782 0.612293 2.25
      vertex 92.5455 0.41411 2.25
    endloop
  endfacet
  facet normal 0 0 -1
    outer loop
      vertex 92.3856 -0.799999 2.25
      vertex 92.4782 0.612293 2.25
      vertex 92.4782 -0.612293 2.25
    endloop
  endfacet
  facet normal 0 0 -1
    outer loop
      vertex 92.3856 -0.799999 2.25
      vertex 92.3856 0.799999 2.25
      vertex 92.4782 0.612293 2.25
    endloop
  endfacet
  facet normal 0 0 -1
    outer loop
      vertex 92.2694 -0.974018 2.25
      vertex 92.3856 0.799999 2.25
      vertex 92.3856 -0.799999 2.25
    endloop
  endfacet
  facet normal 0 0 -1
    outer loop
      vertex 92.2694 -0.974018 2.25
      vertex 92.2694 0.974018 2.25
      vertex 92.3856 0.799999 2.25
    endloop
  endfacet
  facet normal 0 0 -1
    outer loop
      vertex 92.1314 -1.13137 2.25
      vertex 92.2694 0.974018 2.25
      vertex 92.2694 -0.974018 2.25
    endloop
  endfacet
  facet normal 0 0 -1
    outer loop
      vertex 92.1314 -1.13137 2.25
      vertex 92.1314 1.13137 2.25
      vertex 92.2694 0.974018 2.25
    endloop
  endfacet
  facet normal 0 0 -1
    outer loop
      vertex 91.85 -1.35223 2.25
      vertex 92.1314 -1.13137 2.25
      vertex 91.974 -1.26937 2.25
    endloop
  endfacet
  facet normal -0 0 -1
    outer loop
      vertex 92.1314 -1.13137 2.25
      vertex 91.85 -1.35223 2.25
      vertex 92.1314 1.13137 2.25
    endloop
  endfacet
  facet normal 0 0 -1
    outer loop
      vertex 91.85 1.35223 2.25
      vertex 92.1314 1.13137 2.25
      vertex 91.85 -1.35223 2.25
    endloop
  endfacet
  facet normal 0 0 -1
    outer loop
      vertex 92.1314 1.13137 2.25
      vertex 91.85 1.35223 2.25
      vertex 91.974 1.26937 2.25
    endloop
  endfacet
  facet normal 0.555593 -0.831454 0
    outer loop
      vertex 90.026 1.26937 0
      vertex 90.2 1.38564 2.2
      vertex 90.026 1.26937 2.2
    endloop
  endfacet
  facet normal 0.555593 -0.831454 0
    outer loop
      vertex 90.2 1.38564 2.2
      vertex 90.026 1.26937 0
      vertex 90.2 1.38564 0
    endloop
  endfacet
  facet normal 0.321397 -0.946944 0
    outer loop
      vertex 90.3877 1.47821 0
      vertex 90.5859 1.54548 2.2
      vertex 90.3877 1.47821 2.2
    endloop
  endfacet
  facet normal 0.321397 -0.946944 0
    outer loop
      vertex 90.5859 1.54548 2.2
      vertex 90.3877 1.47821 0
      vertex 90.5859 1.54548 0
    endloop
  endfacet
  facet normal -0.195059 0.980791 0
    outer loop
      vertex 91.4141 -1.54548 0
      vertex 91.2088 -1.58631 2.2
      vertex 91.4141 -1.54548 2.2
    endloop
  endfacet
  facet normal -0.195059 0.980791 0
    outer loop
      vertex 91.2088 -1.58631 2.2
      vertex 91.4141 -1.54548 0
      vertex 91.2088 -1.58631 0
    endloop
  endfacet
  facet normal -0.946892 -0.321551 0
    outer loop
      vertex 92.5455 0.41411 0
      vertex 92.4782 0.612293 2.25
      vertex 92.4782 0.612293 0
    endloop
  endfacet
  facet normal -0.946892 -0.321551 0
    outer loop
      vertex 92.4782 0.612293 2.25
      vertex 92.5455 0.41411 0
      vertex 92.5455 0.41411 2.25
    endloop
  endfacet
  facet normal -0.980813 -0.19495 0
    outer loop
      vertex 92.5863 0.208841 0
      vertex 92.5455 0.41411 2.25
      vertex 92.5455 0.41411 0
    endloop
  endfacet
  facet normal -0.980813 -0.19495 0
    outer loop
      vertex 92.5455 0.41411 2.25
      vertex 92.5863 0.208841 0
      vertex 92.5863 0.208841 2.25
    endloop
  endfacet
  facet normal -0.751826 -0.659362 0
    outer loop
      vertex 92.2694 0.974018 0
      vertex 92.1314 1.13137 2.25
      vertex 92.1314 1.13137 0
    endloop
  endfacet
  facet normal -0.751826 -0.659362 0
    outer loop
      vertex 92.1314 1.13137 2.25
      vertex 92.2694 0.974018 0
      vertex 92.2694 0.974018 2.25
    endloop
  endfacet
  facet normal -0.0654247 -0.997858 0
    outer loop
      vertex 91 1.6 0
      vertex 91.2088 1.58631 2.2
      vertex 91 1.6 2.2
    endloop
  endfacet
  facet normal -0.0654247 -0.997858 -0
    outer loop
      vertex 91.2088 1.58631 2.2
      vertex 91 1.6 0
      vertex 91.2088 1.58631 0
    endloop
  endfacet
  facet normal -0.555583 -0.831461 -0
    outer loop
      vertex 91.8 1.38564 2.2
      vertex 91.8 1.38564 0
      vertex 91.85 1.35223 2.2
    endloop
  endfacet
  facet normal -0.555597 -0.831451 0
    outer loop
      vertex 91.85 1.35223 2.2
      vertex 91.974 1.26937 2.25
      vertex 91.85 1.35223 2.25
    endloop
  endfacet
  facet normal -0.555593 -0.831454 3.47525e-07
    outer loop
      vertex 91.974 1.26937 0
      vertex 91.85 1.35223 2.2
      vertex 91.8 1.38564 0
    endloop
  endfacet
  facet normal -0.555597 -0.831451 0
    outer loop
      vertex 91.85 1.35223 2.2
      vertex 91.974 1.26937 0
      vertex 91.974 1.26937 2.25
    endloop
  endfacet
  facet normal 0.195059 -0.980791 0
    outer loop
      vertex 90.5859 1.54548 0
      vertex 90.7912 1.58631 2.2
      vertex 90.5859 1.54548 2.2
    endloop
  endfacet
  facet normal 0.195059 -0.980791 0
    outer loop
      vertex 90.7912 1.58631 2.2
      vertex 90.5859 1.54548 0
      vertex 90.7912 1.58631 0
    endloop
  endfacet
  facet normal -0.946892 0.321551 0
    outer loop
      vertex 92.4782 -0.612293 0
      vertex 92.5455 -0.41411 2.25
      vertex 92.5455 -0.41411 0
    endloop
  endfacet
  facet normal -0.946892 0.321551 0
    outer loop
      vertex 92.5455 -0.41411 2.25
      vertex 92.4782 -0.612293 0
      vertex 92.4782 -0.612293 2.25
    endloop
  endfacet
  facet normal -0.980813 0.19495 0
    outer loop
      vertex 92.5455 -0.41411 0
      vertex 92.5863 -0.208841 2.25
      vertex 92.5863 -0.208841 0
    endloop
  endfacet
  facet normal -0.980813 0.19495 0
    outer loop
      vertex 92.5863 -0.208841 2.25
      vertex 92.5455 -0.41411 0
      vertex 92.5455 -0.41411 2.25
    endloop
  endfacet
  facet normal -0.555597 0.831451 0
    outer loop
      vertex 91.974 -1.26937 2.25
      vertex 91.85 -1.35223 2.2
      vertex 91.85 -1.35223 2.25
    endloop
  endfacet
  facet normal -0.555597 0.831451 0
    outer loop
      vertex 91.974 -1.26937 0
      vertex 91.85 -1.35223 2.2
      vertex 91.974 -1.26937 2.25
    endloop
  endfacet
  facet normal -0.555593 0.831454 3.47525e-07
    outer loop
      vertex 91.8 -1.38564 0
      vertex 91.85 -1.35223 2.2
      vertex 91.974 -1.26937 0
    endloop
  endfacet
  facet normal -0.555583 0.831461 0
    outer loop
      vertex 91.85 -1.35223 2.2
      vertex 91.8 -1.38564 0
      vertex 91.8 -1.38564 2.2
    endloop
  endfacet
  facet normal -0.442314 0.89686 0
    outer loop
      vertex 91.8 -1.38564 0
      vertex 91.6123 -1.47821 2.2
      vertex 91.8 -1.38564 2.2
    endloop
  endfacet
  facet normal -0.442314 0.89686 0
    outer loop
      vertex 91.6123 -1.47821 2.2
      vertex 91.8 -1.38564 0
      vertex 91.6123 -1.47821 0
    endloop
  endfacet
  facet normal 0.831637 -0.55532 0
    outer loop
      vertex 89.6144 0.799999 2.2
      vertex 89.7306 0.974018 0
      vertex 89.7306 0.974018 2.2
    endloop
  endfacet
  facet normal 0.831637 -0.55532 0
    outer loop
      vertex 89.7306 0.974018 0
      vertex 89.6144 0.799999 2.2
      vertex 89.6144 0.799999 0
    endloop
  endfacet
  facet normal 0.659248 -0.751925 0
    outer loop
      vertex 89.8686 1.13137 0
      vertex 90.026 1.26937 2.2
      vertex 89.8686 1.13137 2.2
    endloop
  endfacet
  facet normal 0.659248 -0.751925 0
    outer loop
      vertex 90.026 1.26937 2.2
      vertex 89.8686 1.13137 0
      vertex 90.026 1.26937 0
    endloop
  endfacet
  facet normal -0.997855 0.0654594 0
    outer loop
      vertex 92.5863 -0.208841 0
      vertex 92.6 0 2.25
      vertex 92.6 0 0
    endloop
  endfacet
  facet normal -0.997855 0.0654594 0
    outer loop
      vertex 92.6 0 2.25
      vertex 92.5863 -0.208841 0
      vertex 92.5863 -0.208841 2.25
    endloop
  endfacet
  facet normal 0.321397 0.946944 -0
    outer loop
      vertex 90.5859 -1.54548 0
      vertex 90.3877 -1.47821 2.2
      vertex 90.5859 -1.54548 2.2
    endloop
  endfacet
  facet normal 0.321397 0.946944 0
    outer loop
      vertex 90.3877 -1.47821 2.2
      vertex 90.5859 -1.54548 0
      vertex 90.3877 -1.47821 0
    endloop
  endfacet
  facet normal 0.751826 0.659362 0
    outer loop
      vertex 89.8686 -1.13137 2.2
      vertex 89.7306 -0.974018 0
      vertex 89.7306 -0.974018 2.2
    endloop
  endfacet
  facet normal 0.751826 0.659362 0
    outer loop
      vertex 89.7306 -0.974018 0
      vertex 89.8686 -1.13137 2.2
      vertex 89.8686 -1.13137 0
    endloop
  endfacet
  facet normal 0.997855 0.0654594 0
    outer loop
      vertex 89.4137 -0.208841 2.2
      vertex 89.4 0 0
      vertex 89.4 0 2.2
    endloop
  endfacet
  facet normal 0.997855 0.0654594 0
    outer loop
      vertex 89.4 0 0
      vertex 89.4137 -0.208841 2.2
      vertex 89.4137 -0.208841 0
    endloop
  endfacet
  facet normal 0.980813 0.19495 0
    outer loop
      vertex 89.4545 -0.41411 2.2
      vertex 89.4137 -0.208841 0
      vertex 89.4137 -0.208841 2.2
    endloop
  endfacet
  facet normal 0.980813 0.19495 0
    outer loop
      vertex 89.4137 -0.208841 0
      vertex 89.4545 -0.41411 2.2
      vertex 89.4545 -0.41411 0
    endloop
  endfacet
  facet normal 0.946892 0.321551 0
    outer loop
      vertex 89.5218 -0.612293 2.2
      vertex 89.4545 -0.41411 0
      vertex 89.4545 -0.41411 2.2
    endloop
  endfacet
  facet normal 0.946892 0.321551 0
    outer loop
      vertex 89.4545 -0.41411 0
      vertex 89.5218 -0.612293 2.2
      vertex 89.5218 -0.612293 0
    endloop
  endfacet
  facet normal -0.659248 0.751925 0
    outer loop
      vertex 92.1314 -1.13137 0
      vertex 91.974 -1.26937 2.25
      vertex 92.1314 -1.13137 2.25
    endloop
  endfacet
  facet normal -0.659248 0.751925 0
    outer loop
      vertex 91.974 -1.26937 2.25
      vertex 92.1314 -1.13137 0
      vertex 91.974 -1.26937 0
    endloop
  endfacet
  facet normal -0.321397 0.946944 0
    outer loop
      vertex 91.6123 -1.47821 0
      vertex 91.4141 -1.54548 2.2
      vertex 91.6123 -1.47821 2.2
    endloop
  endfacet
  facet normal -0.321397 0.946944 0
    outer loop
      vertex 91.4141 -1.54548 2.2
      vertex 91.6123 -1.47821 0
      vertex 91.4141 -1.54548 0
    endloop
  endfacet
  facet normal -0.896809 0.442418 0
    outer loop
      vertex 92.3856 -0.799999 0
      vertex 92.4782 -0.612293 2.25
      vertex 92.4782 -0.612293 0
    endloop
  endfacet
  facet normal -0.896809 0.442418 0
    outer loop
      vertex 92.4782 -0.612293 2.25
      vertex 92.3856 -0.799999 0
      vertex 92.3856 -0.799999 2.25
    endloop
  endfacet
  facet normal -0.831637 0.55532 0
    outer loop
      vertex 92.2694 -0.974018 0
      vertex 92.3856 -0.799999 2.25
      vertex 92.3856 -0.799999 0
    endloop
  endfacet
  facet normal -0.831637 0.55532 0
    outer loop
      vertex 92.3856 -0.799999 2.25
      vertex 92.2694 -0.974018 0
      vertex 92.2694 -0.974018 2.25
    endloop
  endfacet
  facet normal 0.555593 0.831454 -0
    outer loop
      vertex 90.2 -1.38564 0
      vertex 90.026 -1.26937 2.2
      vertex 90.2 -1.38564 2.2
    endloop
  endfacet
  facet normal 0.555593 0.831454 0
    outer loop
      vertex 90.026 -1.26937 2.2
      vertex 90.2 -1.38564 0
      vertex 90.026 -1.26937 0
    endloop
  endfacet
  facet normal 0.195059 0.980791 -0
    outer loop
      vertex 90.7912 -1.58631 0
      vertex 90.5859 -1.54548 2.2
      vertex 90.7912 -1.58631 2.2
    endloop
  endfacet
  facet normal 0.195059 0.980791 0
    outer loop
      vertex 90.5859 -1.54548 2.2
      vertex 90.7912 -1.58631 0
      vertex 90.5859 -1.54548 0
    endloop
  endfacet
  facet normal 0.659248 0.751925 -0
    outer loop
      vertex 90.026 -1.26937 0
      vertex 89.8686 -1.13137 2.2
      vertex 90.026 -1.26937 2.2
    endloop
  endfacet
  facet normal 0.659248 0.751925 0
    outer loop
      vertex 89.8686 -1.13137 2.2
      vertex 90.026 -1.26937 0
      vertex 89.8686 -1.13137 0
    endloop
  endfacet
  facet normal 0.831637 0.55532 0
    outer loop
      vertex 89.7306 -0.974018 2.2
      vertex 89.6144 -0.799999 0
      vertex 89.6144 -0.799999 2.2
    endloop
  endfacet
  facet normal 0.831637 0.55532 0
    outer loop
      vertex 89.6144 -0.799999 0
      vertex 89.7306 -0.974018 2.2
      vertex 89.7306 -0.974018 0
    endloop
  endfacet
  facet normal 0.896809 0.442418 0
    outer loop
      vertex 89.6144 -0.799999 2.2
      vertex 89.5218 -0.612293 0
      vertex 89.5218 -0.612293 2.2
    endloop
  endfacet
  facet normal 0.896809 0.442418 0
    outer loop
      vertex 89.5218 -0.612293 0
      vertex 89.6144 -0.799999 2.2
      vertex 89.6144 -0.799999 0
    endloop
  endfacet
  facet normal -0.751826 0.659362 0
    outer loop
      vertex 92.1314 -1.13137 0
      vertex 92.2694 -0.974018 2.25
      vertex 92.2694 -0.974018 0
    endloop
  endfacet
  facet normal -0.751826 0.659362 0
    outer loop
      vertex 92.2694 -0.974018 2.25
      vertex 92.1314 -1.13137 0
      vertex 92.1314 -1.13137 2.25
    endloop
  endfacet
  facet normal 0.442314 0.89686 -0
    outer loop
      vertex 90.3877 -1.47821 0
      vertex 90.2 -1.38564 2.2
      vertex 90.3877 -1.47821 2.2
    endloop
  endfacet
  facet normal 0.442314 0.89686 0
    outer loop
      vertex 90.2 -1.38564 2.2
      vertex 90.3877 -1.47821 0
      vertex 90.2 -1.38564 0
    endloop
  endfacet
  facet normal 0.0654247 0.997858 -0
    outer loop
      vertex 91 -1.6 0
      vertex 90.7912 -1.58631 2.2
      vertex 91 -1.6 2.2
    endloop
  endfacet
  facet normal 0.0654247 0.997858 0
    outer loop
      vertex 90.7912 -1.58631 2.2
      vertex 91 -1.6 0
      vertex 90.7912 -1.58631 0
    endloop
  endfacet
  facet normal -0.947013 -0.321194 0
    outer loop
      vertex 40.6591 -23.1894 1.1
      vertex 40.6087 -23.0408 12.3
      vertex 40.6087 -23.0408 1.1
    endloop
  endfacet
  facet normal -0.947013 -0.321194 0
    outer loop
      vertex 40.6087 -23.0408 12.3
      vertex 40.6591 -23.1894 1.1
      vertex 40.6591 -23.1894 12.3
    endloop
  endfacet
  facet normal -0.997844 -0.0656309 0
    outer loop
      vertex 40.7 -23.5 1.1
      vertex 40.6897 -23.3434 12.3
      vertex 40.6897 -23.3434 1.1
    endloop
  endfacet
  facet normal -0.997844 -0.0656309 0
    outer loop
      vertex 40.6897 -23.3434 12.3
      vertex 40.7 -23.5 1.1
      vertex 40.7 -23.5 12.3
    endloop
  endfacet
  facet normal 0.997844 -0.0656309 0
    outer loop
      vertex 38.3 -23.5 12.3
      vertex 38.3103 -23.3434 1.1
      vertex 38.3103 -23.3434 12.3
    endloop
  endfacet
  facet normal 0.997844 -0.0656309 0
    outer loop
      vertex 38.3103 -23.3434 1.1
      vertex 38.3 -23.5 12.3
      vertex 38.3 -23.5 1.1
    endloop
  endfacet
  facet normal -0.0656309 -0.997844 0
    outer loop
      vertex 39.5 -22.3 1.1
      vertex 39.6566 -22.3103 12.3
      vertex 39.5 -22.3 12.3
    endloop
  endfacet
  facet normal -0.0656309 -0.997844 -0
    outer loop
      vertex 39.6566 -22.3103 12.3
      vertex 39.5 -22.3 1.1
      vertex 39.6566 -22.3103 1.1
    endloop
  endfacet
  facet normal -0.751787 -0.659406 0
    outer loop
      vertex 40.452 -22.7695 1.1
      vertex 40.3485 -22.6515 12.3
      vertex 40.3485 -22.6515 1.1
    endloop
  endfacet
  facet normal -0.751787 -0.659406 0
    outer loop
      vertex 40.3485 -22.6515 12.3
      vertex 40.452 -22.7695 1.1
      vertex 40.452 -22.7695 12.3
    endloop
  endfacet
  facet normal 0.659406 -0.751787 0
    outer loop
      vertex 38.6515 -22.6515 1.1
      vertex 38.7695 -22.548 12.3
      vertex 38.6515 -22.6515 12.3
    endloop
  endfacet
  facet normal 0.659406 -0.751787 0
    outer loop
      vertex 38.7695 -22.548 12.3
      vertex 38.6515 -22.6515 1.1
      vertex 38.7695 -22.548 1.1
    endloop
  endfacet
  facet normal 0.321194 -0.947013 0
    outer loop
      vertex 39.0408 -22.3913 1.1
      vertex 39.1894 -22.3409 12.3
      vertex 39.0408 -22.3913 12.3
    endloop
  endfacet
  facet normal 0.321194 -0.947013 0
    outer loop
      vertex 39.1894 -22.3409 12.3
      vertex 39.0408 -22.3913 1.1
      vertex 39.1894 -22.3409 1.1
    endloop
  endfacet
  facet normal 0.831462 0.555582 0
    outer loop
      vertex 38.548 -24.2305 12.3
      vertex 38.4608 -24.1 1.1
      vertex 38.4608 -24.1 12.3
    endloop
  endfacet
  facet normal 0.831462 0.555582 0
    outer loop
      vertex 38.4608 -24.1 1.1
      vertex 38.548 -24.2305 12.3
      vertex 38.548 -24.2305 1.1
    endloop
  endfacet
  facet normal -0.896708 -0.442622 0
    outer loop
      vertex 40.6087 -23.0408 1.1
      vertex 40.5392 -22.9 12.3
      vertex 40.5392 -22.9 1.1
    endloop
  endfacet
  facet normal -0.896708 -0.442622 0
    outer loop
      vertex 40.5392 -22.9 12.3
      vertex 40.6087 -23.0408 1.1
      vertex 40.6087 -23.0408 12.3
    endloop
  endfacet
  facet normal -0.831462 -0.555582 0
    outer loop
      vertex 40.5392 -22.9 1.1
      vertex 40.452 -22.7695 12.3
      vertex 40.452 -22.7695 1.1
    endloop
  endfacet
  facet normal -0.831462 -0.555582 0
    outer loop
      vertex 40.452 -22.7695 12.3
      vertex 40.5392 -22.9 1.1
      vertex 40.5392 -22.9 12.3
    endloop
  endfacet
  facet normal -0.442622 -0.896708 0
    outer loop
      vertex 39.9592 -22.3913 1.1
      vertex 40.1 -22.4608 12.3
      vertex 39.9592 -22.3913 12.3
    endloop
  endfacet
  facet normal -0.442622 -0.896708 -0
    outer loop
      vertex 40.1 -22.4608 12.3
      vertex 39.9592 -22.3913 1.1
      vertex 40.1 -22.4608 1.1
    endloop
  endfacet
  facet normal -0.194891 -0.980825 0
    outer loop
      vertex 39.6566 -22.3103 1.1
      vertex 39.8106 -22.3409 12.3
      vertex 39.6566 -22.3103 12.3
    endloop
  endfacet
  facet normal -0.194891 -0.980825 -0
    outer loop
      vertex 39.8106 -22.3409 12.3
      vertex 39.6566 -22.3103 1.1
      vertex 39.8106 -22.3409 1.1
    endloop
  endfacet
  facet normal -0.659406 -0.751787 0
    outer loop
      vertex 40.2305 -22.548 1.1
      vertex 40.3485 -22.6515 12.3
      vertex 40.2305 -22.548 12.3
    endloop
  endfacet
  facet normal -0.659406 -0.751787 -0
    outer loop
      vertex 40.3485 -22.6515 12.3
      vertex 40.2305 -22.548 1.1
      vertex 40.3485 -22.6515 1.1
    endloop
  endfacet
  facet normal 0.896708 -0.442622 0
    outer loop
      vertex 38.3913 -23.0408 12.3
      vertex 38.4608 -22.9 1.1
      vertex 38.4608 -22.9 12.3
    endloop
  endfacet
  facet normal 0.896708 -0.442622 0
    outer loop
      vertex 38.4608 -22.9 1.1
      vertex 38.3913 -23.0408 12.3
      vertex 38.3913 -23.0408 1.1
    endloop
  endfacet
  facet normal 0.831462 -0.555582 0
    outer loop
      vertex 38.4608 -22.9 12.3
      vertex 38.548 -22.7695 1.1
      vertex 38.548 -22.7695 12.3
    endloop
  endfacet
  facet normal 0.831462 -0.555582 0
    outer loop
      vertex 38.548 -22.7695 1.1
      vertex 38.4608 -22.9 12.3
      vertex 38.4608 -22.9 1.1
    endloop
  endfacet
  facet normal 0.980825 -0.194891 0
    outer loop
      vertex 38.3103 -23.3434 12.3
      vertex 38.3409 -23.1894 1.1
      vertex 38.3409 -23.1894 12.3
    endloop
  endfacet
  facet normal 0.980825 -0.194891 0
    outer loop
      vertex 38.3409 -23.1894 1.1
      vertex 38.3103 -23.3434 12.3
      vertex 38.3103 -23.3434 1.1
    endloop
  endfacet
  facet normal 0.442622 -0.896708 0
    outer loop
      vertex 38.9 -22.4608 1.1
      vertex 39.0408 -22.3913 12.3
      vertex 38.9 -22.4608 12.3
    endloop
  endfacet
  facet normal 0.442622 -0.896708 0
    outer loop
      vertex 39.0408 -22.3913 12.3
      vertex 38.9 -22.4608 1.1
      vertex 39.0408 -22.3913 1.1
    endloop
  endfacet
  facet normal 0.0656309 -0.997844 0
    outer loop
      vertex 39.3434 -22.3103 1.1
      vertex 39.5 -22.3 12.3
      vertex 39.3434 -22.3103 12.3
    endloop
  endfacet
  facet normal 0.0656309 -0.997844 0
    outer loop
      vertex 39.5 -22.3 12.3
      vertex 39.3434 -22.3103 1.1
      vertex 39.5 -22.3 1.1
    endloop
  endfacet
  facet normal -0.194891 0.980825 0
    outer loop
      vertex 39.8106 -24.6591 1.1
      vertex 39.6566 -24.6897 12.3
      vertex 39.8106 -24.6591 12.3
    endloop
  endfacet
  facet normal -0.194891 0.980825 0
    outer loop
      vertex 39.6566 -24.6897 12.3
      vertex 39.8106 -24.6591 1.1
      vertex 39.6566 -24.6897 1.1
    endloop
  endfacet
  facet normal -0.0656309 0.997844 0
    outer loop
      vertex 39.6566 -24.6897 1.1
      vertex 39.5 -24.7 12.3
      vertex 39.6566 -24.6897 12.3
    endloop
  endfacet
  facet normal -0.0656309 0.997844 0
    outer loop
      vertex 39.5 -24.7 12.3
      vertex 39.6566 -24.6897 1.1
      vertex 39.5 -24.7 1.1
    endloop
  endfacet
  facet normal -0.659406 0.751787 0
    outer loop
      vertex 40.3485 -24.3485 1.1
      vertex 40.2305 -24.452 12.3
      vertex 40.3485 -24.3485 12.3
    endloop
  endfacet
  facet normal -0.659406 0.751787 0
    outer loop
      vertex 40.2305 -24.452 12.3
      vertex 40.3485 -24.3485 1.1
      vertex 40.2305 -24.452 1.1
    endloop
  endfacet
  facet normal -0.442622 0.896708 0
    outer loop
      vertex 40.1 -24.5392 1.1
      vertex 39.9592 -24.6087 12.3
      vertex 40.1 -24.5392 12.3
    endloop
  endfacet
  facet normal -0.442622 0.896708 0
    outer loop
      vertex 39.9592 -24.6087 12.3
      vertex 40.1 -24.5392 1.1
      vertex 39.9592 -24.6087 1.1
    endloop
  endfacet
  facet normal -0.947013 0.321194 0
    outer loop
      vertex 40.6087 -23.9592 1.1
      vertex 40.6591 -23.8106 12.3
      vertex 40.6591 -23.8106 1.1
    endloop
  endfacet
  facet normal -0.947013 0.321194 0
    outer loop
      vertex 40.6591 -23.8106 12.3
      vertex 40.6087 -23.9592 1.1
      vertex 40.6087 -23.9592 12.3
    endloop
  endfacet
  facet normal 0.321194 0.947013 -0
    outer loop
      vertex 39.1894 -24.6591 1.1
      vertex 39.0408 -24.6087 12.3
      vertex 39.1894 -24.6591 12.3
    endloop
  endfacet
  facet normal 0.321194 0.947013 0
    outer loop
      vertex 39.0408 -24.6087 12.3
      vertex 39.1894 -24.6591 1.1
      vertex 39.0408 -24.6087 1.1
    endloop
  endfacet
  facet normal 0.442622 0.896708 -0
    outer loop
      vertex 39.0408 -24.6087 1.1
      vertex 38.9 -24.5392 12.3
      vertex 39.0408 -24.6087 12.3
    endloop
  endfacet
  facet normal 0.442622 0.896708 0
    outer loop
      vertex 38.9 -24.5392 12.3
      vertex 39.0408 -24.6087 1.1
      vertex 38.9 -24.5392 1.1
    endloop
  endfacet
  facet normal 0.997844 0.0656309 0
    outer loop
      vertex 38.3103 -23.6566 12.3
      vertex 38.3 -23.5 1.1
      vertex 38.3 -23.5 12.3
    endloop
  endfacet
  facet normal 0.997844 0.0656309 0
    outer loop
      vertex 38.3 -23.5 1.1
      vertex 38.3103 -23.6566 12.3
      vertex 38.3103 -23.6566 1.1
    endloop
  endfacet
  facet normal 0.896708 0.442622 0
    outer loop
      vertex 38.4608 -24.1 12.3
      vertex 38.3913 -23.9592 1.1
      vertex 38.3913 -23.9592 12.3
    endloop
  endfacet
  facet normal 0.896708 0.442622 0
    outer loop
      vertex 38.3913 -23.9592 1.1
      vertex 38.4608 -24.1 12.3
      vertex 38.4608 -24.1 1.1
    endloop
  endfacet
  facet normal -0.555582 -0.831462 0
    outer loop
      vertex 40.1 -22.4608 1.1
      vertex 40.2305 -22.548 12.3
      vertex 40.1 -22.4608 12.3
    endloop
  endfacet
  facet normal -0.555582 -0.831462 -0
    outer loop
      vertex 40.2305 -22.548 12.3
      vertex 40.1 -22.4608 1.1
      vertex 40.2305 -22.548 1.1
    endloop
  endfacet
  facet normal 0.555582 -0.831462 0
    outer loop
      vertex 38.7695 -22.548 1.1
      vertex 38.9 -22.4608 12.3
      vertex 38.7695 -22.548 12.3
    endloop
  endfacet
  facet normal 0.555582 -0.831462 0
    outer loop
      vertex 38.9 -22.4608 12.3
      vertex 38.7695 -22.548 1.1
      vertex 38.9 -22.4608 1.1
    endloop
  endfacet
  facet normal 0.194891 -0.980825 0
    outer loop
      vertex 39.1894 -22.3409 1.1
      vertex 39.3434 -22.3103 12.3
      vertex 39.1894 -22.3409 12.3
    endloop
  endfacet
  facet normal 0.194891 -0.980825 0
    outer loop
      vertex 39.3434 -22.3103 12.3
      vertex 39.1894 -22.3409 1.1
      vertex 39.3434 -22.3103 1.1
    endloop
  endfacet
  facet normal -0.555582 0.831462 0
    outer loop
      vertex 40.2305 -24.452 1.1
      vertex 40.1 -24.5392 12.3
      vertex 40.2305 -24.452 12.3
    endloop
  endfacet
  facet normal -0.555582 0.831462 0
    outer loop
      vertex 40.1 -24.5392 12.3
      vertex 40.2305 -24.452 1.1
      vertex 40.1 -24.5392 1.1
    endloop
  endfacet
  facet normal -0.896708 0.442622 0
    outer loop
      vertex 40.5392 -24.1 1.1
      vertex 40.6087 -23.9592 12.3
      vertex 40.6087 -23.9592 1.1
    endloop
  endfacet
  facet normal -0.896708 0.442622 0
    outer loop
      vertex 40.6087 -23.9592 12.3
      vertex 40.5392 -24.1 1.1
      vertex 40.5392 -24.1 12.3
    endloop
  endfacet
  facet normal -0.751787 0.659406 0
    outer loop
      vertex 40.3485 -24.3485 1.1
      vertex 40.452 -24.2305 12.3
      vertex 40.452 -24.2305 1.1
    endloop
  endfacet
  facet normal -0.751787 0.659406 0
    outer loop
      vertex 40.452 -24.2305 12.3
      vertex 40.3485 -24.3485 1.1
      vertex 40.3485 -24.3485 12.3
    endloop
  endfacet
  facet normal -0.831462 0.555582 0
    outer loop
      vertex 40.452 -24.2305 1.1
      vertex 40.5392 -24.1 12.3
      vertex 40.5392 -24.1 1.1
    endloop
  endfacet
  facet normal -0.831462 0.555582 0
    outer loop
      vertex 40.5392 -24.1 12.3
      vertex 40.452 -24.2305 1.1
      vertex 40.452 -24.2305 12.3
    endloop
  endfacet
  facet normal 0.659406 0.751787 -0
    outer loop
      vertex 38.7695 -24.452 1.1
      vertex 38.6515 -24.3485 12.3
      vertex 38.7695 -24.452 12.3
    endloop
  endfacet
  facet normal 0.659406 0.751787 0
    outer loop
      vertex 38.6515 -24.3485 12.3
      vertex 38.7695 -24.452 1.1
      vertex 38.6515 -24.3485 1.1
    endloop
  endfacet
  facet normal 0.0656309 0.997844 -0
    outer loop
      vertex 39.5 -24.7 1.1
      vertex 39.3434 -24.6897 12.3
      vertex 39.5 -24.7 12.3
    endloop
  endfacet
  facet normal 0.0656309 0.997844 0
    outer loop
      vertex 39.3434 -24.6897 12.3
      vertex 39.5 -24.7 1.1
      vertex 39.3434 -24.6897 1.1
    endloop
  endfacet
  facet normal 0.555582 0.831462 -0
    outer loop
      vertex 38.9 -24.5392 1.1
      vertex 38.7695 -24.452 12.3
      vertex 38.9 -24.5392 12.3
    endloop
  endfacet
  facet normal 0.555582 0.831462 0
    outer loop
      vertex 38.7695 -24.452 12.3
      vertex 38.9 -24.5392 1.1
      vertex 38.7695 -24.452 1.1
    endloop
  endfacet
  facet normal 0.751787 0.659406 0
    outer loop
      vertex 38.6515 -24.3485 12.3
      vertex 38.548 -24.2305 1.1
      vertex 38.548 -24.2305 12.3
    endloop
  endfacet
  facet normal 0.751787 0.659406 0
    outer loop
      vertex 38.548 -24.2305 1.1
      vertex 38.6515 -24.3485 12.3
      vertex 38.6515 -24.3485 1.1
    endloop
  endfacet
  facet normal 0.980825 0.194891 0
    outer loop
      vertex 38.3409 -23.8106 12.3
      vertex 38.3103 -23.6566 1.1
      vertex 38.3103 -23.6566 12.3
    endloop
  endfacet
  facet normal 0.980825 0.194891 0
    outer loop
      vertex 38.3103 -23.6566 1.1
      vertex 38.3409 -23.8106 12.3
      vertex 38.3409 -23.8106 1.1
    endloop
  endfacet
  facet normal -0.980825 -0.194891 0
    outer loop
      vertex 40.6897 -23.3434 1.1
      vertex 40.6591 -23.1894 12.3
      vertex 40.6591 -23.1894 1.1
    endloop
  endfacet
  facet normal -0.980825 -0.194891 0
    outer loop
      vertex 40.6591 -23.1894 12.3
      vertex 40.6897 -23.3434 1.1
      vertex 40.6897 -23.3434 12.3
    endloop
  endfacet
  facet normal -0.321194 -0.947013 0
    outer loop
      vertex 39.8106 -22.3409 1.1
      vertex 39.9592 -22.3913 12.3
      vertex 39.8106 -22.3409 12.3
    endloop
  endfacet
  facet normal -0.321194 -0.947013 -0
    outer loop
      vertex 39.9592 -22.3913 12.3
      vertex 39.8106 -22.3409 1.1
      vertex 39.9592 -22.3913 1.1
    endloop
  endfacet
  facet normal 0.751787 -0.659406 0
    outer loop
      vertex 38.548 -22.7695 12.3
      vertex 38.6515 -22.6515 1.1
      vertex 38.6515 -22.6515 12.3
    endloop
  endfacet
  facet normal 0.751787 -0.659406 0
    outer loop
      vertex 38.6515 -22.6515 1.1
      vertex 38.548 -22.7695 12.3
      vertex 38.548 -22.7695 1.1
    endloop
  endfacet
  facet normal 0.947013 -0.321194 0
    outer loop
      vertex 38.3409 -23.1894 12.3
      vertex 38.3913 -23.0408 1.1
      vertex 38.3913 -23.0408 12.3
    endloop
  endfacet
  facet normal 0.947013 -0.321194 0
    outer loop
      vertex 38.3913 -23.0408 1.1
      vertex 38.3409 -23.1894 12.3
      vertex 38.3409 -23.1894 1.1
    endloop
  endfacet
  facet normal -0.321194 0.947013 0
    outer loop
      vertex 39.9592 -24.6087 1.1
      vertex 39.8106 -24.6591 12.3
      vertex 39.9592 -24.6087 12.3
    endloop
  endfacet
  facet normal -0.321194 0.947013 0
    outer loop
      vertex 39.8106 -24.6591 12.3
      vertex 39.9592 -24.6087 1.1
      vertex 39.8106 -24.6591 1.1
    endloop
  endfacet
  facet normal -0.980825 0.194891 0
    outer loop
      vertex 40.6591 -23.8106 1.1
      vertex 40.6897 -23.6566 12.3
      vertex 40.6897 -23.6566 1.1
    endloop
  endfacet
  facet normal -0.980825 0.194891 0
    outer loop
      vertex 40.6897 -23.6566 12.3
      vertex 40.6591 -23.8106 1.1
      vertex 40.6591 -23.8106 12.3
    endloop
  endfacet
  facet normal -0.997844 0.0656309 0
    outer loop
      vertex 40.6897 -23.6566 1.1
      vertex 40.7 -23.5 12.3
      vertex 40.7 -23.5 1.1
    endloop
  endfacet
  facet normal -0.997844 0.0656309 0
    outer loop
      vertex 40.7 -23.5 12.3
      vertex 40.6897 -23.6566 1.1
      vertex 40.6897 -23.6566 12.3
    endloop
  endfacet
  facet normal 0.194891 0.980825 -0
    outer loop
      vertex 39.3434 -24.6897 1.1
      vertex 39.1894 -24.6591 12.3
      vertex 39.3434 -24.6897 12.3
    endloop
  endfacet
  facet normal 0.194891 0.980825 0
    outer loop
      vertex 39.1894 -24.6591 12.3
      vertex 39.3434 -24.6897 1.1
      vertex 39.1894 -24.6591 1.1
    endloop
  endfacet
  facet normal 0.947013 0.321194 0
    outer loop
      vertex 38.3913 -23.9592 12.3
      vertex 38.3409 -23.8106 1.1
      vertex 38.3409 -23.8106 12.3
    endloop
  endfacet
  facet normal 0.947013 0.321194 0
    outer loop
      vertex 38.3409 -23.8106 1.1
      vertex 38.3913 -23.9592 12.3
      vertex 38.3913 -23.9592 1.1
    endloop
  endfacet
  facet normal -0.659562 -0.75165 0
    outer loop
      vertex 40.8393 -21.7546 0
      vertex 41.0556 -21.9444 1.1
      vertex 40.8393 -21.7546 1.1
    endloop
  endfacet
  facet normal -0.659562 -0.75165 -0
    outer loop
      vertex 41.0556 -21.9444 1.1
      vertex 40.8393 -21.7546 0
      vertex 41.0556 -21.9444 0
    endloop
  endfacet
  facet normal 0.946931 -0.321435 0
    outer loop
      vertex 37.375 -22.9306 1.1
      vertex 37.4675 -22.6581 0
      vertex 37.4675 -22.6581 1.1
    endloop
  endfacet
  facet normal 0.946931 -0.321435 0
    outer loop
      vertex 37.4675 -22.6581 0
      vertex 37.375 -22.9306 1.1
      vertex 37.375 -22.9306 0
    endloop
  endfacet
  facet normal -0.980741 0.195314 0
    outer loop
      vertex 41.625 -24.0694 0
      vertex 41.6812 -23.7872 1.1
      vertex 41.6812 -23.7872 0
    endloop
  endfacet
  facet normal -0.980741 0.195314 0
    outer loop
      vertex 41.6812 -23.7872 1.1
      vertex 41.625 -24.0694 0
      vertex 41.625 -24.0694 1.1
    endloop
  endfacet
  facet normal 0.321435 0.946931 -0
    outer loop
      vertex 38.9306 -25.625 0
      vertex 38.6581 -25.5325 1.1
      vertex 38.9306 -25.625 1.1
    endloop
  endfacet
  facet normal 0.321435 0.946931 0
    outer loop
      vertex 38.6581 -25.5325 1.1
      vertex 38.9306 -25.625 0
      vertex 38.6581 -25.5325 0
    endloop
  endfacet
  facet normal 0.321435 -0.946931 0
    outer loop
      vertex 38.6581 -21.4675 0
      vertex 38.9306 -21.375 1.1
      vertex 38.6581 -21.4675 1.1
    endloop
  endfacet
  facet normal 0.321435 -0.946931 0
    outer loop
      vertex 38.9306 -21.375 1.1
      vertex 38.6581 -21.4675 0
      vertex 38.9306 -21.375 0
    endloop
  endfacet
  facet normal 0.896984 -0.442063 0
    outer loop
      vertex 37.4675 -22.6581 1.1
      vertex 37.5947 -22.4 0
      vertex 37.5947 -22.4 1.1
    endloop
  endfacet
  facet normal 0.896984 -0.442063 0
    outer loop
      vertex 37.5947 -22.4 0
      vertex 37.4675 -22.6581 1.1
      vertex 37.4675 -22.6581 0
    endloop
  endfacet
  facet normal -0.980741 -0.195314 0
    outer loop
      vertex 41.6812 -23.2128 0
      vertex 41.625 -22.9306 1.1
      vertex 41.625 -22.9306 0
    endloop
  endfacet
  facet normal -0.980741 -0.195314 0
    outer loop
      vertex 41.625 -22.9306 1.1
      vertex 41.6812 -23.2128 0
      vertex 41.6812 -23.2128 1.1
    endloop
  endfacet
  facet normal -0.946931 -0.321435 0
    outer loop
      vertex 41.625 -22.9306 0
      vertex 41.5325 -22.6581 1.1
      vertex 41.5325 -22.6581 0
    endloop
  endfacet
  facet normal -0.946931 -0.321435 0
    outer loop
      vertex 41.5325 -22.6581 1.1
      vertex 41.625 -22.9306 0
      vertex 41.625 -22.9306 1.1
    endloop
  endfacet
  facet normal -0.896984 -0.442063 0
    outer loop
      vertex 41.5325 -22.6581 0
      vertex 41.4053 -22.4 1.1
      vertex 41.4053 -22.4 0
    endloop
  endfacet
  facet normal -0.896984 -0.442063 0
    outer loop
      vertex 41.4053 -22.4 1.1
      vertex 41.5325 -22.6581 0
      vertex 41.5325 -22.6581 1.1
    endloop
  endfacet
  facet normal -0.442063 -0.896984 0
    outer loop
      vertex 40.3419 -21.4675 0
      vertex 40.6 -21.5947 1.1
      vertex 40.3419 -21.4675 1.1
    endloop
  endfacet
  facet normal -0.442063 -0.896984 -0
    outer loop
      vertex 40.6 -21.5947 1.1
      vertex 40.3419 -21.4675 0
      vertex 40.6 -21.5947 0
    endloop
  endfacet
  facet normal -0.321435 -0.946931 0
    outer loop
      vertex 40.0694 -21.375 0
      vertex 40.3419 -21.4675 1.1
      vertex 40.0694 -21.375 1.1
    endloop
  endfacet
  facet normal -0.321435 -0.946931 -0
    outer loop
      vertex 40.3419 -21.4675 1.1
      vertex 40.0694 -21.375 0
      vertex 40.3419 -21.4675 0
    endloop
  endfacet
  facet normal 0.75165 -0.659562 0
    outer loop
      vertex 37.7546 -22.1607 1.1
      vertex 37.9444 -21.9444 0
      vertex 37.9444 -21.9444 1.1
    endloop
  endfacet
  facet normal 0.75165 -0.659562 0
    outer loop
      vertex 37.9444 -21.9444 0
      vertex 37.7546 -22.1607 1.1
      vertex 37.7546 -22.1607 0
    endloop
  endfacet
  facet normal 0.442063 -0.896984 0
    outer loop
      vertex 38.4 -21.5947 0
      vertex 38.6581 -21.4675 1.1
      vertex 38.4 -21.5947 1.1
    endloop
  endfacet
  facet normal 0.442063 -0.896984 0
    outer loop
      vertex 38.6581 -21.4675 1.1
      vertex 38.4 -21.5947 0
      vertex 38.6581 -21.4675 0
    endloop
  endfacet
  facet normal 0.195314 -0.980741 0
    outer loop
      vertex 38.9306 -21.375 0
      vertex 39.2128 -21.3188 1.1
      vertex 38.9306 -21.375 1.1
    endloop
  endfacet
  facet normal 0.195314 -0.980741 0
    outer loop
      vertex 39.2128 -21.3188 1.1
      vertex 38.9306 -21.375 0
      vertex 39.2128 -21.3188 0
    endloop
  endfacet
  facet normal -0.997864 -0.0653198 0
    outer loop
      vertex 41.7 -23.5 0
      vertex 41.6812 -23.2128 1.1
      vertex 41.6812 -23.2128 0
    endloop
  endfacet
  facet normal -0.997864 -0.0653198 0
    outer loop
      vertex 41.6812 -23.2128 1.1
      vertex 41.7 -23.5 0
      vertex 41.7 -23.5 1.1
    endloop
  endfacet
  facet normal -0.946931 0.321435 0
    outer loop
      vertex 41.5325 -24.3419 0
      vertex 41.625 -24.0694 1.1
      vertex 41.625 -24.0694 0
    endloop
  endfacet
  facet normal -0.946931 0.321435 0
    outer loop
      vertex 41.625 -24.0694 1.1
      vertex 41.5325 -24.3419 0
      vertex 41.5325 -24.3419 1.1
    endloop
  endfacet
  facet normal -0.321435 0.946931 0
    outer loop
      vertex 40.3419 -25.5325 0
      vertex 40.0694 -25.625 1.1
      vertex 40.3419 -25.5325 1.1
    endloop
  endfacet
  facet normal -0.321435 0.946931 0
    outer loop
      vertex 40.0694 -25.625 1.1
      vertex 40.3419 -25.5325 0
      vertex 40.0694 -25.625 0
    endloop
  endfacet
  facet normal -0.442063 0.896984 0
    outer loop
      vertex 40.6 -25.4053 0
      vertex 40.3419 -25.5325 1.1
      vertex 40.6 -25.4053 1.1
    endloop
  endfacet
  facet normal -0.442063 0.896984 0
    outer loop
      vertex 40.3419 -25.5325 1.1
      vertex 40.6 -25.4053 0
      vertex 40.3419 -25.5325 0
    endloop
  endfacet
  facet normal 0.195314 0.980741 -0
    outer loop
      vertex 39.2128 -25.6812 0
      vertex 38.9306 -25.625 1.1
      vertex 39.2128 -25.6812 1.1
    endloop
  endfacet
  facet normal 0.195314 0.980741 0
    outer loop
      vertex 38.9306 -25.625 1.1
      vertex 39.2128 -25.6812 0
      vertex 38.9306 -25.625 0
    endloop
  endfacet
  facet normal 0.659562 0.75165 -0
    outer loop
      vertex 38.1607 -25.2454 0
      vertex 37.9444 -25.0556 1.1
      vertex 38.1607 -25.2454 1.1
    endloop
  endfacet
  facet normal 0.659562 0.75165 0
    outer loop
      vertex 37.9444 -25.0556 1.1
      vertex 38.1607 -25.2454 0
      vertex 37.9444 -25.0556 0
    endloop
  endfacet
  facet normal 0.896984 0.442063 0
    outer loop
      vertex 37.5947 -24.6 1.1
      vertex 37.4675 -24.3419 0
      vertex 37.4675 -24.3419 1.1
    endloop
  endfacet
  facet normal 0.896984 0.442063 0
    outer loop
      vertex 37.4675 -24.3419 0
      vertex 37.5947 -24.6 1.1
      vertex 37.5947 -24.6 0
    endloop
  endfacet
  facet normal -0.831462 -0.555582 0
    outer loop
      vertex 41.4053 -22.4 0
      vertex 41.2454 -22.1607 1.1
      vertex 41.2454 -22.1607 0
    endloop
  endfacet
  facet normal -0.831462 -0.555582 0
    outer loop
      vertex 41.2454 -22.1607 1.1
      vertex 41.4053 -22.4 0
      vertex 41.4053 -22.4 1.1
    endloop
  endfacet
  facet normal -0.75165 -0.659562 0
    outer loop
      vertex 41.2454 -22.1607 0
      vertex 41.0556 -21.9444 1.1
      vertex 41.0556 -21.9444 0
    endloop
  endfacet
  facet normal -0.75165 -0.659562 0
    outer loop
      vertex 41.0556 -21.9444 1.1
      vertex 41.2454 -22.1607 0
      vertex 41.2454 -22.1607 1.1
    endloop
  endfacet
  facet normal -0.555582 -0.831462 0
    outer loop
      vertex 40.6 -21.5947 0
      vertex 40.8393 -21.7546 1.1
      vertex 40.6 -21.5947 1.1
    endloop
  endfacet
  facet normal -0.555582 -0.831462 -0
    outer loop
      vertex 40.8393 -21.7546 1.1
      vertex 40.6 -21.5947 0
      vertex 40.8393 -21.7546 0
    endloop
  endfacet
  facet normal -0.0653198 -0.997864 0
    outer loop
      vertex 39.5 -21.3 0
      vertex 39.7872 -21.3188 1.1
      vertex 39.5 -21.3 1.1
    endloop
  endfacet
  facet normal -0.0653198 -0.997864 -0
    outer loop
      vertex 39.7872 -21.3188 1.1
      vertex 39.5 -21.3 0
      vertex 39.7872 -21.3188 0
    endloop
  endfacet
  facet normal 0.997864 -0.0653198 0
    outer loop
      vertex 37.3 -23.5 1.1
      vertex 37.3188 -23.2128 0
      vertex 37.3188 -23.2128 1.1
    endloop
  endfacet
  facet normal 0.997864 -0.0653198 0
    outer loop
      vertex 37.3188 -23.2128 0
      vertex 37.3 -23.5 1.1
      vertex 37.3 -23.5 0
    endloop
  endfacet
  facet normal 0.831462 -0.555582 0
    outer loop
      vertex 37.5947 -22.4 1.1
      vertex 37.7546 -22.1607 0
      vertex 37.7546 -22.1607 1.1
    endloop
  endfacet
  facet normal 0.831462 -0.555582 0
    outer loop
      vertex 37.7546 -22.1607 0
      vertex 37.5947 -22.4 1.1
      vertex 37.5947 -22.4 0
    endloop
  endfacet
  facet normal 0.0653198 -0.997864 0
    outer loop
      vertex 39.2128 -21.3188 0
      vertex 39.5 -21.3 1.1
      vertex 39.2128 -21.3188 1.1
    endloop
  endfacet
  facet normal 0.0653198 -0.997864 0
    outer loop
      vertex 39.5 -21.3 1.1
      vertex 39.2128 -21.3188 0
      vertex 39.5 -21.3 0
    endloop
  endfacet
  facet normal 0.555582 -0.831462 0
    outer loop
      vertex 38.1607 -21.7546 0
      vertex 38.4 -21.5947 1.1
      vertex 38.1607 -21.7546 1.1
    endloop
  endfacet
  facet normal 0.555582 -0.831462 0
    outer loop
      vertex 38.4 -21.5947 1.1
      vertex 38.1607 -21.7546 0
      vertex 38.4 -21.5947 0
    endloop
  endfacet
  facet normal 0.659562 -0.75165 0
    outer loop
      vertex 37.9444 -21.9444 0
      vertex 38.1607 -21.7546 1.1
      vertex 37.9444 -21.9444 1.1
    endloop
  endfacet
  facet normal 0.659562 -0.75165 0
    outer loop
      vertex 38.1607 -21.7546 1.1
      vertex 37.9444 -21.9444 0
      vertex 38.1607 -21.7546 0
    endloop
  endfacet
  facet normal -0.997864 0.0653198 0
    outer loop
      vertex 41.6812 -23.7872 0
      vertex 41.7 -23.5 1.1
      vertex 41.7 -23.5 0
    endloop
  endfacet
  facet normal -0.997864 0.0653198 0
    outer loop
      vertex 41.7 -23.5 1.1
      vertex 41.6812 -23.7872 0
      vertex 41.6812 -23.7872 1.1
    endloop
  endfacet
  facet normal -0.0653198 0.997864 0
    outer loop
      vertex 39.7872 -25.6812 0
      vertex 39.5 -25.7 1.1
      vertex 39.7872 -25.6812 1.1
    endloop
  endfacet
  facet normal -0.0653198 0.997864 0
    outer loop
      vertex 39.5 -25.7 1.1
      vertex 39.7872 -25.6812 0
      vertex 39.5 -25.7 0
    endloop
  endfacet
  facet normal -0.75165 0.659562 0
    outer loop
      vertex 41.0556 -25.0556 0
      vertex 41.2454 -24.8393 1.1
      vertex 41.2454 -24.8393 0
    endloop
  endfacet
  facet normal -0.75165 0.659562 0
    outer loop
      vertex 41.2454 -24.8393 1.1
      vertex 41.0556 -25.0556 0
      vertex 41.0556 -25.0556 1.1
    endloop
  endfacet
  facet normal -0.896984 0.442063 0
    outer loop
      vertex 41.4053 -24.6 0
      vertex 41.5325 -24.3419 1.1
      vertex 41.5325 -24.3419 0
    endloop
  endfacet
  facet normal -0.896984 0.442063 0
    outer loop
      vertex 41.5325 -24.3419 1.1
      vertex 41.4053 -24.6 0
      vertex 41.4053 -24.6 1.1
    endloop
  endfacet
  facet normal -0.195314 0.980741 0
    outer loop
      vertex 40.0694 -25.625 0
      vertex 39.7872 -25.6812 1.1
      vertex 40.0694 -25.625 1.1
    endloop
  endfacet
  facet normal -0.195314 0.980741 0
    outer loop
      vertex 39.7872 -25.6812 1.1
      vertex 40.0694 -25.625 0
      vertex 39.7872 -25.6812 0
    endloop
  endfacet
  facet normal -0.555582 0.831462 0
    outer loop
      vertex 40.8393 -25.2454 0
      vertex 40.6 -25.4053 1.1
      vertex 40.8393 -25.2454 1.1
    endloop
  endfacet
  facet normal -0.555582 0.831462 0
    outer loop
      vertex 40.6 -25.4053 1.1
      vertex 40.8393 -25.2454 0
      vertex 40.6 -25.4053 0
    endloop
  endfacet
  facet normal 0.0653198 0.997864 -0
    outer loop
      vertex 39.5 -25.7 0
      vertex 39.2128 -25.6812 1.1
      vertex 39.5 -25.7 1.1
    endloop
  endfacet
  facet normal 0.0653198 0.997864 0
    outer loop
      vertex 39.2128 -25.6812 1.1
      vertex 39.5 -25.7 0
      vertex 39.2128 -25.6812 0
    endloop
  endfacet
  facet normal 0.442063 0.896984 -0
    outer loop
      vertex 38.6581 -25.5325 0
      vertex 38.4 -25.4053 1.1
      vertex 38.6581 -25.5325 1.1
    endloop
  endfacet
  facet normal 0.442063 0.896984 0
    outer loop
      vertex 38.4 -25.4053 1.1
      vertex 38.6581 -25.5325 0
      vertex 38.4 -25.4053 0
    endloop
  endfacet
  facet normal 0.946931 0.321435 0
    outer loop
      vertex 37.4675 -24.3419 1.1
      vertex 37.375 -24.0694 0
      vertex 37.375 -24.0694 1.1
    endloop
  endfacet
  facet normal 0.946931 0.321435 0
    outer loop
      vertex 37.375 -24.0694 0
      vertex 37.4675 -24.3419 1.1
      vertex 37.4675 -24.3419 0
    endloop
  endfacet
  facet normal 0.997864 0.0653198 0
    outer loop
      vertex 37.3188 -23.7872 1.1
      vertex 37.3 -23.5 0
      vertex 37.3 -23.5 1.1
    endloop
  endfacet
  facet normal 0.997864 0.0653198 0
    outer loop
      vertex 37.3 -23.5 0
      vertex 37.3188 -23.7872 1.1
      vertex 37.3188 -23.7872 0
    endloop
  endfacet
  facet normal 0.831462 0.555582 0
    outer loop
      vertex 37.7546 -24.8393 1.1
      vertex 37.5947 -24.6 0
      vertex 37.5947 -24.6 1.1
    endloop
  endfacet
  facet normal 0.831462 0.555582 0
    outer loop
      vertex 37.5947 -24.6 0
      vertex 37.7546 -24.8393 1.1
      vertex 37.7546 -24.8393 0
    endloop
  endfacet
  facet normal 0.75165 0.659562 0
    outer loop
      vertex 37.9444 -25.0556 1.1
      vertex 37.7546 -24.8393 0
      vertex 37.7546 -24.8393 1.1
    endloop
  endfacet
  facet normal 0.75165 0.659562 0
    outer loop
      vertex 37.7546 -24.8393 0
      vertex 37.9444 -25.0556 1.1
      vertex 37.9444 -25.0556 0
    endloop
  endfacet
  facet normal -0.195314 -0.980741 0
    outer loop
      vertex 39.7872 -21.3188 0
      vertex 40.0694 -21.375 1.1
      vertex 39.7872 -21.3188 1.1
    endloop
  endfacet
  facet normal -0.195314 -0.980741 -0
    outer loop
      vertex 40.0694 -21.375 1.1
      vertex 39.7872 -21.3188 0
      vertex 40.0694 -21.375 0
    endloop
  endfacet
  facet normal 0 0 -1
    outer loop
      vertex 40.7 -23.5 1.1
      vertex 41.7 -23.5 1.1
      vertex 41.6812 -23.7872 1.1
    endloop
  endfacet
  facet normal 0 0 -1
    outer loop
      vertex 40.6897 -23.6566 1.1
      vertex 41.6812 -23.7872 1.1
      vertex 41.625 -24.0694 1.1
    endloop
  endfacet
  facet normal 0 0 -1
    outer loop
      vertex 41.7 -23.5 1.1
      vertex 40.7 -23.5 1.1
      vertex 41.6812 -23.2128 1.1
    endloop
  endfacet
  facet normal 0 0 -1
    outer loop
      vertex 40.6591 -23.8106 1.1
      vertex 41.625 -24.0694 1.1
      vertex 41.5325 -24.3419 1.1
    endloop
  endfacet
  facet normal 0 0 -1
    outer loop
      vertex 40.6897 -23.3434 1.1
      vertex 41.6812 -23.2128 1.1
      vertex 40.7 -23.5 1.1
    endloop
  endfacet
  facet normal 0 0 -1
    outer loop
      vertex 40.6087 -23.9592 1.1
      vertex 41.5325 -24.3419 1.1
      vertex 41.4053 -24.6 1.1
    endloop
  endfacet
  facet normal -0 0 -1
    outer loop
      vertex 41.6812 -23.2128 1.1
      vertex 40.6897 -23.3434 1.1
      vertex 41.625 -22.9306 1.1
    endloop
  endfacet
  facet normal 0 0 -1
    outer loop
      vertex 40.5392 -24.1 1.1
      vertex 41.4053 -24.6 1.1
      vertex 41.2454 -24.8393 1.1
    endloop
  endfacet
  facet normal 0 0 -1
    outer loop
      vertex 40.6591 -23.1894 1.1
      vertex 41.625 -22.9306 1.1
      vertex 40.6897 -23.3434 1.1
    endloop
  endfacet
  facet normal 0 0 -1
    outer loop
      vertex 40.452 -24.2305 1.1
      vertex 41.2454 -24.8393 1.1
      vertex 41.0556 -25.0556 1.1
    endloop
  endfacet
  facet normal -0 0 -1
    outer loop
      vertex 41.625 -22.9306 1.1
      vertex 40.6591 -23.1894 1.1
      vertex 41.5325 -22.6581 1.1
    endloop
  endfacet
  facet normal 0 0 -1
    outer loop
      vertex 40.3485 -24.3485 1.1
      vertex 41.0556 -25.0556 1.1
      vertex 40.8393 -25.2454 1.1
    endloop
  endfacet
  facet normal 0 0 -1
    outer loop
      vertex 40.6087 -23.0408 1.1
      vertex 41.5325 -22.6581 1.1
      vertex 40.6591 -23.1894 1.1
    endloop
  endfacet
  facet normal -0 0 -1
    outer loop
      vertex 41.5325 -22.6581 1.1
      vertex 40.6087 -23.0408 1.1
      vertex 41.4053 -22.4 1.1
    endloop
  endfacet
  facet normal 0 0 -1
    outer loop
      vertex 41.6812 -23.7872 1.1
      vertex 40.6897 -23.6566 1.1
      vertex 40.7 -23.5 1.1
    endloop
  endfacet
  facet normal 0 0 -1
    outer loop
      vertex 41.625 -24.0694 1.1
      vertex 40.6591 -23.8106 1.1
      vertex 40.6897 -23.6566 1.1
    endloop
  endfacet
  facet normal 0 0 -1
    outer loop
      vertex 41.5325 -24.3419 1.1
      vertex 40.6087 -23.9592 1.1
      vertex 40.6591 -23.8106 1.1
    endloop
  endfacet
  facet normal 0 0 -1
    outer loop
      vertex 40.2305 -24.452 1.1
      vertex 40.8393 -25.2454 1.1
      vertex 40.6 -25.4053 1.1
    endloop
  endfacet
  facet normal 0 0 -1
    outer loop
      vertex 41.4053 -24.6 1.1
      vertex 40.5392 -24.1 1.1
      vertex 40.6087 -23.9592 1.1
    endloop
  endfacet
  facet normal 0 0 -1
    outer loop
      vertex 41.2454 -24.8393 1.1
      vertex 40.452 -24.2305 1.1
      vertex 40.5392 -24.1 1.1
    endloop
  endfacet
  facet normal 0 0 -1
    outer loop
      vertex 41.0556 -25.0556 1.1
      vertex 40.3485 -24.3485 1.1
      vertex 40.452 -24.2305 1.1
    endloop
  endfacet
  facet normal 0 0 -1
    outer loop
      vertex 40.1 -24.5392 1.1
      vertex 40.6 -25.4053 1.1
      vertex 40.3419 -25.5325 1.1
    endloop
  endfacet
  facet normal 0 0 -1
    outer loop
      vertex 40.8393 -25.2454 1.1
      vertex 40.2305 -24.452 1.1
      vertex 40.3485 -24.3485 1.1
    endloop
  endfacet
  facet normal 0 0 -1
    outer loop
      vertex 40.6 -25.4053 1.1
      vertex 40.1 -24.5392 1.1
      vertex 40.2305 -24.452 1.1
    endloop
  endfacet
  facet normal 0 0 -1
    outer loop
      vertex 39.9592 -24.6087 1.1
      vertex 40.3419 -25.5325 1.1
      vertex 40.0694 -25.625 1.1
    endloop
  endfacet
  facet normal 0 0 -1
    outer loop
      vertex 40.3419 -25.5325 1.1
      vertex 39.9592 -24.6087 1.1
      vertex 40.1 -24.5392 1.1
    endloop
  endfacet
  facet normal 0 0 -1
    outer loop
      vertex 40.0694 -25.625 1.1
      vertex 39.8106 -24.6591 1.1
      vertex 39.9592 -24.6087 1.1
    endloop
  endfacet
  facet normal 0 0 -1
    outer loop
      vertex 39.7872 -25.6812 1.1
      vertex 39.8106 -24.6591 1.1
      vertex 40.0694 -25.625 1.1
    endloop
  endfacet
  facet normal 0 0 -1
    outer loop
      vertex 39.7872 -25.6812 1.1
      vertex 39.6566 -24.6897 1.1
      vertex 39.8106 -24.6591 1.1
    endloop
  endfacet
  facet normal 0 0 -1
    outer loop
      vertex 39.5 -25.7 1.1
      vertex 39.6566 -24.6897 1.1
      vertex 39.7872 -25.6812 1.1
    endloop
  endfacet
  facet normal 0 0 -1
    outer loop
      vertex 39.5 -25.7 1.1
      vertex 39.5 -24.7 1.1
      vertex 39.6566 -24.6897 1.1
    endloop
  endfacet
  facet normal 0 0 -1
    outer loop
      vertex 39.5 -25.7 1.1
      vertex 39.3434 -24.6897 1.1
      vertex 39.5 -24.7 1.1
    endloop
  endfacet
  facet normal 0 0 -1
    outer loop
      vertex 39.2128 -25.6812 1.1
      vertex 39.3434 -24.6897 1.1
      vertex 39.5 -25.7 1.1
    endloop
  endfacet
  facet normal 0 0 -1
    outer loop
      vertex 39.2128 -25.6812 1.1
      vertex 39.1894 -24.6591 1.1
      vertex 39.3434 -24.6897 1.1
    endloop
  endfacet
  facet normal 0 0 -1
    outer loop
      vertex 38.9306 -25.625 1.1
      vertex 39.1894 -24.6591 1.1
      vertex 39.2128 -25.6812 1.1
    endloop
  endfacet
  facet normal -0 0 -1
    outer loop
      vertex 39.1894 -24.6591 1.1
      vertex 38.9306 -25.625 1.1
      vertex 39.0408 -24.6087 1.1
    endloop
  endfacet
  facet normal 0 0 -1
    outer loop
      vertex 38.6581 -25.5325 1.1
      vertex 39.0408 -24.6087 1.1
      vertex 38.9306 -25.625 1.1
    endloop
  endfacet
  facet normal -0 0 -1
    outer loop
      vertex 39.0408 -24.6087 1.1
      vertex 38.6581 -25.5325 1.1
      vertex 38.9 -24.5392 1.1
    endloop
  endfacet
  facet normal 0 0 -1
    outer loop
      vertex 38.4 -25.4053 1.1
      vertex 38.9 -24.5392 1.1
      vertex 38.6581 -25.5325 1.1
    endloop
  endfacet
  facet normal -0 0 -1
    outer loop
      vertex 38.9 -24.5392 1.1
      vertex 38.4 -25.4053 1.1
      vertex 38.7695 -24.452 1.1
    endloop
  endfacet
  facet normal 0 0 -1
    outer loop
      vertex 38.1607 -25.2454 1.1
      vertex 38.7695 -24.452 1.1
      vertex 38.4 -25.4053 1.1
    endloop
  endfacet
  facet normal -0 0 -1
    outer loop
      vertex 38.7695 -24.452 1.1
      vertex 38.1607 -25.2454 1.1
      vertex 38.6515 -24.3485 1.1
    endloop
  endfacet
  facet normal 0 0 -1
    outer loop
      vertex 37.9444 -25.0556 1.1
      vertex 38.6515 -24.3485 1.1
      vertex 38.1607 -25.2454 1.1
    endloop
  endfacet
  facet normal -0 0 -1
    outer loop
      vertex 38.6515 -24.3485 1.1
      vertex 37.9444 -25.0556 1.1
      vertex 38.548 -24.2305 1.1
    endloop
  endfacet
  facet normal 0 0 -1
    outer loop
      vertex 37.7546 -24.8393 1.1
      vertex 38.548 -24.2305 1.1
      vertex 37.9444 -25.0556 1.1
    endloop
  endfacet
  facet normal -0 0 -1
    outer loop
      vertex 38.548 -24.2305 1.1
      vertex 37.7546 -24.8393 1.1
      vertex 38.4608 -24.1 1.1
    endloop
  endfacet
  facet normal 0 0 -1
    outer loop
      vertex 37.5947 -24.6 1.1
      vertex 38.4608 -24.1 1.1
      vertex 37.7546 -24.8393 1.1
    endloop
  endfacet
  facet normal -0 0 -1
    outer loop
      vertex 38.4608 -24.1 1.1
      vertex 37.5947 -24.6 1.1
      vertex 38.3913 -23.9592 1.1
    endloop
  endfacet
  facet normal 0 0 -1
    outer loop
      vertex 40.5392 -22.9 1.1
      vertex 41.4053 -22.4 1.1
      vertex 40.6087 -23.0408 1.1
    endloop
  endfacet
  facet normal -0 0 -1
    outer loop
      vertex 41.4053 -22.4 1.1
      vertex 40.5392 -22.9 1.1
      vertex 41.2454 -22.1607 1.1
    endloop
  endfacet
  facet normal 0 0 -1
    outer loop
      vertex 40.452 -22.7695 1.1
      vertex 41.2454 -22.1607 1.1
      vertex 40.5392 -22.9 1.1
    endloop
  endfacet
  facet normal -0 0 -1
    outer loop
      vertex 41.2454 -22.1607 1.1
      vertex 40.452 -22.7695 1.1
      vertex 41.0556 -21.9444 1.1
    endloop
  endfacet
  facet normal 0 0 -1
    outer loop
      vertex 40.3485 -22.6515 1.1
      vertex 41.0556 -21.9444 1.1
      vertex 40.452 -22.7695 1.1
    endloop
  endfacet
  facet normal -0 0 -1
    outer loop
      vertex 41.0556 -21.9444 1.1
      vertex 40.3485 -22.6515 1.1
      vertex 40.8393 -21.7546 1.1
    endloop
  endfacet
  facet normal 0 0 -1
    outer loop
      vertex 40.2305 -22.548 1.1
      vertex 40.8393 -21.7546 1.1
      vertex 40.3485 -22.6515 1.1
    endloop
  endfacet
  facet normal -0 0 -1
    outer loop
      vertex 40.8393 -21.7546 1.1
      vertex 40.2305 -22.548 1.1
      vertex 40.6 -21.5947 1.1
    endloop
  endfacet
  facet normal 0 0 -1
    outer loop
      vertex 40.1 -22.4608 1.1
      vertex 40.6 -21.5947 1.1
      vertex 40.2305 -22.548 1.1
    endloop
  endfacet
  facet normal -0 0 -1
    outer loop
      vertex 40.6 -21.5947 1.1
      vertex 40.1 -22.4608 1.1
      vertex 40.3419 -21.4675 1.1
    endloop
  endfacet
  facet normal 0 0 -1
    outer loop
      vertex 39.9592 -22.3913 1.1
      vertex 40.3419 -21.4675 1.1
      vertex 40.1 -22.4608 1.1
    endloop
  endfacet
  facet normal -0 0 -1
    outer loop
      vertex 40.3419 -21.4675 1.1
      vertex 39.9592 -22.3913 1.1
      vertex 40.0694 -21.375 1.1
    endloop
  endfacet
  facet normal 0 0 -1
    outer loop
      vertex 39.8106 -22.3409 1.1
      vertex 40.0694 -21.375 1.1
      vertex 39.9592 -22.3913 1.1
    endloop
  endfacet
  facet normal 0 0 -1
    outer loop
      vertex 39.8106 -22.3409 1.1
      vertex 39.7872 -21.3188 1.1
      vertex 40.0694 -21.375 1.1
    endloop
  endfacet
  facet normal 0 0 -1
    outer loop
      vertex 39.6566 -22.3103 1.1
      vertex 39.7872 -21.3188 1.1
      vertex 39.8106 -22.3409 1.1
    endloop
  endfacet
  facet normal 0 0 -1
    outer loop
      vertex 39.5 -22.3 1.1
      vertex 39.7872 -21.3188 1.1
      vertex 39.6566 -22.3103 1.1
    endloop
  endfacet
  facet normal 0 0 -1
    outer loop
      vertex 39.5 -22.3 1.1
      vertex 39.5 -21.3 1.1
      vertex 39.7872 -21.3188 1.1
    endloop
  endfacet
  facet normal 0 0 -1
    outer loop
      vertex 39.3434 -22.3103 1.1
      vertex 39.5 -21.3 1.1
      vertex 39.5 -22.3 1.1
    endloop
  endfacet
  facet normal 0 0 -1
    outer loop
      vertex 39.3434 -22.3103 1.1
      vertex 39.2128 -21.3188 1.1
      vertex 39.5 -21.3 1.1
    endloop
  endfacet
  facet normal 0 0 -1
    outer loop
      vertex 39.1894 -22.3409 1.1
      vertex 39.2128 -21.3188 1.1
      vertex 39.3434 -22.3103 1.1
    endloop
  endfacet
  facet normal 0 0 -1
    outer loop
      vertex 38.9306 -21.375 1.1
      vertex 39.1894 -22.3409 1.1
      vertex 39.0408 -22.3913 1.1
    endloop
  endfacet
  facet normal 0 0 -1
    outer loop
      vertex 39.1894 -22.3409 1.1
      vertex 38.9306 -21.375 1.1
      vertex 39.2128 -21.3188 1.1
    endloop
  endfacet
  facet normal 0 0 -1
    outer loop
      vertex 38.6581 -21.4675 1.1
      vertex 39.0408 -22.3913 1.1
      vertex 38.9 -22.4608 1.1
    endloop
  endfacet
  facet normal 0 0 -1
    outer loop
      vertex 38.4 -21.5947 1.1
      vertex 38.9 -22.4608 1.1
      vertex 38.7695 -22.548 1.1
    endloop
  endfacet
  facet normal 0 0 -1
    outer loop
      vertex 39.0408 -22.3913 1.1
      vertex 38.6581 -21.4675 1.1
      vertex 38.9306 -21.375 1.1
    endloop
  endfacet
  facet normal 0 0 -1
    outer loop
      vertex 38.1607 -21.7546 1.1
      vertex 38.7695 -22.548 1.1
      vertex 38.6515 -22.6515 1.1
    endloop
  endfacet
  facet normal 0 0 -1
    outer loop
      vertex 37.9444 -21.9444 1.1
      vertex 38.6515 -22.6515 1.1
      vertex 38.548 -22.7695 1.1
    endloop
  endfacet
  facet normal 0 0 -1
    outer loop
      vertex 37.7546 -22.1607 1.1
      vertex 38.548 -22.7695 1.1
      vertex 38.4608 -22.9 1.1
    endloop
  endfacet
  facet normal 0 0 -1
    outer loop
      vertex 38.9 -22.4608 1.1
      vertex 38.4 -21.5947 1.1
      vertex 38.6581 -21.4675 1.1
    endloop
  endfacet
  facet normal 0 0 -1
    outer loop
      vertex 37.5947 -22.4 1.1
      vertex 38.4608 -22.9 1.1
      vertex 38.3913 -23.0408 1.1
    endloop
  endfacet
  facet normal 0 0 -1
    outer loop
      vertex 37.4675 -22.6581 1.1
      vertex 38.3913 -23.0408 1.1
      vertex 38.3409 -23.1894 1.1
    endloop
  endfacet
  facet normal 0 0 -1
    outer loop
      vertex 37.375 -22.9306 1.1
      vertex 38.3409 -23.1894 1.1
      vertex 38.3103 -23.3434 1.1
    endloop
  endfacet
  facet normal 0 0 -1
    outer loop
      vertex 37.3188 -23.2128 1.1
      vertex 38.3103 -23.3434 1.1
      vertex 38.3 -23.5 1.1
    endloop
  endfacet
  facet normal 0 0 -1
    outer loop
      vertex 37.4675 -24.3419 1.1
      vertex 38.3913 -23.9592 1.1
      vertex 37.5947 -24.6 1.1
    endloop
  endfacet
  facet normal 0 0 -1
    outer loop
      vertex 38.7695 -22.548 1.1
      vertex 38.1607 -21.7546 1.1
      vertex 38.4 -21.5947 1.1
    endloop
  endfacet
  facet normal -0 0 -1
    outer loop
      vertex 38.3913 -23.9592 1.1
      vertex 37.4675 -24.3419 1.1
      vertex 38.3409 -23.8106 1.1
    endloop
  endfacet
  facet normal 0 0 -1
    outer loop
      vertex 38.6515 -22.6515 1.1
      vertex 37.9444 -21.9444 1.1
      vertex 38.1607 -21.7546 1.1
    endloop
  endfacet
  facet normal 0 0 -1
    outer loop
      vertex 37.375 -24.0694 1.1
      vertex 38.3409 -23.8106 1.1
      vertex 37.4675 -24.3419 1.1
    endloop
  endfacet
  facet normal 0 0 -1
    outer loop
      vertex 38.548 -22.7695 1.1
      vertex 37.7546 -22.1607 1.1
      vertex 37.9444 -21.9444 1.1
    endloop
  endfacet
  facet normal -0 0 -1
    outer loop
      vertex 38.3409 -23.8106 1.1
      vertex 37.375 -24.0694 1.1
      vertex 38.3103 -23.6566 1.1
    endloop
  endfacet
  facet normal 0 0 -1
    outer loop
      vertex 38.4608 -22.9 1.1
      vertex 37.5947 -22.4 1.1
      vertex 37.7546 -22.1607 1.1
    endloop
  endfacet
  facet normal 0 0 -1
    outer loop
      vertex 37.3188 -23.7872 1.1
      vertex 38.3103 -23.6566 1.1
      vertex 37.375 -24.0694 1.1
    endloop
  endfacet
  facet normal 0 0 -1
    outer loop
      vertex 38.3913 -23.0408 1.1
      vertex 37.4675 -22.6581 1.1
      vertex 37.5947 -22.4 1.1
    endloop
  endfacet
  facet normal -0 0 -1
    outer loop
      vertex 38.3103 -23.6566 1.1
      vertex 37.3188 -23.7872 1.1
      vertex 38.3 -23.5 1.1
    endloop
  endfacet
  facet normal 0 0 -1
    outer loop
      vertex 38.3409 -23.1894 1.1
      vertex 37.375 -22.9306 1.1
      vertex 37.4675 -22.6581 1.1
    endloop
  endfacet
  facet normal 0 0 -1
    outer loop
      vertex 37.3 -23.5 1.1
      vertex 38.3 -23.5 1.1
      vertex 37.3188 -23.7872 1.1
    endloop
  endfacet
  facet normal 0 0 -1
    outer loop
      vertex 38.3103 -23.3434 1.1
      vertex 37.3188 -23.2128 1.1
      vertex 37.375 -22.9306 1.1
    endloop
  endfacet
  facet normal 0 0 -1
    outer loop
      vertex 38.3 -23.5 1.1
      vertex 37.3 -23.5 1.1
      vertex 37.3188 -23.2128 1.1
    endloop
  endfacet
  facet normal 0.980741 -0.195314 0
    outer loop
      vertex 37.3188 -23.2128 1.1
      vertex 37.375 -22.9306 0
      vertex 37.375 -22.9306 1.1
    endloop
  endfacet
  facet normal 0.980741 -0.195314 0
    outer loop
      vertex 37.375 -22.9306 0
      vertex 37.3188 -23.2128 1.1
      vertex 37.3188 -23.2128 0
    endloop
  endfacet
  facet normal -0.831462 0.555582 0
    outer loop
      vertex 41.2454 -24.8393 0
      vertex 41.4053 -24.6 1.1
      vertex 41.4053 -24.6 0
    endloop
  endfacet
  facet normal -0.831462 0.555582 0
    outer loop
      vertex 41.4053 -24.6 1.1
      vertex 41.2454 -24.8393 0
      vertex 41.2454 -24.8393 1.1
    endloop
  endfacet
  facet normal -0.659562 0.75165 0
    outer loop
      vertex 41.0556 -25.0556 0
      vertex 40.8393 -25.2454 1.1
      vertex 41.0556 -25.0556 1.1
    endloop
  endfacet
  facet normal -0.659562 0.75165 0
    outer loop
      vertex 40.8393 -25.2454 1.1
      vertex 41.0556 -25.0556 0
      vertex 40.8393 -25.2454 0
    endloop
  endfacet
  facet normal 0.555582 0.831462 -0
    outer loop
      vertex 38.4 -25.4053 0
      vertex 38.1607 -25.2454 1.1
      vertex 38.4 -25.4053 1.1
    endloop
  endfacet
  facet normal 0.555582 0.831462 0
    outer loop
      vertex 38.1607 -25.2454 1.1
      vertex 38.4 -25.4053 0
      vertex 38.1607 -25.2454 0
    endloop
  endfacet
  facet normal 0.980741 0.195314 0
    outer loop
      vertex 37.375 -24.0694 1.1
      vertex 37.3188 -23.7872 0
      vertex 37.3188 -23.7872 1.1
    endloop
  endfacet
  facet normal 0.980741 0.195314 0
    outer loop
      vertex 37.3188 -23.7872 0
      vertex 37.375 -24.0694 1.1
      vertex 37.375 -24.0694 0
    endloop
  endfacet
  facet normal -0.659406 -0.751787 0
    outer loop
      vertex 67.2305 -22.548 1.1
      vertex 67.3485 -22.6515 12.3
      vertex 67.2305 -22.548 12.3
    endloop
  endfacet
  facet normal -0.659406 -0.751787 -0
    outer loop
      vertex 67.3485 -22.6515 12.3
      vertex 67.2305 -22.548 1.1
      vertex 67.3485 -22.6515 1.1
    endloop
  endfacet
  facet normal 0.321194 -0.947013 0
    outer loop
      vertex 66.0408 -22.3913 1.1
      vertex 66.1894 -22.3409 12.3
      vertex 66.0408 -22.3913 12.3
    endloop
  endfacet
  facet normal 0.321194 -0.947013 0
    outer loop
      vertex 66.1894 -22.3409 12.3
      vertex 66.0408 -22.3913 1.1
      vertex 66.1894 -22.3409 1.1
    endloop
  endfacet
  facet normal 0.896708 -0.442622 0
    outer loop
      vertex 65.3913 -23.0408 12.3
      vertex 65.4608 -22.9 1.1
      vertex 65.4608 -22.9 12.3
    endloop
  endfacet
  facet normal 0.896708 -0.442622 0
    outer loop
      vertex 65.4608 -22.9 1.1
      vertex 65.3913 -23.0408 12.3
      vertex 65.3913 -23.0408 1.1
    endloop
  endfacet
  facet normal -0.896708 -0.442622 0
    outer loop
      vertex 67.6087 -23.0408 1.1
      vertex 67.5392 -22.9 12.3
      vertex 67.5392 -22.9 1.1
    endloop
  endfacet
  facet normal -0.896708 -0.442622 0
    outer loop
      vertex 67.5392 -22.9 12.3
      vertex 67.6087 -23.0408 1.1
      vertex 67.6087 -23.0408 12.3
    endloop
  endfacet
  facet normal -0.831462 -0.555582 0
    outer loop
      vertex 67.5392 -22.9 1.1
      vertex 67.452 -22.7695 12.3
      vertex 67.452 -22.7695 1.1
    endloop
  endfacet
  facet normal -0.831462 -0.555582 0
    outer loop
      vertex 67.452 -22.7695 12.3
      vertex 67.5392 -22.9 1.1
      vertex 67.5392 -22.9 12.3
    endloop
  endfacet
  facet normal -0.751787 -0.659406 0
    outer loop
      vertex 67.452 -22.7695 1.1
      vertex 67.3485 -22.6515 12.3
      vertex 67.3485 -22.6515 1.1
    endloop
  endfacet
  facet normal -0.751787 -0.659406 0
    outer loop
      vertex 67.3485 -22.6515 12.3
      vertex 67.452 -22.7695 1.1
      vertex 67.452 -22.7695 12.3
    endloop
  endfacet
  facet normal -0.442622 -0.896708 0
    outer loop
      vertex 66.9592 -22.3913 1.1
      vertex 67.1 -22.4608 12.3
      vertex 66.9592 -22.3913 12.3
    endloop
  endfacet
  facet normal -0.442622 -0.896708 -0
    outer loop
      vertex 67.1 -22.4608 12.3
      vertex 66.9592 -22.3913 1.1
      vertex 67.1 -22.4608 1.1
    endloop
  endfacet
  facet normal -0.0656309 -0.997844 0
    outer loop
      vertex 66.5 -22.3 1.1
      vertex 66.6566 -22.3103 12.3
      vertex 66.5 -22.3 12.3
    endloop
  endfacet
  facet normal -0.0656309 -0.997844 -0
    outer loop
      vertex 66.6566 -22.3103 12.3
      vertex 66.5 -22.3 1.1
      vertex 66.6566 -22.3103 1.1
    endloop
  endfacet
  facet normal 0.997844 -0.0656309 0
    outer loop
      vertex 65.3 -23.5 12.3
      vertex 65.3103 -23.3434 1.1
      vertex 65.3103 -23.3434 12.3
    endloop
  endfacet
  facet normal 0.997844 -0.0656309 0
    outer loop
      vertex 65.3103 -23.3434 1.1
      vertex 65.3 -23.5 12.3
      vertex 65.3 -23.5 1.1
    endloop
  endfacet
  facet normal 0.751787 -0.659406 0
    outer loop
      vertex 65.548 -22.7695 12.3
      vertex 65.6515 -22.6515 1.1
      vertex 65.6515 -22.6515 12.3
    endloop
  endfacet
  facet normal 0.751787 -0.659406 0
    outer loop
      vertex 65.6515 -22.6515 1.1
      vertex 65.548 -22.7695 12.3
      vertex 65.548 -22.7695 1.1
    endloop
  endfacet
  facet normal 0.442622 -0.896708 0
    outer loop
      vertex 65.9 -22.4608 1.1
      vertex 66.0408 -22.3913 12.3
      vertex 65.9 -22.4608 12.3
    endloop
  endfacet
  facet normal 0.442622 -0.896708 0
    outer loop
      vertex 66.0408 -22.3913 12.3
      vertex 65.9 -22.4608 1.1
      vertex 66.0408 -22.3913 1.1
    endloop
  endfacet
  facet normal 0.0656309 -0.997844 0
    outer loop
      vertex 66.3434 -22.3103 1.1
      vertex 66.5 -22.3 12.3
      vertex 66.3434 -22.3103 12.3
    endloop
  endfacet
  facet normal 0.0656309 -0.997844 0
    outer loop
      vertex 66.5 -22.3 12.3
      vertex 66.3434 -22.3103 1.1
      vertex 66.5 -22.3 1.1
    endloop
  endfacet
  facet normal -0.997844 0.0656309 0
    outer loop
      vertex 67.6897 -23.6566 1.1
      vertex 67.7 -23.5 12.3
      vertex 67.7 -23.5 1.1
    endloop
  endfacet
  facet normal -0.997844 0.0656309 0
    outer loop
      vertex 67.7 -23.5 12.3
      vertex 67.6897 -23.6566 1.1
      vertex 67.6897 -23.6566 12.3
    endloop
  endfacet
  facet normal -0.0656309 0.997844 0
    outer loop
      vertex 66.6566 -24.6897 1.1
      vertex 66.5 -24.7 12.3
      vertex 66.6566 -24.6897 12.3
    endloop
  endfacet
  facet normal -0.0656309 0.997844 0
    outer loop
      vertex 66.5 -24.7 12.3
      vertex 66.6566 -24.6897 1.1
      vertex 66.5 -24.7 1.1
    endloop
  endfacet
  facet normal -0.321194 0.947013 0
    outer loop
      vertex 66.9592 -24.6087 1.1
      vertex 66.8106 -24.6591 12.3
      vertex 66.9592 -24.6087 12.3
    endloop
  endfacet
  facet normal -0.321194 0.947013 0
    outer loop
      vertex 66.8106 -24.6591 12.3
      vertex 66.9592 -24.6087 1.1
      vertex 66.8106 -24.6591 1.1
    endloop
  endfacet
  facet normal -0.442622 0.896708 0
    outer loop
      vertex 67.1 -24.5392 1.1
      vertex 66.9592 -24.6087 12.3
      vertex 67.1 -24.5392 12.3
    endloop
  endfacet
  facet normal -0.442622 0.896708 0
    outer loop
      vertex 66.9592 -24.6087 12.3
      vertex 67.1 -24.5392 1.1
      vertex 66.9592 -24.6087 1.1
    endloop
  endfacet
  facet normal -0.751787 0.659406 0
    outer loop
      vertex 67.3485 -24.3485 1.1
      vertex 67.452 -24.2305 12.3
      vertex 67.452 -24.2305 1.1
    endloop
  endfacet
  facet normal -0.751787 0.659406 0
    outer loop
      vertex 67.452 -24.2305 12.3
      vertex 67.3485 -24.3485 1.1
      vertex 67.3485 -24.3485 12.3
    endloop
  endfacet
  facet normal 0.0656309 0.997844 -0
    outer loop
      vertex 66.5 -24.7 1.1
      vertex 66.3434 -24.6897 12.3
      vertex 66.5 -24.7 12.3
    endloop
  endfacet
  facet normal 0.0656309 0.997844 0
    outer loop
      vertex 66.3434 -24.6897 12.3
      vertex 66.5 -24.7 1.1
      vertex 66.3434 -24.6897 1.1
    endloop
  endfacet
  facet normal 0.659406 0.751787 -0
    outer loop
      vertex 65.7695 -24.452 1.1
      vertex 65.6515 -24.3485 12.3
      vertex 65.7695 -24.452 12.3
    endloop
  endfacet
  facet normal 0.659406 0.751787 0
    outer loop
      vertex 65.6515 -24.3485 12.3
      vertex 65.7695 -24.452 1.1
      vertex 65.6515 -24.3485 1.1
    endloop
  endfacet
  facet normal 0.896708 0.442622 0
    outer loop
      vertex 65.4608 -24.1 12.3
      vertex 65.3913 -23.9592 1.1
      vertex 65.3913 -23.9592 12.3
    endloop
  endfacet
  facet normal 0.896708 0.442622 0
    outer loop
      vertex 65.3913 -23.9592 1.1
      vertex 65.4608 -24.1 12.3
      vertex 65.4608 -24.1 1.1
    endloop
  endfacet
  facet normal 0.997844 0.0656309 0
    outer loop
      vertex 65.3103 -23.6566 12.3
      vertex 65.3 -23.5 1.1
      vertex 65.3 -23.5 12.3
    endloop
  endfacet
  facet normal 0.997844 0.0656309 0
    outer loop
      vertex 65.3 -23.5 1.1
      vertex 65.3103 -23.6566 12.3
      vertex 65.3103 -23.6566 1.1
    endloop
  endfacet
  facet normal -0.980825 -0.194891 0
    outer loop
      vertex 67.6897 -23.3434 1.1
      vertex 67.6591 -23.1894 12.3
      vertex 67.6591 -23.1894 1.1
    endloop
  endfacet
  facet normal -0.980825 -0.194891 0
    outer loop
      vertex 67.6591 -23.1894 12.3
      vertex 67.6897 -23.3434 1.1
      vertex 67.6897 -23.3434 12.3
    endloop
  endfacet
  facet normal -0.947013 -0.321194 0
    outer loop
      vertex 67.6591 -23.1894 1.1
      vertex 67.6087 -23.0408 12.3
      vertex 67.6087 -23.0408 1.1
    endloop
  endfacet
  facet normal -0.947013 -0.321194 0
    outer loop
      vertex 67.6087 -23.0408 12.3
      vertex 67.6591 -23.1894 1.1
      vertex 67.6591 -23.1894 12.3
    endloop
  endfacet
  facet normal -0.555582 -0.831462 0
    outer loop
      vertex 67.1 -22.4608 1.1
      vertex 67.2305 -22.548 12.3
      vertex 67.1 -22.4608 12.3
    endloop
  endfacet
  facet normal -0.555582 -0.831462 -0
    outer loop
      vertex 67.2305 -22.548 12.3
      vertex 67.1 -22.4608 1.1
      vertex 67.2305 -22.548 1.1
    endloop
  endfacet
  facet normal -0.321194 -0.947013 0
    outer loop
      vertex 66.8106 -22.3409 1.1
      vertex 66.9592 -22.3913 12.3
      vertex 66.8106 -22.3409 12.3
    endloop
  endfacet
  facet normal -0.321194 -0.947013 -0
    outer loop
      vertex 66.9592 -22.3913 12.3
      vertex 66.8106 -22.3409 1.1
      vertex 66.9592 -22.3913 1.1
    endloop
  endfacet
  facet normal -0.194891 -0.980825 0
    outer loop
      vertex 66.6566 -22.3103 1.1
      vertex 66.8106 -22.3409 12.3
      vertex 66.6566 -22.3103 12.3
    endloop
  endfacet
  facet normal -0.194891 -0.980825 -0
    outer loop
      vertex 66.8106 -22.3409 12.3
      vertex 66.6566 -22.3103 1.1
      vertex 66.8106 -22.3409 1.1
    endloop
  endfacet
  facet normal 0.947013 -0.321194 0
    outer loop
      vertex 65.3409 -23.1894 12.3
      vertex 65.3913 -23.0408 1.1
      vertex 65.3913 -23.0408 12.3
    endloop
  endfacet
  facet normal 0.947013 -0.321194 0
    outer loop
      vertex 65.3913 -23.0408 1.1
      vertex 65.3409 -23.1894 12.3
      vertex 65.3409 -23.1894 1.1
    endloop
  endfacet
  facet normal 0.980825 -0.194891 0
    outer loop
      vertex 65.3103 -23.3434 12.3
      vertex 65.3409 -23.1894 1.1
      vertex 65.3409 -23.1894 12.3
    endloop
  endfacet
  facet normal 0.980825 -0.194891 0
    outer loop
      vertex 65.3409 -23.1894 1.1
      vertex 65.3103 -23.3434 12.3
      vertex 65.3103 -23.3434 1.1
    endloop
  endfacet
  facet normal 0.831462 -0.555582 0
    outer loop
      vertex 65.4608 -22.9 12.3
      vertex 65.548 -22.7695 1.1
      vertex 65.548 -22.7695 12.3
    endloop
  endfacet
  facet normal 0.831462 -0.555582 0
    outer loop
      vertex 65.548 -22.7695 1.1
      vertex 65.4608 -22.9 12.3
      vertex 65.4608 -22.9 1.1
    endloop
  endfacet
  facet normal 0.194891 -0.980825 0
    outer loop
      vertex 66.1894 -22.3409 1.1
      vertex 66.3434 -22.3103 12.3
      vertex 66.1894 -22.3409 12.3
    endloop
  endfacet
  facet normal 0.194891 -0.980825 0
    outer loop
      vertex 66.3434 -22.3103 12.3
      vertex 66.1894 -22.3409 1.1
      vertex 66.3434 -22.3103 1.1
    endloop
  endfacet
  facet normal 0.555582 -0.831462 0
    outer loop
      vertex 65.7695 -22.548 1.1
      vertex 65.9 -22.4608 12.3
      vertex 65.7695 -22.548 12.3
    endloop
  endfacet
  facet normal 0.555582 -0.831462 0
    outer loop
      vertex 65.9 -22.4608 12.3
      vertex 65.7695 -22.548 1.1
      vertex 65.9 -22.4608 1.1
    endloop
  endfacet
  facet normal 0.659406 -0.751787 0
    outer loop
      vertex 65.6515 -22.6515 1.1
      vertex 65.7695 -22.548 12.3
      vertex 65.6515 -22.6515 12.3
    endloop
  endfacet
  facet normal 0.659406 -0.751787 0
    outer loop
      vertex 65.7695 -22.548 12.3
      vertex 65.6515 -22.6515 1.1
      vertex 65.7695 -22.548 1.1
    endloop
  endfacet
  facet normal -0.997844 -0.0656309 0
    outer loop
      vertex 67.7 -23.5 1.1
      vertex 67.6897 -23.3434 12.3
      vertex 67.6897 -23.3434 1.1
    endloop
  endfacet
  facet normal -0.997844 -0.0656309 0
    outer loop
      vertex 67.6897 -23.3434 12.3
      vertex 67.7 -23.5 1.1
      vertex 67.7 -23.5 12.3
    endloop
  endfacet
  facet normal -0.947013 0.321194 0
    outer loop
      vertex 67.6087 -23.9592 1.1
      vertex 67.6591 -23.8106 12.3
      vertex 67.6591 -23.8106 1.1
    endloop
  endfacet
  facet normal -0.947013 0.321194 0
    outer loop
      vertex 67.6591 -23.8106 12.3
      vertex 67.6087 -23.9592 1.1
      vertex 67.6087 -23.9592 12.3
    endloop
  endfacet
  facet normal -0.194891 0.980825 0
    outer loop
      vertex 66.8106 -24.6591 1.1
      vertex 66.6566 -24.6897 12.3
      vertex 66.8106 -24.6591 12.3
    endloop
  endfacet
  facet normal -0.194891 0.980825 0
    outer loop
      vertex 66.6566 -24.6897 12.3
      vertex 66.8106 -24.6591 1.1
      vertex 66.6566 -24.6897 1.1
    endloop
  endfacet
  facet normal -0.555582 0.831462 0
    outer loop
      vertex 67.2305 -24.452 1.1
      vertex 67.1 -24.5392 12.3
      vertex 67.2305 -24.452 12.3
    endloop
  endfacet
  facet normal -0.555582 0.831462 0
    outer loop
      vertex 67.1 -24.5392 12.3
      vertex 67.2305 -24.452 1.1
      vertex 67.1 -24.5392 1.1
    endloop
  endfacet
  facet normal -0.896708 0.442622 0
    outer loop
      vertex 67.5392 -24.1 1.1
      vertex 67.6087 -23.9592 12.3
      vertex 67.6087 -23.9592 1.1
    endloop
  endfacet
  facet normal -0.896708 0.442622 0
    outer loop
      vertex 67.6087 -23.9592 12.3
      vertex 67.5392 -24.1 1.1
      vertex 67.5392 -24.1 12.3
    endloop
  endfacet
  facet normal 0.321194 0.947013 -0
    outer loop
      vertex 66.1894 -24.6591 1.1
      vertex 66.0408 -24.6087 12.3
      vertex 66.1894 -24.6591 12.3
    endloop
  endfacet
  facet normal 0.321194 0.947013 0
    outer loop
      vertex 66.0408 -24.6087 12.3
      vertex 66.1894 -24.6591 1.1
      vertex 66.0408 -24.6087 1.1
    endloop
  endfacet
  facet normal 0.442622 0.896708 -0
    outer loop
      vertex 66.0408 -24.6087 1.1
      vertex 65.9 -24.5392 12.3
      vertex 66.0408 -24.6087 12.3
    endloop
  endfacet
  facet normal 0.442622 0.896708 0
    outer loop
      vertex 65.9 -24.5392 12.3
      vertex 66.0408 -24.6087 1.1
      vertex 65.9 -24.5392 1.1
    endloop
  endfacet
  facet normal 0.980825 0.194891 0
    outer loop
      vertex 65.3409 -23.8106 12.3
      vertex 65.3103 -23.6566 1.1
      vertex 65.3103 -23.6566 12.3
    endloop
  endfacet
  facet normal 0.980825 0.194891 0
    outer loop
      vertex 65.3103 -23.6566 1.1
      vertex 65.3409 -23.8106 12.3
      vertex 65.3409 -23.8106 1.1
    endloop
  endfacet
  facet normal 0.831462 0.555582 0
    outer loop
      vertex 65.548 -24.2305 12.3
      vertex 65.4608 -24.1 1.1
      vertex 65.4608 -24.1 12.3
    endloop
  endfacet
  facet normal 0.831462 0.555582 0
    outer loop
      vertex 65.4608 -24.1 1.1
      vertex 65.548 -24.2305 12.3
      vertex 65.548 -24.2305 1.1
    endloop
  endfacet
  facet normal -0.980825 0.194891 0
    outer loop
      vertex 67.6591 -23.8106 1.1
      vertex 67.6897 -23.6566 12.3
      vertex 67.6897 -23.6566 1.1
    endloop
  endfacet
  facet normal -0.980825 0.194891 0
    outer loop
      vertex 67.6897 -23.6566 12.3
      vertex 67.6591 -23.8106 1.1
      vertex 67.6591 -23.8106 12.3
    endloop
  endfacet
  facet normal -0.659406 0.751787 0
    outer loop
      vertex 67.3485 -24.3485 1.1
      vertex 67.2305 -24.452 12.3
      vertex 67.3485 -24.3485 12.3
    endloop
  endfacet
  facet normal -0.659406 0.751787 0
    outer loop
      vertex 67.2305 -24.452 12.3
      vertex 67.3485 -24.3485 1.1
      vertex 67.2305 -24.452 1.1
    endloop
  endfacet
  facet normal -0.831462 0.555582 0
    outer loop
      vertex 67.452 -24.2305 1.1
      vertex 67.5392 -24.1 12.3
      vertex 67.5392 -24.1 1.1
    endloop
  endfacet
  facet normal -0.831462 0.555582 0
    outer loop
      vertex 67.5392 -24.1 12.3
      vertex 67.452 -24.2305 1.1
      vertex 67.452 -24.2305 12.3
    endloop
  endfacet
  facet normal 0.194891 0.980825 -0
    outer loop
      vertex 66.3434 -24.6897 1.1
      vertex 66.1894 -24.6591 12.3
      vertex 66.3434 -24.6897 12.3
    endloop
  endfacet
  facet normal 0.194891 0.980825 0
    outer loop
      vertex 66.1894 -24.6591 12.3
      vertex 66.3434 -24.6897 1.1
      vertex 66.1894 -24.6591 1.1
    endloop
  endfacet
  facet normal 0.555582 0.831462 -0
    outer loop
      vertex 65.9 -24.5392 1.1
      vertex 65.7695 -24.452 12.3
      vertex 65.9 -24.5392 12.3
    endloop
  endfacet
  facet normal 0.555582 0.831462 0
    outer loop
      vertex 65.7695 -24.452 12.3
      vertex 65.9 -24.5392 1.1
      vertex 65.7695 -24.452 1.1
    endloop
  endfacet
  facet normal 0.947013 0.321194 0
    outer loop
      vertex 65.3913 -23.9592 12.3
      vertex 65.3409 -23.8106 1.1
      vertex 65.3409 -23.8106 12.3
    endloop
  endfacet
  facet normal 0.947013 0.321194 0
    outer loop
      vertex 65.3409 -23.8106 1.1
      vertex 65.3913 -23.9592 12.3
      vertex 65.3913 -23.9592 1.1
    endloop
  endfacet
  facet normal 0.751787 0.659406 0
    outer loop
      vertex 65.6515 -24.3485 12.3
      vertex 65.548 -24.2305 1.1
      vertex 65.548 -24.2305 12.3
    endloop
  endfacet
  facet normal 0.751787 0.659406 0
    outer loop
      vertex 65.548 -24.2305 1.1
      vertex 65.6515 -24.3485 12.3
      vertex 65.6515 -24.3485 1.1
    endloop
  endfacet
  facet normal -0.997864 -0.0653198 0
    outer loop
      vertex 68.7 -23.5 0
      vertex 68.6812 -23.2128 1.1
      vertex 68.6812 -23.2128 0
    endloop
  endfacet
  facet normal -0.997864 -0.0653198 0
    outer loop
      vertex 68.6812 -23.2128 1.1
      vertex 68.7 -23.5 0
      vertex 68.7 -23.5 1.1
    endloop
  endfacet
  facet normal 0.997864 -0.0653198 0
    outer loop
      vertex 64.3 -23.5 1.1
      vertex 64.3188 -23.2128 0
      vertex 64.3188 -23.2128 1.1
    endloop
  endfacet
  facet normal 0.997864 -0.0653198 0
    outer loop
      vertex 64.3188 -23.2128 0
      vertex 64.3 -23.5 1.1
      vertex 64.3 -23.5 0
    endloop
  endfacet
  facet normal -0.0653198 -0.997864 0
    outer loop
      vertex 66.5 -21.3 0
      vertex 66.7872 -21.3188 1.1
      vertex 66.5 -21.3 1.1
    endloop
  endfacet
  facet normal -0.0653198 -0.997864 -0
    outer loop
      vertex 66.7872 -21.3188 1.1
      vertex 66.5 -21.3 0
      vertex 66.7872 -21.3188 0
    endloop
  endfacet
  facet normal -0.75165 -0.659562 0
    outer loop
      vertex 68.2454 -22.1607 0
      vertex 68.0556 -21.9444 1.1
      vertex 68.0556 -21.9444 0
    endloop
  endfacet
  facet normal -0.75165 -0.659562 0
    outer loop
      vertex 68.0556 -21.9444 1.1
      vertex 68.2454 -22.1607 0
      vertex 68.2454 -22.1607 1.1
    endloop
  endfacet
  facet normal 0.659562 -0.75165 0
    outer loop
      vertex 64.9444 -21.9444 0
      vertex 65.1607 -21.7546 1.1
      vertex 64.9444 -21.9444 1.1
    endloop
  endfacet
  facet normal 0.659562 -0.75165 0
    outer loop
      vertex 65.1607 -21.7546 1.1
      vertex 64.9444 -21.9444 0
      vertex 65.1607 -21.7546 0
    endloop
  endfacet
  facet normal 0.321435 -0.946931 0
    outer loop
      vertex 65.6581 -21.4675 0
      vertex 65.9306 -21.375 1.1
      vertex 65.6581 -21.4675 1.1
    endloop
  endfacet
  facet normal 0.321435 -0.946931 0
    outer loop
      vertex 65.9306 -21.375 1.1
      vertex 65.6581 -21.4675 0
      vertex 65.9306 -21.375 0
    endloop
  endfacet
  facet normal 0.831462 0.555582 0
    outer loop
      vertex 64.7546 -24.8393 1.1
      vertex 64.5947 -24.6 0
      vertex 64.5947 -24.6 1.1
    endloop
  endfacet
  facet normal 0.831462 0.555582 0
    outer loop
      vertex 64.5947 -24.6 0
      vertex 64.7546 -24.8393 1.1
      vertex 64.7546 -24.8393 0
    endloop
  endfacet
  facet normal -0.946931 -0.321435 0
    outer loop
      vertex 68.625 -22.9306 0
      vertex 68.5325 -22.6581 1.1
      vertex 68.5325 -22.6581 0
    endloop
  endfacet
  facet normal -0.946931 -0.321435 0
    outer loop
      vertex 68.5325 -22.6581 1.1
      vertex 68.625 -22.9306 0
      vertex 68.625 -22.9306 1.1
    endloop
  endfacet
  facet normal -0.980741 -0.195314 0
    outer loop
      vertex 68.6812 -23.2128 0
      vertex 68.625 -22.9306 1.1
      vertex 68.625 -22.9306 0
    endloop
  endfacet
  facet normal -0.980741 -0.195314 0
    outer loop
      vertex 68.625 -22.9306 1.1
      vertex 68.6812 -23.2128 0
      vertex 68.6812 -23.2128 1.1
    endloop
  endfacet
  facet normal -0.896984 -0.442063 0
    outer loop
      vertex 68.5325 -22.6581 0
      vertex 68.4053 -22.4 1.1
      vertex 68.4053 -22.4 0
    endloop
  endfacet
  facet normal -0.896984 -0.442063 0
    outer loop
      vertex 68.4053 -22.4 1.1
      vertex 68.5325 -22.6581 0
      vertex 68.5325 -22.6581 1.1
    endloop
  endfacet
  facet normal -0.442063 -0.896984 0
    outer loop
      vertex 67.3419 -21.4675 0
      vertex 67.6 -21.5947 1.1
      vertex 67.3419 -21.4675 1.1
    endloop
  endfacet
  facet normal -0.442063 -0.896984 -0
    outer loop
      vertex 67.6 -21.5947 1.1
      vertex 67.3419 -21.4675 0
      vertex 67.6 -21.5947 0
    endloop
  endfacet
  facet normal -0.321435 -0.946931 0
    outer loop
      vertex 67.0694 -21.375 0
      vertex 67.3419 -21.4675 1.1
      vertex 67.0694 -21.375 1.1
    endloop
  endfacet
  facet normal -0.321435 -0.946931 -0
    outer loop
      vertex 67.3419 -21.4675 1.1
      vertex 67.0694 -21.375 0
      vertex 67.3419 -21.4675 0
    endloop
  endfacet
  facet normal -0.659562 -0.75165 0
    outer loop
      vertex 67.8393 -21.7546 0
      vertex 68.0556 -21.9444 1.1
      vertex 67.8393 -21.7546 1.1
    endloop
  endfacet
  facet normal -0.659562 -0.75165 -0
    outer loop
      vertex 68.0556 -21.9444 1.1
      vertex 67.8393 -21.7546 0
      vertex 68.0556 -21.9444 0
    endloop
  endfacet
  facet normal 0.896984 -0.442063 0
    outer loop
      vertex 64.4675 -22.6581 1.1
      vertex 64.5947 -22.4 0
      vertex 64.5947 -22.4 1.1
    endloop
  endfacet
  facet normal 0.896984 -0.442063 0
    outer loop
      vertex 64.5947 -22.4 0
      vertex 64.4675 -22.6581 1.1
      vertex 64.4675 -22.6581 0
    endloop
  endfacet
  facet normal 0.831462 -0.555582 0
    outer loop
      vertex 64.5947 -22.4 1.1
      vertex 64.7546 -22.1607 0
      vertex 64.7546 -22.1607 1.1
    endloop
  endfacet
  facet normal 0.831462 -0.555582 0
    outer loop
      vertex 64.7546 -22.1607 0
      vertex 64.5947 -22.4 1.1
      vertex 64.5947 -22.4 0
    endloop
  endfacet
  facet normal 0.946931 -0.321435 0
    outer loop
      vertex 64.375 -22.9306 1.1
      vertex 64.4675 -22.6581 0
      vertex 64.4675 -22.6581 1.1
    endloop
  endfacet
  facet normal 0.946931 -0.321435 0
    outer loop
      vertex 64.4675 -22.6581 0
      vertex 64.375 -22.9306 1.1
      vertex 64.375 -22.9306 0
    endloop
  endfacet
  facet normal 0.442063 -0.896984 0
    outer loop
      vertex 65.4 -21.5947 0
      vertex 65.6581 -21.4675 1.1
      vertex 65.4 -21.5947 1.1
    endloop
  endfacet
  facet normal 0.442063 -0.896984 0
    outer loop
      vertex 65.6581 -21.4675 1.1
      vertex 65.4 -21.5947 0
      vertex 65.6581 -21.4675 0
    endloop
  endfacet
  facet normal 0.0653198 -0.997864 0
    outer loop
      vertex 66.2128 -21.3188 0
      vertex 66.5 -21.3 1.1
      vertex 66.2128 -21.3188 1.1
    endloop
  endfacet
  facet normal 0.0653198 -0.997864 0
    outer loop
      vertex 66.5 -21.3 1.1
      vertex 66.2128 -21.3188 0
      vertex 66.5 -21.3 0
    endloop
  endfacet
  facet normal -0.997864 0.0653198 0
    outer loop
      vertex 68.6812 -23.7872 0
      vertex 68.7 -23.5 1.1
      vertex 68.7 -23.5 0
    endloop
  endfacet
  facet normal -0.997864 0.0653198 0
    outer loop
      vertex 68.7 -23.5 1.1
      vertex 68.6812 -23.7872 0
      vertex 68.6812 -23.7872 1.1
    endloop
  endfacet
  facet normal -0.659562 0.75165 0
    outer loop
      vertex 68.0556 -25.0556 0
      vertex 67.8393 -25.2454 1.1
      vertex 68.0556 -25.0556 1.1
    endloop
  endfacet
  facet normal -0.659562 0.75165 0
    outer loop
      vertex 67.8393 -25.2454 1.1
      vertex 68.0556 -25.0556 0
      vertex 67.8393 -25.2454 0
    endloop
  endfacet
  facet normal -0.442063 0.896984 0
    outer loop
      vertex 67.6 -25.4053 0
      vertex 67.3419 -25.5325 1.1
      vertex 67.6 -25.4053 1.1
    endloop
  endfacet
  facet normal -0.442063 0.896984 0
    outer loop
      vertex 67.3419 -25.5325 1.1
      vertex 67.6 -25.4053 0
      vertex 67.3419 -25.5325 0
    endloop
  endfacet
  facet normal -0.896984 0.442063 0
    outer loop
      vertex 68.4053 -24.6 0
      vertex 68.5325 -24.3419 1.1
      vertex 68.5325 -24.3419 0
    endloop
  endfacet
  facet normal -0.896984 0.442063 0
    outer loop
      vertex 68.5325 -24.3419 1.1
      vertex 68.4053 -24.6 0
      vertex 68.4053 -24.6 1.1
    endloop
  endfacet
  facet normal -0.980741 0.195314 0
    outer loop
      vertex 68.625 -24.0694 0
      vertex 68.6812 -23.7872 1.1
      vertex 68.6812 -23.7872 0
    endloop
  endfacet
  facet normal -0.980741 0.195314 0
    outer loop
      vertex 68.6812 -23.7872 1.1
      vertex 68.625 -24.0694 0
      vertex 68.625 -24.0694 1.1
    endloop
  endfacet
  facet normal 0.321435 0.946931 -0
    outer loop
      vertex 65.9306 -25.625 0
      vertex 65.6581 -25.5325 1.1
      vertex 65.9306 -25.625 1.1
    endloop
  endfacet
  facet normal 0.321435 0.946931 0
    outer loop
      vertex 65.6581 -25.5325 1.1
      vertex 65.9306 -25.625 0
      vertex 65.6581 -25.5325 0
    endloop
  endfacet
  facet normal 0.442063 0.896984 -0
    outer loop
      vertex 65.6581 -25.5325 0
      vertex 65.4 -25.4053 1.1
      vertex 65.6581 -25.5325 1.1
    endloop
  endfacet
  facet normal 0.442063 0.896984 0
    outer loop
      vertex 65.4 -25.4053 1.1
      vertex 65.6581 -25.5325 0
      vertex 65.4 -25.4053 0
    endloop
  endfacet
  facet normal 0.980741 0.195314 0
    outer loop
      vertex 64.375 -24.0694 1.1
      vertex 64.3188 -23.7872 0
      vertex 64.3188 -23.7872 1.1
    endloop
  endfacet
  facet normal 0.980741 0.195314 0
    outer loop
      vertex 64.3188 -23.7872 0
      vertex 64.375 -24.0694 1.1
      vertex 64.375 -24.0694 0
    endloop
  endfacet
  facet normal 0.896984 0.442063 0
    outer loop
      vertex 64.5947 -24.6 1.1
      vertex 64.4675 -24.3419 0
      vertex 64.4675 -24.3419 1.1
    endloop
  endfacet
  facet normal 0.896984 0.442063 0
    outer loop
      vertex 64.4675 -24.3419 0
      vertex 64.5947 -24.6 1.1
      vertex 64.5947 -24.6 0
    endloop
  endfacet
  facet normal 0.946931 0.321435 0
    outer loop
      vertex 64.4675 -24.3419 1.1
      vertex 64.375 -24.0694 0
      vertex 64.375 -24.0694 1.1
    endloop
  endfacet
  facet normal 0.946931 0.321435 0
    outer loop
      vertex 64.375 -24.0694 0
      vertex 64.4675 -24.3419 1.1
      vertex 64.4675 -24.3419 0
    endloop
  endfacet
  facet normal -0.555582 -0.831462 0
    outer loop
      vertex 67.6 -21.5947 0
      vertex 67.8393 -21.7546 1.1
      vertex 67.6 -21.5947 1.1
    endloop
  endfacet
  facet normal -0.555582 -0.831462 -0
    outer loop
      vertex 67.8393 -21.7546 1.1
      vertex 67.6 -21.5947 0
      vertex 67.8393 -21.7546 0
    endloop
  endfacet
  facet normal 0.195314 -0.980741 0
    outer loop
      vertex 65.9306 -21.375 0
      vertex 66.2128 -21.3188 1.1
      vertex 65.9306 -21.375 1.1
    endloop
  endfacet
  facet normal 0.195314 -0.980741 0
    outer loop
      vertex 66.2128 -21.3188 1.1
      vertex 65.9306 -21.375 0
      vertex 66.2128 -21.3188 0
    endloop
  endfacet
  facet normal -0.321435 0.946931 0
    outer loop
      vertex 67.3419 -25.5325 0
      vertex 67.0694 -25.625 1.1
      vertex 67.3419 -25.5325 1.1
    endloop
  endfacet
  facet normal -0.321435 0.946931 0
    outer loop
      vertex 67.0694 -25.625 1.1
      vertex 67.3419 -25.5325 0
      vertex 67.0694 -25.625 0
    endloop
  endfacet
  facet normal -0.0653198 0.997864 0
    outer loop
      vertex 66.7872 -25.6812 0
      vertex 66.5 -25.7 1.1
      vertex 66.7872 -25.6812 1.1
    endloop
  endfacet
  facet normal -0.0653198 0.997864 0
    outer loop
      vertex 66.5 -25.7 1.1
      vertex 66.7872 -25.6812 0
      vertex 66.5 -25.7 0
    endloop
  endfacet
  facet normal -0.195314 0.980741 0
    outer loop
      vertex 67.0694 -25.625 0
      vertex 66.7872 -25.6812 1.1
      vertex 67.0694 -25.625 1.1
    endloop
  endfacet
  facet normal -0.195314 0.980741 0
    outer loop
      vertex 66.7872 -25.6812 1.1
      vertex 67.0694 -25.625 0
      vertex 66.7872 -25.6812 0
    endloop
  endfacet
  facet normal -0.555582 0.831462 0
    outer loop
      vertex 67.8393 -25.2454 0
      vertex 67.6 -25.4053 1.1
      vertex 67.8393 -25.2454 1.1
    endloop
  endfacet
  facet normal -0.555582 0.831462 0
    outer loop
      vertex 67.6 -25.4053 1.1
      vertex 67.8393 -25.2454 0
      vertex 67.6 -25.4053 0
    endloop
  endfacet
  facet normal -0.75165 0.659562 0
    outer loop
      vertex 68.0556 -25.0556 0
      vertex 68.2454 -24.8393 1.1
      vertex 68.2454 -24.8393 0
    endloop
  endfacet
  facet normal -0.75165 0.659562 0
    outer loop
      vertex 68.2454 -24.8393 1.1
      vertex 68.0556 -25.0556 0
      vertex 68.0556 -25.0556 1.1
    endloop
  endfacet
  facet normal -0.831462 0.555582 0
    outer loop
      vertex 68.2454 -24.8393 0
      vertex 68.4053 -24.6 1.1
      vertex 68.4053 -24.6 0
    endloop
  endfacet
  facet normal -0.831462 0.555582 0
    outer loop
      vertex 68.4053 -24.6 1.1
      vertex 68.2454 -24.8393 0
      vertex 68.2454 -24.8393 1.1
    endloop
  endfacet
  facet normal 0.195314 0.980741 -0
    outer loop
      vertex 66.2128 -25.6812 0
      vertex 65.9306 -25.625 1.1
      vertex 66.2128 -25.6812 1.1
    endloop
  endfacet
  facet normal 0.195314 0.980741 0
    outer loop
      vertex 65.9306 -25.625 1.1
      vertex 66.2128 -25.6812 0
      vertex 65.9306 -25.625 0
    endloop
  endfacet
  facet normal 0.659562 0.75165 -0
    outer loop
      vertex 65.1607 -25.2454 0
      vertex 64.9444 -25.0556 1.1
      vertex 65.1607 -25.2454 1.1
    endloop
  endfacet
  facet normal 0.659562 0.75165 0
    outer loop
      vertex 64.9444 -25.0556 1.1
      vertex 65.1607 -25.2454 0
      vertex 64.9444 -25.0556 0
    endloop
  endfacet
  facet normal 0.0653198 0.997864 -0
    outer loop
      vertex 66.5 -25.7 0
      vertex 66.2128 -25.6812 1.1
      vertex 66.5 -25.7 1.1
    endloop
  endfacet
  facet normal 0.0653198 0.997864 0
    outer loop
      vertex 66.2128 -25.6812 1.1
      vertex 66.5 -25.7 0
      vertex 66.2128 -25.6812 0
    endloop
  endfacet
  facet normal 0.555582 0.831462 -0
    outer loop
      vertex 65.4 -25.4053 0
      vertex 65.1607 -25.2454 1.1
      vertex 65.4 -25.4053 1.1
    endloop
  endfacet
  facet normal 0.555582 0.831462 0
    outer loop
      vertex 65.1607 -25.2454 1.1
      vertex 65.4 -25.4053 0
      vertex 65.1607 -25.2454 0
    endloop
  endfacet
  facet normal 0.75165 0.659562 0
    outer loop
      vertex 64.9444 -25.0556 1.1
      vertex 64.7546 -24.8393 0
      vertex 64.7546 -24.8393 1.1
    endloop
  endfacet
  facet normal 0.75165 0.659562 0
    outer loop
      vertex 64.7546 -24.8393 0
      vertex 64.9444 -25.0556 1.1
      vertex 64.9444 -25.0556 0
    endloop
  endfacet
  facet normal 0.997864 0.0653198 0
    outer loop
      vertex 64.3188 -23.7872 1.1
      vertex 64.3 -23.5 0
      vertex 64.3 -23.5 1.1
    endloop
  endfacet
  facet normal 0.997864 0.0653198 0
    outer loop
      vertex 64.3 -23.5 0
      vertex 64.3188 -23.7872 1.1
      vertex 64.3188 -23.7872 0
    endloop
  endfacet
  facet normal -0.831462 -0.555582 0
    outer loop
      vertex 68.4053 -22.4 0
      vertex 68.2454 -22.1607 1.1
      vertex 68.2454 -22.1607 0
    endloop
  endfacet
  facet normal -0.831462 -0.555582 0
    outer loop
      vertex 68.2454 -22.1607 1.1
      vertex 68.4053 -22.4 0
      vertex 68.4053 -22.4 1.1
    endloop
  endfacet
  facet normal -0.195314 -0.980741 0
    outer loop
      vertex 66.7872 -21.3188 0
      vertex 67.0694 -21.375 1.1
      vertex 66.7872 -21.3188 1.1
    endloop
  endfacet
  facet normal -0.195314 -0.980741 -0
    outer loop
      vertex 67.0694 -21.375 1.1
      vertex 66.7872 -21.3188 0
      vertex 67.0694 -21.375 0
    endloop
  endfacet
  facet normal 0.75165 -0.659562 0
    outer loop
      vertex 64.7546 -22.1607 1.1
      vertex 64.9444 -21.9444 0
      vertex 64.9444 -21.9444 1.1
    endloop
  endfacet
  facet normal 0.75165 -0.659562 0
    outer loop
      vertex 64.9444 -21.9444 0
      vertex 64.7546 -22.1607 1.1
      vertex 64.7546 -22.1607 0
    endloop
  endfacet
  facet normal 0 0 -1
    outer loop
      vertex 67.7 -23.5 1.1
      vertex 68.7 -23.5 1.1
      vertex 68.6812 -23.7872 1.1
    endloop
  endfacet
  facet normal 0 0 -1
    outer loop
      vertex 67.6897 -23.6566 1.1
      vertex 68.6812 -23.7872 1.1
      vertex 68.625 -24.0694 1.1
    endloop
  endfacet
  facet normal 0 0 -1
    outer loop
      vertex 68.7 -23.5 1.1
      vertex 67.7 -23.5 1.1
      vertex 68.6812 -23.2128 1.1
    endloop
  endfacet
  facet normal 0 0 -1
    outer loop
      vertex 67.6591 -23.8106 1.1
      vertex 68.625 -24.0694 1.1
      vertex 68.5325 -24.3419 1.1
    endloop
  endfacet
  facet normal 0 0 -1
    outer loop
      vertex 67.6897 -23.3434 1.1
      vertex 68.6812 -23.2128 1.1
      vertex 67.7 -23.5 1.1
    endloop
  endfacet
  facet normal 0 0 -1
    outer loop
      vertex 67.6087 -23.9592 1.1
      vertex 68.5325 -24.3419 1.1
      vertex 68.4053 -24.6 1.1
    endloop
  endfacet
  facet normal -0 0 -1
    outer loop
      vertex 68.6812 -23.2128 1.1
      vertex 67.6897 -23.3434 1.1
      vertex 68.625 -22.9306 1.1
    endloop
  endfacet
  facet normal 0 0 -1
    outer loop
      vertex 67.5392 -24.1 1.1
      vertex 68.4053 -24.6 1.1
      vertex 68.2454 -24.8393 1.1
    endloop
  endfacet
  facet normal 0 0 -1
    outer loop
      vertex 67.6591 -23.1894 1.1
      vertex 68.625 -22.9306 1.1
      vertex 67.6897 -23.3434 1.1
    endloop
  endfacet
  facet normal 0 0 -1
    outer loop
      vertex 67.452 -24.2305 1.1
      vertex 68.2454 -24.8393 1.1
      vertex 68.0556 -25.0556 1.1
    endloop
  endfacet
  facet normal -0 0 -1
    outer loop
      vertex 68.625 -22.9306 1.1
      vertex 67.6591 -23.1894 1.1
      vertex 68.5325 -22.6581 1.1
    endloop
  endfacet
  facet normal 0 0 -1
    outer loop
      vertex 67.3485 -24.3485 1.1
      vertex 68.0556 -25.0556 1.1
      vertex 67.8393 -25.2454 1.1
    endloop
  endfacet
  facet normal 0 0 -1
    outer loop
      vertex 67.6087 -23.0408 1.1
      vertex 68.5325 -22.6581 1.1
      vertex 67.6591 -23.1894 1.1
    endloop
  endfacet
  facet normal -0 0 -1
    outer loop
      vertex 68.5325 -22.6581 1.1
      vertex 67.6087 -23.0408 1.1
      vertex 68.4053 -22.4 1.1
    endloop
  endfacet
  facet normal 0 0 -1
    outer loop
      vertex 68.6812 -23.7872 1.1
      vertex 67.6897 -23.6566 1.1
      vertex 67.7 -23.5 1.1
    endloop
  endfacet
  facet normal 0 0 -1
    outer loop
      vertex 68.625 -24.0694 1.1
      vertex 67.6591 -23.8106 1.1
      vertex 67.6897 -23.6566 1.1
    endloop
  endfacet
  facet normal 0 0 -1
    outer loop
      vertex 68.5325 -24.3419 1.1
      vertex 67.6087 -23.9592 1.1
      vertex 67.6591 -23.8106 1.1
    endloop
  endfacet
  facet normal 0 0 -1
    outer loop
      vertex 67.2305 -24.452 1.1
      vertex 67.8393 -25.2454 1.1
      vertex 67.6 -25.4053 1.1
    endloop
  endfacet
  facet normal 0 0 -1
    outer loop
      vertex 68.4053 -24.6 1.1
      vertex 67.5392 -24.1 1.1
      vertex 67.6087 -23.9592 1.1
    endloop
  endfacet
  facet normal 0 0 -1
    outer loop
      vertex 68.2454 -24.8393 1.1
      vertex 67.452 -24.2305 1.1
      vertex 67.5392 -24.1 1.1
    endloop
  endfacet
  facet normal 0 0 -1
    outer loop
      vertex 68.0556 -25.0556 1.1
      vertex 67.3485 -24.3485 1.1
      vertex 67.452 -24.2305 1.1
    endloop
  endfacet
  facet normal 0 0 -1
    outer loop
      vertex 67.1 -24.5392 1.1
      vertex 67.6 -25.4053 1.1
      vertex 67.3419 -25.5325 1.1
    endloop
  endfacet
  facet normal 0 0 -1
    outer loop
      vertex 67.8393 -25.2454 1.1
      vertex 67.2305 -24.452 1.1
      vertex 67.3485 -24.3485 1.1
    endloop
  endfacet
  facet normal 0 0 -1
    outer loop
      vertex 67.6 -25.4053 1.1
      vertex 67.1 -24.5392 1.1
      vertex 67.2305 -24.452 1.1
    endloop
  endfacet
  facet normal 0 0 -1
    outer loop
      vertex 66.9592 -24.6087 1.1
      vertex 67.3419 -25.5325 1.1
      vertex 67.0694 -25.625 1.1
    endloop
  endfacet
  facet normal 0 0 -1
    outer loop
      vertex 67.3419 -25.5325 1.1
      vertex 66.9592 -24.6087 1.1
      vertex 67.1 -24.5392 1.1
    endloop
  endfacet
  facet normal 0 0 -1
    outer loop
      vertex 67.0694 -25.625 1.1
      vertex 66.8106 -24.6591 1.1
      vertex 66.9592 -24.6087 1.1
    endloop
  endfacet
  facet normal 0 0 -1
    outer loop
      vertex 66.7872 -25.6812 1.1
      vertex 66.8106 -24.6591 1.1
      vertex 67.0694 -25.625 1.1
    endloop
  endfacet
  facet normal 0 0 -1
    outer loop
      vertex 66.7872 -25.6812 1.1
      vertex 66.6566 -24.6897 1.1
      vertex 66.8106 -24.6591 1.1
    endloop
  endfacet
  facet normal 0 0 -1
    outer loop
      vertex 66.5 -25.7 1.1
      vertex 66.6566 -24.6897 1.1
      vertex 66.7872 -25.6812 1.1
    endloop
  endfacet
  facet normal 0 0 -1
    outer loop
      vertex 66.5 -25.7 1.1
      vertex 66.5 -24.7 1.1
      vertex 66.6566 -24.6897 1.1
    endloop
  endfacet
  facet normal 0 0 -1
    outer loop
      vertex 66.5 -25.7 1.1
      vertex 66.3434 -24.6897 1.1
      vertex 66.5 -24.7 1.1
    endloop
  endfacet
  facet normal 0 0 -1
    outer loop
      vertex 66.2128 -25.6812 1.1
      vertex 66.3434 -24.6897 1.1
      vertex 66.5 -25.7 1.1
    endloop
  endfacet
  facet normal 0 0 -1
    outer loop
      vertex 66.2128 -25.6812 1.1
      vertex 66.1894 -24.6591 1.1
      vertex 66.3434 -24.6897 1.1
    endloop
  endfacet
  facet normal 0 0 -1
    outer loop
      vertex 65.9306 -25.625 1.1
      vertex 66.1894 -24.6591 1.1
      vertex 66.2128 -25.6812 1.1
    endloop
  endfacet
  facet normal -0 0 -1
    outer loop
      vertex 66.1894 -24.6591 1.1
      vertex 65.9306 -25.625 1.1
      vertex 66.0408 -24.6087 1.1
    endloop
  endfacet
  facet normal 0 0 -1
    outer loop
      vertex 65.6581 -25.5325 1.1
      vertex 66.0408 -24.6087 1.1
      vertex 65.9306 -25.625 1.1
    endloop
  endfacet
  facet normal -0 0 -1
    outer loop
      vertex 66.0408 -24.6087 1.1
      vertex 65.6581 -25.5325 1.1
      vertex 65.9 -24.5392 1.1
    endloop
  endfacet
  facet normal 0 0 -1
    outer loop
      vertex 65.4 -25.4053 1.1
      vertex 65.9 -24.5392 1.1
      vertex 65.6581 -25.5325 1.1
    endloop
  endfacet
  facet normal -0 0 -1
    outer loop
      vertex 65.9 -24.5392 1.1
      vertex 65.4 -25.4053 1.1
      vertex 65.7695 -24.452 1.1
    endloop
  endfacet
  facet normal 0 0 -1
    outer loop
      vertex 65.1607 -25.2454 1.1
      vertex 65.7695 -24.452 1.1
      vertex 65.4 -25.4053 1.1
    endloop
  endfacet
  facet normal -0 0 -1
    outer loop
      vertex 65.7695 -24.452 1.1
      vertex 65.1607 -25.2454 1.1
      vertex 65.6515 -24.3485 1.1
    endloop
  endfacet
  facet normal 0 0 -1
    outer loop
      vertex 64.9444 -25.0556 1.1
      vertex 65.6515 -24.3485 1.1
      vertex 65.1607 -25.2454 1.1
    endloop
  endfacet
  facet normal -0 0 -1
    outer loop
      vertex 65.6515 -24.3485 1.1
      vertex 64.9444 -25.0556 1.1
      vertex 65.548 -24.2305 1.1
    endloop
  endfacet
  facet normal 0 0 -1
    outer loop
      vertex 64.7546 -24.8393 1.1
      vertex 65.548 -24.2305 1.1
      vertex 64.9444 -25.0556 1.1
    endloop
  endfacet
  facet normal -0 0 -1
    outer loop
      vertex 65.548 -24.2305 1.1
      vertex 64.7546 -24.8393 1.1
      vertex 65.4608 -24.1 1.1
    endloop
  endfacet
  facet normal 0 0 -1
    outer loop
      vertex 64.5947 -24.6 1.1
      vertex 65.4608 -24.1 1.1
      vertex 64.7546 -24.8393 1.1
    endloop
  endfacet
  facet normal -0 0 -1
    outer loop
      vertex 65.4608 -24.1 1.1
      vertex 64.5947 -24.6 1.1
      vertex 65.3913 -23.9592 1.1
    endloop
  endfacet
  facet normal 0 0 -1
    outer loop
      vertex 67.5392 -22.9 1.1
      vertex 68.4053 -22.4 1.1
      vertex 67.6087 -23.0408 1.1
    endloop
  endfacet
  facet normal -0 0 -1
    outer loop
      vertex 68.4053 -22.4 1.1
      vertex 67.5392 -22.9 1.1
      vertex 68.2454 -22.1607 1.1
    endloop
  endfacet
  facet normal 0 0 -1
    outer loop
      vertex 67.452 -22.7695 1.1
      vertex 68.2454 -22.1607 1.1
      vertex 67.5392 -22.9 1.1
    endloop
  endfacet
  facet normal -0 0 -1
    outer loop
      vertex 68.2454 -22.1607 1.1
      vertex 67.452 -22.7695 1.1
      vertex 68.0556 -21.9444 1.1
    endloop
  endfacet
  facet normal 0 0 -1
    outer loop
      vertex 67.3485 -22.6515 1.1
      vertex 68.0556 -21.9444 1.1
      vertex 67.452 -22.7695 1.1
    endloop
  endfacet
  facet normal -0 0 -1
    outer loop
      vertex 68.0556 -21.9444 1.1
      vertex 67.3485 -22.6515 1.1
      vertex 67.8393 -21.7546 1.1
    endloop
  endfacet
  facet normal 0 0 -1
    outer loop
      vertex 67.2305 -22.548 1.1
      vertex 67.8393 -21.7546 1.1
      vertex 67.3485 -22.6515 1.1
    endloop
  endfacet
  facet normal -0 0 -1
    outer loop
      vertex 67.8393 -21.7546 1.1
      vertex 67.2305 -22.548 1.1
      vertex 67.6 -21.5947 1.1
    endloop
  endfacet
  facet normal 0 0 -1
    outer loop
      vertex 67.1 -22.4608 1.1
      vertex 67.6 -21.5947 1.1
      vertex 67.2305 -22.548 1.1
    endloop
  endfacet
  facet normal -0 0 -1
    outer loop
      vertex 67.6 -21.5947 1.1
      vertex 67.1 -22.4608 1.1
      vertex 67.3419 -21.4675 1.1
    endloop
  endfacet
  facet normal 0 0 -1
    outer loop
      vertex 66.9592 -22.3913 1.1
      vertex 67.3419 -21.4675 1.1
      vertex 67.1 -22.4608 1.1
    endloop
  endfacet
  facet normal -0 0 -1
    outer loop
      vertex 67.3419 -21.4675 1.1
      vertex 66.9592 -22.3913 1.1
      vertex 67.0694 -21.375 1.1
    endloop
  endfacet
  facet normal 0 0 -1
    outer loop
      vertex 66.8106 -22.3409 1.1
      vertex 67.0694 -21.375 1.1
      vertex 66.9592 -22.3913 1.1
    endloop
  endfacet
  facet normal 0 0 -1
    outer loop
      vertex 66.8106 -22.3409 1.1
      vertex 66.7872 -21.3188 1.1
      vertex 67.0694 -21.375 1.1
    endloop
  endfacet
  facet normal 0 0 -1
    outer loop
      vertex 66.6566 -22.3103 1.1
      vertex 66.7872 -21.3188 1.1
      vertex 66.8106 -22.3409 1.1
    endloop
  endfacet
  facet normal 0 0 -1
    outer loop
      vertex 66.5 -22.3 1.1
      vertex 66.7872 -21.3188 1.1
      vertex 66.6566 -22.3103 1.1
    endloop
  endfacet
  facet normal 0 0 -1
    outer loop
      vertex 66.5 -22.3 1.1
      vertex 66.5 -21.3 1.1
      vertex 66.7872 -21.3188 1.1
    endloop
  endfacet
  facet normal 0 0 -1
    outer loop
      vertex 66.3434 -22.3103 1.1
      vertex 66.5 -21.3 1.1
      vertex 66.5 -22.3 1.1
    endloop
  endfacet
  facet normal 0 0 -1
    outer loop
      vertex 66.3434 -22.3103 1.1
      vertex 66.2128 -21.3188 1.1
      vertex 66.5 -21.3 1.1
    endloop
  endfacet
  facet normal 0 0 -1
    outer loop
      vertex 66.1894 -22.3409 1.1
      vertex 66.2128 -21.3188 1.1
      vertex 66.3434 -22.3103 1.1
    endloop
  endfacet
  facet normal 0 0 -1
    outer loop
      vertex 65.9306 -21.375 1.1
      vertex 66.1894 -22.3409 1.1
      vertex 66.0408 -22.3913 1.1
    endloop
  endfacet
  facet normal 0 0 -1
    outer loop
      vertex 66.1894 -22.3409 1.1
      vertex 65.9306 -21.375 1.1
      vertex 66.2128 -21.3188 1.1
    endloop
  endfacet
  facet normal 0 0 -1
    outer loop
      vertex 65.6581 -21.4675 1.1
      vertex 66.0408 -22.3913 1.1
      vertex 65.9 -22.4608 1.1
    endloop
  endfacet
  facet normal 0 0 -1
    outer loop
      vertex 65.4 -21.5947 1.1
      vertex 65.9 -22.4608 1.1
      vertex 65.7695 -22.548 1.1
    endloop
  endfacet
  facet normal 0 0 -1
    outer loop
      vertex 66.0408 -22.3913 1.1
      vertex 65.6581 -21.4675 1.1
      vertex 65.9306 -21.375 1.1
    endloop
  endfacet
  facet normal 0 0 -1
    outer loop
      vertex 65.1607 -21.7546 1.1
      vertex 65.7695 -22.548 1.1
      vertex 65.6515 -22.6515 1.1
    endloop
  endfacet
  facet normal 0 0 -1
    outer loop
      vertex 64.9444 -21.9444 1.1
      vertex 65.6515 -22.6515 1.1
      vertex 65.548 -22.7695 1.1
    endloop
  endfacet
  facet normal 0 0 -1
    outer loop
      vertex 64.7546 -22.1607 1.1
      vertex 65.548 -22.7695 1.1
      vertex 65.4608 -22.9 1.1
    endloop
  endfacet
  facet normal 0 0 -1
    outer loop
      vertex 65.9 -22.4608 1.1
      vertex 65.4 -21.5947 1.1
      vertex 65.6581 -21.4675 1.1
    endloop
  endfacet
  facet normal 0 0 -1
    outer loop
      vertex 64.5947 -22.4 1.1
      vertex 65.4608 -22.9 1.1
      vertex 65.3913 -23.0408 1.1
    endloop
  endfacet
  facet normal 0 0 -1
    outer loop
      vertex 64.4675 -22.6581 1.1
      vertex 65.3913 -23.0408 1.1
      vertex 65.3409 -23.1894 1.1
    endloop
  endfacet
  facet normal 0 0 -1
    outer loop
      vertex 64.375 -22.9306 1.1
      vertex 65.3409 -23.1894 1.1
      vertex 65.3103 -23.3434 1.1
    endloop
  endfacet
  facet normal 0 0 -1
    outer loop
      vertex 64.3188 -23.2128 1.1
      vertex 65.3103 -23.3434 1.1
      vertex 65.3 -23.5 1.1
    endloop
  endfacet
  facet normal 0 0 -1
    outer loop
      vertex 64.4675 -24.3419 1.1
      vertex 65.3913 -23.9592 1.1
      vertex 64.5947 -24.6 1.1
    endloop
  endfacet
  facet normal 0 0 -1
    outer loop
      vertex 65.7695 -22.548 1.1
      vertex 65.1607 -21.7546 1.1
      vertex 65.4 -21.5947 1.1
    endloop
  endfacet
  facet normal -0 0 -1
    outer loop
      vertex 65.3913 -23.9592 1.1
      vertex 64.4675 -24.3419 1.1
      vertex 65.3409 -23.8106 1.1
    endloop
  endfacet
  facet normal 0 0 -1
    outer loop
      vertex 65.6515 -22.6515 1.1
      vertex 64.9444 -21.9444 1.1
      vertex 65.1607 -21.7546 1.1
    endloop
  endfacet
  facet normal 0 0 -1
    outer loop
      vertex 64.375 -24.0694 1.1
      vertex 65.3409 -23.8106 1.1
      vertex 64.4675 -24.3419 1.1
    endloop
  endfacet
  facet normal 0 0 -1
    outer loop
      vertex 65.548 -22.7695 1.1
      vertex 64.7546 -22.1607 1.1
      vertex 64.9444 -21.9444 1.1
    endloop
  endfacet
  facet normal -0 0 -1
    outer loop
      vertex 65.3409 -23.8106 1.1
      vertex 64.375 -24.0694 1.1
      vertex 65.3103 -23.6566 1.1
    endloop
  endfacet
  facet normal 0 0 -1
    outer loop
      vertex 65.4608 -22.9 1.1
      vertex 64.5947 -22.4 1.1
      vertex 64.7546 -22.1607 1.1
    endloop
  endfacet
  facet normal 0 0 -1
    outer loop
      vertex 64.3188 -23.7872 1.1
      vertex 65.3103 -23.6566 1.1
      vertex 64.375 -24.0694 1.1
    endloop
  endfacet
  facet normal 0 0 -1
    outer loop
      vertex 65.3913 -23.0408 1.1
      vertex 64.4675 -22.6581 1.1
      vertex 64.5947 -22.4 1.1
    endloop
  endfacet
  facet normal -0 0 -1
    outer loop
      vertex 65.3103 -23.6566 1.1
      vertex 64.3188 -23.7872 1.1
      vertex 65.3 -23.5 1.1
    endloop
  endfacet
  facet normal 0 0 -1
    outer loop
      vertex 65.3409 -23.1894 1.1
      vertex 64.375 -22.9306 1.1
      vertex 64.4675 -22.6581 1.1
    endloop
  endfacet
  facet normal 0 0 -1
    outer loop
      vertex 64.3 -23.5 1.1
      vertex 65.3 -23.5 1.1
      vertex 64.3188 -23.7872 1.1
    endloop
  endfacet
  facet normal 0 0 -1
    outer loop
      vertex 65.3103 -23.3434 1.1
      vertex 64.3188 -23.2128 1.1
      vertex 64.375 -22.9306 1.1
    endloop
  endfacet
  facet normal 0 0 -1
    outer loop
      vertex 65.3 -23.5 1.1
      vertex 64.3 -23.5 1.1
      vertex 64.3188 -23.2128 1.1
    endloop
  endfacet
  facet normal 0.980741 -0.195314 0
    outer loop
      vertex 64.3188 -23.2128 1.1
      vertex 64.375 -22.9306 0
      vertex 64.375 -22.9306 1.1
    endloop
  endfacet
  facet normal 0.980741 -0.195314 0
    outer loop
      vertex 64.375 -22.9306 0
      vertex 64.3188 -23.2128 1.1
      vertex 64.3188 -23.2128 0
    endloop
  endfacet
  facet normal 0.555582 -0.831462 0
    outer loop
      vertex 65.1607 -21.7546 0
      vertex 65.4 -21.5947 1.1
      vertex 65.1607 -21.7546 1.1
    endloop
  endfacet
  facet normal 0.555582 -0.831462 0
    outer loop
      vertex 65.4 -21.5947 1.1
      vertex 65.1607 -21.7546 0
      vertex 65.4 -21.5947 0
    endloop
  endfacet
  facet normal -0.946931 0.321435 0
    outer loop
      vertex 68.5325 -24.3419 0
      vertex 68.625 -24.0694 1.1
      vertex 68.625 -24.0694 0
    endloop
  endfacet
  facet normal -0.946931 0.321435 0
    outer loop
      vertex 68.625 -24.0694 1.1
      vertex 68.5325 -24.3419 0
      vertex 68.5325 -24.3419 1.1
    endloop
  endfacet
  facet normal 0 1 -0
    outer loop
      vertex 32.9 -6.99998 0
      vertex 18.1 -6.99998 2.2
      vertex 32.9 -6.99998 2.2
    endloop
  endfacet
  facet normal 0 1 0
    outer loop
      vertex 18.1 -6.99998 2.2
      vertex 32.9 -6.99998 0
      vertex 18.1 -6.99998 0
    endloop
  endfacet
  facet normal -0.0653771 0.997861 0
    outer loop
      vertex 33.0566 -6.98972 0
      vertex 32.9 -6.99998 2.2
      vertex 33.0566 -6.98972 2.2
    endloop
  endfacet
  facet normal -0.0653771 0.997861 0
    outer loop
      vertex 32.9 -6.99998 2.2
      vertex 33.0566 -6.98972 0
      vertex 32.9 -6.99998 0
    endloop
  endfacet
  facet normal -0.195075 0.980788 0
    outer loop
      vertex 33.2106 -6.95909 0
      vertex 33.0566 -6.98972 2.2
      vertex 33.2106 -6.95909 2.2
    endloop
  endfacet
  facet normal -0.195075 0.980788 0
    outer loop
      vertex 33.0566 -6.98972 2.2
      vertex 33.2106 -6.95909 0
      vertex 33.0566 -6.98972 0
    endloop
  endfacet
  facet normal 0.0653771 -0.997861 0
    outer loop
      vertex 17.9434 6.98972 0
      vertex 18.1 6.99998 2.2
      vertex 17.9434 6.98972 2.2
    endloop
  endfacet
  facet normal 0.0653771 -0.997861 0
    outer loop
      vertex 18.1 6.99998 2.2
      vertex 17.9434 6.98972 0
      vertex 18.1 6.99998 0
    endloop
  endfacet
  facet normal -0.0653771 -0.997861 0
    outer loop
      vertex 32.9 6.99998 0
      vertex 33.0566 6.98972 2.2
      vertex 32.9 6.99998 2.2
    endloop
  endfacet
  facet normal -0.0653771 -0.997861 -0
    outer loop
      vertex 33.0566 6.98972 2.2
      vertex 32.9 6.99998 0
      vertex 33.0566 6.98972 0
    endloop
  endfacet
  facet normal 0.751815 0.659375 0
    outer loop
      vertex 17.2515 -6.64851 2.2
      vertex 17.148 -6.5305 0
      vertex 17.148 -6.5305 2.2
    endloop
  endfacet
  facet normal 0.751815 0.659375 0
    outer loop
      vertex 17.148 -6.5305 0
      vertex 17.2515 -6.64851 2.2
      vertex 17.2515 -6.64851 0
    endloop
  endfacet
  facet normal 0 -1 0
    outer loop
      vertex 18.1 6.99998 0
      vertex 32.9 6.99998 2.2
      vertex 18.1 6.99998 2.2
    endloop
  endfacet
  facet normal 0 -1 -0
    outer loop
      vertex 32.9 6.99998 2.2
      vertex 18.1 6.99998 0
      vertex 32.9 6.99998 0
    endloop
  endfacet
  facet normal 0.442264 -0.896885 0
    outer loop
      vertex 17.5 6.83922 0
      vertex 17.6408 6.90865 2.2
      vertex 17.5 6.83922 2.2
    endloop
  endfacet
  facet normal 0.442264 -0.896885 0
    outer loop
      vertex 17.6408 6.90865 2.2
      vertex 17.5 6.83922 0
      vertex 17.6408 6.90865 0
    endloop
  endfacet
  facet normal 1 -0 0
    outer loop
      vertex 16.9 -5.79999 2.2
      vertex 16.9 5.79999 0
      vertex 16.9 5.79999 2.2
    endloop
  endfacet
  facet normal 1 0 0
    outer loop
      vertex 16.9 5.79999 0
      vertex 16.9 -5.79999 2.2
      vertex 16.9 -5.79999 0
    endloop
  endfacet
  facet normal 0.321423 0.946936 -0
    outer loop
      vertex 17.7894 -6.95909 0
      vertex 17.6408 -6.90865 2.2
      vertex 17.7894 -6.95909 2.2
    endloop
  endfacet
  facet normal 0.321423 0.946936 0
    outer loop
      vertex 17.6408 -6.90865 2.2
      vertex 17.7894 -6.95909 0
      vertex 17.6408 -6.90865 0
    endloop
  endfacet
  facet normal -1 0 0
    outer loop
      vertex 34.1 -5.79999 0
      vertex 34.1 5.79999 2.2
      vertex 34.1 5.79999 0
    endloop
  endfacet
  facet normal -1 -0 0
    outer loop
      vertex 34.1 5.79999 2.2
      vertex 34.1 -5.79999 0
      vertex 34.1 -5.79999 2.2
    endloop
  endfacet
  facet normal -0.751815 -0.659375 0
    outer loop
      vertex 33.852 6.5305 0
      vertex 33.7485 6.64851 2.2
      vertex 33.7485 6.64851 0
    endloop
  endfacet
  facet normal -0.751815 -0.659375 0
    outer loop
      vertex 33.7485 6.64851 2.2
      vertex 33.852 6.5305 0
      vertex 33.852 6.5305 2.2
    endloop
  endfacet
  facet normal -0.442264 -0.896885 0
    outer loop
      vertex 33.3592 6.90865 0
      vertex 33.5 6.83922 2.2
      vertex 33.3592 6.90865 2.2
    endloop
  endfacet
  facet normal -0.442264 -0.896885 -0
    outer loop
      vertex 33.5 6.83922 2.2
      vertex 33.3592 6.90865 0
      vertex 33.5 6.83922 0
    endloop
  endfacet
  facet normal 0.997845 -0.0656183 0
    outer loop
      vertex 16.9 5.79999 2.2
      vertex 16.9103 5.95662 0
      vertex 16.9103 5.95662 2.2
    endloop
  endfacet
  facet normal 0.997845 -0.0656183 0
    outer loop
      vertex 16.9103 5.95662 0
      vertex 16.9 5.79999 2.2
      vertex 16.9 5.79999 0
    endloop
  endfacet
  facet normal 0.659406 0.751787 -0
    outer loop
      vertex 17.3695 -6.75201 0
      vertex 17.2515 -6.64851 2.2
      vertex 17.3695 -6.75201 2.2
    endloop
  endfacet
  facet normal 0.659406 0.751787 0
    outer loop
      vertex 17.2515 -6.64851 2.2
      vertex 17.3695 -6.75201 0
      vertex 17.2515 -6.64851 0
    endloop
  endfacet
  facet normal 0.997845 0.0656183 0
    outer loop
      vertex 16.9103 -5.95662 2.2
      vertex 16.9 -5.79999 0
      vertex 16.9 -5.79999 2.2
    endloop
  endfacet
  facet normal 0.997845 0.0656183 0
    outer loop
      vertex 16.9 -5.79999 0
      vertex 16.9103 -5.95662 2.2
      vertex 16.9103 -5.95662 0
    endloop
  endfacet
  facet normal 0.0653771 0.997861 -0
    outer loop
      vertex 18.1 -6.99998 0
      vertex 17.9434 -6.98972 2.2
      vertex 18.1 -6.99998 2.2
    endloop
  endfacet
  facet normal 0.0653771 0.997861 0
    outer loop
      vertex 17.9434 -6.98972 2.2
      vertex 18.1 -6.99998 0
      vertex 17.9434 -6.98972 0
    endloop
  endfacet
  facet normal -0.947033 0.321136 0
    outer loop
      vertex 34.0087 -6.2592 0
      vertex 34.0591 -6.11057 2.2
      vertex 34.0591 -6.11057 0
    endloop
  endfacet
  facet normal -0.947033 0.321136 0
    outer loop
      vertex 34.0591 -6.11057 2.2
      vertex 34.0087 -6.2592 0
      vertex 34.0087 -6.2592 2.2
    endloop
  endfacet
  facet normal -0.195075 -0.980788 0
    outer loop
      vertex 33.0566 6.98972 0
      vertex 33.2106 6.95909 2.2
      vertex 33.0566 6.98972 2.2
    endloop
  endfacet
  facet normal -0.195075 -0.980788 -0
    outer loop
      vertex 33.2106 6.95909 2.2
      vertex 33.0566 6.98972 0
      vertex 33.2106 6.95909 0
    endloop
  endfacet
  facet normal 0.555626 -0.831432 0
    outer loop
      vertex 17.3695 6.75201 0
      vertex 17.5 6.83922 2.2
      vertex 17.3695 6.75201 2.2
    endloop
  endfacet
  facet normal 0.555626 -0.831432 0
    outer loop
      vertex 17.5 6.83922 2.2
      vertex 17.3695 6.75201 0
      vertex 17.5 6.83922 0
    endloop
  endfacet
  facet normal 0.831481 -0.555553 0
    outer loop
      vertex 17.0608 6.39999 2.2
      vertex 17.148 6.5305 0
      vertex 17.148 6.5305 2.2
    endloop
  endfacet
  facet normal 0.831481 -0.555553 0
    outer loop
      vertex 17.148 6.5305 0
      vertex 17.0608 6.39999 2.2
      vertex 17.0608 6.39999 0
    endloop
  endfacet
  facet normal 0.980813 -0.194952 0
    outer loop
      vertex 16.9103 5.95662 2.2
      vertex 16.9409 6.11057 0
      vertex 16.9409 6.11057 2.2
    endloop
  endfacet
  facet normal 0.980813 -0.194952 0
    outer loop
      vertex 16.9409 6.11057 0
      vertex 16.9103 5.95662 2.2
      vertex 16.9103 5.95662 0
    endloop
  endfacet
  facet normal 0.555626 0.831432 -0
    outer loop
      vertex 17.5 -6.83922 0
      vertex 17.3695 -6.75201 2.2
      vertex 17.5 -6.83922 2.2
    endloop
  endfacet
  facet normal 0.555626 0.831432 0
    outer loop
      vertex 17.3695 -6.75201 2.2
      vertex 17.5 -6.83922 0
      vertex 17.3695 -6.75201 0
    endloop
  endfacet
  facet normal 0.442264 0.896885 -0
    outer loop
      vertex 17.6408 -6.90865 0
      vertex 17.5 -6.83922 2.2
      vertex 17.6408 -6.90865 2.2
    endloop
  endfacet
  facet normal 0.442264 0.896885 0
    outer loop
      vertex 17.5 -6.83922 2.2
      vertex 17.6408 -6.90865 0
      vertex 17.5 -6.83922 0
    endloop
  endfacet
  facet normal 0.831481 0.555553 0
    outer loop
      vertex 17.148 -6.5305 2.2
      vertex 17.0608 -6.39999 0
      vertex 17.0608 -6.39999 2.2
    endloop
  endfacet
  facet normal 0.831481 0.555553 0
    outer loop
      vertex 17.0608 -6.39999 0
      vertex 17.148 -6.5305 2.2
      vertex 17.148 -6.5305 0
    endloop
  endfacet
  facet normal 0.195075 0.980788 -0
    outer loop
      vertex 17.9434 -6.98972 0
      vertex 17.7894 -6.95909 2.2
      vertex 17.9434 -6.98972 2.2
    endloop
  endfacet
  facet normal 0.195075 0.980788 0
    outer loop
      vertex 17.7894 -6.95909 2.2
      vertex 17.9434 -6.98972 0
      vertex 17.7894 -6.95909 0
    endloop
  endfacet
  facet normal -0.947033 -0.321136 0
    outer loop
      vertex 34.0591 6.11057 0
      vertex 34.0087 6.2592 2.2
      vertex 34.0087 6.2592 0
    endloop
  endfacet
  facet normal -0.947033 -0.321136 0
    outer loop
      vertex 34.0087 6.2592 2.2
      vertex 34.0591 6.11057 0
      vertex 34.0591 6.11057 2.2
    endloop
  endfacet
  facet normal -0.831481 0.555553 0
    outer loop
      vertex 33.852 -6.5305 0
      vertex 33.9392 -6.39999 2.2
      vertex 33.9392 -6.39999 0
    endloop
  endfacet
  facet normal -0.831481 0.555553 0
    outer loop
      vertex 33.9392 -6.39999 2.2
      vertex 33.852 -6.5305 0
      vertex 33.852 -6.5305 2.2
    endloop
  endfacet
  facet normal -0.555626 0.831432 0
    outer loop
      vertex 33.6305 -6.75201 0
      vertex 33.5 -6.83922 2.2
      vertex 33.6305 -6.75201 2.2
    endloop
  endfacet
  facet normal -0.555626 0.831432 0
    outer loop
      vertex 33.5 -6.83922 2.2
      vertex 33.6305 -6.75201 0
      vertex 33.5 -6.83922 0
    endloop
  endfacet
  facet normal -0.751815 0.659375 0
    outer loop
      vertex 33.7485 -6.64851 0
      vertex 33.852 -6.5305 2.2
      vertex 33.852 -6.5305 0
    endloop
  endfacet
  facet normal -0.751815 0.659375 0
    outer loop
      vertex 33.852 -6.5305 2.2
      vertex 33.7485 -6.64851 0
      vertex 33.7485 -6.64851 2.2
    endloop
  endfacet
  facet normal -0.321423 0.946936 0
    outer loop
      vertex 33.3592 -6.90865 0
      vertex 33.2106 -6.95909 2.2
      vertex 33.3592 -6.90865 2.2
    endloop
  endfacet
  facet normal -0.321423 0.946936 0
    outer loop
      vertex 33.2106 -6.95909 2.2
      vertex 33.3592 -6.90865 0
      vertex 33.2106 -6.95909 0
    endloop
  endfacet
  facet normal -0.321423 -0.946936 0
    outer loop
      vertex 33.2106 6.95909 0
      vertex 33.3592 6.90865 2.2
      vertex 33.2106 6.95909 2.2
    endloop
  endfacet
  facet normal -0.321423 -0.946936 -0
    outer loop
      vertex 33.3592 6.90865 2.2
      vertex 33.2106 6.95909 0
      vertex 33.3592 6.90865 0
    endloop
  endfacet
  facet normal -0.555626 -0.831432 0
    outer loop
      vertex 33.5 6.83922 0
      vertex 33.6305 6.75201 2.2
      vertex 33.5 6.83922 2.2
    endloop
  endfacet
  facet normal -0.555626 -0.831432 -0
    outer loop
      vertex 33.6305 6.75201 2.2
      vertex 33.5 6.83922 0
      vertex 33.6305 6.75201 0
    endloop
  endfacet
  facet normal -0.659406 -0.751787 0
    outer loop
      vertex 33.6305 6.75201 0
      vertex 33.7485 6.64851 2.2
      vertex 33.6305 6.75201 2.2
    endloop
  endfacet
  facet normal -0.659406 -0.751787 -0
    outer loop
      vertex 33.7485 6.64851 2.2
      vertex 33.6305 6.75201 0
      vertex 33.7485 6.64851 0
    endloop
  endfacet
  facet normal 0.947033 -0.321136 0
    outer loop
      vertex 16.9409 6.11057 2.2
      vertex 16.9913 6.2592 0
      vertex 16.9913 6.2592 2.2
    endloop
  endfacet
  facet normal 0.947033 -0.321136 0
    outer loop
      vertex 16.9913 6.2592 0
      vertex 16.9409 6.11057 2.2
      vertex 16.9409 6.11057 0
    endloop
  endfacet
  facet normal 0.980813 0.194952 0
    outer loop
      vertex 16.9409 -6.11057 2.2
      vertex 16.9103 -5.95662 0
      vertex 16.9103 -5.95662 2.2
    endloop
  endfacet
  facet normal 0.980813 0.194952 0
    outer loop
      vertex 16.9103 -5.95662 0
      vertex 16.9409 -6.11057 2.2
      vertex 16.9409 -6.11057 0
    endloop
  endfacet
  facet normal 0.896696 0.442648 0
    outer loop
      vertex 17.0608 -6.39999 2.2
      vertex 16.9913 -6.2592 0
      vertex 16.9913 -6.2592 2.2
    endloop
  endfacet
  facet normal 0.896696 0.442648 0
    outer loop
      vertex 16.9913 -6.2592 0
      vertex 17.0608 -6.39999 2.2
      vertex 17.0608 -6.39999 0
    endloop
  endfacet
  facet normal -0.896696 -0.442648 0
    outer loop
      vertex 34.0087 6.2592 0
      vertex 33.9392 6.39999 2.2
      vertex 33.9392 6.39999 0
    endloop
  endfacet
  facet normal -0.896696 -0.442648 0
    outer loop
      vertex 33.9392 6.39999 2.2
      vertex 34.0087 6.2592 0
      vertex 34.0087 6.2592 2.2
    endloop
  endfacet
  facet normal -0.997845 -0.0656183 0
    outer loop
      vertex 34.1 5.79999 0
      vertex 34.0897 5.95662 2.2
      vertex 34.0897 5.95662 0
    endloop
  endfacet
  facet normal -0.997845 -0.0656183 0
    outer loop
      vertex 34.0897 5.95662 2.2
      vertex 34.1 5.79999 0
      vertex 34.1 5.79999 2.2
    endloop
  endfacet
  facet normal -0.997845 0.0656183 0
    outer loop
      vertex 34.0897 -5.95662 0
      vertex 34.1 -5.79999 2.2
      vertex 34.1 -5.79999 0
    endloop
  endfacet
  facet normal -0.997845 0.0656183 0
    outer loop
      vertex 34.1 -5.79999 2.2
      vertex 34.0897 -5.95662 0
      vertex 34.0897 -5.95662 2.2
    endloop
  endfacet
  facet normal -0.896696 0.442648 0
    outer loop
      vertex 33.9392 -6.39999 0
      vertex 34.0087 -6.2592 2.2
      vertex 34.0087 -6.2592 0
    endloop
  endfacet
  facet normal -0.896696 0.442648 0
    outer loop
      vertex 34.0087 -6.2592 2.2
      vertex 33.9392 -6.39999 0
      vertex 33.9392 -6.39999 2.2
    endloop
  endfacet
  facet normal -0.659406 0.751787 0
    outer loop
      vertex 33.7485 -6.64851 0
      vertex 33.6305 -6.75201 2.2
      vertex 33.7485 -6.64851 2.2
    endloop
  endfacet
  facet normal -0.659406 0.751787 0
    outer loop
      vertex 33.6305 -6.75201 2.2
      vertex 33.7485 -6.64851 0
      vertex 33.6305 -6.75201 0
    endloop
  endfacet
  facet normal -0.442264 0.896885 0
    outer loop
      vertex 33.5 -6.83922 0
      vertex 33.3592 -6.90865 2.2
      vertex 33.5 -6.83922 2.2
    endloop
  endfacet
  facet normal -0.442264 0.896885 0
    outer loop
      vertex 33.3592 -6.90865 2.2
      vertex 33.5 -6.83922 0
      vertex 33.3592 -6.90865 0
    endloop
  endfacet
  facet normal 0.896696 -0.442648 0
    outer loop
      vertex 16.9913 6.2592 2.2
      vertex 17.0608 6.39999 0
      vertex 17.0608 6.39999 2.2
    endloop
  endfacet
  facet normal 0.896696 -0.442648 0
    outer loop
      vertex 17.0608 6.39999 0
      vertex 16.9913 6.2592 2.2
      vertex 16.9913 6.2592 0
    endloop
  endfacet
  facet normal 0.751815 -0.659375 0
    outer loop
      vertex 17.148 6.5305 2.2
      vertex 17.2515 6.64851 0
      vertex 17.2515 6.64851 2.2
    endloop
  endfacet
  facet normal 0.751815 -0.659375 0
    outer loop
      vertex 17.2515 6.64851 0
      vertex 17.148 6.5305 2.2
      vertex 17.148 6.5305 0
    endloop
  endfacet
  facet normal 0.659406 -0.751787 0
    outer loop
      vertex 17.2515 6.64851 0
      vertex 17.3695 6.75201 2.2
      vertex 17.2515 6.64851 2.2
    endloop
  endfacet
  facet normal 0.659406 -0.751787 0
    outer loop
      vertex 17.3695 6.75201 2.2
      vertex 17.2515 6.64851 0
      vertex 17.3695 6.75201 0
    endloop
  endfacet
  facet normal -0.831481 -0.555553 0
    outer loop
      vertex 33.9392 6.39999 0
      vertex 33.852 6.5305 2.2
      vertex 33.852 6.5305 0
    endloop
  endfacet
  facet normal -0.831481 -0.555553 0
    outer loop
      vertex 33.852 6.5305 2.2
      vertex 33.9392 6.39999 0
      vertex 33.9392 6.39999 2.2
    endloop
  endfacet
  facet normal -0.980813 -0.194952 0
    outer loop
      vertex 34.0897 5.95662 0
      vertex 34.0591 6.11057 2.2
      vertex 34.0591 6.11057 0
    endloop
  endfacet
  facet normal -0.980813 -0.194952 0
    outer loop
      vertex 34.0591 6.11057 2.2
      vertex 34.0897 5.95662 0
      vertex 34.0897 5.95662 2.2
    endloop
  endfacet
  facet normal -0.980813 0.194952 0
    outer loop
      vertex 34.0591 -6.11057 0
      vertex 34.0897 -5.95662 2.2
      vertex 34.0897 -5.95662 0
    endloop
  endfacet
  facet normal -0.980813 0.194952 0
    outer loop
      vertex 34.0897 -5.95662 2.2
      vertex 34.0591 -6.11057 0
      vertex 34.0591 -6.11057 2.2
    endloop
  endfacet
  facet normal 0.321423 -0.946936 0
    outer loop
      vertex 17.6408 6.90865 0
      vertex 17.7894 6.95909 2.2
      vertex 17.6408 6.90865 2.2
    endloop
  endfacet
  facet normal 0.321423 -0.946936 0
    outer loop
      vertex 17.7894 6.95909 2.2
      vertex 17.6408 6.90865 0
      vertex 17.7894 6.95909 0
    endloop
  endfacet
  facet normal 0.195075 -0.980788 0
    outer loop
      vertex 17.7894 6.95909 0
      vertex 17.9434 6.98972 2.2
      vertex 17.7894 6.95909 2.2
    endloop
  endfacet
  facet normal 0.195075 -0.980788 0
    outer loop
      vertex 17.9434 6.98972 2.2
      vertex 17.7894 6.95909 0
      vertex 17.9434 6.98972 0
    endloop
  endfacet
  facet normal 0.947033 0.321136 0
    outer loop
      vertex 16.9913 -6.2592 2.2
      vertex 16.9409 -6.11057 0
      vertex 16.9409 -6.11057 2.2
    endloop
  endfacet
  facet normal 0.947033 0.321136 0
    outer loop
      vertex 16.9409 -6.11057 0
      vertex 16.9913 -6.2592 2.2
      vertex 16.9913 -6.2592 0
    endloop
  endfacet
  facet normal 1 -0 0
    outer loop
      vertex 20.5 -29 11.1
      vertex 20.5 -26.6 5.9
      vertex 20.5 -26.6 11.1
    endloop
  endfacet
  facet normal 1 0 0
    outer loop
      vertex 20.5 -26.6 5.9
      vertex 20.5 -29 11.1
      vertex 20.5 -29 5.9
    endloop
  endfacet
  facet normal 0 0 -1
    outer loop
      vertex 20.5 -29 11.1
      vertex 30.5 -26.6 11.1
      vertex 30.5 -29 11.1
    endloop
  endfacet
  facet normal -0 0 -1
    outer loop
      vertex 30.5 -26.6 11.1
      vertex 20.5 -29 11.1
      vertex 20.5 -26.6 11.1
    endloop
  endfacet
  facet normal -1 0 0
    outer loop
      vertex 30.5 -29 5.9
      vertex 30.5 -26.6 11.1
      vertex 30.5 -26.6 5.9
    endloop
  endfacet
  facet normal -1 -0 0
    outer loop
      vertex 30.5 -26.6 11.1
      vertex 30.5 -29 5.9
      vertex 30.5 -29 11.1
    endloop
  endfacet
  facet normal -0 0 1
    outer loop
      vertex 20.5 -26.6 5.9
      vertex 30.5 -29 5.9
      vertex 30.5 -26.6 5.9
    endloop
  endfacet
  facet normal 0 0 1
    outer loop
      vertex 30.5 -29 5.9
      vertex 20.5 -26.6 5.9
      vertex 20.5 -29 5.9
    endloop
  endfacet
  facet normal 1 -0 0
    outer loop
      vertex 43 26.6 9.3
      vertex 43 29 5.7
      vertex 43 29 9.3
    endloop
  endfacet
  facet normal 1 0 0
    outer loop
      vertex 43 29 5.7
      vertex 43 26.6 9.3
      vertex 43 26.6 5.7
    endloop
  endfacet
  facet normal 0 0 -1
    outer loop
      vertex 43 26.6 9.3
      vertex 62 29 9.3
      vertex 62 26.6 9.3
    endloop
  endfacet
  facet normal -0 0 -1
    outer loop
      vertex 62 29 9.3
      vertex 43 26.6 9.3
      vertex 43 29 9.3
    endloop
  endfacet
  facet normal -1 0 0
    outer loop
      vertex 62 26.6 5.7
      vertex 62 29 9.3
      vertex 62 29 5.7
    endloop
  endfacet
  facet normal -1 -0 0
    outer loop
      vertex 62 29 9.3
      vertex 62 26.6 5.7
      vertex 62 26.6 9.3
    endloop
  endfacet
  facet normal -0 0 1
    outer loop
      vertex 43 29 5.7
      vertex 62 26.6 5.7
      vertex 62 29 5.7
    endloop
  endfacet
  facet normal 0 0 1
    outer loop
      vertex 62 26.6 5.7
      vertex 43 29 5.7
      vertex 43 26.6 5.7
    endloop
  endfacet
  facet normal -0.321451 0.946926 0
    outer loop
      vertex 88.3827 -9.92387 0
      vertex 88.2588 -9.96593 2.2
      vertex 88.3827 -9.92387 2.2
    endloop
  endfacet
  facet normal -0.321451 0.946926 0
    outer loop
      vertex 88.2588 -9.96593 2.2
      vertex 88.3827 -9.92387 0
      vertex 88.2588 -9.96593 0
    endloop
  endfacet
  facet normal -0.0654532 0.997856 0
    outer loop
      vertex 88.1305 -9.99144 0
      vertex 88 -10 2.2
      vertex 88.1305 -9.99144 2.2
    endloop
  endfacet
  facet normal -0.0654532 0.997856 0
    outer loop
      vertex 88 -10 2.2
      vertex 88.1305 -9.99144 0
      vertex 88 -10 0
    endloop
  endfacet
  facet normal 0.195013 -0.980801 0
    outer loop
      vertex 69.7412 9.96593 0
      vertex 69.8695 9.99144 2.2
      vertex 69.7412 9.96593 2.2
    endloop
  endfacet
  facet normal 0.195013 -0.980801 0
    outer loop
      vertex 69.8695 9.99144 2.2
      vertex 69.7412 9.96593 0
      vertex 69.8695 9.99144 0
    endloop
  endfacet
  facet normal -0.195013 0.980801 0
    outer loop
      vertex 88.2588 -9.96593 0
      vertex 88.1305 -9.99144 2.2
      vertex 88.2588 -9.96593 2.2
    endloop
  endfacet
  facet normal -0.195013 0.980801 0
    outer loop
      vertex 88.1305 -9.99144 2.2
      vertex 88.2588 -9.96593 0
      vertex 88.1305 -9.99144 0
    endloop
  endfacet
  facet normal -0.751653 -0.659559 0
    outer loop
      vertex 88.7934 9.60876 0
      vertex 88.7071 9.70711 2.25
      vertex 88.7071 9.70711 0
    endloop
  endfacet
  facet normal -0.751653 -0.659559 0
    outer loop
      vertex 88.7071 9.70711 2.25
      vertex 88.7934 9.60876 0
      vertex 88.7934 9.60876 2.25
    endloop
  endfacet
  facet normal 0.751653 0.659559 0
    outer loop
      vertex 69.2929 -9.70711 2.25
      vertex 69.2066 -9.60876 0
      vertex 69.2066 -9.60876 2.25
    endloop
  endfacet
  facet normal 0.751653 0.659559 0
    outer loop
      vertex 69.2066 -9.60876 0
      vertex 69.2929 -9.70711 2.25
      vertex 69.2929 -9.70711 0
    endloop
  endfacet
  facet normal 0.997836 -0.0657477 0
    outer loop
      vertex 69 9 2.25
      vertex 69.0086 9.13052 0
      vertex 69.0086 9.13052 2.25
    endloop
  endfacet
  facet normal 0.997836 -0.0657477 0
    outer loop
      vertex 69.0086 9.13052 0
      vertex 69 9 2.25
      vertex 69 9 0
    endloop
  endfacet
  facet normal 0 0 -1
    outer loop
      vertex 69 9 2.25
      vertex 69.5 9.86603 2.25
      vertex 69.5 7 2.25
    endloop
  endfacet
  facet normal 0 0 -1
    outer loop
      vertex 69.5 9.86603 2.25
      vertex 69 9 2.25
      vertex 69.3912 9.79335 2.25
    endloop
  endfacet
  facet normal 0 0 -1
    outer loop
      vertex 69.3912 9.79335 2.25
      vertex 69 9 2.25
      vertex 69.2929 9.70711 2.25
    endloop
  endfacet
  facet normal 0 0 -1
    outer loop
      vertex 69.2929 9.70711 2.25
      vertex 69 9 2.25
      vertex 69.2066 9.60876 2.25
    endloop
  endfacet
  facet normal 0 0 -1
    outer loop
      vertex 69.2066 9.60876 2.25
      vertex 69 9 2.25
      vertex 69.134 9.5 2.25
    endloop
  endfacet
  facet normal 0 0 -1
    outer loop
      vertex 69.134 9.5 2.25
      vertex 69 9 2.25
      vertex 69.0761 9.38269 2.25
    endloop
  endfacet
  facet normal 0 0 -1
    outer loop
      vertex 69.0761 9.38269 2.25
      vertex 69 9 2.25
      vertex 69.0341 9.25882 2.25
    endloop
  endfacet
  facet normal 0 0 -1
    outer loop
      vertex 69 9 2.25
      vertex 69.5 7 2.25
      vertex 69 7 2.25
    endloop
  endfacet
  facet normal 0 0 -1
    outer loop
      vertex 69.0341 9.25882 2.25
      vertex 69 9 2.25
      vertex 69.0086 9.13052 2.25
    endloop
  endfacet
  facet normal 0 0 -1
    outer loop
      vertex 88.5 7 2.25
      vertex 89 9 2.25
      vertex 89 7 2.25
    endloop
  endfacet
  facet normal 0 0 -1
    outer loop
      vertex 88.5 9.86603 2.25
      vertex 89 9 2.25
      vertex 88.5 7 2.25
    endloop
  endfacet
  facet normal 0 0 -1
    outer loop
      vertex 89 9 2.25
      vertex 88.5 9.86603 2.25
      vertex 88.9914 9.13052 2.25
    endloop
  endfacet
  facet normal 0 0 -1
    outer loop
      vertex 88.9914 9.13052 2.25
      vertex 88.5 9.86603 2.25
      vertex 88.9659 9.25882 2.25
    endloop
  endfacet
  facet normal 0 0 -1
    outer loop
      vertex 88.9659 9.25882 2.25
      vertex 88.5 9.86603 2.25
      vertex 88.9239 9.38269 2.25
    endloop
  endfacet
  facet normal 0 0 -1
    outer loop
      vertex 88.9239 9.38269 2.25
      vertex 88.5 9.86603 2.25
      vertex 88.866 9.5 2.25
    endloop
  endfacet
  facet normal 0 0 -1
    outer loop
      vertex 88.866 9.5 2.25
      vertex 88.5 9.86603 2.25
      vertex 88.7934 9.60876 2.25
    endloop
  endfacet
  facet normal 0 0 -1
    outer loop
      vertex 88.7934 9.60876 2.25
      vertex 88.5 9.86603 2.25
      vertex 88.7071 9.70711 2.25
    endloop
  endfacet
  facet normal 0 0 -1
    outer loop
      vertex 88.7071 9.70711 2.25
      vertex 88.5 9.86603 2.25
      vertex 88.6088 9.79335 2.25
    endloop
  endfacet
  facet normal 0 0 -1
    outer loop
      vertex 88.5 -9.86603 2.25
      vertex 89 -9 2.25
      vertex 88.9914 -9.13052 2.25
    endloop
  endfacet
  facet normal 0 0 -1
    outer loop
      vertex 88.5 -9.86603 2.25
      vertex 88.9914 -9.13052 2.25
      vertex 88.9659 -9.25882 2.25
    endloop
  endfacet
  facet normal 0 0 -1
    outer loop
      vertex 88.5 -9.86603 2.25
      vertex 88.9659 -9.25882 2.25
      vertex 88.9239 -9.38269 2.25
    endloop
  endfacet
  facet normal 0 0 -1
    outer loop
      vertex 88.5 -9.86603 2.25
      vertex 88.9239 -9.38269 2.25
      vertex 88.866 -9.5 2.25
    endloop
  endfacet
  facet normal 0 0 -1
    outer loop
      vertex 88.5 -9.86603 2.25
      vertex 88.866 -9.5 2.25
      vertex 88.7934 -9.60876 2.25
    endloop
  endfacet
  facet normal 0 0 -1
    outer loop
      vertex 88.5 -9.86603 2.25
      vertex 88.7934 -9.60876 2.25
      vertex 88.7071 -9.70711 2.25
    endloop
  endfacet
  facet normal 0 0 -1
    outer loop
      vertex 88.5 -9.86603 2.25
      vertex 88.7071 -9.70711 2.25
      vertex 88.6088 -9.79335 2.25
    endloop
  endfacet
  facet normal -0 0 -1
    outer loop
      vertex 89 -9 2.25
      vertex 88.5 -9.86603 2.25
      vertex 88.5 -7 2.25
    endloop
  endfacet
  facet normal 0 0 -1
    outer loop
      vertex 89 -9 2.25
      vertex 88.5 -7 2.25
      vertex 89 -7 2.25
    endloop
  endfacet
  facet normal 0 0 -1
    outer loop
      vertex 69 -9 2.25
      vertex 69.5 -9.86603 2.25
      vertex 69.3912 -9.79335 2.25
    endloop
  endfacet
  facet normal 0 0 -1
    outer loop
      vertex 69 -9 2.25
      vertex 69.3912 -9.79335 2.25
      vertex 69.2929 -9.70711 2.25
    endloop
  endfacet
  facet normal 0 0 -1
    outer loop
      vertex 69 -9 2.25
      vertex 69.2929 -9.70711 2.25
      vertex 69.2066 -9.60876 2.25
    endloop
  endfacet
  facet normal 0 0 -1
    outer loop
      vertex 69 -9 2.25
      vertex 69.2066 -9.60876 2.25
      vertex 69.134 -9.5 2.25
    endloop
  endfacet
  facet normal 0 0 -1
    outer loop
      vertex 69 -9 2.25
      vertex 69.134 -9.5 2.25
      vertex 69.0761 -9.38269 2.25
    endloop
  endfacet
  facet normal 0 0 -1
    outer loop
      vertex 69 -9 2.25
      vertex 69.0761 -9.38269 2.25
      vertex 69.0341 -9.25882 2.25
    endloop
  endfacet
  facet normal 0 0 -1
    outer loop
      vertex 69 -9 2.25
      vertex 69.0341 -9.25882 2.25
      vertex 69.0086 -9.13052 2.25
    endloop
  endfacet
  facet normal 0 0 -1
    outer loop
      vertex 69.5 -9.86603 2.25
      vertex 69 -9 2.25
      vertex 69.5 -7 2.25
    endloop
  endfacet
  facet normal -0 0 -1
    outer loop
      vertex 69.5 -7 2.25
      vertex 69 -9 2.25
      vertex 69 -7 2.25
    endloop
  endfacet
  facet normal 1 0 0
    outer loop
      vertex 69 -7 2.25
      vertex 69 -9 2.25
      vertex 69 -7 2.2
    endloop
  endfacet
  facet normal 1 0 0
    outer loop
      vertex 69 7 2.2
      vertex 69 9 2.25
      vertex 69 7 2.25
    endloop
  endfacet
  facet normal 1 0 0
    outer loop
      vertex 69 9 2.25
      vertex 69 7 2.2
      vertex 69 9 0
    endloop
  endfacet
  facet normal 1 -0 0
    outer loop
      vertex 69 -7 2.2
      vertex 69 9 0
      vertex 69 7 2.2
    endloop
  endfacet
  facet normal 1 0 0
    outer loop
      vertex 69 -9 0
      vertex 69 -7 2.2
      vertex 69 -9 2.25
    endloop
  endfacet
  facet normal 1 0 0
    outer loop
      vertex 69 -7 2.2
      vertex 69 -9 0
      vertex 69 9 0
    endloop
  endfacet
  facet normal 0 1 -0
    outer loop
      vertex 88 -10 0
      vertex 70 -10 2.2
      vertex 88 -10 2.2
    endloop
  endfacet
  facet normal 0 1 0
    outer loop
      vertex 70 -10 2.2
      vertex 88 -10 0
      vertex 70 -10 0
    endloop
  endfacet
  facet normal -0.0654532 -0.997856 0
    outer loop
      vertex 88 10 0
      vertex 88.1305 9.99144 2.2
      vertex 88 10 2.2
    endloop
  endfacet
  facet normal -0.0654532 -0.997856 -0
    outer loop
      vertex 88.1305 9.99144 2.2
      vertex 88 10 0
      vertex 88.1305 9.99144 0
    endloop
  endfacet
  facet normal -0.555476 -0.831533 0
    outer loop
      vertex 88.5 9.86603 2.2
      vertex 88.6088 9.79335 2.25
      vertex 88.5 9.86603 2.25
    endloop
  endfacet
  facet normal -0.555476 -0.831533 0
    outer loop
      vertex 88.6088 9.79335 0
      vertex 88.5 9.86603 2.2
      vertex 88.5 9.86603 0
    endloop
  endfacet
  facet normal -0.555476 -0.831533 0
    outer loop
      vertex 88.5 9.86603 2.2
      vertex 88.6088 9.79335 0
      vertex 88.6088 9.79335 2.25
    endloop
  endfacet
  facet normal 0 -1 0
    outer loop
      vertex 70 10 0
      vertex 88 10 2.2
      vertex 70 10 2.2
    endloop
  endfacet
  facet normal 0 -1 -0
    outer loop
      vertex 88 10 2.2
      vertex 70 10 0
      vertex 88 10 0
    endloop
  endfacet
  facet normal -1 0 0
    outer loop
      vertex 89 9 0
      vertex 89 7 2.2
      vertex 89 9 2.25
    endloop
  endfacet
  facet normal -1 0 0
    outer loop
      vertex 89 9 0
      vertex 89 -7 2.2
      vertex 89 7 2.2
    endloop
  endfacet
  facet normal -1 0 0
    outer loop
      vertex 89 -9 0
      vertex 89 -7 2.2
      vertex 89 9 0
    endloop
  endfacet
  facet normal -1 0 0
    outer loop
      vertex 89 -9 2.25
      vertex 89 -7 2.2
      vertex 89 -9 0
    endloop
  endfacet
  facet normal -1 0 0
    outer loop
      vertex 89 -7 2.2
      vertex 89 -9 2.25
      vertex 89 -7 2.25
    endloop
  endfacet
  facet normal -1 -0 0
    outer loop
      vertex 89 9 2.25
      vertex 89 7 2.2
      vertex 89 7 2.25
    endloop
  endfacet
  facet normal -0.751653 0.659559 0
    outer loop
      vertex 88.7071 -9.70711 0
      vertex 88.7934 -9.60876 2.25
      vertex 88.7934 -9.60876 0
    endloop
  endfacet
  facet normal -0.751653 0.659559 0
    outer loop
      vertex 88.7934 -9.60876 2.25
      vertex 88.7071 -9.70711 0
      vertex 88.7071 -9.70711 2.25
    endloop
  endfacet
  facet normal 0.555476 -0.831533 0
    outer loop
      vertex 69.3912 9.79335 2.25
      vertex 69.5 9.86603 2.2
      vertex 69.5 9.86603 2.25
    endloop
  endfacet
  facet normal 0.555476 -0.831533 0
    outer loop
      vertex 69.3912 9.79335 0
      vertex 69.5 9.86603 2.2
      vertex 69.3912 9.79335 2.25
    endloop
  endfacet
  facet normal 0.555476 -0.831533 0
    outer loop
      vertex 69.5 9.86603 2.2
      vertex 69.3912 9.79335 0
      vertex 69.5 9.86603 0
    endloop
  endfacet
  facet normal 0.0654532 0.997856 -0
    outer loop
      vertex 70 -10 0
      vertex 69.8695 -9.99144 2.2
      vertex 70 -10 2.2
    endloop
  endfacet
  facet normal 0.0654532 0.997856 0
    outer loop
      vertex 69.8695 -9.99144 2.2
      vertex 70 -10 0
      vertex 69.8695 -9.99144 0
    endloop
  endfacet
  facet normal 0.321451 0.946926 -0
    outer loop
      vertex 69.7412 -9.96593 0
      vertex 69.6173 -9.92387 2.2
      vertex 69.7412 -9.96593 2.2
    endloop
  endfacet
  facet normal 0.321451 0.946926 0
    outer loop
      vertex 69.6173 -9.92387 2.2
      vertex 69.7412 -9.96593 0
      vertex 69.6173 -9.92387 0
    endloop
  endfacet
  facet normal -0.442252 -0.896891 0
    outer loop
      vertex 88.3827 9.92387 0
      vertex 88.5 9.86603 2.2
      vertex 88.3827 9.92387 2.2
    endloop
  endfacet
  facet normal -0.442252 -0.896891 -0
    outer loop
      vertex 88.5 9.86603 2.2
      vertex 88.3827 9.92387 0
      vertex 88.5 9.86603 0
    endloop
  endfacet
  facet normal -0.321451 -0.946926 0
    outer loop
      vertex 88.2588 9.96593 0
      vertex 88.3827 9.92387 2.2
      vertex 88.2588 9.96593 2.2
    endloop
  endfacet
  facet normal -0.321451 -0.946926 -0
    outer loop
      vertex 88.3827 9.92387 2.2
      vertex 88.2588 9.96593 0
      vertex 88.3827 9.92387 0
    endloop
  endfacet
  facet normal 0.0654532 -0.997856 0
    outer loop
      vertex 69.8695 9.99144 0
      vertex 70 10 2.2
      vertex 69.8695 9.99144 2.2
    endloop
  endfacet
  facet normal 0.0654532 -0.997856 0
    outer loop
      vertex 70 10 2.2
      vertex 69.8695 9.99144 0
      vertex 70 10 0
    endloop
  endfacet
  facet normal -0.831721 -0.555194 0
    outer loop
      vertex 88.866 9.5 0
      vertex 88.7934 9.60876 2.25
      vertex 88.7934 9.60876 0
    endloop
  endfacet
  facet normal -0.831721 -0.555194 0
    outer loop
      vertex 88.7934 9.60876 2.25
      vertex 88.866 9.5 0
      vertex 88.866 9.5 2.25
    endloop
  endfacet
  facet normal -0.997836 0.0657477 0
    outer loop
      vertex 88.9914 -9.13052 0
      vertex 89 -9 2.25
      vertex 89 -9 0
    endloop
  endfacet
  facet normal -0.997836 0.0657477 0
    outer loop
      vertex 89 -9 2.25
      vertex 88.9914 -9.13052 0
      vertex 88.9914 -9.13052 2.25
    endloop
  endfacet
  facet normal -0.980815 0.19494 0
    outer loop
      vertex 88.9659 -9.25882 0
      vertex 88.9914 -9.13052 2.25
      vertex 88.9914 -9.13052 0
    endloop
  endfacet
  facet normal -0.980815 0.19494 0
    outer loop
      vertex 88.9914 -9.13052 2.25
      vertex 88.9659 -9.25882 0
      vertex 88.9659 -9.25882 2.25
    endloop
  endfacet
  facet normal 0.442252 -0.896891 0
    outer loop
      vertex 69.5 9.86603 0
      vertex 69.6173 9.92387 2.2
      vertex 69.5 9.86603 2.2
    endloop
  endfacet
  facet normal 0.442252 -0.896891 0
    outer loop
      vertex 69.6173 9.92387 2.2
      vertex 69.5 9.86603 0
      vertex 69.6173 9.92387 0
    endloop
  endfacet
  facet normal 0.321451 -0.946926 0
    outer loop
      vertex 69.6173 9.92387 0
      vertex 69.7412 9.96593 2.2
      vertex 69.6173 9.92387 2.2
    endloop
  endfacet
  facet normal 0.321451 -0.946926 0
    outer loop
      vertex 69.7412 9.96593 2.2
      vertex 69.6173 9.92387 0
      vertex 69.7412 9.96593 0
    endloop
  endfacet
  facet normal 0.751653 -0.659559 0
    outer loop
      vertex 69.2066 9.60876 2.25
      vertex 69.2929 9.70711 0
      vertex 69.2929 9.70711 2.25
    endloop
  endfacet
  facet normal 0.751653 -0.659559 0
    outer loop
      vertex 69.2929 9.70711 0
      vertex 69.2066 9.60876 2.25
      vertex 69.2066 9.60876 0
    endloop
  endfacet
  facet normal 0.831721 -0.555194 0
    outer loop
      vertex 69.134 9.5 2.25
      vertex 69.2066 9.60876 0
      vertex 69.2066 9.60876 2.25
    endloop
  endfacet
  facet normal 0.831721 -0.555194 0
    outer loop
      vertex 69.2066 9.60876 0
      vertex 69.134 9.5 2.25
      vertex 69.134 9.5 0
    endloop
  endfacet
  facet normal 0.947042 0.321109 0
    outer loop
      vertex 69.0761 -9.38269 2.25
      vertex 69.0341 -9.25882 0
      vertex 69.0341 -9.25882 2.25
    endloop
  endfacet
  facet normal 0.947042 0.321109 0
    outer loop
      vertex 69.0341 -9.25882 0
      vertex 69.0761 -9.38269 2.25
      vertex 69.0761 -9.38269 0
    endloop
  endfacet
  facet normal 0.896724 0.442591 0
    outer loop
      vertex 69.134 -9.5 2.25
      vertex 69.0761 -9.38269 0
      vertex 69.0761 -9.38269 2.25
    endloop
  endfacet
  facet normal 0.896724 0.442591 0
    outer loop
      vertex 69.0761 -9.38269 0
      vertex 69.134 -9.5 2.25
      vertex 69.134 -9.5 0
    endloop
  endfacet
  facet normal 0.659489 0.751714 -0
    outer loop
      vertex 69.3912 -9.79335 0
      vertex 69.2929 -9.70711 2.25
      vertex 69.3912 -9.79335 2.25
    endloop
  endfacet
  facet normal 0.659489 0.751714 0
    outer loop
      vertex 69.2929 -9.70711 2.25
      vertex 69.3912 -9.79335 0
      vertex 69.2929 -9.70711 0
    endloop
  endfacet
  facet normal 0.442252 0.896891 -0
    outer loop
      vertex 69.6173 -9.92387 0
      vertex 69.5 -9.86603 2.2
      vertex 69.6173 -9.92387 2.2
    endloop
  endfacet
  facet normal 0.442252 0.896891 0
    outer loop
      vertex 69.5 -9.86603 2.2
      vertex 69.6173 -9.92387 0
      vertex 69.5 -9.86603 0
    endloop
  endfacet
  facet normal 0.195013 0.980801 -0
    outer loop
      vertex 69.8695 -9.99144 0
      vertex 69.7412 -9.96593 2.2
      vertex 69.8695 -9.99144 2.2
    endloop
  endfacet
  facet normal 0.195013 0.980801 0
    outer loop
      vertex 69.7412 -9.96593 2.2
      vertex 69.8695 -9.99144 0
      vertex 69.7412 -9.96593 0
    endloop
  endfacet
  facet normal -0.947042 -0.321109 0
    outer loop
      vertex 88.9659 9.25882 0
      vertex 88.9239 9.38269 2.25
      vertex 88.9239 9.38269 0
    endloop
  endfacet
  facet normal -0.947042 -0.321109 0
    outer loop
      vertex 88.9239 9.38269 2.25
      vertex 88.9659 9.25882 0
      vertex 88.9659 9.25882 2.25
    endloop
  endfacet
  facet normal -0.896724 0.442591 0
    outer loop
      vertex 88.866 -9.5 0
      vertex 88.9239 -9.38269 2.25
      vertex 88.9239 -9.38269 0
    endloop
  endfacet
  facet normal -0.896724 0.442591 0
    outer loop
      vertex 88.9239 -9.38269 2.25
      vertex 88.866 -9.5 0
      vertex 88.866 -9.5 2.25
    endloop
  endfacet
  facet normal -0.831721 0.555194 0
    outer loop
      vertex 88.7934 -9.60876 0
      vertex 88.866 -9.5 2.25
      vertex 88.866 -9.5 0
    endloop
  endfacet
  facet normal -0.831721 0.555194 0
    outer loop
      vertex 88.866 -9.5 2.25
      vertex 88.7934 -9.60876 0
      vertex 88.7934 -9.60876 2.25
    endloop
  endfacet
  facet normal -0.442252 0.896891 0
    outer loop
      vertex 88.5 -9.86603 0
      vertex 88.3827 -9.92387 2.2
      vertex 88.5 -9.86603 2.2
    endloop
  endfacet
  facet normal -0.442252 0.896891 0
    outer loop
      vertex 88.3827 -9.92387 2.2
      vertex 88.5 -9.86603 0
      vertex 88.3827 -9.92387 0
    endloop
  endfacet
  facet normal 0.659489 -0.751714 0
    outer loop
      vertex 69.2929 9.70711 0
      vertex 69.3912 9.79335 2.25
      vertex 69.2929 9.70711 2.25
    endloop
  endfacet
  facet normal 0.659489 -0.751714 0
    outer loop
      vertex 69.3912 9.79335 2.25
      vertex 69.2929 9.70711 0
      vertex 69.3912 9.79335 0
    endloop
  endfacet
  facet normal 0.980815 -0.19494 0
    outer loop
      vertex 69.0086 9.13052 2.25
      vertex 69.0341 9.25882 0
      vertex 69.0341 9.25882 2.25
    endloop
  endfacet
  facet normal 0.980815 -0.19494 0
    outer loop
      vertex 69.0341 9.25882 0
      vertex 69.0086 9.13052 2.25
      vertex 69.0086 9.13052 0
    endloop
  endfacet
  facet normal 0.896724 -0.442591 0
    outer loop
      vertex 69.0761 9.38269 2.25
      vertex 69.134 9.5 0
      vertex 69.134 9.5 2.25
    endloop
  endfacet
  facet normal 0.896724 -0.442591 0
    outer loop
      vertex 69.134 9.5 0
      vertex 69.0761 9.38269 2.25
      vertex 69.0761 9.38269 0
    endloop
  endfacet
  facet normal 0.947042 -0.321109 0
    outer loop
      vertex 69.0341 9.25882 2.25
      vertex 69.0761 9.38269 0
      vertex 69.0761 9.38269 2.25
    endloop
  endfacet
  facet normal 0.947042 -0.321109 0
    outer loop
      vertex 69.0761 9.38269 0
      vertex 69.0341 9.25882 2.25
      vertex 69.0341 9.25882 0
    endloop
  endfacet
  facet normal 0.997836 0.0657477 0
    outer loop
      vertex 69.0086 -9.13052 2.25
      vertex 69 -9 0
      vertex 69 -9 2.25
    endloop
  endfacet
  facet normal 0.997836 0.0657477 0
    outer loop
      vertex 69 -9 0
      vertex 69.0086 -9.13052 2.25
      vertex 69.0086 -9.13052 0
    endloop
  endfacet
  facet normal 0.980815 0.19494 0
    outer loop
      vertex 69.0341 -9.25882 2.25
      vertex 69.0086 -9.13052 0
      vertex 69.0086 -9.13052 2.25
    endloop
  endfacet
  facet normal 0.980815 0.19494 0
    outer loop
      vertex 69.0086 -9.13052 0
      vertex 69.0341 -9.25882 2.25
      vertex 69.0341 -9.25882 0
    endloop
  endfacet
  facet normal 0.831721 0.555194 0
    outer loop
      vertex 69.2066 -9.60876 2.25
      vertex 69.134 -9.5 0
      vertex 69.134 -9.5 2.25
    endloop
  endfacet
  facet normal 0.831721 0.555194 0
    outer loop
      vertex 69.134 -9.5 0
      vertex 69.2066 -9.60876 2.25
      vertex 69.2066 -9.60876 0
    endloop
  endfacet
  facet normal 0.555476 0.831533 -0
    outer loop
      vertex 69.5 -9.86603 2.2
      vertex 69.3912 -9.79335 2.25
      vertex 69.5 -9.86603 2.25
    endloop
  endfacet
  facet normal 0.555476 0.831533 0
    outer loop
      vertex 69.3912 -9.79335 0
      vertex 69.5 -9.86603 2.2
      vertex 69.5 -9.86603 0
    endloop
  endfacet
  facet normal 0.555476 0.831533 0
    outer loop
      vertex 69.5 -9.86603 2.2
      vertex 69.3912 -9.79335 0
      vertex 69.3912 -9.79335 2.25
    endloop
  endfacet
  facet normal -0.659489 -0.751714 0
    outer loop
      vertex 88.6088 9.79335 0
      vertex 88.7071 9.70711 2.25
      vertex 88.6088 9.79335 2.25
    endloop
  endfacet
  facet normal -0.659489 -0.751714 -0
    outer loop
      vertex 88.7071 9.70711 2.25
      vertex 88.6088 9.79335 0
      vertex 88.7071 9.70711 0
    endloop
  endfacet
  facet normal -0.195013 -0.980801 0
    outer loop
      vertex 88.1305 9.99144 0
      vertex 88.2588 9.96593 2.2
      vertex 88.1305 9.99144 2.2
    endloop
  endfacet
  facet normal -0.195013 -0.980801 -0
    outer loop
      vertex 88.2588 9.96593 2.2
      vertex 88.1305 9.99144 0
      vertex 88.2588 9.96593 0
    endloop
  endfacet
  facet normal -0.896724 -0.442591 0
    outer loop
      vertex 88.9239 9.38269 0
      vertex 88.866 9.5 2.25
      vertex 88.866 9.5 0
    endloop
  endfacet
  facet normal -0.896724 -0.442591 0
    outer loop
      vertex 88.866 9.5 2.25
      vertex 88.9239 9.38269 0
      vertex 88.9239 9.38269 2.25
    endloop
  endfacet
  facet normal -0.980815 -0.19494 0
    outer loop
      vertex 88.9914 9.13052 0
      vertex 88.9659 9.25882 2.25
      vertex 88.9659 9.25882 0
    endloop
  endfacet
  facet normal -0.980815 -0.19494 0
    outer loop
      vertex 88.9659 9.25882 2.25
      vertex 88.9914 9.13052 0
      vertex 88.9914 9.13052 2.25
    endloop
  endfacet
  facet normal -0.947042 0.321109 0
    outer loop
      vertex 88.9239 -9.38269 0
      vertex 88.9659 -9.25882 2.25
      vertex 88.9659 -9.25882 0
    endloop
  endfacet
  facet normal -0.947042 0.321109 0
    outer loop
      vertex 88.9659 -9.25882 2.25
      vertex 88.9239 -9.38269 0
      vertex 88.9239 -9.38269 2.25
    endloop
  endfacet
  facet normal -0.555476 0.831533 0
    outer loop
      vertex 88.6088 -9.79335 2.25
      vertex 88.5 -9.86603 2.2
      vertex 88.5 -9.86603 2.25
    endloop
  endfacet
  facet normal -0.555476 0.831533 0
    outer loop
      vertex 88.6088 -9.79335 0
      vertex 88.5 -9.86603 2.2
      vertex 88.6088 -9.79335 2.25
    endloop
  endfacet
  facet normal -0.555476 0.831533 0
    outer loop
      vertex 88.5 -9.86603 2.2
      vertex 88.6088 -9.79335 0
      vertex 88.5 -9.86603 0
    endloop
  endfacet
  facet normal -0.997836 -0.0657477 0
    outer loop
      vertex 89 9 0
      vertex 88.9914 9.13052 2.25
      vertex 88.9914 9.13052 0
    endloop
  endfacet
  facet normal -0.997836 -0.0657477 0
    outer loop
      vertex 88.9914 9.13052 2.25
      vertex 89 9 0
      vertex 89 9 2.25
    endloop
  endfacet
  facet normal -0.659489 0.751714 0
    outer loop
      vertex 88.7071 -9.70711 0
      vertex 88.6088 -9.79335 2.25
      vertex 88.7071 -9.70711 2.25
    endloop
  endfacet
  facet normal -0.659489 0.751714 0
    outer loop
      vertex 88.6088 -9.79335 2.25
      vertex 88.7071 -9.70711 0
      vertex 88.6088 -9.79335 0
    endloop
  endfacet
endsolid OpenSCAD_Model
