timestamp,elapsed_seconds,ir,bpm,avg_bpm,mic,gsr,note,raw
2026-07-23T20:16:16.594,2.028,120176,0.0,0,1663,3948,,"IR=120176, BPM=0.00, Avg BPM=0, MIC=1663, GSR=3948"
2026-07-23T20:16:16.614,2.049,120167,0.0,0,1671,3950,,"IR=120167, BPM=0.00, Avg BPM=0, MIC=1671, GSR=3950"
2026-07-23T20:16:16.633,2.067,120163,0.0,0,1596,3976,,"IR=120163, BPM=0.00, Avg BPM=0, MIC=1596, GSR=3976"
2026-07-23T20:16:16.652,2.086,120172,0.0,0,1673,3961,,"IR=120172, BPM=0.00, Avg BPM=0, MIC=1673, GSR=3961"
2026-07-23T20:16:16.671,2.105,120173,0.0,0,1677,3966,,"IR=120173, BPM=0.00, Avg BPM=0, MIC=1677, GSR=3966"
2026-07-23T20:16:16.690,2.124,120177,0.0,0,1677,3949,,"IR=120177, BPM=0.00, Avg BPM=0, MIC=1677, GSR=3949"
2026-07-23T20:16:16.709,2.144,120164,0.0,0,1672,3949,,"IR=120164, BPM=0.00, Avg BPM=0, MIC=1672, GSR=3949"
2026-07-23T20:16:16.728,2.162,120153,0.0,0,1678,3950,,"IR=120153, BPM=0.00, Avg BPM=0, MIC=1678, GSR=3950"
2026-07-23T20:16:16.748,2.182,120146,0.0,0,1689,3968,,"IR=120146, BPM=0.00, Avg BPM=0, MIC=1689, GSR=3968"
2026-07-23T20:16:16.767,2.202,120150,0.0,0,1675,3948,,"IR=120150, BPM=0.00, Avg BPM=0, MIC=1675, GSR=3948"
2026-07-23T20:16:16.786,2.221,120155,0.0,0,1676,3959,,"IR=120155, BPM=0.00, Avg BPM=0, MIC=1676, GSR=3959"
2026-07-23T20:16:16.805,2.240,120160,0.0,0,1688,3951,,"IR=120160, BPM=0.00, Avg BPM=0, MIC=1688, GSR=3951"
2026-07-23T20:16:16.824,2.258,120168,0.0,0,1677,3943,,"IR=120168, BPM=0.00, Avg BPM=0, MIC=1677, GSR=3943"
2026-07-23T20:16:16.843,2.278,120169,0.0,0,1677,3960,,"IR=120169, BPM=0.00, Avg BPM=0, MIC=1677, GSR=3960"
2026-07-23T20:16:16.862,2.296,120172,0.0,0,1671,3962,,"IR=120172, BPM=0.00, Avg BPM=0, MIC=1671, GSR=3962"
2026-07-23T20:16:16.881,2.315,120182,0.0,0,1677,3976,,"IR=120182, BPM=0.00, Avg BPM=0, MIC=1677, GSR=3976"
2026-07-23T20:16:16.901,2.335,120182,0.0,0,1674,3960,,"IR=120182, BPM=0.00, Avg BPM=0, MIC=1674, GSR=3960"
2026-07-23T20:16:16.920,2.355,120182,0.0,0,1689,3963,,"IR=120182, BPM=0.00, Avg BPM=0, MIC=1689, GSR=3963"
2026-07-23T20:16:16.939,2.373,120200,0.0,0,1677,3935,,"IR=120200, BPM=0.00, Avg BPM=0, MIC=1677, GSR=3935"
2026-07-23T20:16:16.958,2.393,120223,0.0,0,1688,3946,,"IR=120223, BPM=0.00, Avg BPM=0, MIC=1688, GSR=3946"
2026-07-23T20:16:16.978,2.412,120223,0.0,0,1672,3949,,"IR=120223, BPM=0.00, Avg BPM=0, MIC=1672, GSR=3949"
2026-07-23T20:16:16.996,2.431,120221,0.0,0,1678,3967,,"IR=120221, BPM=0.00, Avg BPM=0, MIC=1678, GSR=3967"
2026-07-23T20:16:17.015,2.449,120225,0.0,0,1696,3950,,"IR=120225, BPM=0.00, Avg BPM=0, MIC=1696, GSR=3950"
2026-07-23T20:16:17.035,2.469,120219,0.0,0,1693,3962,,"IR=120219, BPM=0.00, Avg BPM=0, MIC=1693, GSR=3962"
2026-07-23T20:16:17.054,2.488,120231,0.0,0,1687,3946,,"IR=120231, BPM=0.00, Avg BPM=0, MIC=1687, GSR=3946"
2026-07-23T20:16:17.073,2.507,120231,0.0,0,1689,3976,,"IR=120231, BPM=0.00, Avg BPM=0, MIC=1689, GSR=3976"
2026-07-23T20:16:17.092,2.526,120236,0.0,0,1675,3961,,"IR=120236, BPM=0.00, Avg BPM=0, MIC=1675, GSR=3961"
2026-07-23T20:16:17.112,2.546,120232,0.0,0,1690,3934,,"IR=120232, BPM=0.00, Avg BPM=0, MIC=1690, GSR=3934"
2026-07-23T20:16:17.130,2.565,120229,0.0,0,1706,3962,,"IR=120229, BPM=0.00, Avg BPM=0, MIC=1706, GSR=3962"
2026-07-23T20:16:17.149,2.583,120211,0.0,0,1693,3952,,"IR=120211, BPM=0.00, Avg BPM=0, MIC=1693, GSR=3952"
2026-07-23T20:16:17.169,2.603,120205,0.0,0,1692,3951,,"IR=120205, BPM=0.00, Avg BPM=0, MIC=1692, GSR=3951"
2026-07-23T20:16:17.188,2.623,120197,0.0,0,1692,3942,,"IR=120197, BPM=0.00, Avg BPM=0, MIC=1692, GSR=3942"
2026-07-23T20:16:17.207,2.641,120206,0.0,0,1677,3950,,"IR=120206, BPM=0.00, Avg BPM=0, MIC=1677, GSR=3950"
2026-07-23T20:16:17.226,2.661,120195,0.0,0,1696,3962,,"IR=120195, BPM=0.00, Avg BPM=0, MIC=1696, GSR=3962"
2026-07-23T20:16:17.245,2.679,120188,0.0,0,1710,3962,,"IR=120188, BPM=0.00, Avg BPM=0, MIC=1710, GSR=3962"
2026-07-23T20:16:17.264,2.698,120200,0.0,0,1706,3959,,"IR=120200, BPM=0.00, Avg BPM=0, MIC=1706, GSR=3959"
2026-07-23T20:16:17.283,2.717,120188,0.0,0,1695,3980,,"IR=120188, BPM=0.00, Avg BPM=0, MIC=1695, GSR=3980"
2026-07-23T20:16:17.303,2.737,120193,0.0,0,1694,3964,,"IR=120193, BPM=0.00, Avg BPM=0, MIC=1694, GSR=3964"
2026-07-23T20:16:17.322,2.756,120208,0.0,0,1707,3951,,"IR=120208, BPM=0.00, Avg BPM=0, MIC=1707, GSR=3951"
2026-07-23T20:16:17.341,2.775,120218,0.0,0,1703,3962,,"IR=120218, BPM=0.00, Avg BPM=0, MIC=1703, GSR=3962"
2026-07-23T20:16:17.360,2.794,120218,0.0,0,1712,3965,,"IR=120218, BPM=0.00, Avg BPM=0, MIC=1712, GSR=3965"
2026-07-23T20:16:17.379,2.813,120219,0.0,0,1711,3949,,"IR=120219, BPM=0.00, Avg BPM=0, MIC=1711, GSR=3949"
2026-07-23T20:16:17.398,2.832,120218,0.0,0,1707,3992,,"IR=120218, BPM=0.00, Avg BPM=0, MIC=1707, GSR=3992"
2026-07-23T20:16:17.417,2.852,120212,0.0,0,1709,3950,,"IR=120212, BPM=0.00, Avg BPM=0, MIC=1709, GSR=3950"
2026-07-23T20:16:17.437,2.871,120191,0.0,0,1710,3977,,"IR=120191, BPM=0.00, Avg BPM=0, MIC=1710, GSR=3977"
2026-07-23T20:16:17.456,2.890,120165,0.0,0,1709,3961,,"IR=120165, BPM=0.00, Avg BPM=0, MIC=1709, GSR=3961"
2026-07-23T20:16:17.475,2.909,120149,0.0,0,1696,3965,,"IR=120149, BPM=0.00, Avg BPM=0, MIC=1696, GSR=3965"
2026-07-23T20:16:17.494,2.928,120154,0.0,0,1719,3960,,"IR=120154, BPM=0.00, Avg BPM=0, MIC=1719, GSR=3960"
2026-07-23T20:16:17.513,2.948,120158,0.0,0,1708,3976,,"IR=120158, BPM=0.00, Avg BPM=0, MIC=1708, GSR=3976"
2026-07-23T20:16:17.532,2.966,120163,0.0,0,1707,3966,,"IR=120163, BPM=0.00, Avg BPM=0, MIC=1707, GSR=3966"
2026-07-23T20:16:17.551,2.985,120162,0.0,0,1711,3943,,"IR=120162, BPM=0.00, Avg BPM=0, MIC=1711, GSR=3943"
2026-07-23T20:16:17.571,3.005,120170,0.0,0,1721,3958,,"IR=120170, BPM=0.00, Avg BPM=0, MIC=1721, GSR=3958"
2026-07-23T20:16:17.590,3.025,120184,0.0,0,1708,3959,,"IR=120184, BPM=0.00, Avg BPM=0, MIC=1708, GSR=3959"
2026-07-23T20:16:17.609,3.043,120195,0.0,0,1711,3958,,"IR=120195, BPM=0.00, Avg BPM=0, MIC=1711, GSR=3958"
2026-07-23T20:16:17.628,3.063,120209,0.0,0,1708,3959,,"IR=120209, BPM=0.00, Avg BPM=0, MIC=1708, GSR=3959"
2026-07-23T20:16:17.647,3.081,120232,0.0,0,1719,3951,,"IR=120232, BPM=0.00, Avg BPM=0, MIC=1719, GSR=3951"
2026-07-23T20:16:17.666,3.100,120226,0.0,0,1723,3965,,"IR=120226, BPM=0.00, Avg BPM=0, MIC=1723, GSR=3965"
2026-07-23T20:16:17.685,3.119,120227,0.0,0,1719,3961,,"IR=120227, BPM=0.00, Avg BPM=0, MIC=1719, GSR=3961"
2026-07-23T20:16:17.705,3.139,120227,0.0,0,1696,3950,,"IR=120227, BPM=0.00, Avg BPM=0, MIC=1696, GSR=3950"
2026-07-23T20:16:17.724,3.158,120237,0.0,0,1726,3967,,"IR=120237, BPM=0.00, Avg BPM=0, MIC=1726, GSR=3967"
2026-07-23T20:16:17.743,3.178,120243,0.0,0,1719,3960,,"IR=120243, BPM=0.00, Avg BPM=0, MIC=1719, GSR=3960"
2026-07-23T20:16:17.762,3.196,120266,1.13,0,1718,3944,,"IR=120266, BPM=1.13, Avg BPM=0, MIC=1718, GSR=3944"
2026-07-23T20:16:17.781,3.216,120277,1.13,0,1722,3960,,"IR=120277, BPM=1.13, Avg BPM=0, MIC=1722, GSR=3960"
2026-07-23T20:16:17.800,3.234,120276,1.13,0,1721,3975,,"IR=120276, BPM=1.13, Avg BPM=0, MIC=1721, GSR=3975"
2026-07-23T20:16:17.819,3.253,120286,1.13,0,1722,3975,,"IR=120286, BPM=1.13, Avg BPM=0, MIC=1722, GSR=3975"
2026-07-23T20:16:17.839,3.273,120285,1.13,0,1694,3949,,"IR=120285, BPM=1.13, Avg BPM=0, MIC=1694, GSR=3949"
2026-07-23T20:16:17.858,3.292,120296,1.13,0,1720,3961,,"IR=120296, BPM=1.13, Avg BPM=0, MIC=1720, GSR=3961"
2026-07-23T20:16:17.877,3.311,120306,1.13,0,1722,3962,,"IR=120306, BPM=1.13, Avg BPM=0, MIC=1722, GSR=3962"
2026-07-23T20:16:17.896,3.331,120320,1.13,0,1722,3949,,"IR=120320, BPM=1.13, Avg BPM=0, MIC=1722, GSR=3949"
2026-07-23T20:16:17.915,3.349,120330,1.13,0,1726,3965,,"IR=120330, BPM=1.13, Avg BPM=0, MIC=1726, GSR=3965"
2026-07-23T20:16:17.934,3.368,120333,1.13,0,1724,3949,,"IR=120333, BPM=1.13, Avg BPM=0, MIC=1724, GSR=3949"
2026-07-23T20:16:17.953,3.387,120337,1.13,0,1679,3962,,"IR=120337, BPM=1.13, Avg BPM=0, MIC=1679, GSR=3962"
2026-07-23T20:16:17.973,3.407,120340,1.13,0,1722,3967,,"IR=120340, BPM=1.13, Avg BPM=0, MIC=1722, GSR=3967"
2026-07-23T20:16:17.992,3.426,120339,1.13,0,1721,3965,,"IR=120339, BPM=1.13, Avg BPM=0, MIC=1721, GSR=3965"
2026-07-23T20:16:18.011,3.445,120349,1.13,0,1724,3950,,"IR=120349, BPM=1.13, Avg BPM=0, MIC=1724, GSR=3950"
2026-07-23T20:16:18.030,3.465,120368,1.13,0,1725,3947,,"IR=120368, BPM=1.13, Avg BPM=0, MIC=1725, GSR=3947"
2026-07-23T20:16:18.049,3.483,120371,1.13,0,1728,3976,,"IR=120371, BPM=1.13, Avg BPM=0, MIC=1728, GSR=3976"
2026-07-23T20:16:18.068,3.502,120357,1.13,0,1691,3977,,"IR=120357, BPM=1.13, Avg BPM=0, MIC=1691, GSR=3977"
2026-07-23T20:16:18.087,3.521,120357,1.13,0,1735,3977,,"IR=120357, BPM=1.13, Avg BPM=0, MIC=1735, GSR=3977"
2026-07-23T20:16:18.106,3.540,120368,1.13,0,1721,3963,,"IR=120368, BPM=1.13, Avg BPM=0, MIC=1721, GSR=3963"
2026-07-23T20:16:18.126,3.560,120355,1.13,0,1722,3944,,"IR=120355, BPM=1.13, Avg BPM=0, MIC=1722, GSR=3944"
2026-07-23T20:16:18.145,3.579,120355,1.13,0,1736,3951,,"IR=120355, BPM=1.13, Avg BPM=0, MIC=1736, GSR=3951"
2026-07-23T20:16:18.164,3.598,120358,1.13,0,1751,3961,,"IR=120358, BPM=1.13, Avg BPM=0, MIC=1751, GSR=3961"
2026-07-23T20:16:18.183,3.617,120370,1.13,0,1692,3933,,"IR=120370, BPM=1.13, Avg BPM=0, MIC=1692, GSR=3933"
2026-07-23T20:16:18.202,3.636,120365,1.13,0,1736,3959,,"IR=120365, BPM=1.13, Avg BPM=0, MIC=1736, GSR=3959"
2026-07-23T20:16:18.221,3.655,120352,1.13,0,1725,3961,,"IR=120352, BPM=1.13, Avg BPM=0, MIC=1725, GSR=3961"
2026-07-23T20:16:18.240,3.674,120350,1.13,0,1727,3949,,"IR=120350, BPM=1.13, Avg BPM=0, MIC=1727, GSR=3949"
2026-07-23T20:16:18.260,3.694,120357,1.13,0,1739,3960,,"IR=120357, BPM=1.13, Avg BPM=0, MIC=1739, GSR=3960"
2026-07-23T20:16:18.279,3.714,120353,1.13,0,1726,3980,,"IR=120353, BPM=1.13, Avg BPM=0, MIC=1726, GSR=3980"
2026-07-23T20:16:18.298,3.733,120357,1.13,0,1738,3965,,"IR=120357, BPM=1.13, Avg BPM=0, MIC=1738, GSR=3965"
2026-07-23T20:16:18.317,3.752,120355,1.13,0,1725,3959,,"IR=120355, BPM=1.13, Avg BPM=0, MIC=1725, GSR=3959"
2026-07-23T20:16:18.336,3.770,120362,1.13,0,1735,3943,,"IR=120362, BPM=1.13, Avg BPM=0, MIC=1735, GSR=3943"
2026-07-23T20:16:18.355,3.789,120361,1.13,0,1737,3945,,"IR=120361, BPM=1.13, Avg BPM=0, MIC=1737, GSR=3945"
2026-07-23T20:16:18.374,3.808,120335,1.13,0,1725,3943,,"IR=120335, BPM=1.13, Avg BPM=0, MIC=1725, GSR=3943"
2026-07-23T20:16:18.394,3.829,120300,1.13,0,1737,3946,,"IR=120300, BPM=1.13, Avg BPM=0, MIC=1737, GSR=3946"
2026-07-23T20:16:18.413,3.847,120298,1.13,0,1736,3946,,"IR=120298, BPM=1.13, Avg BPM=0, MIC=1736, GSR=3946"
2026-07-23T20:16:18.432,3.866,120298,1.13,0,1737,3944,,"IR=120298, BPM=1.13, Avg BPM=0, MIC=1737, GSR=3944"
2026-07-23T20:16:18.451,3.885,120302,1.13,0,1736,3949,,"IR=120302, BPM=1.13, Avg BPM=0, MIC=1736, GSR=3949"
2026-07-23T20:16:18.470,3.904,120302,1.13,0,1737,3935,,"IR=120302, BPM=1.13, Avg BPM=0, MIC=1737, GSR=3935"
2026-07-23T20:16:18.489,3.923,120297,1.13,0,1726,3949,,"IR=120297, BPM=1.13, Avg BPM=0, MIC=1726, GSR=3949"
2026-07-23T20:16:18.508,3.942,120288,1.13,0,1752,3979,,"IR=120288, BPM=1.13, Avg BPM=0, MIC=1752, GSR=3979"
2026-07-23T20:16:18.528,3.963,120289,1.13,0,1736,3964,,"IR=120289, BPM=1.13, Avg BPM=0, MIC=1736, GSR=3964"
2026-07-23T20:16:18.547,3.981,120302,1.13,0,1740,3933,,"IR=120302, BPM=1.13, Avg BPM=0, MIC=1740, GSR=3933"
2026-07-23T20:16:18.566,4.000,120302,1.13,0,1739,3959,,"IR=120302, BPM=1.13, Avg BPM=0, MIC=1739, GSR=3959"
2026-07-23T20:16:18.585,4.019,120306,1.13,0,1736,3944,,"IR=120306, BPM=1.13, Avg BPM=0, MIC=1736, GSR=3944"
2026-07-23T20:16:18.604,4.039,120302,1.13,0,1739,3949,,"IR=120302, BPM=1.13, Avg BPM=0, MIC=1739, GSR=3949"
2026-07-23T20:16:18.623,4.058,120290,1.13,0,1752,3950,,"IR=120290, BPM=1.13, Avg BPM=0, MIC=1752, GSR=3950"
2026-07-23T20:16:18.642,4.076,120291,1.13,0,1737,3976,,"IR=120291, BPM=1.13, Avg BPM=0, MIC=1737, GSR=3976"
2026-07-23T20:16:18.662,4.097,120288,1.13,0,1738,3945,,"IR=120288, BPM=1.13, Avg BPM=0, MIC=1738, GSR=3945"
2026-07-23T20:16:18.681,4.115,120290,1.13,0,1739,3978,,"IR=120290, BPM=1.13, Avg BPM=0, MIC=1739, GSR=3978"
2026-07-23T20:16:18.700,4.134,120299,1.13,0,1737,3960,,"IR=120299, BPM=1.13, Avg BPM=0, MIC=1737, GSR=3960"
2026-07-23T20:16:18.719,4.153,120301,1.13,0,1734,3965,,"IR=120301, BPM=1.13, Avg BPM=0, MIC=1734, GSR=3965"
2026-07-23T20:16:18.738,4.173,120297,1.13,0,1704,3993,,"IR=120297, BPM=1.13, Avg BPM=0, MIC=1704, GSR=3993"
2026-07-23T20:16:18.757,4.191,120305,1.13,0,1741,3949,,"IR=120305, BPM=1.13, Avg BPM=0, MIC=1741, GSR=3949"
2026-07-23T20:16:18.776,4.211,120298,1.13,0,1735,3942,,"IR=120298, BPM=1.13, Avg BPM=0, MIC=1735, GSR=3942"
2026-07-23T20:16:18.796,4.230,120299,1.13,0,1736,3951,,"IR=120299, BPM=1.13, Avg BPM=0, MIC=1736, GSR=3951"
2026-07-23T20:16:18.815,4.249,120297,1.13,0,1741,3975,,"IR=120297, BPM=1.13, Avg BPM=0, MIC=1741, GSR=3975"
2026-07-23T20:16:18.834,4.268,120308,1.13,0,1727,3961,,"IR=120308, BPM=1.13, Avg BPM=0, MIC=1727, GSR=3961"
2026-07-23T20:16:18.853,4.287,120305,1.13,0,1756,3967,,"IR=120305, BPM=1.13, Avg BPM=0, MIC=1756, GSR=3967"
2026-07-23T20:16:18.872,4.306,120309,1.13,0,1741,3951,,"IR=120309, BPM=1.13, Avg BPM=0, MIC=1741, GSR=3951"
2026-07-23T20:16:18.891,4.326,120305,1.13,0,1739,3959,,"IR=120305, BPM=1.13, Avg BPM=0, MIC=1739, GSR=3959"
2026-07-23T20:16:18.910,4.345,120292,1.13,0,1737,3959,,"IR=120292, BPM=1.13, Avg BPM=0, MIC=1737, GSR=3959"
2026-07-23T20:16:18.930,4.364,120285,1.13,0,1737,3979,,"IR=120285, BPM=1.13, Avg BPM=0, MIC=1737, GSR=3979"
2026-07-23T20:16:18.949,4.384,120276,1.13,0,1724,3961,,"IR=120276, BPM=1.13, Avg BPM=0, MIC=1724, GSR=3961"
2026-07-23T20:16:18.968,4.402,120288,1.13,0,1740,3950,,"IR=120288, BPM=1.13, Avg BPM=0, MIC=1740, GSR=3950"
2026-07-23T20:16:18.987,4.421,120297,1.13,0,1739,3975,,"IR=120297, BPM=1.13, Avg BPM=0, MIC=1739, GSR=3975"
2026-07-23T20:16:19.006,4.441,120295,1.13,0,1739,3935,,"IR=120295, BPM=1.13, Avg BPM=0, MIC=1739, GSR=3935"
2026-07-23T20:16:19.025,4.459,120296,1.13,0,1736,3949,,"IR=120296, BPM=1.13, Avg BPM=0, MIC=1736, GSR=3949"
2026-07-23T20:16:19.044,4.479,120282,1.13,0,1740,3975,,"IR=120282, BPM=1.13, Avg BPM=0, MIC=1740, GSR=3975"
2026-07-23T20:16:19.063,4.498,120268,1.13,0,1739,3961,,"IR=120268, BPM=1.13, Avg BPM=0, MIC=1739, GSR=3961"
2026-07-23T20:16:19.083,4.517,120267,1.13,0,1738,3977,,"IR=120267, BPM=1.13, Avg BPM=0, MIC=1738, GSR=3977"
2026-07-23T20:16:19.102,4.536,120274,1.13,0,1742,3933,,"IR=120274, BPM=1.13, Avg BPM=0, MIC=1742, GSR=3933"
2026-07-23T20:16:19.121,4.555,120277,1.13,0,1740,3963,,"IR=120277, BPM=1.13, Avg BPM=0, MIC=1740, GSR=3963"
2026-07-23T20:16:19.140,4.575,120282,1.13,0,1741,3962,,"IR=120282, BPM=1.13, Avg BPM=0, MIC=1741, GSR=3962"
2026-07-23T20:16:19.159,4.593,120270,1.13,0,1740,3964,,"IR=120270, BPM=1.13, Avg BPM=0, MIC=1740, GSR=3964"
2026-07-23T20:16:19.178,4.612,120266,1.13,0,1738,3975,,"IR=120266, BPM=1.13, Avg BPM=0, MIC=1738, GSR=3975"
2026-07-23T20:16:19.198,4.633,120267,1.13,0,1709,3959,,"IR=120267, BPM=1.13, Avg BPM=0, MIC=1709, GSR=3959"
2026-07-23T20:16:19.217,4.651,120260,1.13,0,1741,3931,,"IR=120260, BPM=1.13, Avg BPM=0, MIC=1741, GSR=3931"
2026-07-23T20:16:19.236,4.670,120239,1.13,0,1728,3976,,"IR=120239, BPM=1.13, Avg BPM=0, MIC=1728, GSR=3976"
2026-07-23T20:16:19.255,4.690,120269,1.13,0,1741,3959,,"IR=120269, BPM=1.13, Avg BPM=0, MIC=1741, GSR=3959"
2026-07-23T20:16:19.274,4.708,120299,1.13,0,1726,3960,,"IR=120299, BPM=1.13, Avg BPM=0, MIC=1726, GSR=3960"
2026-07-23T20:16:19.293,4.727,120312,1.13,0,1723,3959,,"IR=120312, BPM=1.13, Avg BPM=0, MIC=1723, GSR=3959"
2026-07-23T20:16:19.312,4.747,120316,1.13,0,1723,3952,,"IR=120316, BPM=1.13, Avg BPM=0, MIC=1723, GSR=3952"
2026-07-23T20:16:19.332,4.766,120304,1.13,0,1725,3942,,"IR=120304, BPM=1.13, Avg BPM=0, MIC=1725, GSR=3942"
2026-07-23T20:16:19.351,4.785,120313,1.13,0,1723,3965,,"IR=120313, BPM=1.13, Avg BPM=0, MIC=1723, GSR=3965"
2026-07-23T20:16:19.370,4.804,120349,1.13,0,1721,3967,,"IR=120349, BPM=1.13, Avg BPM=0, MIC=1721, GSR=3967"
2026-07-23T20:16:19.390,4.824,120369,1.13,0,1723,3950,,"IR=120369, BPM=1.13, Avg BPM=0, MIC=1723, GSR=3950"
2026-07-23T20:16:19.408,4.842,120396,1.13,0,1738,3981,,"IR=120396, BPM=1.13, Avg BPM=0, MIC=1738, GSR=3981"
2026-07-23T20:16:19.427,4.862,120401,1.13,0,1751,3959,,"IR=120401, BPM=1.13, Avg BPM=0, MIC=1751, GSR=3959"
2026-07-23T20:16:19.446,4.881,120409,1.13,0,1743,3976,,"IR=120409, BPM=1.13, Avg BPM=0, MIC=1743, GSR=3976"
2026-07-23T20:16:19.466,4.900,120410,35.21,8,1743,3960,,"IR=120410, BPM=35.21, Avg BPM=8, MIC=1743, GSR=3960"
2026-07-23T20:16:19.485,4.919,120429,35.21,8,1756,3951,,"IR=120429, BPM=35.21, Avg BPM=8, MIC=1756, GSR=3951"
2026-07-23T20:16:19.504,4.939,120477,35.21,8,1757,3946,,"IR=120477, BPM=35.21, Avg BPM=8, MIC=1757, GSR=3946"
2026-07-23T20:16:19.523,4.957,120516,35.21,8,1755,3945,,"IR=120516, BPM=35.21, Avg BPM=8, MIC=1755, GSR=3945"
2026-07-23T20:16:19.542,4.977,120535,35.21,8,1756,3961,,"IR=120535, BPM=35.21, Avg BPM=8, MIC=1756, GSR=3961"
2026-07-23T20:16:19.561,4.995,120549,35.21,8,1756,3961,,"IR=120549, BPM=35.21, Avg BPM=8, MIC=1756, GSR=3961"
2026-07-23T20:16:19.580,5.014,120540,35.21,8,1757,3933,,"IR=120540, BPM=35.21, Avg BPM=8, MIC=1757, GSR=3933"
2026-07-23T20:16:19.599,5.033,120544,35.21,8,1754,3966,,"IR=120544, BPM=35.21, Avg BPM=8, MIC=1754, GSR=3966"
2026-07-23T20:16:19.619,5.053,120554,35.21,8,1756,3967,,"IR=120554, BPM=35.21, Avg BPM=8, MIC=1756, GSR=3967"
2026-07-23T20:16:19.638,5.072,120609,35.21,8,1757,3944,,"IR=120609, BPM=35.21, Avg BPM=8, MIC=1757, GSR=3944"
2026-07-23T20:16:19.657,5.091,120683,35.21,8,1758,3960,,"IR=120683, BPM=35.21, Avg BPM=8, MIC=1758, GSR=3960"
2026-07-23T20:16:19.676,5.110,120742,35.21,8,1758,3961,,"IR=120742, BPM=35.21, Avg BPM=8, MIC=1758, GSR=3961"
2026-07-23T20:16:19.695,5.129,120775,35.21,8,1756,3962,,"IR=120775, BPM=35.21, Avg BPM=8, MIC=1756, GSR=3962"
2026-07-23T20:16:19.715,5.149,120776,35.21,8,1768,3962,,"IR=120776, BPM=35.21, Avg BPM=8, MIC=1768, GSR=3962"
2026-07-23T20:16:19.733,5.168,120774,35.21,8,1759,3961,,"IR=120774, BPM=35.21, Avg BPM=8, MIC=1759, GSR=3961"
2026-07-23T20:16:19.753,5.187,120794,35.21,8,1757,3978,,"IR=120794, BPM=35.21, Avg BPM=8, MIC=1757, GSR=3978"
2026-07-23T20:16:19.772,5.206,120824,35.21,8,1759,3958,,"IR=120824, BPM=35.21, Avg BPM=8, MIC=1759, GSR=3958"
2026-07-23T20:16:19.791,5.226,120853,35.21,8,1757,3950,,"IR=120853, BPM=35.21, Avg BPM=8, MIC=1757, GSR=3950"
2026-07-23T20:16:19.810,5.244,120866,35.21,8,1768,3975,,"IR=120866, BPM=35.21, Avg BPM=8, MIC=1768, GSR=3975"
2026-07-23T20:16:19.829,5.263,120878,35.21,8,1756,3960,,"IR=120878, BPM=35.21, Avg BPM=8, MIC=1756, GSR=3960"
2026-07-23T20:16:19.849,5.283,120891,35.21,8,1755,3963,,"IR=120891, BPM=35.21, Avg BPM=8, MIC=1755, GSR=3963"
2026-07-23T20:16:19.867,5.301,120880,35.21,8,1766,3965,,"IR=120880, BPM=35.21, Avg BPM=8, MIC=1766, GSR=3965"
2026-07-23T20:16:19.887,5.321,120871,35.21,8,1770,3994,,"IR=120871, BPM=35.21, Avg BPM=8, MIC=1770, GSR=3994"
2026-07-23T20:16:19.906,5.340,120872,35.21,8,1750,3963,,"IR=120872, BPM=35.21, Avg BPM=8, MIC=1750, GSR=3963"
2026-07-23T20:16:19.925,5.359,120894,35.21,8,1770,3964,,"IR=120894, BPM=35.21, Avg BPM=8, MIC=1770, GSR=3964"
2026-07-23T20:16:19.945,5.379,120909,35.21,8,1770,3979,,"IR=120909, BPM=35.21, Avg BPM=8, MIC=1770, GSR=3979"
2026-07-23T20:16:19.963,5.397,120877,35.21,8,1769,3979,,"IR=120877, BPM=35.21, Avg BPM=8, MIC=1769, GSR=3979"
2026-07-23T20:16:19.982,5.417,120832,35.21,8,1775,3960,,"IR=120832, BPM=35.21, Avg BPM=8, MIC=1775, GSR=3960"
2026-07-23T20:16:20.001,5.435,120831,35.21,8,1787,3958,,"IR=120831, BPM=35.21, Avg BPM=8, MIC=1787, GSR=3958"
2026-07-23T20:16:20.021,5.455,120840,35.21,8,1754,3961,,"IR=120840, BPM=35.21, Avg BPM=8, MIC=1754, GSR=3961"
2026-07-23T20:16:20.041,5.475,120830,35.21,8,1772,3964,,"IR=120830, BPM=35.21, Avg BPM=8, MIC=1772, GSR=3964"
2026-07-23T20:16:20.059,5.493,120807,35.21,8,1771,3975,,"IR=120807, BPM=35.21, Avg BPM=8, MIC=1771, GSR=3975"
2026-07-23T20:16:20.078,5.513,120792,35.21,8,1758,3964,,"IR=120792, BPM=35.21, Avg BPM=8, MIC=1758, GSR=3964"
2026-07-23T20:16:20.097,5.531,120770,35.21,8,1767,3959,,"IR=120770, BPM=35.21, Avg BPM=8, MIC=1767, GSR=3959"
2026-07-23T20:16:20.116,5.551,120750,35.21,8,1784,3961,,"IR=120750, BPM=35.21, Avg BPM=8, MIC=1784, GSR=3961"
2026-07-23T20:16:20.135,5.569,120717,35.21,8,1775,3977,,"IR=120717, BPM=35.21, Avg BPM=8, MIC=1775, GSR=3977"
2026-07-23T20:16:20.155,5.590,120729,35.21,8,1689,3964,,"IR=120729, BPM=35.21, Avg BPM=8, MIC=1689, GSR=3964"
2026-07-23T20:16:20.174,5.609,120786,35.21,8,1742,3960,,"IR=120786, BPM=35.21, Avg BPM=8, MIC=1742, GSR=3960"
2026-07-23T20:16:20.193,5.628,120840,35.21,8,1743,3964,,"IR=120840, BPM=35.21, Avg BPM=8, MIC=1743, GSR=3964"
2026-07-23T20:16:20.212,5.646,120867,35.21,8,1769,3961,,"IR=120867, BPM=35.21, Avg BPM=8, MIC=1769, GSR=3961"
2026-07-23T20:16:20.231,5.665,120841,35.21,8,1787,3966,,"IR=120841, BPM=35.21, Avg BPM=8, MIC=1787, GSR=3966"
2026-07-23T20:16:20.250,5.684,120801,35.21,8,1783,3979,,"IR=120801, BPM=35.21, Avg BPM=8, MIC=1783, GSR=3979"
2026-07-23T20:16:20.269,5.703,120750,35.21,8,1695,3966,,"IR=120750, BPM=35.21, Avg BPM=8, MIC=1695, GSR=3966"
2026-07-23T20:16:20.289,5.724,120682,35.21,8,1774,3961,,"IR=120682, BPM=35.21, Avg BPM=8, MIC=1774, GSR=3961"
2026-07-23T20:16:20.308,5.743,120619,35.21,8,1786,3981,,"IR=120619, BPM=35.21, Avg BPM=8, MIC=1786, GSR=3981"
2026-07-23T20:16:20.327,5.761,120552,35.21,8,1767,3949,,"IR=120552, BPM=35.21, Avg BPM=8, MIC=1767, GSR=3949"
2026-07-23T20:16:20.347,5.781,120509,35.21,8,1801,3966,,"IR=120509, BPM=35.21, Avg BPM=8, MIC=1801, GSR=3966"
2026-07-23T20:16:20.365,5.799,120488,35.21,8,1771,3943,,"IR=120488, BPM=35.21, Avg BPM=8, MIC=1771, GSR=3943"
2026-07-23T20:16:20.384,5.818,120465,35.21,8,1768,3976,,"IR=120465, BPM=35.21, Avg BPM=8, MIC=1768, GSR=3976"
2026-07-23T20:16:20.403,5.837,120431,35.21,8,1782,3959,,"IR=120431, BPM=35.21, Avg BPM=8, MIC=1782, GSR=3959"
2026-07-23T20:16:20.423,5.858,120421,35.21,8,1782,3946,,"IR=120421, BPM=35.21, Avg BPM=8, MIC=1782, GSR=3946"
2026-07-23T20:16:20.443,5.877,120441,35.21,8,1770,3976,,"IR=120441, BPM=35.21, Avg BPM=8, MIC=1770, GSR=3976"
2026-07-23T20:16:20.461,5.895,120510,35.21,8,1769,3967,,"IR=120510, BPM=35.21, Avg BPM=8, MIC=1769, GSR=3967"
2026-07-23T20:16:20.480,5.914,120579,35.21,8,1774,3951,,"IR=120579, BPM=35.21, Avg BPM=8, MIC=1774, GSR=3951"
2026-07-23T20:16:20.499,5.933,120627,35.21,8,1771,3980,,"IR=120627, BPM=35.21, Avg BPM=8, MIC=1771, GSR=3980"
2026-07-23T20:16:20.518,5.952,120651,35.21,8,1782,3994,,"IR=120651, BPM=35.21, Avg BPM=8, MIC=1782, GSR=3994"
2026-07-23T20:16:20.537,5.972,120629,35.21,8,1771,3977,,"IR=120629, BPM=35.21, Avg BPM=8, MIC=1771, GSR=3977"
2026-07-23T20:16:20.557,5.991,120630,35.21,8,1770,3948,,"IR=120630, BPM=35.21, Avg BPM=8, MIC=1770, GSR=3948"
2026-07-23T20:16:20.576,6.010,120653,35.21,8,1773,3965,,"IR=120653, BPM=35.21, Avg BPM=8, MIC=1773, GSR=3965"
2026-07-23T20:16:20.595,6.029,120718,35.21,8,1773,3977,,"IR=120718, BPM=35.21, Avg BPM=8, MIC=1773, GSR=3977"
2026-07-23T20:16:20.615,6.049,120762,35.21,8,1775,3975,,"IR=120762, BPM=35.21, Avg BPM=8, MIC=1775, GSR=3975"
2026-07-23T20:16:20.634,6.068,120770,35.21,8,1766,3958,,"IR=120770, BPM=35.21, Avg BPM=8, MIC=1766, GSR=3958"
2026-07-23T20:16:20.652,6.086,120758,35.21,8,1768,3965,,"IR=120758, BPM=35.21, Avg BPM=8, MIC=1768, GSR=3965"
2026-07-23T20:16:20.671,6.105,120738,35.21,8,1771,3974,,"IR=120738, BPM=35.21, Avg BPM=8, MIC=1771, GSR=3974"
2026-07-23T20:16:20.691,6.125,120737,35.21,8,1770,3962,,"IR=120737, BPM=35.21, Avg BPM=8, MIC=1770, GSR=3962"
2026-07-23T20:16:20.710,6.144,120740,35.21,8,1759,3982,,"IR=120740, BPM=35.21, Avg BPM=8, MIC=1759, GSR=3982"
2026-07-23T20:16:20.729,6.164,120780,35.21,8,1768,3967,,"IR=120780, BPM=35.21, Avg BPM=8, MIC=1768, GSR=3967"
2026-07-23T20:16:20.748,6.182,120804,35.21,8,1767,3965,,"IR=120804, BPM=35.21, Avg BPM=8, MIC=1767, GSR=3965"
2026-07-23T20:16:20.767,6.202,120800,46.12,20,1773,3962,,"IR=120800, BPM=46.12, Avg BPM=20, MIC=1773, GSR=3962"
2026-07-23T20:16:20.786,6.220,120783,46.12,20,1783,3980,,"IR=120783, BPM=46.12, Avg BPM=20, MIC=1783, GSR=3980"
2026-07-23T20:16:20.805,6.239,120738,46.12,20,1789,3961,,"IR=120738, BPM=46.12, Avg BPM=20, MIC=1789, GSR=3961"
2026-07-23T20:16:20.825,6.259,120725,46.12,20,1752,3964,,"IR=120725, BPM=46.12, Avg BPM=20, MIC=1752, GSR=3964"
2026-07-23T20:16:20.844,6.278,120733,46.12,20,1772,3963,,"IR=120733, BPM=46.12, Avg BPM=20, MIC=1772, GSR=3963"
2026-07-23T20:16:20.863,6.297,120706,46.12,20,1774,3968,,"IR=120706, BPM=46.12, Avg BPM=20, MIC=1774, GSR=3968"
2026-07-23T20:16:20.882,6.317,120669,46.12,20,1775,3960,,"IR=120669, BPM=46.12, Avg BPM=20, MIC=1775, GSR=3960"
2026-07-23T20:16:20.901,6.335,120640,46.12,20,1785,3963,,"IR=120640, BPM=46.12, Avg BPM=20, MIC=1785, GSR=3963"
2026-07-23T20:16:20.920,6.354,120611,46.12,20,1788,3945,,"IR=120611, BPM=46.12, Avg BPM=20, MIC=1788, GSR=3945"
2026-07-23T20:16:20.940,6.374,120585,46.12,20,1799,3967,,"IR=120585, BPM=46.12, Avg BPM=20, MIC=1799, GSR=3967"
2026-07-23T20:16:20.958,6.393,120582,46.12,20,1800,3965,,"IR=120582, BPM=46.12, Avg BPM=20, MIC=1800, GSR=3965"
2026-07-23T20:16:20.978,6.412,120570,46.12,20,1791,3947,,"IR=120570, BPM=46.12, Avg BPM=20, MIC=1791, GSR=3947"
2026-07-23T20:16:20.997,6.432,120557,46.12,20,1774,3959,,"IR=120557, BPM=46.12, Avg BPM=20, MIC=1774, GSR=3959"
2026-07-23T20:16:21.017,6.451,120575,46.12,20,1751,3978,,"IR=120575, BPM=46.12, Avg BPM=20, MIC=1751, GSR=3978"
2026-07-23T20:16:21.035,6.469,120678,46.12,20,1757,3949,,"IR=120678, BPM=46.12, Avg BPM=20, MIC=1757, GSR=3949"
2026-07-23T20:16:21.055,6.489,120807,46.12,20,1757,3978,,"IR=120807, BPM=46.12, Avg BPM=20, MIC=1757, GSR=3978"
2026-07-23T20:16:21.073,6.508,120913,46.12,20,1772,3961,,"IR=120913, BPM=46.12, Avg BPM=20, MIC=1772, GSR=3961"
2026-07-23T20:16:21.092,6.527,120971,46.12,20,1771,3965,,"IR=120971, BPM=46.12, Avg BPM=20, MIC=1771, GSR=3965"
2026-07-23T20:16:21.112,6.547,121014,46.12,20,1772,3965,,"IR=121014, BPM=46.12, Avg BPM=20, MIC=1772, GSR=3965"
2026-07-23T20:16:21.132,6.566,121040,46.12,20,1838,3976,,"IR=121040, BPM=46.12, Avg BPM=20, MIC=1838, GSR=3976"
2026-07-23T20:16:21.151,6.585,121012,46.12,20,1782,3966,,"IR=121012, BPM=46.12, Avg BPM=20, MIC=1782, GSR=3966"
2026-07-23T20:16:21.169,6.603,120921,46.12,20,1789,3959,,"IR=120921, BPM=46.12, Avg BPM=20, MIC=1789, GSR=3959"
2026-07-23T20:16:21.188,6.622,120807,46.12,20,1806,3977,,"IR=120807, BPM=46.12, Avg BPM=20, MIC=1806, GSR=3977"
2026-07-23T20:16:21.207,6.642,120740,136.36,54,1805,3960,,"IR=120740, BPM=136.36, Avg BPM=54, MIC=1805, GSR=3960"
2026-07-23T20:16:21.227,6.661,120701,136.36,54,1792,3965,,"IR=120701, BPM=136.36, Avg BPM=54, MIC=1792, GSR=3965"
2026-07-23T20:16:21.247,6.681,120685,136.36,54,1803,4043,,"IR=120685, BPM=136.36, Avg BPM=54, MIC=1803, GSR=4043"
2026-07-23T20:16:21.266,6.700,120683,136.36,54,1800,3959,,"IR=120683, BPM=136.36, Avg BPM=54, MIC=1800, GSR=3959"
2026-07-23T20:16:21.284,6.719,120685,136.36,54,1790,3979,,"IR=120685, BPM=136.36, Avg BPM=54, MIC=1790, GSR=3979"
2026-07-23T20:16:21.303,6.738,120727,136.36,54,1788,3948,,"IR=120727, BPM=136.36, Avg BPM=54, MIC=1788, GSR=3948"
2026-07-23T20:16:21.322,6.756,120820,136.36,54,1775,3964,,"IR=120820, BPM=136.36, Avg BPM=54, MIC=1775, GSR=3964"
2026-07-23T20:16:21.342,6.776,120955,136.36,54,1759,3944,,"IR=120955, BPM=136.36, Avg BPM=54, MIC=1759, GSR=3944"
2026-07-23T20:16:21.360,6.794,121041,136.36,54,1757,3966,,"IR=121041, BPM=136.36, Avg BPM=54, MIC=1757, GSR=3966"
2026-07-23T20:16:21.380,6.815,121107,136.36,54,1785,3948,,"IR=121107, BPM=136.36, Avg BPM=54, MIC=1785, GSR=3948"
2026-07-23T20:16:21.399,6.833,121128,136.36,54,1785,3950,,"IR=121128, BPM=136.36, Avg BPM=54, MIC=1785, GSR=3950"
2026-07-23T20:16:21.418,6.853,121138,136.36,54,1785,3977,,"IR=121138, BPM=136.36, Avg BPM=54, MIC=1785, GSR=3977"
2026-07-23T20:16:21.437,6.871,121115,136.36,54,1788,3949,,"IR=121115, BPM=136.36, Avg BPM=54, MIC=1788, GSR=3949"
2026-07-23T20:16:21.457,6.891,121140,136.36,54,1788,3943,,"IR=121140, BPM=136.36, Avg BPM=54, MIC=1788, GSR=3943"
2026-07-23T20:16:21.475,6.909,121143,136.36,54,1799,3962,,"IR=121143, BPM=136.36, Avg BPM=54, MIC=1799, GSR=3962"
2026-07-23T20:16:21.494,6.929,121107,136.36,54,1786,3966,,"IR=121107, BPM=136.36, Avg BPM=54, MIC=1786, GSR=3966"
2026-07-23T20:16:21.515,6.949,121031,136.36,54,1803,3965,,"IR=121031, BPM=136.36, Avg BPM=54, MIC=1803, GSR=3965"
2026-07-23T20:16:21.534,6.968,120943,136.36,54,1790,3976,,"IR=120943, BPM=136.36, Avg BPM=54, MIC=1790, GSR=3976"
2026-07-23T20:16:21.552,6.987,120860,136.36,54,1802,3964,,"IR=120860, BPM=136.36, Avg BPM=54, MIC=1802, GSR=3964"
2026-07-23T20:16:21.571,7.005,120827,136.36,54,1799,3942,,"IR=120827, BPM=136.36, Avg BPM=54, MIC=1799, GSR=3942"
2026-07-23T20:16:21.590,7.025,120813,136.36,54,1803,3980,,"IR=120813, BPM=136.36, Avg BPM=54, MIC=1803, GSR=3980"
2026-07-23T20:16:21.609,7.043,120790,136.36,54,1807,3958,,"IR=120790, BPM=136.36, Avg BPM=54, MIC=1807, GSR=3958"
2026-07-23T20:16:21.628,7.063,120755,136.36,54,1786,3964,,"IR=120755, BPM=136.36, Avg BPM=54, MIC=1786, GSR=3964"
2026-07-23T20:16:21.648,7.082,120755,136.36,54,1802,3977,,"IR=120755, BPM=136.36, Avg BPM=54, MIC=1802, GSR=3977"
2026-07-23T20:16:21.668,7.102,120758,136.36,54,1789,3966,,"IR=120758, BPM=136.36, Avg BPM=54, MIC=1789, GSR=3966"
2026-07-23T20:16:21.687,7.121,120786,136.36,54,1801,3914,,"IR=120786, BPM=136.36, Avg BPM=54, MIC=1801, GSR=3914"
2026-07-23T20:16:21.705,7.139,120807,136.36,54,1801,3951,,"IR=120807, BPM=136.36, Avg BPM=54, MIC=1801, GSR=3951"
2026-07-23T20:16:21.725,7.159,120810,136.36,54,1808,3945,,"IR=120810, BPM=136.36, Avg BPM=54, MIC=1808, GSR=3945"
2026-07-23T20:16:21.743,7.178,120821,136.36,54,1816,3960,,"IR=120821, BPM=136.36, Avg BPM=54, MIC=1816, GSR=3960"
2026-07-23T20:16:21.762,7.196,120837,136.36,54,1789,3961,,"IR=120837, BPM=136.36, Avg BPM=54, MIC=1789, GSR=3961"
2026-07-23T20:16:21.782,7.217,120860,136.36,54,1786,3991,,"IR=120860, BPM=136.36, Avg BPM=54, MIC=1786, GSR=3991"
2026-07-23T20:16:21.801,7.235,120863,136.36,54,1801,3913,,"IR=120863, BPM=136.36, Avg BPM=54, MIC=1801, GSR=3913"
2026-07-23T20:16:21.820,7.254,120871,136.36,54,1819,3949,,"IR=120871, BPM=136.36, Avg BPM=54, MIC=1819, GSR=3949"
2026-07-23T20:16:21.840,7.274,120877,136.36,54,1774,3960,,"IR=120877, BPM=136.36, Avg BPM=54, MIC=1774, GSR=3960"
2026-07-23T20:16:21.859,7.293,120858,136.36,54,1791,3962,,"IR=120858, BPM=136.36, Avg BPM=54, MIC=1791, GSR=3962"
2026-07-23T20:16:21.878,7.312,120812,136.36,54,1806,3949,,"IR=120812, BPM=136.36, Avg BPM=54, MIC=1806, GSR=3949"
2026-07-23T20:16:21.896,7.330,120784,136.36,54,1817,3963,,"IR=120784, BPM=136.36, Avg BPM=54, MIC=1817, GSR=3963"
2026-07-23T20:16:21.915,7.350,120828,136.36,54,1801,3943,,"IR=120828, BPM=136.36, Avg BPM=54, MIC=1801, GSR=3943"
2026-07-23T20:16:21.935,7.370,120885,136.36,54,1772,3949,,"IR=120885, BPM=136.36, Avg BPM=54, MIC=1772, GSR=3949"
2026-07-23T20:16:21.954,7.388,120933,136.36,54,1807,3935,,"IR=120933, BPM=136.36, Avg BPM=54, MIC=1807, GSR=3935"
2026-07-23T20:16:21.973,7.407,120945,136.36,54,1799,3966,,"IR=120945, BPM=136.36, Avg BPM=54, MIC=1799, GSR=3966"
2026-07-23T20:16:21.992,7.426,120941,136.36,54,1803,3944,,"IR=120941, BPM=136.36, Avg BPM=54, MIC=1803, GSR=3944"
2026-07-23T20:16:22.011,7.445,120946,136.36,54,1807,3993,,"IR=120946, BPM=136.36, Avg BPM=54, MIC=1807, GSR=3993"
2026-07-23T20:16:22.030,7.465,120948,136.36,54,1792,3949,,"IR=120948, BPM=136.36, Avg BPM=54, MIC=1792, GSR=3949"
2026-07-23T20:16:22.050,7.484,120957,136.36,54,1808,3990,,"IR=120957, BPM=136.36, Avg BPM=54, MIC=1808, GSR=3990"
2026-07-23T20:16:22.069,7.503,120949,69.61,71,1801,3949,,"IR=120949, BPM=69.61, Avg BPM=71, MIC=1801, GSR=3949"
2026-07-23T20:16:22.088,7.522,120948,69.61,71,1801,3967,,"IR=120948, BPM=69.61, Avg BPM=71, MIC=1801, GSR=3967"
2026-07-23T20:16:22.107,7.542,120950,69.61,71,1790,3980,,"IR=120950, BPM=69.61, Avg BPM=71, MIC=1790, GSR=3980"
2026-07-23T20:16:22.126,7.561,120969,69.61,71,1800,3967,,"IR=120969, BPM=69.61, Avg BPM=71, MIC=1800, GSR=3967"
2026-07-23T20:16:22.145,7.579,120939,69.61,71,1807,3943,,"IR=120939, BPM=69.61, Avg BPM=71, MIC=1807, GSR=3943"
2026-07-23T20:16:22.165,7.599,120921,69.61,71,1804,3947,,"IR=120921, BPM=69.61, Avg BPM=71, MIC=1804, GSR=3947"
2026-07-23T20:16:22.184,7.618,120897,69.61,71,1801,3975,,"IR=120897, BPM=69.61, Avg BPM=71, MIC=1801, GSR=3975"
2026-07-23T20:16:22.203,7.637,120886,69.61,71,1789,3997,,"IR=120886, BPM=69.61, Avg BPM=71, MIC=1789, GSR=3997"
2026-07-23T20:16:22.222,7.656,120895,69.61,71,1805,3982,,"IR=120895, BPM=69.61, Avg BPM=71, MIC=1805, GSR=3982"
2026-07-23T20:16:22.241,7.675,120890,69.61,71,1806,3948,,"IR=120890, BPM=69.61, Avg BPM=71, MIC=1806, GSR=3948"
2026-07-23T20:16:22.261,7.695,120869,69.61,71,1816,3935,,"IR=120869, BPM=69.61, Avg BPM=71, MIC=1816, GSR=3935"
2026-07-23T20:16:22.279,7.714,120833,69.61,71,1815,3964,,"IR=120833, BPM=69.61, Avg BPM=71, MIC=1815, GSR=3964"
2026-07-23T20:16:22.298,7.733,120831,69.61,71,1805,3951,,"IR=120831, BPM=69.61, Avg BPM=71, MIC=1805, GSR=3951"
2026-07-23T20:16:22.317,7.751,120811,69.61,71,1816,3990,,"IR=120811, BPM=69.61, Avg BPM=71, MIC=1816, GSR=3990"
2026-07-23T20:16:22.337,7.771,120800,69.61,71,1800,3960,,"IR=120800, BPM=69.61, Avg BPM=71, MIC=1800, GSR=3960"
2026-07-23T20:16:22.356,7.790,120801,69.61,71,1802,3948,,"IR=120801, BPM=69.61, Avg BPM=71, MIC=1802, GSR=3948"
2026-07-23T20:16:22.375,7.810,120813,69.61,71,1818,3963,,"IR=120813, BPM=69.61, Avg BPM=71, MIC=1818, GSR=3963"
2026-07-23T20:16:22.394,7.829,120838,69.61,71,1822,3964,,"IR=120838, BPM=69.61, Avg BPM=71, MIC=1822, GSR=3964"
2026-07-23T20:16:22.413,7.847,120830,69.61,71,1821,3975,,"IR=120830, BPM=69.61, Avg BPM=71, MIC=1821, GSR=3975"
2026-07-23T20:16:22.432,7.866,120798,69.61,71,1834,3966,,"IR=120798, BPM=69.61, Avg BPM=71, MIC=1834, GSR=3966"
2026-07-23T20:16:22.451,7.886,120806,69.61,71,1836,3975,,"IR=120806, BPM=69.61, Avg BPM=71, MIC=1836, GSR=3975"
2026-07-23T20:16:22.471,7.905,120813,69.61,71,1832,3959,,"IR=120813, BPM=69.61, Avg BPM=71, MIC=1832, GSR=3959"
2026-07-23T20:16:22.490,7.924,120824,69.61,71,1822,3950,,"IR=120824, BPM=69.61, Avg BPM=71, MIC=1822, GSR=3950"
2026-07-23T20:16:22.509,7.944,120810,69.61,71,1836,3967,,"IR=120810, BPM=69.61, Avg BPM=71, MIC=1836, GSR=3967"
2026-07-23T20:16:22.528,7.962,120767,69.61,71,1831,3975,,"IR=120767, BPM=69.61, Avg BPM=71, MIC=1831, GSR=3975"
2026-07-23T20:16:22.548,7.982,120737,69.61,71,1821,3966,,"IR=120737, BPM=69.61, Avg BPM=71, MIC=1821, GSR=3966"
2026-07-23T20:16:22.567,8.001,120700,69.61,71,1821,3959,,"IR=120700, BPM=69.61, Avg BPM=71, MIC=1821, GSR=3959"
2026-07-23T20:16:22.585,8.020,120662,69.61,71,1832,3989,,"IR=120662, BPM=69.61, Avg BPM=71, MIC=1832, GSR=3989"
2026-07-23T20:16:22.605,8.039,120625,69.61,71,1822,3967,,"IR=120625, BPM=69.61, Avg BPM=71, MIC=1822, GSR=3967"
2026-07-23T20:16:22.625,8.059,120586,69.61,71,1820,3950,,"IR=120586, BPM=69.61, Avg BPM=71, MIC=1820, GSR=3950"
2026-07-23T20:16:22.643,8.077,120583,69.61,71,1805,3966,,"IR=120583, BPM=69.61, Avg BPM=71, MIC=1805, GSR=3966"
2026-07-23T20:16:22.662,8.096,120579,69.61,71,1786,3980,,"IR=120579, BPM=69.61, Avg BPM=71, MIC=1786, GSR=3980"
2026-07-23T20:16:22.681,8.115,120572,69.61,71,1786,3963,,"IR=120572, BPM=69.61, Avg BPM=71, MIC=1786, GSR=3963"
2026-07-23T20:16:22.700,8.134,120556,69.61,71,1790,3934,,"IR=120556, BPM=69.61, Avg BPM=71, MIC=1790, GSR=3934"
2026-07-23T20:16:22.719,8.153,120533,69.61,71,1792,3944,,"IR=120533, BPM=69.61, Avg BPM=71, MIC=1792, GSR=3944"
2026-07-23T20:16:22.739,8.173,120516,69.61,71,1819,3949,,"IR=120516, BPM=69.61, Avg BPM=71, MIC=1819, GSR=3949"
2026-07-23T20:16:22.759,8.193,120524,69.61,71,1799,3944,,"IR=120524, BPM=69.61, Avg BPM=71, MIC=1799, GSR=3944"
2026-07-23T20:16:22.778,8.212,120526,69.61,71,1804,3962,,"IR=120526, BPM=69.61, Avg BPM=71, MIC=1804, GSR=3962"
2026-07-23T20:16:22.798,8.232,120535,69.61,71,1800,3960,,"IR=120535, BPM=69.61, Avg BPM=71, MIC=1800, GSR=3960"
2026-07-23T20:16:22.815,8.249,120536,69.61,71,1802,3976,,"IR=120536, BPM=69.61, Avg BPM=71, MIC=1802, GSR=3976"
2026-07-23T20:16:22.834,8.268,120522,69.61,71,1799,3977,,"IR=120522, BPM=69.61, Avg BPM=71, MIC=1799, GSR=3977"
2026-07-23T20:16:22.853,8.288,120507,69.61,71,1802,3963,,"IR=120507, BPM=69.61, Avg BPM=71, MIC=1802, GSR=3963"
2026-07-23T20:16:22.873,8.307,120496,69.61,71,1801,3964,,"IR=120496, BPM=69.61, Avg BPM=71, MIC=1801, GSR=3964"
2026-07-23T20:16:22.892,8.326,120477,69.61,71,1805,3979,,"IR=120477, BPM=69.61, Avg BPM=71, MIC=1805, GSR=3979"
2026-07-23T20:16:22.914,8.348,120471,69.61,71,1819,3976,,"IR=120471, BPM=69.61, Avg BPM=71, MIC=1819, GSR=3976"
2026-07-23T20:16:22.930,8.365,120467,69.61,71,1820,3980,,"IR=120467, BPM=69.61, Avg BPM=71, MIC=1820, GSR=3980"
2026-07-23T20:16:22.949,8.383,120461,69.61,71,1822,3965,,"IR=120461, BPM=69.61, Avg BPM=71, MIC=1822, GSR=3965"
2026-07-23T20:16:22.969,8.403,120453,69.61,71,1783,3978,,"IR=120453, BPM=69.61, Avg BPM=71, MIC=1783, GSR=3978"
2026-07-23T20:16:22.987,8.421,120467,69.61,71,1834,3966,,"IR=120467, BPM=69.61, Avg BPM=71, MIC=1834, GSR=3966"
2026-07-23T20:16:23.007,8.441,120476,69.61,71,1833,3964,,"IR=120476, BPM=69.61, Avg BPM=71, MIC=1833, GSR=3964"
2026-07-23T20:16:23.026,8.460,120500,69.61,71,1817,3966,,"IR=120500, BPM=69.61, Avg BPM=71, MIC=1817, GSR=3966"
2026-07-23T20:16:23.045,8.480,120510,69.61,71,1815,3983,,"IR=120510, BPM=69.61, Avg BPM=71, MIC=1815, GSR=3983"
2026-07-23T20:16:23.065,8.499,120498,69.61,71,1816,3982,,"IR=120498, BPM=69.61, Avg BPM=71, MIC=1816, GSR=3982"
2026-07-23T20:16:23.083,8.517,120468,69.61,71,1783,3952,,"IR=120468, BPM=69.61, Avg BPM=71, MIC=1783, GSR=3952"
2026-07-23T20:16:23.102,8.537,120463,69.61,71,1808,3949,,"IR=120463, BPM=69.61, Avg BPM=71, MIC=1808, GSR=3949"
2026-07-23T20:16:23.121,8.555,120460,69.61,71,1821,3946,,"IR=120460, BPM=69.61, Avg BPM=71, MIC=1821, GSR=3946"
2026-07-23T20:16:23.140,8.574,120458,69.61,71,1817,3965,,"IR=120458, BPM=69.61, Avg BPM=71, MIC=1817, GSR=3965"
2026-07-23T20:16:23.160,8.594,120449,69.61,71,1816,3950,,"IR=120449, BPM=69.61, Avg BPM=71, MIC=1816, GSR=3950"
2026-07-23T20:16:23.179,8.613,120457,69.61,71,1806,3950,,"IR=120457, BPM=69.61, Avg BPM=71, MIC=1806, GSR=3950"
2026-07-23T20:16:23.198,8.633,120466,69.61,71,1819,3980,,"IR=120466, BPM=69.61, Avg BPM=71, MIC=1819, GSR=3980"
2026-07-23T20:16:23.217,8.651,120454,69.61,71,1803,3964,,"IR=120454, BPM=69.61, Avg BPM=71, MIC=1803, GSR=3964"
2026-07-23T20:16:23.236,8.671,120444,69.61,71,1806,3974,,"IR=120444, BPM=69.61, Avg BPM=71, MIC=1806, GSR=3974"
2026-07-23T20:16:23.255,8.689,120414,69.61,71,1816,3976,,"IR=120414, BPM=69.61, Avg BPM=71, MIC=1816, GSR=3976"
2026-07-23T20:16:23.274,8.708,120400,69.61,71,1807,3962,,"IR=120400, BPM=69.61, Avg BPM=71, MIC=1807, GSR=3962"
2026-07-23T20:16:23.294,8.729,120398,69.61,71,1819,3994,,"IR=120398, BPM=69.61, Avg BPM=71, MIC=1819, GSR=3994"
2026-07-23T20:16:23.313,8.747,120400,69.61,71,1807,3980,,"IR=120400, BPM=69.61, Avg BPM=71, MIC=1807, GSR=3980"
2026-07-23T20:16:23.332,8.767,120420,69.61,71,1816,3982,,"IR=120420, BPM=69.61, Avg BPM=71, MIC=1816, GSR=3982"
2026-07-23T20:16:23.351,8.785,120437,69.61,71,1805,3965,,"IR=120437, BPM=69.61, Avg BPM=71, MIC=1805, GSR=3965"
2026-07-23T20:16:23.370,8.805,120465,69.61,71,1818,3951,,"IR=120465, BPM=69.61, Avg BPM=71, MIC=1818, GSR=3951"
2026-07-23T20:16:23.389,8.823,120504,69.61,71,1816,3961,,"IR=120504, BPM=69.61, Avg BPM=71, MIC=1816, GSR=3961"
2026-07-23T20:16:23.408,8.843,120559,69.61,71,1807,3977,,"IR=120559, BPM=69.61, Avg BPM=71, MIC=1807, GSR=3977"
2026-07-23T20:16:23.429,8.863,120621,69.61,71,1816,3967,,"IR=120621, BPM=69.61, Avg BPM=71, MIC=1816, GSR=3967"
2026-07-23T20:16:23.447,8.882,120696,69.61,71,1837,3963,,"IR=120696, BPM=69.61, Avg BPM=71, MIC=1837, GSR=3963"
2026-07-23T20:16:23.466,8.900,120734,69.61,71,1819,3963,,"IR=120734, BPM=69.61, Avg BPM=71, MIC=1819, GSR=3963"
2026-07-23T20:16:23.485,8.919,120752,69.61,71,1833,3966,,"IR=120752, BPM=69.61, Avg BPM=71, MIC=1833, GSR=3966"
2026-07-23T20:16:23.504,8.938,120733,69.61,71,1820,3965,,"IR=120733, BPM=69.61, Avg BPM=71, MIC=1820, GSR=3965"
2026-07-23T20:16:23.523,8.957,120697,69.61,71,1821,3963,,"IR=120697, BPM=69.61, Avg BPM=71, MIC=1821, GSR=3963"
2026-07-23T20:16:23.542,8.976,120699,69.61,71,1820,3945,,"IR=120699, BPM=69.61, Avg BPM=71, MIC=1820, GSR=3945"
2026-07-23T20:16:23.562,8.996,120756,69.61,71,1832,3963,,"IR=120756, BPM=69.61, Avg BPM=71, MIC=1832, GSR=3963"
2026-07-23T20:16:23.581,9.015,120771,39.68,72,1818,3961,,"IR=120771, BPM=39.68, Avg BPM=72, MIC=1818, GSR=3961"
2026-07-23T20:16:23.600,9.034,120750,39.68,72,1819,3961,,"IR=120750, BPM=39.68, Avg BPM=72, MIC=1819, GSR=3961"
2026-07-23T20:16:23.619,9.053,120723,39.68,72,1832,3961,,"IR=120723, BPM=39.68, Avg BPM=72, MIC=1832, GSR=3961"
2026-07-23T20:16:23.638,9.072,120732,39.68,72,1818,3981,,"IR=120732, BPM=39.68, Avg BPM=72, MIC=1818, GSR=3981"
2026-07-23T20:16:23.657,9.091,120817,39.68,72,1816,3959,,"IR=120817, BPM=39.68, Avg BPM=72, MIC=1816, GSR=3959"
2026-07-23T20:16:23.677,9.111,120881,39.68,72,1815,3945,,"IR=120881, BPM=39.68, Avg BPM=72, MIC=1815, GSR=3945"
2026-07-23T20:16:23.696,9.130,120917,39.68,72,1816,3960,,"IR=120917, BPM=39.68, Avg BPM=72, MIC=1816, GSR=3960"
2026-07-23T20:16:23.715,9.150,120920,39.68,72,1815,3962,,"IR=120920, BPM=39.68, Avg BPM=72, MIC=1815, GSR=3962"
2026-07-23T20:16:23.734,9.168,120914,39.68,72,1818,3980,,"IR=120914, BPM=39.68, Avg BPM=72, MIC=1818, GSR=3980"
2026-07-23T20:16:23.753,9.188,120918,39.68,72,1817,3950,,"IR=120918, BPM=39.68, Avg BPM=72, MIC=1817, GSR=3950"
2026-07-23T20:16:23.772,9.207,120934,39.68,72,1819,3958,,"IR=120934, BPM=39.68, Avg BPM=72, MIC=1819, GSR=3958"
2026-07-23T20:16:23.791,9.225,120939,39.68,72,1817,3965,,"IR=120939, BPM=39.68, Avg BPM=72, MIC=1817, GSR=3965"
2026-07-23T20:16:23.810,9.245,120937,39.68,72,1820,3950,,"IR=120937, BPM=39.68, Avg BPM=72, MIC=1820, GSR=3950"
2026-07-23T20:16:23.830,9.264,120952,39.68,72,1820,3976,,"IR=120952, BPM=39.68, Avg BPM=72, MIC=1820, GSR=3976"
2026-07-23T20:16:23.849,9.284,121014,39.68,72,1819,3959,,"IR=121014, BPM=39.68, Avg BPM=72, MIC=1819, GSR=3959"
2026-07-23T20:16:23.868,9.302,121025,39.68,72,1806,3975,,"IR=121025, BPM=39.68, Avg BPM=72, MIC=1806, GSR=3975"
2026-07-23T20:16:23.887,9.322,120977,39.68,72,1816,3965,,"IR=120977, BPM=39.68, Avg BPM=72, MIC=1816, GSR=3965"
2026-07-23T20:16:23.906,9.340,120916,39.68,72,1816,3949,,"IR=120916, BPM=39.68, Avg BPM=72, MIC=1816, GSR=3949"
2026-07-23T20:16:23.925,9.360,120896,39.68,72,1805,3975,,"IR=120896, BPM=39.68, Avg BPM=72, MIC=1805, GSR=3975"
2026-07-23T20:16:23.944,9.378,120902,39.68,72,1807,3961,,"IR=120902, BPM=39.68, Avg BPM=72, MIC=1807, GSR=3961"
2026-07-23T20:16:23.964,9.398,120905,39.68,72,1804,3976,,"IR=120905, BPM=39.68, Avg BPM=72, MIC=1804, GSR=3976"
2026-07-23T20:16:23.983,9.418,120905,39.68,72,1804,3976,,"IR=120905, BPM=39.68, Avg BPM=72, MIC=1804, GSR=3976"
2026-07-23T20:16:24.002,9.436,120892,39.68,72,1804,3967,,"IR=120892, BPM=39.68, Avg BPM=72, MIC=1804, GSR=3967"
2026-07-23T20:16:24.021,9.455,120870,39.68,72,1806,3963,,"IR=120870, BPM=39.68, Avg BPM=72, MIC=1806, GSR=3963"
2026-07-23T20:16:24.041,9.475,120842,39.68,72,1803,3947,,"IR=120842, BPM=39.68, Avg BPM=72, MIC=1803, GSR=3947"
2026-07-23T20:16:24.059,9.493,120792,39.68,72,1803,3976,,"IR=120792, BPM=39.68, Avg BPM=72, MIC=1803, GSR=3976"
2026-07-23T20:16:24.079,9.513,120743,39.68,72,1802,3960,,"IR=120743, BPM=39.68, Avg BPM=72, MIC=1802, GSR=3960"
2026-07-23T20:16:24.098,9.532,120722,39.68,72,1804,3961,,"IR=120722, BPM=39.68, Avg BPM=72, MIC=1804, GSR=3961"
2026-07-23T20:16:24.117,9.552,120715,39.68,72,1803,3974,,"IR=120715, BPM=39.68, Avg BPM=72, MIC=1803, GSR=3974"
2026-07-23T20:16:24.136,9.571,120724,39.68,72,1802,3964,,"IR=120724, BPM=39.68, Avg BPM=72, MIC=1802, GSR=3964"
2026-07-23T20:16:24.155,9.589,120698,39.68,72,1800,3935,,"IR=120698, BPM=39.68, Avg BPM=72, MIC=1800, GSR=3935"
2026-07-23T20:16:24.174,9.608,120659,39.68,72,1803,3950,,"IR=120659, BPM=39.68, Avg BPM=72, MIC=1803, GSR=3950"
2026-07-23T20:16:24.193,9.628,120635,39.68,72,1801,3961,,"IR=120635, BPM=39.68, Avg BPM=72, MIC=1801, GSR=3961"
2026-07-23T20:16:24.213,9.647,120604,39.68,72,1800,3963,,"IR=120604, BPM=39.68, Avg BPM=72, MIC=1800, GSR=3963"
2026-07-23T20:16:24.232,9.667,120592,39.68,72,1791,3960,,"IR=120592, BPM=39.68, Avg BPM=72, MIC=1791, GSR=3960"
2026-07-23T20:16:24.251,9.685,120591,39.68,72,1800,3968,,"IR=120591, BPM=39.68, Avg BPM=72, MIC=1800, GSR=3968"
2026-07-23T20:16:24.270,9.705,120605,39.68,72,1800,3951,,"IR=120605, BPM=39.68, Avg BPM=72, MIC=1800, GSR=3951"
2026-07-23T20:16:24.289,9.723,120594,39.68,72,1800,3979,,"IR=120594, BPM=39.68, Avg BPM=72, MIC=1800, GSR=3979"
2026-07-23T20:16:24.308,9.742,120584,39.68,72,1801,3962,,"IR=120584, BPM=39.68, Avg BPM=72, MIC=1801, GSR=3962"
2026-07-23T20:16:24.327,9.761,120553,39.68,72,1787,3993,,"IR=120553, BPM=39.68, Avg BPM=72, MIC=1787, GSR=3993"
2026-07-23T20:16:24.346,9.780,120536,39.68,72,1785,3931,,"IR=120536, BPM=39.68, Avg BPM=72, MIC=1785, GSR=3931"
2026-07-23T20:16:24.367,9.801,120531,39.68,72,1790,3976,,"IR=120531, BPM=39.68, Avg BPM=72, MIC=1790, GSR=3976"
2026-07-23T20:16:24.385,9.820,120522,39.68,72,1785,3950,,"IR=120522, BPM=39.68, Avg BPM=72, MIC=1785, GSR=3950"
2026-07-23T20:16:24.404,9.838,120518,39.68,72,1784,3963,,"IR=120518, BPM=39.68, Avg BPM=72, MIC=1784, GSR=3963"
2026-07-23T20:16:24.423,9.857,120524,39.68,72,1787,3944,,"IR=120524, BPM=39.68, Avg BPM=72, MIC=1787, GSR=3944"
2026-07-23T20:16:24.442,9.876,120500,39.68,72,1787,3964,,"IR=120500, BPM=39.68, Avg BPM=72, MIC=1787, GSR=3964"
2026-07-23T20:16:24.461,9.895,120477,39.68,72,1783,3960,,"IR=120477, BPM=39.68, Avg BPM=72, MIC=1783, GSR=3960"
2026-07-23T20:16:24.480,9.914,120457,39.68,72,1788,3965,,"IR=120457, BPM=39.68, Avg BPM=72, MIC=1788, GSR=3965"
2026-07-23T20:16:24.500,9.934,120431,39.68,72,1783,3966,,"IR=120431, BPM=39.68, Avg BPM=72, MIC=1783, GSR=3966"
2026-07-23T20:16:24.519,9.954,120419,39.68,72,1785,3978,,"IR=120419, BPM=39.68, Avg BPM=72, MIC=1785, GSR=3978"
2026-07-23T20:16:24.538,9.972,120422,39.68,72,1775,3961,,"IR=120422, BPM=39.68, Avg BPM=72, MIC=1775, GSR=3961"
2026-07-23T20:16:24.557,9.991,120396,39.68,72,1774,3977,,"IR=120396, BPM=39.68, Avg BPM=72, MIC=1774, GSR=3977"
2026-07-23T20:16:24.576,10.010,120356,39.68,72,1770,3962,,"IR=120356, BPM=39.68, Avg BPM=72, MIC=1770, GSR=3962"
2026-07-23T20:16:24.595,10.030,120320,39.68,72,1775,3964,,"IR=120320, BPM=39.68, Avg BPM=72, MIC=1775, GSR=3964"
2026-07-23T20:16:24.614,10.049,120294,39.68,72,1769,3961,,"IR=120294, BPM=39.68, Avg BPM=72, MIC=1769, GSR=3961"
2026-07-23T20:16:24.633,10.067,120275,39.68,72,1772,3966,,"IR=120275, BPM=39.68, Avg BPM=72, MIC=1772, GSR=3966"
2026-07-23T20:16:24.653,10.087,120269,39.68,72,1768,3962,,"IR=120269, BPM=39.68, Avg BPM=72, MIC=1768, GSR=3962"
2026-07-23T20:16:24.672,10.106,120264,39.68,72,1768,3974,,"IR=120264, BPM=39.68, Avg BPM=72, MIC=1768, GSR=3974"
2026-07-23T20:16:24.691,10.125,120271,39.68,72,1768,3984,,"IR=120271, BPM=39.68, Avg BPM=72, MIC=1768, GSR=3984"
2026-07-23T20:16:24.710,10.145,120250,39.68,72,1758,3967,,"IR=120250, BPM=39.68, Avg BPM=72, MIC=1758, GSR=3967"
2026-07-23T20:16:24.730,10.164,120230,39.68,72,1742,3965,,"IR=120230, BPM=39.68, Avg BPM=72, MIC=1742, GSR=3965"
2026-07-23T20:16:24.749,10.183,120226,39.68,72,1721,3979,,"IR=120226, BPM=39.68, Avg BPM=72, MIC=1721, GSR=3979"
2026-07-23T20:16:24.768,10.202,120228,39.68,72,1727,3974,,"IR=120228, BPM=39.68, Avg BPM=72, MIC=1727, GSR=3974"
2026-07-23T20:16:24.788,10.222,120227,39.68,72,1722,3948,,"IR=120227, BPM=39.68, Avg BPM=72, MIC=1722, GSR=3948"
2026-07-23T20:16:24.806,10.240,120206,39.68,72,1720,3947,,"IR=120206, BPM=39.68, Avg BPM=72, MIC=1720, GSR=3947"
2026-07-23T20:16:24.825,10.259,120167,39.68,72,1727,3979,,"IR=120167, BPM=39.68, Avg BPM=72, MIC=1727, GSR=3979"
2026-07-23T20:16:24.845,10.279,120123,39.68,72,1725,3950,,"IR=120123, BPM=39.68, Avg BPM=72, MIC=1725, GSR=3950"
2026-07-23T20:16:24.863,10.297,120083,39.68,72,1719,3959,,"IR=120083, BPM=39.68, Avg BPM=72, MIC=1719, GSR=3959"
2026-07-23T20:16:24.882,10.316,120072,39.68,72,1724,3963,,"IR=120072, BPM=39.68, Avg BPM=72, MIC=1724, GSR=3963"
2026-07-23T20:16:24.901,10.335,120040,39.68,72,1735,3966,,"IR=120040, BPM=39.68, Avg BPM=72, MIC=1735, GSR=3966"
2026-07-23T20:16:24.921,10.356,120010,39.68,72,1727,3976,,"IR=120010, BPM=39.68, Avg BPM=72, MIC=1727, GSR=3976"
2026-07-23T20:16:24.940,10.374,119990,39.68,72,1726,3959,,"IR=119990, BPM=39.68, Avg BPM=72, MIC=1726, GSR=3959"
2026-07-23T20:16:24.959,10.394,119977,39.68,72,1727,3977,,"IR=119977, BPM=39.68, Avg BPM=72, MIC=1727, GSR=3977"
2026-07-23T20:16:24.978,10.413,119978,39.68,72,1727,3961,,"IR=119978, BPM=39.68, Avg BPM=72, MIC=1727, GSR=3961"
2026-07-23T20:16:24.997,10.431,119962,39.68,72,1720,3963,,"IR=119962, BPM=39.68, Avg BPM=72, MIC=1720, GSR=3963"
2026-07-23T20:16:25.016,10.451,119926,39.68,72,1706,3949,,"IR=119926, BPM=39.68, Avg BPM=72, MIC=1706, GSR=3949"
2026-07-23T20:16:25.035,10.469,119903,39.68,72,1691,3952,,"IR=119903, BPM=39.68, Avg BPM=72, MIC=1691, GSR=3952"
2026-07-23T20:16:25.055,10.489,119891,39.68,72,1704,3960,,"IR=119891, BPM=39.68, Avg BPM=72, MIC=1704, GSR=3960"
2026-07-23T20:16:25.074,10.508,119876,39.68,72,1705,3978,,"IR=119876, BPM=39.68, Avg BPM=72, MIC=1705, GSR=3978"
2026-07-23T20:16:25.093,10.527,119876,39.68,72,1703,3959,,"IR=119876, BPM=39.68, Avg BPM=72, MIC=1703, GSR=3959"
2026-07-23T20:16:25.112,10.546,119866,39.68,72,1708,3963,,"IR=119866, BPM=39.68, Avg BPM=72, MIC=1708, GSR=3963"
2026-07-23T20:16:25.131,10.566,119849,39.68,72,1710,3935,,"IR=119849, BPM=39.68, Avg BPM=72, MIC=1710, GSR=3935"
2026-07-23T20:16:25.150,10.584,119838,39.68,72,1727,3993,,"IR=119838, BPM=39.68, Avg BPM=72, MIC=1727, GSR=3993"
2026-07-23T20:16:25.169,10.603,119817,39.68,72,1721,3963,,"IR=119817, BPM=39.68, Avg BPM=72, MIC=1721, GSR=3963"
2026-07-23T20:16:25.189,10.623,119783,39.68,72,1707,3959,,"IR=119783, BPM=39.68, Avg BPM=72, MIC=1707, GSR=3959"
2026-07-23T20:16:25.208,10.642,119725,39.68,72,1708,3963,,"IR=119725, BPM=39.68, Avg BPM=72, MIC=1708, GSR=3963"
2026-07-23T20:16:25.227,10.661,119667,39.68,72,1711,3979,,"IR=119667, BPM=39.68, Avg BPM=72, MIC=1711, GSR=3979"
2026-07-23T20:16:25.246,10.681,119622,39.68,72,1711,3951,,"IR=119622, BPM=39.68, Avg BPM=72, MIC=1711, GSR=3951"
2026-07-23T20:16:25.265,10.699,119596,39.68,72,1705,3976,,"IR=119596, BPM=39.68, Avg BPM=72, MIC=1705, GSR=3976"
2026-07-23T20:16:25.284,10.718,119580,39.68,72,1706,3981,,"IR=119580, BPM=39.68, Avg BPM=72, MIC=1706, GSR=3981"
2026-07-23T20:16:25.303,10.737,119552,39.68,72,1704,3966,,"IR=119552, BPM=39.68, Avg BPM=72, MIC=1704, GSR=3966"
2026-07-23T20:16:25.323,10.757,119552,39.68,72,1705,3947,,"IR=119552, BPM=39.68, Avg BPM=72, MIC=1705, GSR=3947"
2026-07-23T20:16:25.342,10.777,119563,39.68,72,1706,3958,,"IR=119563, BPM=39.68, Avg BPM=72, MIC=1706, GSR=3958"
2026-07-23T20:16:25.361,10.795,119589,39.68,72,1706,3977,,"IR=119589, BPM=39.68, Avg BPM=72, MIC=1706, GSR=3977"
2026-07-23T20:16:25.380,10.814,119603,39.68,72,1703,3976,,"IR=119603, BPM=39.68, Avg BPM=72, MIC=1703, GSR=3976"
2026-07-23T20:16:25.399,10.834,119598,39.68,72,1694,3945,,"IR=119598, BPM=39.68, Avg BPM=72, MIC=1694, GSR=3945"
2026-07-23T20:16:25.418,10.852,119592,39.68,72,1703,3966,,"IR=119592, BPM=39.68, Avg BPM=72, MIC=1703, GSR=3966"
2026-07-23T20:16:25.438,10.872,119588,39.68,72,1693,3946,,"IR=119588, BPM=39.68, Avg BPM=72, MIC=1693, GSR=3946"
2026-07-23T20:16:25.457,10.891,119581,39.68,72,1691,3947,,"IR=119581, BPM=39.68, Avg BPM=72, MIC=1691, GSR=3947"
2026-07-23T20:16:25.476,10.910,119588,39.68,72,1695,3966,,"IR=119588, BPM=39.68, Avg BPM=72, MIC=1695, GSR=3966"
2026-07-23T20:16:25.495,10.930,119586,39.68,72,1691,3947,,"IR=119586, BPM=39.68, Avg BPM=72, MIC=1691, GSR=3947"
2026-07-23T20:16:25.514,10.948,119587,39.68,72,1691,3975,,"IR=119587, BPM=39.68, Avg BPM=72, MIC=1691, GSR=3975"
2026-07-23T20:16:25.533,10.967,119600,39.68,72,1688,3963,,"IR=119600, BPM=39.68, Avg BPM=72, MIC=1688, GSR=3963"
2026-07-23T20:16:25.552,10.986,119603,39.68,72,1688,3974,,"IR=119603, BPM=39.68, Avg BPM=72, MIC=1688, GSR=3974"
2026-07-23T20:16:25.571,11.005,119601,39.68,72,1686,3951,,"IR=119601, BPM=39.68, Avg BPM=72, MIC=1686, GSR=3951"
2026-07-23T20:16:25.590,11.024,119611,39.68,72,1691,3978,,"IR=119611, BPM=39.68, Avg BPM=72, MIC=1691, GSR=3978"
2026-07-23T20:16:25.610,11.045,119611,39.68,72,1678,3959,,"IR=119611, BPM=39.68, Avg BPM=72, MIC=1678, GSR=3959"
2026-07-23T20:16:25.630,11.064,119610,39.68,72,1689,3951,,"IR=119610, BPM=39.68, Avg BPM=72, MIC=1689, GSR=3951"
2026-07-23T20:16:25.648,11.083,119594,39.68,72,1689,3950,,"IR=119594, BPM=39.68, Avg BPM=72, MIC=1689, GSR=3950"
2026-07-23T20:16:25.668,11.102,119581,39.68,72,1704,3945,,"IR=119581, BPM=39.68, Avg BPM=72, MIC=1704, GSR=3945"
2026-07-23T20:16:25.686,11.120,119582,39.68,72,1673,3964,,"IR=119582, BPM=39.68, Avg BPM=72, MIC=1673, GSR=3964"
2026-07-23T20:16:25.705,11.139,119594,39.68,72,1673,3965,,"IR=119594, BPM=39.68, Avg BPM=72, MIC=1673, GSR=3965"
2026-07-23T20:16:25.724,11.158,119615,39.68,72,1675,3967,,"IR=119615, BPM=39.68, Avg BPM=72, MIC=1675, GSR=3967"
2026-07-23T20:16:25.744,11.179,119629,39.68,72,1664,3965,,"IR=119629, BPM=39.68, Avg BPM=72, MIC=1664, GSR=3965"
2026-07-23T20:16:25.763,11.197,119630,39.68,72,1672,3949,,"IR=119630, BPM=39.68, Avg BPM=72, MIC=1672, GSR=3949"
2026-07-23T20:16:25.782,11.216,119632,39.68,72,1661,3961,,"IR=119632, BPM=39.68, Avg BPM=72, MIC=1661, GSR=3961"
2026-07-23T20:16:25.801,11.235,119632,39.68,72,1676,3951,,"IR=119632, BPM=39.68, Avg BPM=72, MIC=1676, GSR=3951"
2026-07-23T20:16:25.821,11.255,119630,39.68,72,1671,3960,,"IR=119630, BPM=39.68, Avg BPM=72, MIC=1671, GSR=3960"
2026-07-23T20:16:25.839,11.273,119626,39.68,72,1660,3977,,"IR=119626, BPM=39.68, Avg BPM=72, MIC=1660, GSR=3977"
2026-07-23T20:16:25.858,11.292,119620,39.68,72,1661,3962,,"IR=119620, BPM=39.68, Avg BPM=72, MIC=1661, GSR=3962"
2026-07-23T20:16:25.878,11.312,119610,39.68,72,1660,3964,,"IR=119610, BPM=39.68, Avg BPM=72, MIC=1660, GSR=3964"
2026-07-23T20:16:25.897,11.332,119613,39.68,72,1656,3963,,"IR=119613, BPM=39.68, Avg BPM=72, MIC=1656, GSR=3963"
2026-07-23T20:16:25.916,11.351,119610,39.68,72,1659,3963,,"IR=119610, BPM=39.68, Avg BPM=72, MIC=1659, GSR=3963"
2026-07-23T20:16:25.935,11.369,119621,39.68,72,1658,3976,,"IR=119621, BPM=39.68, Avg BPM=72, MIC=1658, GSR=3976"
2026-07-23T20:16:25.955,11.389,119632,39.68,72,1659,3961,,"IR=119632, BPM=39.68, Avg BPM=72, MIC=1659, GSR=3961"
2026-07-23T20:16:25.973,11.407,119611,39.68,72,1657,3949,,"IR=119611, BPM=39.68, Avg BPM=72, MIC=1657, GSR=3949"
2026-07-23T20:16:25.992,11.426,119576,39.68,72,1640,3975,,"IR=119576, BPM=39.68, Avg BPM=72, MIC=1640, GSR=3975"
2026-07-23T20:16:26.012,11.446,119581,39.68,72,1642,3961,,"IR=119581, BPM=39.68, Avg BPM=72, MIC=1642, GSR=3961"
2026-07-23T20:16:26.031,11.465,119604,39.68,72,1647,3945,,"IR=119604, BPM=39.68, Avg BPM=72, MIC=1647, GSR=3945"
2026-07-23T20:16:26.050,11.484,119642,39.68,72,1642,3961,,"IR=119642, BPM=39.68, Avg BPM=72, MIC=1642, GSR=3961"
2026-07-23T20:16:26.069,11.504,119667,39.68,72,1659,3962,,"IR=119667, BPM=39.68, Avg BPM=72, MIC=1659, GSR=3962"
2026-07-23T20:16:26.088,11.523,119685,39.68,72,1656,3945,,"IR=119685, BPM=39.68, Avg BPM=72, MIC=1656, GSR=3945"
2026-07-23T20:16:26.107,11.541,119704,39.68,72,1661,3949,,"IR=119704, BPM=39.68, Avg BPM=72, MIC=1661, GSR=3949"
2026-07-23T20:16:26.126,11.561,119705,39.68,72,1656,3961,,"IR=119705, BPM=39.68, Avg BPM=72, MIC=1656, GSR=3961"
2026-07-23T20:16:26.147,11.581,119701,39.68,72,1656,3947,,"IR=119701, BPM=39.68, Avg BPM=72, MIC=1656, GSR=3947"
2026-07-23T20:16:26.165,11.600,119713,39.68,72,1642,3974,,"IR=119713, BPM=39.68, Avg BPM=72, MIC=1642, GSR=3974"
2026-07-23T20:16:26.184,11.618,119751,39.68,72,1627,3933,,"IR=119751, BPM=39.68, Avg BPM=72, MIC=1627, GSR=3933"
2026-07-23T20:16:26.203,11.637,119792,39.68,72,1630,3963,,"IR=119792, BPM=39.68, Avg BPM=72, MIC=1630, GSR=3963"
2026-07-23T20:16:26.222,11.656,119815,39.68,72,1613,3977,,"IR=119815, BPM=39.68, Avg BPM=72, MIC=1613, GSR=3977"
2026-07-23T20:16:26.241,11.675,119820,22.56,66,1626,3950,,"IR=119820, BPM=22.56, Avg BPM=66, MIC=1626, GSR=3950"
2026-07-23T20:16:26.261,11.695,119786,22.56,66,1631,3964,,"IR=119786, BPM=22.56, Avg BPM=66, MIC=1631, GSR=3964"
2026-07-23T20:16:26.280,11.714,119770,22.56,66,1611,3977,,"IR=119770, BPM=22.56, Avg BPM=66, MIC=1611, GSR=3977"
2026-07-23T20:16:26.299,11.733,119773,22.56,66,1630,3963,,"IR=119773, BPM=22.56, Avg BPM=66, MIC=1630, GSR=3963"
2026-07-23T20:16:26.318,11.753,119779,22.56,66,1643,3945,,"IR=119779, BPM=22.56, Avg BPM=66, MIC=1643, GSR=3945"
2026-07-23T20:16:26.337,11.772,119775,22.56,66,1612,3960,,"IR=119775, BPM=22.56, Avg BPM=66, MIC=1612, GSR=3960"
2026-07-23T20:16:26.356,11.790,119784,22.56,66,1642,3965,,"IR=119784, BPM=22.56, Avg BPM=66, MIC=1642, GSR=3965"
2026-07-23T20:16:26.375,11.809,119802,22.56,66,1632,3974,,"IR=119802, BPM=22.56, Avg BPM=66, MIC=1632, GSR=3974"
2026-07-23T20:16:26.394,11.828,119821,22.56,66,1625,3980,,"IR=119821, BPM=22.56, Avg BPM=66, MIC=1625, GSR=3980"
2026-07-23T20:16:26.414,11.849,119851,22.56,66,1627,3975,,"IR=119851, BPM=22.56, Avg BPM=66, MIC=1627, GSR=3975"
2026-07-23T20:16:26.433,11.868,119879,22.56,66,1628,3944,,"IR=119879, BPM=22.56, Avg BPM=66, MIC=1628, GSR=3944"
2026-07-23T20:16:26.452,11.886,119945,22.56,66,1608,3975,,"IR=119945, BPM=22.56, Avg BPM=66, MIC=1608, GSR=3975"
2026-07-23T20:16:26.471,11.905,119981,22.56,66,1628,3975,,"IR=119981, BPM=22.56, Avg BPM=66, MIC=1628, GSR=3975"
2026-07-23T20:16:26.490,11.924,119995,22.56,66,1630,3975,,"IR=119995, BPM=22.56, Avg BPM=66, MIC=1630, GSR=3975"
2026-07-23T20:16:26.509,11.943,120021,22.56,66,1628,3975,,"IR=120021, BPM=22.56, Avg BPM=66, MIC=1628, GSR=3975"
2026-07-23T20:16:26.528,11.963,120074,22.56,66,1630,3965,,"IR=120074, BPM=22.56, Avg BPM=66, MIC=1630, GSR=3965"
2026-07-23T20:16:26.547,11.982,120159,22.56,66,1640,3944,,"IR=120159, BPM=22.56, Avg BPM=66, MIC=1640, GSR=3944"
2026-07-23T20:16:26.567,12.001,120213,22.56,66,1611,3978,,"IR=120213, BPM=22.56, Avg BPM=66, MIC=1611, GSR=3978"
2026-07-23T20:16:26.586,12.021,120280,22.56,66,1632,3967,,"IR=120280, BPM=22.56, Avg BPM=66, MIC=1632, GSR=3967"
2026-07-23T20:16:26.605,12.040,120347,22.56,66,1627,3976,,"IR=120347, BPM=22.56, Avg BPM=66, MIC=1627, GSR=3976"
2026-07-23T20:16:26.624,12.058,120416,22.56,66,1631,3977,,"IR=120416, BPM=22.56, Avg BPM=66, MIC=1631, GSR=3977"
2026-07-23T20:16:26.643,12.077,120471,22.56,66,1613,3966,,"IR=120471, BPM=22.56, Avg BPM=66, MIC=1613, GSR=3966"
2026-07-23T20:16:26.661,12.096,120498,22.56,66,1592,3983,,"IR=120498, BPM=22.56, Avg BPM=66, MIC=1592, GSR=3983"
2026-07-23T20:16:26.681,12.115,120494,22.56,66,1607,3977,,"IR=120494, BPM=22.56, Avg BPM=66, MIC=1607, GSR=3977"
2026-07-23T20:16:26.701,12.135,120493,22.56,66,1626,3979,,"IR=120493, BPM=22.56, Avg BPM=66, MIC=1626, GSR=3979"
2026-07-23T20:16:26.720,12.154,120526,22.56,66,1609,3959,,"IR=120526, BPM=22.56, Avg BPM=66, MIC=1609, GSR=3959"
2026-07-23T20:16:26.739,12.173,120535,22.56,66,1607,3962,,"IR=120535, BPM=22.56, Avg BPM=66, MIC=1607, GSR=3962"
2026-07-23T20:16:26.757,12.192,120562,22.56,66,1611,3976,,"IR=120562, BPM=22.56, Avg BPM=66, MIC=1611, GSR=3976"
2026-07-23T20:16:26.776,12.211,120563,22.56,66,1598,3961,,"IR=120563, BPM=22.56, Avg BPM=66, MIC=1598, GSR=3961"
2026-07-23T20:16:26.796,12.230,120566,22.56,66,1598,3960,,"IR=120566, BPM=22.56, Avg BPM=66, MIC=1598, GSR=3960"
2026-07-23T20:16:26.815,12.249,120608,22.56,66,1566,3967,,"IR=120608, BPM=22.56, Avg BPM=66, MIC=1566, GSR=3967"
2026-07-23T20:16:26.835,12.269,120653,22.56,66,1549,3965,,"IR=120653, BPM=22.56, Avg BPM=66, MIC=1549, GSR=3965"
2026-07-23T20:16:26.854,12.288,120671,22.56,66,1577,3976,,"IR=120671, BPM=22.56, Avg BPM=66, MIC=1577, GSR=3976"
2026-07-23T20:16:26.873,12.307,120664,22.56,66,1597,3963,,"IR=120664, BPM=22.56, Avg BPM=66, MIC=1597, GSR=3963"
2026-07-23T20:16:26.892,12.326,120648,22.56,66,1614,3959,,"IR=120648, BPM=22.56, Avg BPM=66, MIC=1614, GSR=3959"
2026-07-23T20:16:26.911,12.345,120615,22.56,66,1580,3965,,"IR=120615, BPM=22.56, Avg BPM=66, MIC=1580, GSR=3965"
2026-07-23T20:16:26.930,12.364,120590,22.56,66,1593,3974,,"IR=120590, BPM=22.56, Avg BPM=66, MIC=1593, GSR=3974"
2026-07-23T20:16:26.949,12.383,120562,22.56,66,1565,3977,,"IR=120562, BPM=22.56, Avg BPM=66, MIC=1565, GSR=3977"
2026-07-23T20:16:26.969,12.403,120538,22.56,66,1564,3981,,"IR=120538, BPM=22.56, Avg BPM=66, MIC=1564, GSR=3981"
2026-07-23T20:16:26.988,12.422,120543,22.56,66,1563,3978,,"IR=120543, BPM=22.56, Avg BPM=66, MIC=1563, GSR=3978"
2026-07-23T20:16:27.007,12.441,120526,22.56,66,1566,3952,,"IR=120526, BPM=22.56, Avg BPM=66, MIC=1566, GSR=3952"
2026-07-23T20:16:27.026,12.461,120477,22.56,66,1566,3978,,"IR=120477, BPM=22.56, Avg BPM=66, MIC=1566, GSR=3978"
2026-07-23T20:16:27.045,12.479,120415,22.56,66,1567,3957,,"IR=120415, BPM=22.56, Avg BPM=66, MIC=1567, GSR=3957"
2026-07-23T20:16:27.064,12.498,120339,22.56,66,1575,3918,,"IR=120339, BPM=22.56, Avg BPM=66, MIC=1575, GSR=3918"
2026-07-23T20:16:27.083,12.517,120280,22.56,66,1563,3975,,"IR=120280, BPM=22.56, Avg BPM=66, MIC=1563, GSR=3975"
2026-07-23T20:16:27.103,12.537,120235,22.56,66,1579,3965,,"IR=120235, BPM=22.56, Avg BPM=66, MIC=1579, GSR=3965"
2026-07-23T20:16:27.122,12.556,120239,22.56,66,1564,3975,,"IR=120239, BPM=22.56, Avg BPM=66, MIC=1564, GSR=3975"
2026-07-23T20:16:27.141,12.575,120286,22.56,66,1549,3965,,"IR=120286, BPM=22.56, Avg BPM=66, MIC=1549, GSR=3965"
2026-07-23T20:16:27.160,12.594,120291,22.56,66,1535,3950,,"IR=120291, BPM=22.56, Avg BPM=66, MIC=1535, GSR=3950"
2026-07-23T20:16:27.179,12.613,120278,22.56,66,1544,3976,,"IR=120278, BPM=22.56, Avg BPM=66, MIC=1544, GSR=3976"
2026-07-23T20:16:27.198,12.632,120274,22.56,66,1546,3949,,"IR=120274, BPM=22.56, Avg BPM=66, MIC=1546, GSR=3949"
2026-07-23T20:16:27.217,12.652,120279,22.56,66,1566,3950,,"IR=120279, BPM=22.56, Avg BPM=66, MIC=1566, GSR=3950"
2026-07-23T20:16:27.237,12.671,120305,22.56,66,1575,3978,,"IR=120305, BPM=22.56, Avg BPM=66, MIC=1575, GSR=3978"
2026-07-23T20:16:27.256,12.690,120333,22.56,66,1579,3963,,"IR=120333, BPM=22.56, Avg BPM=66, MIC=1579, GSR=3963"
2026-07-23T20:16:27.274,12.709,120386,22.56,66,1575,3966,,"IR=120386, BPM=22.56, Avg BPM=66, MIC=1575, GSR=3966"
2026-07-23T20:16:27.294,12.729,120439,22.56,66,1580,3976,,"IR=120439, BPM=22.56, Avg BPM=66, MIC=1580, GSR=3976"
2026-07-23T20:16:27.313,12.747,120471,22.56,66,1592,3978,,"IR=120471, BPM=22.56, Avg BPM=66, MIC=1592, GSR=3978"
2026-07-23T20:16:27.332,12.766,120463,22.56,66,1592,3963,,"IR=120463, BPM=22.56, Avg BPM=66, MIC=1592, GSR=3963"
2026-07-23T20:16:27.351,12.785,120420,22.56,66,1582,3964,,"IR=120420, BPM=22.56, Avg BPM=66, MIC=1582, GSR=3964"
2026-07-23T20:16:27.371,12.805,120403,22.56,66,1581,3950,,"IR=120403, BPM=22.56, Avg BPM=66, MIC=1581, GSR=3950"
2026-07-23T20:16:27.390,12.824,120407,22.56,66,1581,3959,,"IR=120407, BPM=22.56, Avg BPM=66, MIC=1581, GSR=3959"
2026-07-23T20:16:27.409,12.843,120406,22.56,66,1581,3977,,"IR=120406, BPM=22.56, Avg BPM=66, MIC=1581, GSR=3977"
2026-07-23T20:16:27.428,12.862,120408,22.56,66,1580,3977,,"IR=120408, BPM=22.56, Avg BPM=66, MIC=1580, GSR=3977"
2026-07-23T20:16:27.447,12.882,120385,22.56,66,1566,3945,,"IR=120385, BPM=22.56, Avg BPM=66, MIC=1566, GSR=3945"
2026-07-23T20:16:27.465,12.900,120384,22.56,66,1560,3960,,"IR=120384, BPM=22.56, Avg BPM=66, MIC=1560, GSR=3960"
2026-07-23T20:16:27.485,12.919,120402,48.23,44,1582,3963,,"IR=120402, BPM=48.23, Avg BPM=44, MIC=1582, GSR=3963"
2026-07-23T20:16:27.505,12.940,120454,48.23,44,1561,3965,,"IR=120454, BPM=48.23, Avg BPM=44, MIC=1561, GSR=3965"
2026-07-23T20:16:27.524,12.958,120510,48.23,44,1563,3960,,"IR=120510, BPM=48.23, Avg BPM=44, MIC=1563, GSR=3960"
2026-07-23T20:16:27.543,12.977,120565,48.23,44,1548,3958,,"IR=120565, BPM=48.23, Avg BPM=44, MIC=1548, GSR=3958"
2026-07-23T20:16:27.561,12.996,120609,48.23,44,1551,3952,,"IR=120609, BPM=48.23, Avg BPM=44, MIC=1551, GSR=3952"
2026-07-23T20:16:27.580,13.015,120653,48.23,44,1549,3976,,"IR=120653, BPM=48.23, Avg BPM=44, MIC=1549, GSR=3976"
2026-07-23T20:16:27.600,13.034,120656,48.23,44,1567,3963,,"IR=120656, BPM=48.23, Avg BPM=44, MIC=1567, GSR=3963"
2026-07-23T20:16:27.619,13.053,120632,48.23,44,1549,3950,,"IR=120632, BPM=48.23, Avg BPM=44, MIC=1549, GSR=3950"
2026-07-23T20:16:27.639,13.073,120577,48.23,44,1549,3960,,"IR=120577, BPM=48.23, Avg BPM=44, MIC=1549, GSR=3960"
2026-07-23T20:16:27.658,13.092,120511,48.23,44,1562,3947,,"IR=120511, BPM=48.23, Avg BPM=44, MIC=1562, GSR=3947"
2026-07-23T20:16:27.676,13.111,120445,48.23,44,1562,3979,,"IR=120445, BPM=48.23, Avg BPM=44, MIC=1562, GSR=3979"
2026-07-23T20:16:27.695,13.130,120388,48.23,44,1562,3960,,"IR=120388, BPM=48.23, Avg BPM=44, MIC=1562, GSR=3960"
2026-07-23T20:16:27.715,13.150,120340,48.23,44,1561,3976,,"IR=120340, BPM=48.23, Avg BPM=44, MIC=1561, GSR=3976"
2026-07-23T20:16:27.734,13.168,120358,48.23,44,1564,3977,,"IR=120358, BPM=48.23, Avg BPM=44, MIC=1564, GSR=3977"
2026-07-23T20:16:27.753,13.187,120399,48.23,44,1562,3965,,"IR=120399, BPM=48.23, Avg BPM=44, MIC=1562, GSR=3965"
2026-07-23T20:16:27.773,13.207,120439,48.23,44,1561,3960,,"IR=120439, BPM=48.23, Avg BPM=44, MIC=1561, GSR=3960"
2026-07-23T20:16:27.792,13.226,120438,48.23,44,1530,3961,,"IR=120438, BPM=48.23, Avg BPM=44, MIC=1530, GSR=3961"
2026-07-23T20:16:27.811,13.245,120456,48.23,44,1559,3946,,"IR=120456, BPM=48.23, Avg BPM=44, MIC=1559, GSR=3946"
2026-07-23T20:16:27.830,13.264,120472,48.23,44,1559,3958,,"IR=120472, BPM=48.23, Avg BPM=44, MIC=1559, GSR=3958"
2026-07-23T20:16:27.849,13.283,120483,48.23,44,1563,3943,,"IR=120483, BPM=48.23, Avg BPM=44, MIC=1563, GSR=3943"
2026-07-23T20:16:27.868,13.302,120499,48.23,44,1561,3964,,"IR=120499, BPM=48.23, Avg BPM=44, MIC=1561, GSR=3964"
2026-07-23T20:16:27.887,13.321,120549,48.23,44,1560,3917,,"IR=120549, BPM=48.23, Avg BPM=44, MIC=1560, GSR=3917"
2026-07-23T20:16:27.906,13.340,120584,48.23,44,1561,3963,,"IR=120584, BPM=48.23, Avg BPM=44, MIC=1561, GSR=3963"
2026-07-23T20:16:27.926,13.360,120620,48.23,44,1550,3967,,"IR=120620, BPM=48.23, Avg BPM=44, MIC=1550, GSR=3967"
2026-07-23T20:16:27.945,13.380,120640,48.23,44,1548,3961,,"IR=120640, BPM=48.23, Avg BPM=44, MIC=1548, GSR=3961"
2026-07-23T20:16:27.964,13.398,120656,48.23,44,1544,3960,,"IR=120656, BPM=48.23, Avg BPM=44, MIC=1544, GSR=3960"
2026-07-23T20:16:27.982,13.417,120675,48.23,44,1546,3966,,"IR=120675, BPM=48.23, Avg BPM=44, MIC=1546, GSR=3966"
2026-07-23T20:16:28.002,13.436,120680,48.23,44,1533,3963,,"IR=120680, BPM=48.23, Avg BPM=44, MIC=1533, GSR=3963"
2026-07-23T20:16:28.020,13.455,120690,48.23,44,1532,3975,,"IR=120690, BPM=48.23, Avg BPM=44, MIC=1532, GSR=3975"
2026-07-23T20:16:28.040,13.474,120775,48.23,44,1535,3959,,"IR=120775, BPM=48.23, Avg BPM=44, MIC=1535, GSR=3959"
2026-07-23T20:16:28.059,13.494,120887,48.23,44,1530,3961,,"IR=120887, BPM=48.23, Avg BPM=44, MIC=1530, GSR=3961"
2026-07-23T20:16:28.079,13.513,120998,48.23,44,1534,3949,,"IR=120998, BPM=48.23, Avg BPM=44, MIC=1534, GSR=3949"
2026-07-23T20:16:28.098,13.532,121092,48.23,44,1542,3964,,"IR=121092, BPM=48.23, Avg BPM=44, MIC=1542, GSR=3964"
2026-07-23T20:16:28.116,13.551,121168,48.23,44,1547,3965,,"IR=121168, BPM=48.23, Avg BPM=44, MIC=1547, GSR=3965"
2026-07-23T20:16:28.136,13.570,121230,48.23,44,1548,3960,,"IR=121230, BPM=48.23, Avg BPM=44, MIC=1548, GSR=3960"
2026-07-23T20:16:28.155,13.589,121304,48.23,44,1519,3965,,"IR=121304, BPM=48.23, Avg BPM=44, MIC=1519, GSR=3965"
2026-07-23T20:16:28.174,13.608,121381,48.23,44,1532,3959,,"IR=121381, BPM=48.23, Avg BPM=44, MIC=1532, GSR=3959"
2026-07-23T20:16:28.194,13.628,121486,48.23,44,1529,3963,,"IR=121486, BPM=48.23, Avg BPM=44, MIC=1529, GSR=3963"
2026-07-23T20:16:28.213,13.647,121568,48.23,44,1530,3960,,"IR=121568, BPM=48.23, Avg BPM=44, MIC=1530, GSR=3960"
2026-07-23T20:16:28.231,13.666,121612,48.23,44,1545,3966,,"IR=121612, BPM=48.23, Avg BPM=44, MIC=1545, GSR=3966"
2026-07-23T20:16:28.251,13.685,121634,48.23,44,1527,3965,,"IR=121634, BPM=48.23, Avg BPM=44, MIC=1527, GSR=3965"
2026-07-23T20:16:28.270,13.704,121640,48.23,44,1517,3949,,"IR=121640, BPM=48.23, Avg BPM=44, MIC=1517, GSR=3949"
2026-07-23T20:16:28.289,13.724,121607,48.23,44,1530,3962,,"IR=121607, BPM=48.23, Avg BPM=44, MIC=1530, GSR=3962"
2026-07-23T20:16:28.308,13.742,121530,48.23,44,1535,3978,,"IR=121530, BPM=48.23, Avg BPM=44, MIC=1535, GSR=3978"
2026-07-23T20:16:28.328,13.763,121475,48.23,44,1518,3979,,"IR=121475, BPM=48.23, Avg BPM=44, MIC=1518, GSR=3979"
2026-07-23T20:16:28.347,13.782,121428,48.23,44,1519,3952,,"IR=121428, BPM=48.23, Avg BPM=44, MIC=1519, GSR=3952"
2026-07-23T20:16:28.366,13.800,121395,48.23,44,1528,3993,,"IR=121395, BPM=48.23, Avg BPM=44, MIC=1528, GSR=3993"
2026-07-23T20:16:28.385,13.819,121389,48.23,44,1531,3993,,"IR=121389, BPM=48.23, Avg BPM=44, MIC=1531, GSR=3993"
2026-07-23T20:16:28.403,13.838,121412,48.23,44,1516,3997,,"IR=121412, BPM=48.23, Avg BPM=44, MIC=1516, GSR=3997"
2026-07-23T20:16:28.423,13.857,121446,48.23,44,1519,3962,,"IR=121446, BPM=48.23, Avg BPM=44, MIC=1519, GSR=3962"
2026-07-23T20:16:28.442,13.876,121456,48.23,44,1516,3965,,"IR=121456, BPM=48.23, Avg BPM=44, MIC=1516, GSR=3965"
2026-07-23T20:16:28.462,13.896,121474,48.23,44,1516,3981,,"IR=121474, BPM=48.23, Avg BPM=44, MIC=1516, GSR=3981"
2026-07-23T20:16:28.480,13.915,121476,48.23,44,1534,3993,,"IR=121476, BPM=48.23, Avg BPM=44, MIC=1534, GSR=3993"
2026-07-23T20:16:28.500,13.935,121474,48.23,44,1504,3981,,"IR=121474, BPM=48.23, Avg BPM=44, MIC=1504, GSR=3981"
2026-07-23T20:16:28.519,13.953,121442,48.23,44,1513,3976,,"IR=121442, BPM=48.23, Avg BPM=44, MIC=1513, GSR=3976"
2026-07-23T20:16:28.538,13.972,121393,48.23,44,1515,3966,,"IR=121393, BPM=48.23, Avg BPM=44, MIC=1515, GSR=3966"
2026-07-23T20:16:28.557,13.991,121336,48.23,44,1513,3977,,"IR=121336, BPM=48.23, Avg BPM=44, MIC=1513, GSR=3977"
2026-07-23T20:16:28.575,14.010,121266,48.23,44,1502,3977,,"IR=121266, BPM=48.23, Avg BPM=44, MIC=1502, GSR=3977"
2026-07-23T20:16:28.596,14.030,121168,48.23,44,1518,3966,,"IR=121168, BPM=48.23, Avg BPM=44, MIC=1518, GSR=3966"
2026-07-23T20:16:28.615,14.049,121087,48.23,44,1500,3959,,"IR=121087, BPM=48.23, Avg BPM=44, MIC=1500, GSR=3959"
2026-07-23T20:16:28.633,14.068,121035,48.23,44,1484,3960,,"IR=121035, BPM=48.23, Avg BPM=44, MIC=1484, GSR=3960"
2026-07-23T20:16:28.653,14.087,120944,48.23,44,1497,3947,,"IR=120944, BPM=48.23, Avg BPM=44, MIC=1497, GSR=3947"
2026-07-23T20:16:28.672,14.106,120878,48.23,44,1494,3977,,"IR=120878, BPM=48.23, Avg BPM=44, MIC=1494, GSR=3977"
2026-07-23T20:16:28.691,14.125,120836,48.23,44,1450,3961,,"IR=120836, BPM=48.23, Avg BPM=44, MIC=1450, GSR=3961"
2026-07-23T20:16:28.710,14.144,120899,48.23,44,1469,3965,,"IR=120899, BPM=48.23, Avg BPM=44, MIC=1469, GSR=3965"
2026-07-23T20:16:28.730,14.164,120931,48.23,44,1451,3965,,"IR=120931, BPM=48.23, Avg BPM=44, MIC=1451, GSR=3965"
2026-07-23T20:16:28.749,14.183,120847,48.23,44,1455,3961,,"IR=120847, BPM=48.23, Avg BPM=44, MIC=1455, GSR=3961"
2026-07-23T20:16:28.768,14.202,120726,48.23,44,1463,3975,,"IR=120726, BPM=48.23, Avg BPM=44, MIC=1463, GSR=3975"
2026-07-23T20:16:28.787,14.221,120630,48.23,44,1471,3964,,"IR=120630, BPM=48.23, Avg BPM=44, MIC=1471, GSR=3964"
2026-07-23T20:16:28.806,14.240,120539,48.23,44,1453,3964,,"IR=120539, BPM=48.23, Avg BPM=44, MIC=1453, GSR=3964"
2026-07-23T20:16:28.825,14.260,120465,48.23,44,1464,3982,,"IR=120465, BPM=48.23, Avg BPM=44, MIC=1464, GSR=3982"
2026-07-23T20:16:28.844,14.278,120436,48.23,44,1449,3982,,"IR=120436, BPM=48.23, Avg BPM=44, MIC=1449, GSR=3982"
2026-07-23T20:16:28.864,14.298,120381,48.23,44,1463,3949,,"IR=120381, BPM=48.23, Avg BPM=44, MIC=1463, GSR=3949"
2026-07-23T20:16:28.883,14.317,120317,48.23,44,1454,3976,,"IR=120317, BPM=48.23, Avg BPM=44, MIC=1454, GSR=3976"
2026-07-23T20:16:28.902,14.336,120282,48.23,44,1449,3976,,"IR=120282, BPM=48.23, Avg BPM=44, MIC=1449, GSR=3976"
2026-07-23T20:16:28.921,14.355,120284,48.23,44,1419,3950,,"IR=120284, BPM=48.23, Avg BPM=44, MIC=1419, GSR=3950"
2026-07-23T20:16:28.940,14.375,120307,48.23,44,1433,3976,,"IR=120307, BPM=48.23, Avg BPM=44, MIC=1433, GSR=3976"
2026-07-23T20:16:28.959,14.393,120335,48.23,44,1422,3966,,"IR=120335, BPM=48.23, Avg BPM=44, MIC=1422, GSR=3966"
2026-07-23T20:16:28.978,14.412,120402,48.23,44,1421,3961,,"IR=120402, BPM=48.23, Avg BPM=44, MIC=1421, GSR=3961"
2026-07-23T20:16:28.998,14.433,120427,48.23,44,1437,3965,,"IR=120427, BPM=48.23, Avg BPM=44, MIC=1437, GSR=3965"
2026-07-23T20:16:29.017,14.451,120424,48.23,44,1439,3946,,"IR=120424, BPM=48.23, Avg BPM=44, MIC=1439, GSR=3946"
2026-07-23T20:16:29.037,14.471,120428,48.23,44,1448,3963,,"IR=120428, BPM=48.23, Avg BPM=44, MIC=1448, GSR=3963"
2026-07-23T20:16:29.055,14.489,120460,48.23,44,1455,3952,,"IR=120460, BPM=48.23, Avg BPM=44, MIC=1455, GSR=3952"
2026-07-23T20:16:29.074,14.508,120583,48.23,44,1431,3963,,"IR=120583, BPM=48.23, Avg BPM=44, MIC=1431, GSR=3963"
2026-07-23T20:16:29.093,14.527,120715,48.23,44,1407,3946,,"IR=120715, BPM=48.23, Avg BPM=44, MIC=1407, GSR=3946"
2026-07-23T20:16:29.112,14.547,120788,48.23,44,1400,3966,,"IR=120788, BPM=48.23, Avg BPM=44, MIC=1400, GSR=3966"
2026-07-23T20:16:29.132,14.566,120831,48.23,44,1416,3962,,"IR=120831, BPM=48.23, Avg BPM=44, MIC=1416, GSR=3962"
2026-07-23T20:16:29.151,14.585,120870,48.23,44,1399,3950,,"IR=120870, BPM=48.23, Avg BPM=44, MIC=1399, GSR=3950"
2026-07-23T20:16:29.170,14.605,120917,48.23,44,1391,3949,,"IR=120917, BPM=48.23, Avg BPM=44, MIC=1391, GSR=3949"
2026-07-23T20:16:29.189,14.624,120958,48.23,44,1386,3948,,"IR=120958, BPM=48.23, Avg BPM=44, MIC=1386, GSR=3948"
2026-07-23T20:16:29.208,14.642,120993,48.23,44,1372,3980,,"IR=120993, BPM=48.23, Avg BPM=44, MIC=1372, GSR=3980"
2026-07-23T20:16:29.227,14.661,120986,48.23,44,1384,3992,,"IR=120986, BPM=48.23, Avg BPM=44, MIC=1384, GSR=3992"
2026-07-23T20:16:29.246,14.680,120993,48.23,44,1372,3998,,"IR=120993, BPM=48.23, Avg BPM=44, MIC=1372, GSR=3998"
2026-07-23T20:16:29.265,14.699,121024,48.23,44,1371,4030,,"IR=121024, BPM=48.23, Avg BPM=44, MIC=1371, GSR=4030"
2026-07-23T20:16:29.285,14.719,121064,48.23,44,1371,4007,,"IR=121064, BPM=48.23, Avg BPM=44, MIC=1371, GSR=4007"
2026-07-23T20:16:29.304,14.738,121102,48.23,44,1355,4011,,"IR=121102, BPM=48.23, Avg BPM=44, MIC=1355, GSR=4011"
2026-07-23T20:16:29.323,14.758,121107,48.23,44,1369,3996,,"IR=121107, BPM=48.23, Avg BPM=44, MIC=1369, GSR=3996"
2026-07-23T20:16:29.342,14.776,121120,48.23,44,1354,3999,,"IR=121120, BPM=48.23, Avg BPM=44, MIC=1354, GSR=3999"
2026-07-23T20:16:29.361,14.795,121129,48.23,44,1356,4025,,"IR=121129, BPM=48.23, Avg BPM=44, MIC=1356, GSR=4025"
2026-07-23T20:16:29.380,14.815,121131,48.23,44,1353,4014,,"IR=121131, BPM=48.23, Avg BPM=44, MIC=1353, GSR=4014"
2026-07-23T20:16:29.399,14.833,121110,48.23,44,1323,4011,,"IR=121110, BPM=48.23, Avg BPM=44, MIC=1323, GSR=4011"
2026-07-23T20:16:29.419,14.853,121108,48.23,44,1341,3995,,"IR=121108, BPM=48.23, Avg BPM=44, MIC=1341, GSR=3995"
2026-07-23T20:16:29.438,14.872,121087,48.23,44,1340,3993,,"IR=121087, BPM=48.23, Avg BPM=44, MIC=1340, GSR=3993"
2026-07-23T20:16:29.457,14.892,121080,48.23,44,1335,3997,,"IR=121080, BPM=48.23, Avg BPM=44, MIC=1335, GSR=3997"
2026-07-23T20:16:29.476,14.911,121044,48.23,44,1324,3964,,"IR=121044, BPM=48.23, Avg BPM=44, MIC=1324, GSR=3964"
2026-07-23T20:16:29.495,14.929,121005,48.23,44,1320,3979,,"IR=121005, BPM=48.23, Avg BPM=44, MIC=1320, GSR=3979"
2026-07-23T20:16:29.514,14.949,120984,48.23,44,1291,3995,,"IR=120984, BPM=48.23, Avg BPM=44, MIC=1291, GSR=3995"
2026-07-23T20:16:29.533,14.967,120991,48.23,44,1307,3996,,"IR=120991, BPM=48.23, Avg BPM=44, MIC=1307, GSR=3996"
2026-07-23T20:16:29.553,14.987,120996,48.23,44,1306,4013,,"IR=120996, BPM=48.23, Avg BPM=44, MIC=1306, GSR=4013"
2026-07-23T20:16:29.572,15.006,121005,48.23,44,1305,3981,,"IR=121005, BPM=48.23, Avg BPM=44, MIC=1305, GSR=3981"
2026-07-23T20:16:29.591,15.026,121025,48.23,44,1303,3947,,"IR=121025, BPM=48.23, Avg BPM=44, MIC=1303, GSR=3947"
2026-07-23T20:16:29.610,15.044,121061,48.23,44,1303,3978,,"IR=121061, BPM=48.23, Avg BPM=44, MIC=1303, GSR=3978"
2026-07-23T20:16:29.629,15.064,121073,48.23,44,1292,3981,,"IR=121073, BPM=48.23, Avg BPM=44, MIC=1292, GSR=3981"
2026-07-23T20:16:29.648,15.082,121087,48.23,44,1289,3992,,"IR=121087, BPM=48.23, Avg BPM=44, MIC=1289, GSR=3992"
2026-07-23T20:16:29.667,15.101,121122,48.23,44,1271,4009,,"IR=121122, BPM=48.23, Avg BPM=44, MIC=1271, GSR=4009"
2026-07-23T20:16:29.687,15.121,121163,48.23,44,1271,3998,,"IR=121163, BPM=48.23, Avg BPM=44, MIC=1271, GSR=3998"
2026-07-23T20:16:29.707,15.141,121213,48.23,44,1261,3960,,"IR=121213, BPM=48.23, Avg BPM=44, MIC=1261, GSR=3960"
2026-07-23T20:16:29.725,15.159,121255,48.23,44,1259,3997,,"IR=121255, BPM=48.23, Avg BPM=44, MIC=1259, GSR=3997"
2026-07-23T20:16:29.744,15.178,121300,48.23,44,1275,3992,,"IR=121300, BPM=48.23, Avg BPM=44, MIC=1275, GSR=3992"
2026-07-23T20:16:29.763,15.197,121322,48.23,44,1244,3994,,"IR=121322, BPM=48.23, Avg BPM=44, MIC=1244, GSR=3994"
2026-07-23T20:16:29.782,15.216,121307,48.23,44,1241,3983,,"IR=121307, BPM=48.23, Avg BPM=44, MIC=1241, GSR=3983"
2026-07-23T20:16:29.801,15.235,121289,48.23,44,1277,4000,,"IR=121289, BPM=48.23, Avg BPM=44, MIC=1277, GSR=4000"
2026-07-23T20:16:29.821,15.255,121271,48.23,44,1239,3949,,"IR=121271, BPM=48.23, Avg BPM=44, MIC=1239, GSR=3949"
2026-07-23T20:16:29.840,15.274,121292,48.23,44,1225,4023,,"IR=121292, BPM=48.23, Avg BPM=44, MIC=1225, GSR=4023"
2026-07-23T20:16:29.859,15.293,121340,48.23,44,1191,4012,,"IR=121340, BPM=48.23, Avg BPM=44, MIC=1191, GSR=4012"
2026-07-23T20:16:29.878,15.312,121355,48.23,44,1181,4025,,"IR=121355, BPM=48.23, Avg BPM=44, MIC=1181, GSR=4025"
2026-07-23T20:16:29.897,15.331,121361,48.23,44,1179,4010,,"IR=121361, BPM=48.23, Avg BPM=44, MIC=1179, GSR=4010"
2026-07-23T20:16:29.916,15.350,121357,48.23,44,1192,3995,,"IR=121357, BPM=48.23, Avg BPM=44, MIC=1192, GSR=3995"
2026-07-23T20:16:29.935,15.369,121345,48.23,44,1136,4014,,"IR=121345, BPM=48.23, Avg BPM=44, MIC=1136, GSR=4014"
2026-07-23T20:16:29.955,15.389,121327,48.23,44,1071,3994,,"IR=121327, BPM=48.23, Avg BPM=44, MIC=1071, GSR=3994"
2026-07-23T20:16:29.974,15.408,121303,48.23,44,968,4011,,"IR=121303, BPM=48.23, Avg BPM=44, MIC=968, GSR=4011"
2026-07-23T20:16:29.993,15.427,121312,48.23,44,972,3997,,"IR=121312, BPM=48.23, Avg BPM=44, MIC=972, GSR=3997"
2026-07-23T20:16:30.012,15.446,121317,48.23,44,925,4013,,"IR=121317, BPM=48.23, Avg BPM=44, MIC=925, GSR=4013"
2026-07-23T20:16:30.031,15.465,121345,48.23,44,877,3991,,"IR=121345, BPM=48.23, Avg BPM=44, MIC=877, GSR=3991"
2026-07-23T20:16:30.050,15.485,121372,48.23,44,797,3976,,"IR=121372, BPM=48.23, Avg BPM=44, MIC=797, GSR=3976"
2026-07-23T20:16:30.070,15.504,121382,48.23,44,746,4013,,"IR=121382, BPM=48.23, Avg BPM=44, MIC=746, GSR=4013"
2026-07-23T20:16:30.089,15.523,121383,48.23,44,704,3998,,"IR=121383, BPM=48.23, Avg BPM=44, MIC=704, GSR=3998"
2026-07-23T20:16:30.108,15.542,121397,48.23,44,635,3999,,"IR=121397, BPM=48.23, Avg BPM=44, MIC=635, GSR=3999"
2026-07-23T20:16:30.127,15.561,121418,48.23,44,585,3998,,"IR=121418, BPM=48.23, Avg BPM=44, MIC=585, GSR=3998"
2026-07-23T20:16:30.146,15.580,121414,48.23,44,541,3995,,"IR=121414, BPM=48.23, Avg BPM=44, MIC=541, GSR=3995"
2026-07-23T20:16:30.165,15.599,121387,48.23,44,494,3995,,"IR=121387, BPM=48.23, Avg BPM=44, MIC=494, GSR=3995"
2026-07-23T20:16:30.184,15.618,121361,48.23,44,493,3995,,"IR=121361, BPM=48.23, Avg BPM=44, MIC=493, GSR=3995"
2026-07-23T20:16:30.203,15.637,121335,48.23,44,507,3983,,"IR=121335, BPM=48.23, Avg BPM=44, MIC=507, GSR=3983"
2026-07-23T20:16:30.223,15.657,121342,48.23,44,462,3992,,"IR=121342, BPM=48.23, Avg BPM=44, MIC=462, GSR=3992"
2026-07-23T20:16:30.242,15.676,121340,48.23,44,442,4011,,"IR=121340, BPM=48.23, Avg BPM=44, MIC=442, GSR=4011"
2026-07-23T20:16:30.261,15.695,121340,48.23,44,426,4008,,"IR=121340, BPM=48.23, Avg BPM=44, MIC=426, GSR=4008"
2026-07-23T20:16:30.280,15.714,121318,48.23,44,390,4007,,"IR=121318, BPM=48.23, Avg BPM=44, MIC=390, GSR=4007"
2026-07-23T20:16:30.299,15.733,121283,48.23,44,366,4024,,"IR=121283, BPM=48.23, Avg BPM=44, MIC=366, GSR=4024"
2026-07-23T20:16:30.319,15.753,121277,48.23,44,380,4011,,"IR=121277, BPM=48.23, Avg BPM=44, MIC=380, GSR=4011"
2026-07-23T20:16:30.337,15.771,121293,48.23,44,335,4007,,"IR=121293, BPM=48.23, Avg BPM=44, MIC=335, GSR=4007"
2026-07-23T20:16:30.357,15.791,121318,48.23,44,329,3999,,"IR=121318, BPM=48.23, Avg BPM=44, MIC=329, GSR=3999"
2026-07-23T20:16:30.376,15.810,121319,48.23,44,329,4011,,"IR=121319, BPM=48.23, Avg BPM=44, MIC=329, GSR=4011"
2026-07-23T20:16:30.395,15.829,121330,48.23,44,312,4008,,"IR=121330, BPM=48.23, Avg BPM=44, MIC=312, GSR=4008"
2026-07-23T20:16:30.414,15.848,121344,48.23,44,299,4024,,"IR=121344, BPM=48.23, Avg BPM=44, MIC=299, GSR=4024"
2026-07-23T20:16:30.433,15.867,121357,48.23,44,315,4025,,"IR=121357, BPM=48.23, Avg BPM=44, MIC=315, GSR=4025"
2026-07-23T20:16:30.452,15.886,121370,48.23,44,280,4022,,"IR=121370, BPM=48.23, Avg BPM=44, MIC=280, GSR=4022"
2026-07-23T20:16:30.471,15.905,121386,48.23,44,283,4025,,"IR=121386, BPM=48.23, Avg BPM=44, MIC=283, GSR=4025"
2026-07-23T20:16:30.491,15.926,121410,48.23,44,287,4010,,"IR=121410, BPM=48.23, Avg BPM=44, MIC=287, GSR=4010"
2026-07-23T20:16:30.510,15.944,121428,48.23,44,268,4025,,"IR=121428, BPM=48.23, Avg BPM=44, MIC=268, GSR=4025"
2026-07-23T20:16:30.529,15.963,121461,48.23,44,266,4010,,"IR=121461, BPM=48.23, Avg BPM=44, MIC=266, GSR=4010"
2026-07-23T20:16:30.548,15.982,121489,48.23,44,281,4011,,"IR=121489, BPM=48.23, Avg BPM=44, MIC=281, GSR=4011"
2026-07-23T20:16:30.567,16.001,121514,48.23,44,267,4024,,"IR=121514, BPM=48.23, Avg BPM=44, MIC=267, GSR=4024"
2026-07-23T20:16:30.586,16.020,121518,48.23,44,254,4011,,"IR=121518, BPM=48.23, Avg BPM=44, MIC=254, GSR=4011"
2026-07-23T20:16:30.605,16.039,121494,48.23,44,250,4014,,"IR=121494, BPM=48.23, Avg BPM=44, MIC=250, GSR=4014"
2026-07-23T20:16:30.625,16.059,121482,48.23,44,266,4027,,"IR=121482, BPM=48.23, Avg BPM=44, MIC=266, GSR=4027"
2026-07-23T20:16:30.644,16.078,121468,48.23,44,280,4009,,"IR=121468, BPM=48.23, Avg BPM=44, MIC=280, GSR=4009"
2026-07-23T20:16:30.663,16.097,121508,48.23,44,251,4027,,"IR=121508, BPM=48.23, Avg BPM=44, MIC=251, GSR=4027"
2026-07-23T20:16:30.682,16.116,121534,48.23,44,271,3995,,"IR=121534, BPM=48.23, Avg BPM=44, MIC=271, GSR=3995"
2026-07-23T20:16:30.701,16.135,121539,48.23,44,270,4014,,"IR=121539, BPM=48.23, Avg BPM=44, MIC=270, GSR=4014"
2026-07-23T20:16:30.720,16.154,121547,48.23,44,253,4013,,"IR=121547, BPM=48.23, Avg BPM=44, MIC=253, GSR=4013"
2026-07-23T20:16:30.740,16.174,121555,48.23,44,278,3993,,"IR=121555, BPM=48.23, Avg BPM=44, MIC=278, GSR=3993"
2026-07-23T20:16:30.758,16.193,121565,48.23,44,280,4027,,"IR=121565, BPM=48.23, Avg BPM=44, MIC=280, GSR=4027"
2026-07-23T20:16:30.778,16.212,121588,48.23,44,250,3997,,"IR=121588, BPM=48.23, Avg BPM=44, MIC=250, GSR=3997"
2026-07-23T20:16:30.797,16.231,121611,48.23,44,271,4016,,"IR=121611, BPM=48.23, Avg BPM=44, MIC=271, GSR=4016"
2026-07-23T20:16:30.816,16.251,121617,48.23,44,268,4009,,"IR=121617, BPM=48.23, Avg BPM=44, MIC=268, GSR=4009"
2026-07-23T20:16:30.835,16.269,121617,48.23,44,264,4015,,"IR=121617, BPM=48.23, Avg BPM=44, MIC=264, GSR=4015"
2026-07-23T20:16:30.854,16.288,121598,48.23,44,265,3991,,"IR=121598, BPM=48.23, Avg BPM=44, MIC=265, GSR=3991"
2026-07-23T20:16:30.873,16.307,121589,48.23,44,250,4008,,"IR=121589, BPM=48.23, Avg BPM=44, MIC=250, GSR=4008"
2026-07-23T20:16:30.892,16.326,121573,48.23,44,250,4006,,"IR=121573, BPM=48.23, Avg BPM=44, MIC=250, GSR=4006"
2026-07-23T20:16:30.912,16.346,121585,48.23,44,239,4025,,"IR=121585, BPM=48.23, Avg BPM=44, MIC=239, GSR=4025"
2026-07-23T20:16:30.931,16.365,121608,48.23,44,236,4023,,"IR=121608, BPM=48.23, Avg BPM=44, MIC=236, GSR=4023"
2026-07-23T20:16:30.950,16.384,121655,48.23,44,236,4010,,"IR=121655, BPM=48.23, Avg BPM=44, MIC=236, GSR=4010"
2026-07-23T20:16:30.969,16.403,121718,48.23,44,250,3996,,"IR=121718, BPM=48.23, Avg BPM=44, MIC=250, GSR=3996"
2026-07-23T20:16:30.988,16.422,121756,48.23,44,232,4013,,"IR=121756, BPM=48.23, Avg BPM=44, MIC=232, GSR=4013"
2026-07-23T20:16:31.007,16.441,121783,48.23,44,265,3995,,"IR=121783, BPM=48.23, Avg BPM=44, MIC=265, GSR=3995"
2026-07-23T20:16:31.026,16.460,121810,48.23,44,247,4013,,"IR=121810, BPM=48.23, Avg BPM=44, MIC=247, GSR=4013"
2026-07-23T20:16:31.046,16.480,121840,48.23,44,252,4013,,"IR=121840, BPM=48.23, Avg BPM=44, MIC=252, GSR=4013"
2026-07-23T20:16:31.065,16.499,121912,48.23,44,248,4024,,"IR=121912, BPM=48.23, Avg BPM=44, MIC=248, GSR=4024"
2026-07-23T20:16:31.084,16.518,121965,48.23,44,250,4029,,"IR=121965, BPM=48.23, Avg BPM=44, MIC=250, GSR=4029"
2026-07-23T20:16:31.103,16.538,122024,48.23,44,254,4013,,"IR=122024, BPM=48.23, Avg BPM=44, MIC=254, GSR=4013"
2026-07-23T20:16:31.122,16.556,122067,48.23,44,251,3961,,"IR=122067, BPM=48.23, Avg BPM=44, MIC=251, GSR=3961"
2026-07-23T20:16:31.141,16.576,122100,48.23,44,264,3981,,"IR=122100, BPM=48.23, Avg BPM=44, MIC=264, GSR=3981"
2026-07-23T20:16:31.160,16.594,122138,48.23,44,253,3992,,"IR=122138, BPM=48.23, Avg BPM=44, MIC=253, GSR=3992"
2026-07-23T20:16:31.180,16.614,122188,48.23,44,234,3966,,"IR=122188, BPM=48.23, Avg BPM=44, MIC=234, GSR=3966"
2026-07-23T20:16:31.199,16.634,122230,48.23,44,237,4008,,"IR=122230, BPM=48.23, Avg BPM=44, MIC=237, GSR=4008"
2026-07-23T20:16:31.218,16.652,122277,48.23,44,256,3966,,"IR=122277, BPM=48.23, Avg BPM=44, MIC=256, GSR=3966"
2026-07-23T20:16:31.237,16.671,122312,48.23,44,236,3959,,"IR=122312, BPM=48.23, Avg BPM=44, MIC=236, GSR=3959"
2026-07-23T20:16:31.256,16.690,122362,48.23,44,252,3966,,"IR=122362, BPM=48.23, Avg BPM=44, MIC=252, GSR=3966"
2026-07-23T20:16:31.276,16.711,122385,48.23,44,278,3963,,"IR=122385, BPM=48.23, Avg BPM=44, MIC=278, GSR=3963"
2026-07-23T20:16:31.294,16.728,122351,48.23,44,267,3963,,"IR=122351, BPM=48.23, Avg BPM=44, MIC=267, GSR=3963"
2026-07-23T20:16:31.314,16.748,122291,48.23,44,268,3978,,"IR=122291, BPM=48.23, Avg BPM=44, MIC=268, GSR=3978"
2026-07-23T20:16:31.333,16.768,122159,48.23,44,280,3965,,"IR=122159, BPM=48.23, Avg BPM=44, MIC=280, GSR=3965"
2026-07-23T20:16:31.352,16.786,121990,48.23,44,251,3961,,"IR=121990, BPM=48.23, Avg BPM=44, MIC=251, GSR=3961"
2026-07-23T20:16:31.371,16.805,121843,48.23,44,281,3976,,"IR=121843, BPM=48.23, Avg BPM=44, MIC=281, GSR=3976"
2026-07-23T20:16:31.390,16.824,121823,48.23,44,282,3980,,"IR=121823, BPM=48.23, Avg BPM=44, MIC=282, GSR=3980"
2026-07-23T20:16:31.410,16.844,121855,48.23,44,285,3948,,"IR=121855, BPM=48.23, Avg BPM=44, MIC=285, GSR=3948"
2026-07-23T20:16:31.428,16.862,121822,48.23,44,298,3948,,"IR=121822, BPM=48.23, Avg BPM=44, MIC=298, GSR=3948"
2026-07-23T20:16:31.448,16.882,121671,48.23,44,299,3977,,"IR=121671, BPM=48.23, Avg BPM=44, MIC=299, GSR=3977"
2026-07-23T20:16:31.467,16.902,121376,48.23,44,318,3946,,"IR=121376, BPM=48.23, Avg BPM=44, MIC=318, GSR=3946"
2026-07-23T20:16:31.486,16.921,121188,48.23,44,315,3966,,"IR=121188, BPM=48.23, Avg BPM=44, MIC=315, GSR=3966"
2026-07-23T20:16:31.505,16.940,121150,48.23,44,312,3964,,"IR=121150, BPM=48.23, Avg BPM=44, MIC=312, GSR=3964"
2026-07-23T20:16:31.524,16.958,121169,48.23,44,317,3944,,"IR=121169, BPM=48.23, Avg BPM=44, MIC=317, GSR=3944"
2026-07-23T20:16:31.543,16.977,121148,48.23,44,328,3961,,"IR=121148, BPM=48.23, Avg BPM=44, MIC=328, GSR=3961"
2026-07-23T20:16:31.562,16.996,121047,48.23,44,349,3950,,"IR=121047, BPM=48.23, Avg BPM=44, MIC=349, GSR=3950"
2026-07-23T20:16:31.582,17.016,120939,48.23,44,312,3961,,"IR=120939, BPM=48.23, Avg BPM=44, MIC=312, GSR=3961"
2026-07-23T20:16:31.601,17.036,120907,48.23,44,330,3960,,"IR=120907, BPM=48.23, Avg BPM=44, MIC=330, GSR=3960"
2026-07-23T20:16:31.620,17.054,120972,48.23,44,362,3960,,"IR=120972, BPM=48.23, Avg BPM=44, MIC=362, GSR=3960"
2026-07-23T20:16:31.639,17.073,121047,48.23,44,350,3966,,"IR=121047, BPM=48.23, Avg BPM=44, MIC=350, GSR=3966"
2026-07-23T20:16:31.658,17.093,121065,48.23,44,377,3962,,"IR=121065, BPM=48.23, Avg BPM=44, MIC=377, GSR=3962"
2026-07-23T20:16:31.677,17.111,121033,48.23,44,376,3963,,"IR=121033, BPM=48.23, Avg BPM=44, MIC=376, GSR=3963"
2026-07-23T20:16:31.696,17.130,120983,48.23,44,398,3951,,"IR=120983, BPM=48.23, Avg BPM=44, MIC=398, GSR=3951"
2026-07-23T20:16:31.716,17.151,120956,48.23,44,393,3958,,"IR=120956, BPM=48.23, Avg BPM=44, MIC=393, GSR=3958"
2026-07-23T20:16:31.735,17.169,120909,48.23,44,411,3964,,"IR=120909, BPM=48.23, Avg BPM=44, MIC=411, GSR=3964"
2026-07-23T20:16:31.754,17.188,120847,48.23,44,408,3951,,"IR=120847, BPM=48.23, Avg BPM=44, MIC=408, GSR=3951"
2026-07-23T20:16:31.773,17.207,120743,48.23,44,431,3959,,"IR=120743, BPM=48.23, Avg BPM=44, MIC=431, GSR=3959"
2026-07-23T20:16:31.792,17.226,120691,48.23,44,398,3950,,"IR=120691, BPM=48.23, Avg BPM=44, MIC=398, GSR=3950"
2026-07-23T20:16:31.811,17.245,120710,48.23,44,430,3943,,"IR=120710, BPM=48.23, Avg BPM=44, MIC=430, GSR=3943"
2026-07-23T20:16:31.830,17.264,120766,48.23,44,448,3949,,"IR=120766, BPM=48.23, Avg BPM=44, MIC=448, GSR=3949"
2026-07-23T20:16:31.850,17.284,120781,48.23,44,456,3947,,"IR=120781, BPM=48.23, Avg BPM=44, MIC=456, GSR=3947"
2026-07-23T20:16:31.869,17.303,120740,48.23,44,456,3960,,"IR=120740, BPM=48.23, Avg BPM=44, MIC=456, GSR=3960"
2026-07-23T20:16:31.888,17.322,120708,48.23,44,459,3947,,"IR=120708, BPM=48.23, Avg BPM=44, MIC=459, GSR=3947"
2026-07-23T20:16:31.907,17.341,120780,48.23,44,441,3959,,"IR=120780, BPM=48.23, Avg BPM=44, MIC=441, GSR=3959"
2026-07-23T20:16:31.926,17.360,120862,48.23,44,472,3959,,"IR=120862, BPM=48.23, Avg BPM=44, MIC=472, GSR=3959"
2026-07-23T20:16:31.945,17.379,120909,48.23,44,476,3947,,"IR=120909, BPM=48.23, Avg BPM=44, MIC=476, GSR=3947"
2026-07-23T20:16:31.964,17.399,120933,48.23,44,477,3944,,"IR=120933, BPM=48.23, Avg BPM=44, MIC=477, GSR=3944"
2026-07-23T20:16:31.983,17.417,120907,48.23,44,477,3950,,"IR=120907, BPM=48.23, Avg BPM=44, MIC=477, GSR=3950"
2026-07-23T20:16:32.003,17.438,120886,48.23,44,473,3962,,"IR=120886, BPM=48.23, Avg BPM=44, MIC=473, GSR=3962"
2026-07-23T20:16:32.022,17.456,120847,48.23,44,494,3963,,"IR=120847, BPM=48.23, Avg BPM=44, MIC=494, GSR=3963"
2026-07-23T20:16:32.041,17.475,120811,48.23,44,505,3945,,"IR=120811, BPM=48.23, Avg BPM=44, MIC=505, GSR=3945"
2026-07-23T20:16:32.060,17.494,120749,48.23,44,476,3949,,"IR=120749, BPM=48.23, Avg BPM=44, MIC=476, GSR=3949"
2026-07-23T20:16:32.079,17.513,120666,48.23,44,494,3948,,"IR=120666, BPM=48.23, Avg BPM=44, MIC=494, GSR=3948"
2026-07-23T20:16:32.098,17.532,120597,48.23,44,507,3960,,"IR=120597, BPM=48.23, Avg BPM=44, MIC=507, GSR=3960"
2026-07-23T20:16:32.117,17.552,120597,48.23,44,520,3961,,"IR=120597, BPM=48.23, Avg BPM=44, MIC=520, GSR=3961"
2026-07-23T20:16:32.137,17.572,120667,48.23,44,504,3949,,"IR=120667, BPM=48.23, Avg BPM=44, MIC=504, GSR=3949"
2026-07-23T20:16:32.156,17.590,120745,48.23,44,523,3959,,"IR=120745, BPM=48.23, Avg BPM=44, MIC=523, GSR=3959"
2026-07-23T20:16:32.175,17.609,120762,48.23,44,510,3947,,"IR=120762, BPM=48.23, Avg BPM=44, MIC=510, GSR=3947"
2026-07-23T20:16:32.194,17.628,120732,48.23,44,522,3963,,"IR=120732, BPM=48.23, Avg BPM=44, MIC=522, GSR=3963"
2026-07-23T20:16:32.213,17.647,120697,48.23,44,508,3945,,"IR=120697, BPM=48.23, Avg BPM=44, MIC=508, GSR=3945"
2026-07-23T20:16:32.232,17.666,120727,48.23,44,537,3963,,"IR=120727, BPM=48.23, Avg BPM=44, MIC=537, GSR=3963"
2026-07-23T20:16:32.251,17.686,120785,48.23,44,525,3946,,"IR=120785, BPM=48.23, Avg BPM=44, MIC=525, GSR=3946"
2026-07-23T20:16:32.271,17.705,120810,48.23,44,527,3945,,"IR=120810, BPM=48.23, Avg BPM=44, MIC=527, GSR=3945"
2026-07-23T20:16:32.290,17.724,120811,48.23,44,542,3974,,"IR=120811, BPM=48.23, Avg BPM=44, MIC=542, GSR=3974"
2026-07-23T20:16:32.310,17.744,120808,48.23,44,555,3964,,"IR=120808, BPM=48.23, Avg BPM=44, MIC=555, GSR=3964"
2026-07-23T20:16:32.328,17.762,120840,48.23,44,543,3928,,"IR=120840, BPM=48.23, Avg BPM=44, MIC=543, GSR=3928"
2026-07-23T20:16:32.347,17.781,120926,48.23,44,571,3961,,"IR=120926, BPM=48.23, Avg BPM=44, MIC=571, GSR=3961"
2026-07-23T20:16:32.366,17.800,120990,48.23,44,553,3947,,"IR=120990, BPM=48.23, Avg BPM=44, MIC=553, GSR=3947"
2026-07-23T20:16:32.385,17.819,120982,48.23,44,569,3961,,"IR=120982, BPM=48.23, Avg BPM=44, MIC=569, GSR=3961"
2026-07-23T20:16:32.405,17.839,120990,48.23,44,569,3950,,"IR=120990, BPM=48.23, Avg BPM=44, MIC=569, GSR=3950"
2026-07-23T20:16:32.424,17.859,121014,48.23,44,571,3960,,"IR=121014, BPM=48.23, Avg BPM=44, MIC=571, GSR=3960"
2026-07-23T20:16:32.444,17.878,121075,48.23,44,557,3961,,"IR=121075, BPM=48.23, Avg BPM=44, MIC=557, GSR=3961"
2026-07-23T20:16:32.462,17.896,121088,48.23,44,588,3947,,"IR=121088, BPM=48.23, Avg BPM=44, MIC=588, GSR=3947"
2026-07-23T20:16:32.481,17.915,121056,48.23,44,599,3967,,"IR=121056, BPM=48.23, Avg BPM=44, MIC=599, GSR=3967"
2026-07-23T20:16:32.500,17.935,121041,48.23,44,599,3946,,"IR=121041, BPM=48.23, Avg BPM=44, MIC=599, GSR=3946"
2026-07-23T20:16:32.519,17.954,121026,48.23,44,584,3963,,"IR=121026, BPM=48.23, Avg BPM=44, MIC=584, GSR=3963"
2026-07-23T20:16:32.539,17.973,121034,48.23,44,590,3947,,"IR=121034, BPM=48.23, Avg BPM=44, MIC=590, GSR=3947"
2026-07-23T20:16:32.558,17.992,121020,48.23,44,601,3935,,"IR=121020, BPM=48.23, Avg BPM=44, MIC=601, GSR=3935"
2026-07-23T20:16:32.577,18.011,120986,48.23,44,603,3975,,"IR=120986, BPM=48.23, Avg BPM=44, MIC=603, GSR=3975"
2026-07-23T20:16:32.596,18.030,120983,48.23,44,601,3948,,"IR=120983, BPM=48.23, Avg BPM=44, MIC=601, GSR=3948"
2026-07-23T20:16:32.615,18.049,120968,48.23,44,571,3966,,"IR=120968, BPM=48.23, Avg BPM=44, MIC=571, GSR=3966"
2026-07-23T20:16:32.634,18.068,120977,48.23,44,589,3947,,"IR=120977, BPM=48.23, Avg BPM=44, MIC=589, GSR=3947"
2026-07-23T20:16:32.653,18.088,120959,48.23,44,585,3964,,"IR=120959, BPM=48.23, Avg BPM=44, MIC=585, GSR=3964"
2026-07-23T20:16:32.673,18.107,120930,48.23,44,615,3945,,"IR=120930, BPM=48.23, Avg BPM=44, MIC=615, GSR=3945"
2026-07-23T20:16:32.692,18.126,120884,48.23,44,592,3963,,"IR=120884, BPM=48.23, Avg BPM=44, MIC=592, GSR=3963"
2026-07-23T20:16:32.711,18.145,120850,48.23,44,606,3964,,"IR=120850, BPM=48.23, Avg BPM=44, MIC=606, GSR=3964"
2026-07-23T20:16:32.730,18.164,120820,48.23,44,623,3945,,"IR=120820, BPM=48.23, Avg BPM=44, MIC=623, GSR=3945"
2026-07-23T20:16:32.749,18.183,120811,48.23,44,618,3945,,"IR=120811, BPM=48.23, Avg BPM=44, MIC=618, GSR=3945"
2026-07-23T20:16:32.768,18.202,120836,48.23,44,632,3960,,"IR=120836, BPM=48.23, Avg BPM=44, MIC=632, GSR=3960"
2026-07-23T20:16:32.787,18.221,120846,48.23,44,635,3950,,"IR=120846, BPM=48.23, Avg BPM=44, MIC=635, GSR=3950"
2026-07-23T20:16:32.807,18.241,120845,48.23,44,638,3948,,"IR=120845, BPM=48.23, Avg BPM=44, MIC=638, GSR=3948"
2026-07-23T20:16:32.826,18.260,120849,48.23,44,651,3963,,"IR=120849, BPM=48.23, Avg BPM=44, MIC=651, GSR=3963"
2026-07-23T20:16:32.845,18.279,120869,48.23,44,650,3947,,"IR=120869, BPM=48.23, Avg BPM=44, MIC=650, GSR=3947"
2026-07-23T20:16:32.864,18.298,120904,48.23,44,652,3950,,"IR=120904, BPM=48.23, Avg BPM=44, MIC=652, GSR=3950"
2026-07-23T20:16:32.883,18.317,120907,48.23,44,664,3959,,"IR=120907, BPM=48.23, Avg BPM=44, MIC=664, GSR=3959"
2026-07-23T20:16:32.902,18.336,120914,48.23,44,672,3948,,"IR=120914, BPM=48.23, Avg BPM=44, MIC=672, GSR=3948"
2026-07-23T20:16:32.921,18.355,120914,48.23,44,683,3959,,"IR=120914, BPM=48.23, Avg BPM=44, MIC=683, GSR=3959"
2026-07-23T20:16:32.941,18.375,120920,48.23,44,681,3959,,"IR=120920, BPM=48.23, Avg BPM=44, MIC=681, GSR=3959"
2026-07-23T20:16:32.960,18.395,120939,48.23,44,682,3947,,"IR=120939, BPM=48.23, Avg BPM=44, MIC=682, GSR=3947"
2026-07-23T20:16:32.979,18.413,120968,48.23,44,696,3961,,"IR=120968, BPM=48.23, Avg BPM=44, MIC=696, GSR=3961"
2026-07-23T20:16:32.998,18.432,120986,48.23,44,700,3949,,"IR=120986, BPM=48.23, Avg BPM=44, MIC=700, GSR=3949"
2026-07-23T20:16:33.017,18.452,120985,48.23,44,698,3949,,"IR=120985, BPM=48.23, Avg BPM=44, MIC=698, GSR=3949"
2026-07-23T20:16:33.036,18.470,121009,48.23,44,713,3963,,"IR=121009, BPM=48.23, Avg BPM=44, MIC=713, GSR=3963"
2026-07-23T20:16:33.055,18.490,121014,48.23,44,716,3960,,"IR=121014, BPM=48.23, Avg BPM=44, MIC=716, GSR=3960"
2026-07-23T20:16:33.075,18.509,121022,48.23,44,734,3944,,"IR=121022, BPM=48.23, Avg BPM=44, MIC=734, GSR=3944"
2026-07-23T20:16:33.094,18.529,121033,48.23,44,733,3960,,"IR=121033, BPM=48.23, Avg BPM=44, MIC=733, GSR=3960"
2026-07-23T20:16:33.113,18.547,121038,10.66,44,743,3976,,"IR=121038, BPM=10.66, Avg BPM=44, MIC=743, GSR=3976"
2026-07-23T20:16:33.132,18.566,121047,10.66,44,764,3948,,"IR=121047, BPM=10.66, Avg BPM=44, MIC=764, GSR=3948"
2026-07-23T20:16:33.151,18.586,121077,10.66,44,747,3951,,"IR=121077, BPM=10.66, Avg BPM=44, MIC=747, GSR=3951"
2026-07-23T20:16:33.170,18.604,121080,10.66,44,745,3949,,"IR=121080, BPM=10.66, Avg BPM=44, MIC=745, GSR=3949"
2026-07-23T20:16:33.189,18.623,121082,10.66,44,719,3959,,"IR=121082, BPM=10.66, Avg BPM=44, MIC=719, GSR=3959"
2026-07-23T20:16:33.209,18.643,121071,10.66,44,760,3944,,"IR=121071, BPM=10.66, Avg BPM=44, MIC=760, GSR=3944"
2026-07-23T20:16:33.228,18.662,121070,10.66,44,751,3933,,"IR=121070, BPM=10.66, Avg BPM=44, MIC=751, GSR=3933"
2026-07-23T20:16:33.246,18.681,121088,10.66,44,761,3961,,"IR=121088, BPM=10.66, Avg BPM=44, MIC=761, GSR=3961"
2026-07-23T20:16:33.268,18.703,121118,10.66,44,766,3962,,"IR=121118, BPM=10.66, Avg BPM=44, MIC=766, GSR=3962"
2026-07-23T20:16:33.285,18.719,121127,10.66,44,777,3948,,"IR=121127, BPM=10.66, Avg BPM=44, MIC=777, GSR=3948"
2026-07-23T20:16:33.304,18.739,121104,10.66,44,759,3949,,"IR=121104, BPM=10.66, Avg BPM=44, MIC=759, GSR=3949"
2026-07-23T20:16:33.323,18.758,121096,10.66,44,781,3946,,"IR=121096, BPM=10.66, Avg BPM=44, MIC=781, GSR=3946"
2026-07-23T20:16:33.344,18.778,121058,10.66,44,782,3946,,"IR=121058, BPM=10.66, Avg BPM=44, MIC=782, GSR=3946"
2026-07-23T20:16:33.362,18.797,121028,10.66,44,783,3935,,"IR=121028, BPM=10.66, Avg BPM=44, MIC=783, GSR=3935"
2026-07-23T20:16:33.381,18.815,121011,10.66,44,780,3951,,"IR=121011, BPM=10.66, Avg BPM=44, MIC=780, GSR=3951"
2026-07-23T20:16:33.400,18.835,121027,10.66,44,792,3961,,"IR=121027, BPM=10.66, Avg BPM=44, MIC=792, GSR=3961"
2026-07-23T20:16:33.419,18.854,121014,10.66,44,795,3934,,"IR=121014, BPM=10.66, Avg BPM=44, MIC=795, GSR=3934"
2026-07-23T20:16:33.438,18.873,121000,10.66,44,792,3959,,"IR=121000, BPM=10.66, Avg BPM=44, MIC=792, GSR=3959"
2026-07-23T20:16:33.457,18.891,120973,10.66,44,793,3945,,"IR=120973, BPM=10.66, Avg BPM=44, MIC=793, GSR=3945"
2026-07-23T20:16:33.477,18.911,120984,10.66,44,792,3947,,"IR=120984, BPM=10.66, Avg BPM=44, MIC=792, GSR=3947"
2026-07-23T20:16:33.496,18.930,120977,10.66,44,810,3944,,"IR=120977, BPM=10.66, Avg BPM=44, MIC=810, GSR=3944"
2026-07-23T20:16:33.515,18.950,120977,10.66,44,805,3934,,"IR=120977, BPM=10.66, Avg BPM=44, MIC=805, GSR=3934"
2026-07-23T20:16:33.534,18.968,120967,10.66,44,809,3931,,"IR=120967, BPM=10.66, Avg BPM=44, MIC=809, GSR=3931"
2026-07-23T20:16:33.553,18.988,120946,10.66,44,811,3949,,"IR=120946, BPM=10.66, Avg BPM=44, MIC=811, GSR=3949"
2026-07-23T20:16:33.572,19.006,120938,10.66,44,813,3943,,"IR=120938, BPM=10.66, Avg BPM=44, MIC=813, GSR=3943"
2026-07-23T20:16:33.591,19.025,120926,10.66,44,814,3947,,"IR=120926, BPM=10.66, Avg BPM=44, MIC=814, GSR=3947"
2026-07-23T20:16:33.611,19.046,120898,10.66,44,812,3945,,"IR=120898, BPM=10.66, Avg BPM=44, MIC=812, GSR=3945"
2026-07-23T20:16:33.630,19.064,120888,10.66,44,825,3962,,"IR=120888, BPM=10.66, Avg BPM=44, MIC=825, GSR=3962"
2026-07-23T20:16:33.649,19.083,120877,10.66,44,856,3976,,"IR=120877, BPM=10.66, Avg BPM=44, MIC=856, GSR=3976"
2026-07-23T20:16:33.668,19.102,120891,10.66,44,824,3959,,"IR=120891, BPM=10.66, Avg BPM=44, MIC=824, GSR=3959"
2026-07-23T20:16:33.687,19.121,120902,10.66,44,824,3951,,"IR=120902, BPM=10.66, Avg BPM=44, MIC=824, GSR=3951"
2026-07-23T20:16:33.706,19.140,120904,10.66,44,812,3959,,"IR=120904, BPM=10.66, Avg BPM=44, MIC=812, GSR=3959"
2026-07-23T20:16:33.724,19.159,120925,10.66,44,799,3950,,"IR=120925, BPM=10.66, Avg BPM=44, MIC=799, GSR=3950"
2026-07-23T20:16:33.745,19.179,120944,10.66,44,829,3958,,"IR=120944, BPM=10.66, Avg BPM=44, MIC=829, GSR=3958"
2026-07-23T20:16:33.764,19.198,120949,10.66,44,873,3946,,"IR=120949, BPM=10.66, Avg BPM=44, MIC=873, GSR=3946"
2026-07-23T20:16:33.783,19.217,120962,10.66,44,845,3962,,"IR=120962, BPM=10.66, Avg BPM=44, MIC=845, GSR=3962"
2026-07-23T20:16:33.802,19.236,120964,10.66,44,841,3930,,"IR=120964, BPM=10.66, Avg BPM=44, MIC=841, GSR=3930"
2026-07-23T20:16:33.821,19.256,120989,10.66,44,845,3944,,"IR=120989, BPM=10.66, Avg BPM=44, MIC=845, GSR=3944"
2026-07-23T20:16:33.840,19.275,121002,10.66,44,858,3951,,"IR=121002, BPM=10.66, Avg BPM=44, MIC=858, GSR=3951"
2026-07-23T20:16:33.860,19.294,121004,10.66,44,878,3951,,"IR=121004, BPM=10.66, Avg BPM=44, MIC=878, GSR=3951"
2026-07-23T20:16:33.878,19.313,120973,10.66,44,876,3944,,"IR=120973, BPM=10.66, Avg BPM=44, MIC=876, GSR=3944"
2026-07-23T20:16:33.898,19.332,120948,10.66,44,871,3947,,"IR=120948, BPM=10.66, Avg BPM=44, MIC=871, GSR=3947"
2026-07-23T20:16:33.917,19.351,120934,10.66,44,880,3932,,"IR=120934, BPM=10.66, Avg BPM=44, MIC=880, GSR=3932"
2026-07-23T20:16:33.936,19.371,120949,10.66,44,889,3959,,"IR=120949, BPM=10.66, Avg BPM=44, MIC=889, GSR=3959"
2026-07-23T20:16:33.956,19.390,120955,10.66,44,910,3945,,"IR=120955, BPM=10.66, Avg BPM=44, MIC=910, GSR=3945"
2026-07-23T20:16:33.974,19.408,120963,10.66,44,895,3932,,"IR=120963, BPM=10.66, Avg BPM=44, MIC=895, GSR=3932"
2026-07-23T20:16:33.993,19.427,120969,10.66,44,907,3965,,"IR=120969, BPM=10.66, Avg BPM=44, MIC=907, GSR=3965"
2026-07-23T20:16:34.012,19.446,120970,10.66,44,893,3960,,"IR=120970, BPM=10.66, Avg BPM=44, MIC=893, GSR=3960"
2026-07-23T20:16:34.031,19.466,120976,10.66,44,893,3945,,"IR=120976, BPM=10.66, Avg BPM=44, MIC=893, GSR=3945"
2026-07-23T20:16:34.051,19.485,120980,10.66,44,902,3966,,"IR=120980, BPM=10.66, Avg BPM=44, MIC=902, GSR=3966"
2026-07-23T20:16:34.070,19.504,120991,62.7,42,891,3946,,"IR=120991, BPM=62.70, Avg BPM=42, MIC=891, GSR=3946"
2026-07-23T20:16:34.089,19.523,120993,62.7,42,896,3926,,"IR=120993, BPM=62.70, Avg BPM=42, MIC=896, GSR=3926"
2026-07-23T20:16:34.108,19.542,120982,62.7,42,887,3948,,"IR=120982, BPM=62.70, Avg BPM=42, MIC=887, GSR=3948"
2026-07-23T20:16:34.127,19.562,120944,62.7,42,894,3946,,"IR=120944, BPM=62.70, Avg BPM=42, MIC=894, GSR=3946"
2026-07-23T20:16:34.146,19.580,120887,62.7,42,895,3961,,"IR=120887, BPM=62.70, Avg BPM=42, MIC=895, GSR=3961"
2026-07-23T20:16:34.166,19.600,120804,62.7,42,907,3947,,"IR=120804, BPM=62.70, Avg BPM=42, MIC=907, GSR=3947"
2026-07-23T20:16:34.185,19.619,120738,62.7,42,920,3947,,"IR=120738, BPM=62.70, Avg BPM=42, MIC=920, GSR=3947"
2026-07-23T20:16:34.205,19.639,120713,62.7,42,903,3961,,"IR=120713, BPM=62.70, Avg BPM=42, MIC=903, GSR=3961"
2026-07-23T20:16:34.223,19.657,120722,62.7,42,874,3943,,"IR=120722, BPM=62.70, Avg BPM=42, MIC=874, GSR=3943"
2026-07-23T20:16:34.242,19.676,120727,62.7,42,886,3949,,"IR=120727, BPM=62.70, Avg BPM=42, MIC=886, GSR=3949"
2026-07-23T20:16:34.261,19.696,120705,62.7,42,893,3951,,"IR=120705, BPM=62.70, Avg BPM=42, MIC=893, GSR=3951"
2026-07-23T20:16:34.280,19.714,120662,62.7,42,887,3960,,"IR=120662, BPM=62.70, Avg BPM=42, MIC=887, GSR=3960"
2026-07-23T20:16:34.300,19.735,120634,62.7,42,909,3951,,"IR=120634, BPM=62.70, Avg BPM=42, MIC=909, GSR=3951"
2026-07-23T20:16:34.319,19.753,120638,62.7,42,893,3948,,"IR=120638, BPM=62.70, Avg BPM=42, MIC=893, GSR=3948"
2026-07-23T20:16:34.338,19.773,120617,62.7,42,912,3943,,"IR=120617, BPM=62.70, Avg BPM=42, MIC=912, GSR=3943"
2026-07-23T20:16:34.358,19.792,120589,62.7,42,928,3965,,"IR=120589, BPM=62.70, Avg BPM=42, MIC=928, GSR=3965"
2026-07-23T20:16:34.377,19.812,120541,62.7,42,912,3946,,"IR=120541, BPM=62.70, Avg BPM=42, MIC=912, GSR=3946"
2026-07-23T20:16:34.395,19.829,120524,62.7,42,907,3950,,"IR=120524, BPM=62.70, Avg BPM=42, MIC=907, GSR=3950"
2026-07-23T20:16:34.414,19.848,120507,62.7,42,936,3947,,"IR=120507, BPM=62.70, Avg BPM=42, MIC=936, GSR=3947"
2026-07-23T20:16:34.434,19.869,120506,62.7,42,926,3959,,"IR=120506, BPM=62.70, Avg BPM=42, MIC=926, GSR=3959"
2026-07-23T20:16:34.454,19.888,120521,62.7,42,935,3957,,"IR=120521, BPM=62.70, Avg BPM=42, MIC=935, GSR=3957"
2026-07-23T20:16:34.472,19.906,120531,62.7,42,927,3961,,"IR=120531, BPM=62.70, Avg BPM=42, MIC=927, GSR=3961"
2026-07-23T20:16:34.491,19.925,120544,62.7,42,938,3945,,"IR=120544, BPM=62.70, Avg BPM=42, MIC=938, GSR=3945"
2026-07-23T20:16:34.511,19.946,120563,62.7,42,925,3931,,"IR=120563, BPM=62.70, Avg BPM=42, MIC=925, GSR=3931"
2026-07-23T20:16:34.529,19.963,120590,62.7,42,944,3929,,"IR=120590, BPM=62.70, Avg BPM=42, MIC=944, GSR=3929"
2026-07-23T20:16:34.548,19.982,120613,62.7,42,910,3945,,"IR=120613, BPM=62.70, Avg BPM=42, MIC=910, GSR=3945"
2026-07-23T20:16:34.568,20.003,120623,62.7,42,926,3934,,"IR=120623, BPM=62.70, Avg BPM=42, MIC=926, GSR=3934"
2026-07-23T20:16:34.587,20.022,120628,62.7,42,938,3930,,"IR=120628, BPM=62.70, Avg BPM=42, MIC=938, GSR=3930"
2026-07-23T20:16:34.607,20.041,120634,62.7,42,922,3959,,"IR=120634, BPM=62.70, Avg BPM=42, MIC=922, GSR=3959"
2026-07-23T20:16:34.625,20.060,120669,62.7,42,925,3934,,"IR=120669, BPM=62.70, Avg BPM=42, MIC=925, GSR=3934"
2026-07-23T20:16:34.646,20.081,120701,62.7,42,942,3945,,"IR=120701, BPM=62.70, Avg BPM=42, MIC=942, GSR=3945"
2026-07-23T20:16:34.663,20.097,120716,62.7,42,943,3961,,"IR=120716, BPM=62.70, Avg BPM=42, MIC=943, GSR=3961"
2026-07-23T20:16:34.682,20.116,120718,62.7,42,983,3945,,"IR=120718, BPM=62.70, Avg BPM=42, MIC=983, GSR=3945"
2026-07-23T20:16:34.702,20.136,120695,62.7,42,954,3961,,"IR=120695, BPM=62.70, Avg BPM=42, MIC=954, GSR=3961"
2026-07-23T20:16:34.721,20.156,120674,62.7,42,966,3944,,"IR=120674, BPM=62.70, Avg BPM=42, MIC=966, GSR=3944"
2026-07-23T20:16:34.739,20.174,120677,62.7,42,957,3947,,"IR=120677, BPM=62.70, Avg BPM=42, MIC=957, GSR=3947"
2026-07-23T20:16:34.758,20.193,120678,62.7,42,983,3960,,"IR=120678, BPM=62.70, Avg BPM=42, MIC=983, GSR=3960"
2026-07-23T20:16:34.778,20.212,120672,62.7,42,973,3943,,"IR=120672, BPM=62.70, Avg BPM=42, MIC=973, GSR=3943"
2026-07-23T20:16:34.797,20.231,120657,62.7,42,1015,3978,,"IR=120657, BPM=62.70, Avg BPM=42, MIC=1015, GSR=3978"
2026-07-23T20:16:34.816,20.250,120616,62.7,42,974,3948,,"IR=120616, BPM=62.70, Avg BPM=42, MIC=974, GSR=3948"
2026-07-23T20:16:34.836,20.270,120574,62.7,42,972,3946,,"IR=120574, BPM=62.70, Avg BPM=42, MIC=972, GSR=3946"
2026-07-23T20:16:34.855,20.289,120540,62.7,42,971,3959,,"IR=120540, BPM=62.70, Avg BPM=42, MIC=971, GSR=3959"
2026-07-23T20:16:34.874,20.308,120515,62.7,42,974,3950,,"IR=120515, BPM=62.70, Avg BPM=42, MIC=974, GSR=3950"
2026-07-23T20:16:34.892,20.327,120508,62.7,42,958,3948,,"IR=120508, BPM=62.70, Avg BPM=42, MIC=958, GSR=3948"
2026-07-23T20:16:34.912,20.346,120479,62.7,42,985,3945,,"IR=120479, BPM=62.70, Avg BPM=42, MIC=985, GSR=3945"
2026-07-23T20:16:34.931,20.365,120445,62.7,42,971,3959,,"IR=120445, BPM=62.70, Avg BPM=42, MIC=971, GSR=3959"
2026-07-23T20:16:34.949,20.384,120402,62.7,42,972,3951,,"IR=120402, BPM=62.70, Avg BPM=42, MIC=972, GSR=3951"
2026-07-23T20:16:34.969,20.403,120388,62.7,42,968,3950,,"IR=120388, BPM=62.70, Avg BPM=42, MIC=968, GSR=3950"
2026-07-23T20:16:34.989,20.423,120387,62.7,42,984,3945,,"IR=120387, BPM=62.70, Avg BPM=42, MIC=984, GSR=3945"
2026-07-23T20:16:35.008,20.442,120393,62.7,42,971,3946,,"IR=120393, BPM=62.70, Avg BPM=42, MIC=971, GSR=3946"
2026-07-23T20:16:35.027,20.461,120405,62.7,42,974,3934,,"IR=120405, BPM=62.70, Avg BPM=42, MIC=974, GSR=3934"
2026-07-23T20:16:35.046,20.480,120397,62.7,42,972,3934,,"IR=120397, BPM=62.70, Avg BPM=42, MIC=972, GSR=3934"
2026-07-23T20:16:35.064,20.499,120394,62.7,42,970,3948,,"IR=120394, BPM=62.70, Avg BPM=42, MIC=970, GSR=3948"
2026-07-23T20:16:35.083,20.518,120402,62.7,42,983,3946,,"IR=120402, BPM=62.70, Avg BPM=42, MIC=983, GSR=3946"
2026-07-23T20:16:35.103,20.537,120411,62.7,42,1001,3934,,"IR=120411, BPM=62.70, Avg BPM=42, MIC=1001, GSR=3934"
2026-07-23T20:16:35.123,20.557,120423,62.7,42,1002,3934,,"IR=120423, BPM=62.70, Avg BPM=42, MIC=1002, GSR=3934"
2026-07-23T20:16:35.142,20.576,120442,62.7,42,1007,3932,,"IR=120442, BPM=62.70, Avg BPM=42, MIC=1007, GSR=3932"
2026-07-23T20:16:35.161,20.596,120458,62.7,42,986,3931,,"IR=120458, BPM=62.70, Avg BPM=42, MIC=986, GSR=3931"
2026-07-23T20:16:35.180,20.614,120469,62.7,42,991,3962,,"IR=120469, BPM=62.70, Avg BPM=42, MIC=991, GSR=3962"
2026-07-23T20:16:35.199,20.633,120470,62.7,42,988,3947,,"IR=120470, BPM=62.70, Avg BPM=42, MIC=988, GSR=3947"
2026-07-23T20:16:35.218,20.653,120460,62.7,42,1015,3947,,"IR=120460, BPM=62.70, Avg BPM=42, MIC=1015, GSR=3947"
2026-07-23T20:16:35.237,20.672,120463,62.7,42,990,3952,,"IR=120463, BPM=62.70, Avg BPM=42, MIC=990, GSR=3952"
2026-07-23T20:16:35.257,20.691,120478,62.7,42,999,3960,,"IR=120478, BPM=62.70, Avg BPM=42, MIC=999, GSR=3960"
2026-07-23T20:16:35.276,20.710,120475,62.7,42,991,3961,,"IR=120475, BPM=62.70, Avg BPM=42, MIC=991, GSR=3961"
2026-07-23T20:16:35.295,20.730,120491,62.7,42,992,3942,,"IR=120491, BPM=62.70, Avg BPM=42, MIC=992, GSR=3942"
2026-07-23T20:16:35.314,20.748,120483,62.7,42,999,3949,,"IR=120483, BPM=62.70, Avg BPM=42, MIC=999, GSR=3949"
2026-07-23T20:16:35.333,20.767,120483,62.7,42,1000,3963,,"IR=120483, BPM=62.70, Avg BPM=42, MIC=1000, GSR=3963"
2026-07-23T20:16:35.352,20.787,120500,62.7,42,1003,3945,,"IR=120500, BPM=62.70, Avg BPM=42, MIC=1003, GSR=3945"
2026-07-23T20:16:35.371,20.805,120511,62.7,42,1002,3948,,"IR=120511, BPM=62.70, Avg BPM=42, MIC=1002, GSR=3948"
2026-07-23T20:16:35.390,20.825,120529,62.7,42,1002,3965,,"IR=120529, BPM=62.70, Avg BPM=42, MIC=1002, GSR=3965"
2026-07-23T20:16:35.410,20.844,120533,62.7,42,1005,3959,,"IR=120533, BPM=62.70, Avg BPM=42, MIC=1005, GSR=3959"
2026-07-23T20:16:35.429,20.863,120548,62.7,42,1015,3946,,"IR=120548, BPM=62.70, Avg BPM=42, MIC=1015, GSR=3946"
2026-07-23T20:16:35.448,20.882,120553,62.7,42,1006,3944,,"IR=120553, BPM=62.70, Avg BPM=42, MIC=1006, GSR=3944"
2026-07-23T20:16:35.466,20.901,120561,62.7,42,1017,3961,,"IR=120561, BPM=62.70, Avg BPM=42, MIC=1017, GSR=3961"
2026-07-23T20:16:35.486,20.920,120564,62.7,42,1001,3960,,"IR=120564, BPM=62.70, Avg BPM=42, MIC=1001, GSR=3960"
2026-07-23T20:16:35.505,20.939,120561,62.7,42,986,3929,,"IR=120561, BPM=62.70, Avg BPM=42, MIC=986, GSR=3929"
2026-07-23T20:16:35.525,20.959,120558,62.7,42,1002,3936,,"IR=120558, BPM=62.70, Avg BPM=42, MIC=1002, GSR=3936"
2026-07-23T20:16:35.543,20.978,120563,40.71,43,1016,3950,,"IR=120563, BPM=40.71, Avg BPM=43, MIC=1016, GSR=3950"
2026-07-23T20:16:35.563,20.997,120553,40.71,43,1005,3944,,"IR=120553, BPM=40.71, Avg BPM=43, MIC=1005, GSR=3944"
2026-07-23T20:16:35.581,21.016,120535,40.71,43,1017,3947,,"IR=120535, BPM=40.71, Avg BPM=43, MIC=1017, GSR=3947"
2026-07-23T20:16:35.600,21.035,120520,40.71,43,1006,3948,,"IR=120520, BPM=40.71, Avg BPM=43, MIC=1006, GSR=3948"
2026-07-23T20:16:35.620,21.054,120520,40.71,43,1000,3960,,"IR=120520, BPM=40.71, Avg BPM=43, MIC=1000, GSR=3960"
2026-07-23T20:16:35.639,21.073,120512,40.71,43,1000,3931,,"IR=120512, BPM=40.71, Avg BPM=43, MIC=1000, GSR=3931"
2026-07-23T20:16:35.659,21.094,120503,40.71,43,999,3959,,"IR=120503, BPM=40.71, Avg BPM=43, MIC=999, GSR=3959"
2026-07-23T20:16:35.678,21.112,120497,40.71,43,1002,3949,,"IR=120497, BPM=40.71, Avg BPM=43, MIC=1002, GSR=3949"
2026-07-23T20:16:35.696,21.131,120494,40.71,43,970,3946,,"IR=120494, BPM=40.71, Avg BPM=43, MIC=970, GSR=3946"
2026-07-23T20:16:35.715,21.150,120490,40.71,43,1005,3943,,"IR=120490, BPM=40.71, Avg BPM=43, MIC=1005, GSR=3943"
2026-07-23T20:16:35.734,21.169,120499,40.71,43,1015,3945,,"IR=120499, BPM=40.71, Avg BPM=43, MIC=1015, GSR=3945"
2026-07-23T20:16:35.754,21.189,120497,40.71,43,1008,3943,,"IR=120497, BPM=40.71, Avg BPM=43, MIC=1008, GSR=3943"
2026-07-23T20:16:35.773,21.207,120501,40.71,43,1018,3920,,"IR=120501, BPM=40.71, Avg BPM=43, MIC=1018, GSR=3920"
2026-07-23T20:16:35.793,21.227,120463,40.71,43,1019,3944,,"IR=120463, BPM=40.71, Avg BPM=43, MIC=1019, GSR=3944"
2026-07-23T20:16:35.812,21.246,120457,40.71,43,989,3946,,"IR=120457, BPM=40.71, Avg BPM=43, MIC=989, GSR=3946"
2026-07-23T20:16:35.831,21.265,120442,40.71,43,1022,3928,,"IR=120442, BPM=40.71, Avg BPM=43, MIC=1022, GSR=3928"
2026-07-23T20:16:35.850,21.284,120439,40.71,43,1040,3935,,"IR=120439, BPM=40.71, Avg BPM=43, MIC=1040, GSR=3935"
2026-07-23T20:16:35.869,21.303,120412,40.71,43,1065,3947,,"IR=120412, BPM=40.71, Avg BPM=43, MIC=1065, GSR=3947"
2026-07-23T20:16:35.888,21.322,120389,40.71,43,1063,3869,,"IR=120389, BPM=40.71, Avg BPM=43, MIC=1063, GSR=3869"
2026-07-23T20:16:35.906,21.341,120368,40.71,43,1053,3948,,"IR=120368, BPM=40.71, Avg BPM=43, MIC=1053, GSR=3948"
2026-07-23T20:16:35.927,21.361,120343,40.71,43,1097,3948,,"IR=120343, BPM=40.71, Avg BPM=43, MIC=1097, GSR=3948"
2026-07-23T20:16:35.945,21.380,120311,40.71,43,1054,3943,,"IR=120311, BPM=40.71, Avg BPM=43, MIC=1054, GSR=3943"
2026-07-23T20:16:35.964,21.399,120300,40.71,43,1048,3975,,"IR=120300, BPM=40.71, Avg BPM=43, MIC=1048, GSR=3975"
2026-07-23T20:16:35.983,21.418,120287,40.71,43,1050,3949,,"IR=120287, BPM=40.71, Avg BPM=43, MIC=1050, GSR=3949"
2026-07-23T20:16:36.003,21.437,120270,40.71,43,1053,3884,,"IR=120270, BPM=40.71, Avg BPM=43, MIC=1053, GSR=3884"
2026-07-23T20:16:36.022,21.457,120256,40.71,43,1049,3934,,"IR=120256, BPM=40.71, Avg BPM=43, MIC=1049, GSR=3934"
2026-07-23T20:16:36.041,21.475,120244,40.71,43,1079,3949,,"IR=120244, BPM=40.71, Avg BPM=43, MIC=1079, GSR=3949"
2026-07-23T20:16:36.061,21.495,120234,40.71,43,1063,3961,,"IR=120234, BPM=40.71, Avg BPM=43, MIC=1063, GSR=3961"
2026-07-23T20:16:36.080,21.514,120221,40.71,43,1055,3948,,"IR=120221, BPM=40.71, Avg BPM=43, MIC=1055, GSR=3948"
2026-07-23T20:16:36.099,21.533,120205,40.71,43,1055,3961,,"IR=120205, BPM=40.71, Avg BPM=43, MIC=1055, GSR=3961"
2026-07-23T20:16:36.118,21.552,120218,40.71,43,1064,3961,,"IR=120218, BPM=40.71, Avg BPM=43, MIC=1064, GSR=3961"
2026-07-23T20:16:36.137,21.571,120233,40.71,43,1063,3946,,"IR=120233, BPM=40.71, Avg BPM=43, MIC=1063, GSR=3946"
2026-07-23T20:16:36.157,21.591,120225,40.71,43,1088,3934,,"IR=120225, BPM=40.71, Avg BPM=43, MIC=1088, GSR=3934"
2026-07-23T20:16:36.176,21.610,120207,40.71,43,1069,3961,,"IR=120207, BPM=40.71, Avg BPM=43, MIC=1069, GSR=3961"
2026-07-23T20:16:36.195,21.629,120200,40.71,43,1071,3929,,"IR=120200, BPM=40.71, Avg BPM=43, MIC=1071, GSR=3929"
2026-07-23T20:16:36.214,21.648,120199,40.71,43,1070,3963,,"IR=120199, BPM=40.71, Avg BPM=43, MIC=1070, GSR=3963"
2026-07-23T20:16:36.232,21.667,120216,40.71,43,1079,3996,,"IR=120216, BPM=40.71, Avg BPM=43, MIC=1079, GSR=3996"
2026-07-23T20:16:36.252,21.686,120229,40.71,43,1095,3945,,"IR=120229, BPM=40.71, Avg BPM=43, MIC=1095, GSR=3945"
2026-07-23T20:16:36.271,21.705,120232,40.71,43,1095,3961,,"IR=120232, BPM=40.71, Avg BPM=43, MIC=1095, GSR=3961"
2026-07-23T20:16:36.290,21.724,120217,40.71,43,1071,3960,,"IR=120217, BPM=40.71, Avg BPM=43, MIC=1071, GSR=3960"
2026-07-23T20:16:36.309,21.743,120221,40.71,43,1080,3947,,"IR=120221, BPM=40.71, Avg BPM=43, MIC=1080, GSR=3947"
2026-07-23T20:16:36.330,21.764,120217,40.71,43,1079,3950,,"IR=120217, BPM=40.71, Avg BPM=43, MIC=1079, GSR=3950"
2026-07-23T20:16:36.348,21.782,120242,40.71,43,1080,3993,,"IR=120242, BPM=40.71, Avg BPM=43, MIC=1080, GSR=3993"
2026-07-23T20:16:36.367,21.801,120269,40.71,43,1101,3945,,"IR=120269, BPM=40.71, Avg BPM=43, MIC=1101, GSR=3945"
2026-07-23T20:16:36.386,21.820,120288,40.71,43,1100,3952,,"IR=120288, BPM=40.71, Avg BPM=43, MIC=1100, GSR=3952"
2026-07-23T20:16:36.405,21.840,120314,40.71,43,1114,3928,,"IR=120314, BPM=40.71, Avg BPM=43, MIC=1114, GSR=3928"
2026-07-23T20:16:36.424,21.859,120318,40.71,43,1082,3948,,"IR=120318, BPM=40.71, Avg BPM=43, MIC=1082, GSR=3948"
2026-07-23T20:16:36.442,21.877,120329,40.71,43,1082,3930,,"IR=120329, BPM=40.71, Avg BPM=43, MIC=1082, GSR=3930"
2026-07-23T20:16:36.462,21.897,120330,40.71,43,1082,3943,,"IR=120330, BPM=40.71, Avg BPM=43, MIC=1082, GSR=3943"
2026-07-23T20:16:36.482,21.916,120342,40.71,43,1095,3946,,"IR=120342, BPM=40.71, Avg BPM=43, MIC=1095, GSR=3946"
2026-07-23T20:16:36.501,21.935,120354,40.71,43,1113,3965,,"IR=120354, BPM=40.71, Avg BPM=43, MIC=1113, GSR=3965"
2026-07-23T20:16:36.520,21.954,120381,40.71,43,1094,3943,,"IR=120381, BPM=40.71, Avg BPM=43, MIC=1094, GSR=3943"
2026-07-23T20:16:36.539,21.974,120384,40.71,43,1092,3929,,"IR=120384, BPM=40.71, Avg BPM=43, MIC=1092, GSR=3929"
2026-07-23T20:16:36.558,21.992,120389,40.71,43,1097,3942,,"IR=120389, BPM=40.71, Avg BPM=43, MIC=1097, GSR=3942"
2026-07-23T20:16:36.577,22.011,120395,40.71,43,1097,3950,,"IR=120395, BPM=40.71, Avg BPM=43, MIC=1097, GSR=3950"
2026-07-23T20:16:36.596,22.030,120388,40.71,43,1085,3946,,"IR=120388, BPM=40.71, Avg BPM=43, MIC=1085, GSR=3946"
2026-07-23T20:16:36.616,22.050,120386,55.97,51,1100,3951,,"IR=120386, BPM=55.97, Avg BPM=51, MIC=1100, GSR=3951"
2026-07-23T20:16:36.635,22.070,120401,55.97,51,1097,3961,,"IR=120401, BPM=55.97, Avg BPM=51, MIC=1097, GSR=3961"
2026-07-23T20:16:36.654,22.089,120424,55.97,51,1098,3914,,"IR=120424, BPM=55.97, Avg BPM=51, MIC=1098, GSR=3914"
2026-07-23T20:16:36.673,22.107,120431,55.97,51,1100,3935,,"IR=120431, BPM=55.97, Avg BPM=51, MIC=1100, GSR=3935"
2026-07-23T20:16:36.692,22.126,120423,55.97,51,1099,3947,,"IR=120423, BPM=55.97, Avg BPM=51, MIC=1099, GSR=3947"
2026-07-23T20:16:36.710,22.145,120414,55.97,51,1114,3951,,"IR=120414, BPM=55.97, Avg BPM=51, MIC=1114, GSR=3951"
2026-07-23T20:16:36.730,22.164,120400,55.97,51,1126,3950,,"IR=120400, BPM=55.97, Avg BPM=51, MIC=1126, GSR=3950"
2026-07-23T20:16:36.750,22.184,120381,55.97,51,1102,3935,,"IR=120381, BPM=55.97, Avg BPM=51, MIC=1102, GSR=3935"
2026-07-23T20:16:36.768,22.203,120385,55.97,51,1101,3918,,"IR=120385, BPM=55.97, Avg BPM=51, MIC=1101, GSR=3918"
2026-07-23T20:16:36.788,22.222,120396,55.97,51,1100,3950,,"IR=120396, BPM=55.97, Avg BPM=51, MIC=1100, GSR=3950"
2026-07-23T20:16:36.807,22.241,120402,55.97,51,1098,3959,,"IR=120402, BPM=55.97, Avg BPM=51, MIC=1098, GSR=3959"
2026-07-23T20:16:36.826,22.260,120396,55.97,51,1085,3948,,"IR=120396, BPM=55.97, Avg BPM=51, MIC=1085, GSR=3948"
2026-07-23T20:16:36.847,22.281,120368,55.97,51,1136,3949,,"IR=120368, BPM=55.97, Avg BPM=51, MIC=1136, GSR=3949"
2026-07-23T20:16:36.864,22.298,120348,55.97,51,1101,3942,,"IR=120348, BPM=55.97, Avg BPM=51, MIC=1101, GSR=3942"
2026-07-23T20:16:36.884,22.318,120339,55.97,51,1102,3949,,"IR=120339, BPM=55.97, Avg BPM=51, MIC=1102, GSR=3949"
2026-07-23T20:16:36.903,22.337,120348,55.97,51,1113,3945,,"IR=120348, BPM=55.97, Avg BPM=51, MIC=1113, GSR=3945"
2026-07-23T20:16:36.922,22.356,120352,55.97,51,1104,3933,,"IR=120352, BPM=55.97, Avg BPM=51, MIC=1104, GSR=3933"
2026-07-23T20:16:36.943,22.378,120346,55.97,51,1127,3962,,"IR=120346, BPM=55.97, Avg BPM=51, MIC=1127, GSR=3962"
2026-07-23T20:16:36.959,22.394,120330,55.97,51,1146,3962,,"IR=120330, BPM=55.97, Avg BPM=51, MIC=1146, GSR=3962"
2026-07-23T20:16:36.979,22.413,120309,55.97,51,1115,3959,,"IR=120309, BPM=55.97, Avg BPM=51, MIC=1115, GSR=3959"
2026-07-23T20:16:36.998,22.432,120273,55.97,51,1112,3901,,"IR=120273, BPM=55.97, Avg BPM=51, MIC=1112, GSR=3901"
2026-07-23T20:16:37.017,22.452,120242,55.97,51,1114,3946,,"IR=120242, BPM=55.97, Avg BPM=51, MIC=1114, GSR=3946"
2026-07-23T20:16:37.036,22.471,120233,55.97,51,1112,3946,,"IR=120233, BPM=55.97, Avg BPM=51, MIC=1112, GSR=3946"
2026-07-23T20:16:37.055,22.490,120216,55.97,51,1120,3944,,"IR=120216, BPM=55.97, Avg BPM=51, MIC=1120, GSR=3944"
2026-07-23T20:16:37.074,22.509,120213,55.97,51,1116,3945,,"IR=120213, BPM=55.97, Avg BPM=51, MIC=1116, GSR=3945"
2026-07-23T20:16:37.094,22.528,120211,55.97,51,1117,3950,,"IR=120211, BPM=55.97, Avg BPM=51, MIC=1117, GSR=3950"
2026-07-23T20:16:37.113,22.547,120209,55.97,51,1115,3949,,"IR=120209, BPM=55.97, Avg BPM=51, MIC=1115, GSR=3949"
2026-07-23T20:16:37.131,22.566,120192,55.97,51,1116,3950,,"IR=120192, BPM=55.97, Avg BPM=51, MIC=1116, GSR=3950"
2026-07-23T20:16:37.152,22.586,120187,55.97,51,1116,3967,,"IR=120187, BPM=55.97, Avg BPM=51, MIC=1116, GSR=3967"
2026-07-23T20:16:37.171,22.605,120180,55.97,51,1115,3950,,"IR=120180, BPM=55.97, Avg BPM=51, MIC=1115, GSR=3950"
2026-07-23T20:16:37.190,22.624,120177,55.97,51,1129,3946,,"IR=120177, BPM=55.97, Avg BPM=51, MIC=1129, GSR=3946"
2026-07-23T20:16:37.209,22.643,120179,55.97,51,1118,3950,,"IR=120179, BPM=55.97, Avg BPM=51, MIC=1118, GSR=3950"
2026-07-23T20:16:37.227,22.662,120169,55.97,51,1114,3959,,"IR=120169, BPM=55.97, Avg BPM=51, MIC=1114, GSR=3959"
2026-07-23T20:16:37.246,22.681,120172,55.97,51,1128,3943,,"IR=120172, BPM=55.97, Avg BPM=51, MIC=1128, GSR=3943"
2026-07-23T20:16:37.266,22.700,120163,55.97,51,1118,3943,,"IR=120163, BPM=55.97, Avg BPM=51, MIC=1118, GSR=3943"
2026-07-23T20:16:37.286,22.720,120155,55.97,51,1114,3960,,"IR=120155, BPM=55.97, Avg BPM=51, MIC=1114, GSR=3960"
2026-07-23T20:16:37.304,22.739,120160,55.97,51,1127,3958,,"IR=120160, BPM=55.97, Avg BPM=51, MIC=1127, GSR=3958"
2026-07-23T20:16:37.325,22.759,120164,55.97,51,1128,3964,,"IR=120164, BPM=55.97, Avg BPM=51, MIC=1128, GSR=3964"
2026-07-23T20:16:37.343,22.778,120169,55.97,51,1104,3931,,"IR=120169, BPM=55.97, Avg BPM=51, MIC=1104, GSR=3931"
2026-07-23T20:16:37.362,22.796,120176,55.97,51,1119,3945,,"IR=120176, BPM=55.97, Avg BPM=51, MIC=1119, GSR=3945"
2026-07-23T20:16:37.381,22.815,120155,55.97,51,1129,3945,,"IR=120155, BPM=55.97, Avg BPM=51, MIC=1129, GSR=3945"
2026-07-23T20:16:37.399,22.834,120152,55.97,51,1130,3946,,"IR=120152, BPM=55.97, Avg BPM=51, MIC=1130, GSR=3946"
2026-07-23T20:16:37.421,22.855,120146,55.97,51,1167,3944,,"IR=120146, BPM=55.97, Avg BPM=51, MIC=1167, GSR=3944"
2026-07-23T20:16:37.439,22.873,120143,55.97,51,1127,3960,,"IR=120143, BPM=55.97, Avg BPM=51, MIC=1127, GSR=3960"
2026-07-23T20:16:37.459,22.893,120153,55.97,51,1128,3934,,"IR=120153, BPM=55.97, Avg BPM=51, MIC=1128, GSR=3934"
2026-07-23T20:16:37.478,22.912,120162,55.97,51,1127,3944,,"IR=120162, BPM=55.97, Avg BPM=51, MIC=1127, GSR=3944"
2026-07-23T20:16:37.496,22.930,120165,55.97,51,1130,3945,,"IR=120165, BPM=55.97, Avg BPM=51, MIC=1130, GSR=3945"
2026-07-23T20:16:37.515,22.949,120161,55.97,51,1132,3945,,"IR=120161, BPM=55.97, Avg BPM=51, MIC=1132, GSR=3945"
2026-07-23T20:16:37.533,22.968,120160,55.97,51,1133,3950,,"IR=120160, BPM=55.97, Avg BPM=51, MIC=1133, GSR=3950"
2026-07-23T20:16:37.553,22.988,120155,55.97,51,1161,3958,,"IR=120155, BPM=55.97, Avg BPM=51, MIC=1161, GSR=3958"
2026-07-23T20:16:37.573,23.007,120163,55.97,51,1131,3946,,"IR=120163, BPM=55.97, Avg BPM=51, MIC=1131, GSR=3946"
2026-07-23T20:16:37.592,23.027,120186,55.97,51,1132,3959,,"IR=120186, BPM=55.97, Avg BPM=51, MIC=1132, GSR=3959"
2026-07-23T20:16:37.611,23.045,120199,55.97,51,1129,3958,,"IR=120199, BPM=55.97, Avg BPM=51, MIC=1129, GSR=3958"
2026-07-23T20:16:37.631,23.065,120192,55.97,51,1131,3929,,"IR=120192, BPM=55.97, Avg BPM=51, MIC=1131, GSR=3929"
2026-07-23T20:16:37.648,23.083,120187,55.97,51,1133,3960,,"IR=120187, BPM=55.97, Avg BPM=51, MIC=1133, GSR=3960"
2026-07-23T20:16:37.668,23.102,120179,55.97,51,1229,3961,,"IR=120179, BPM=55.97, Avg BPM=51, MIC=1229, GSR=3961"
2026-07-23T20:16:37.688,23.122,120182,55.97,51,1135,3946,,"IR=120182, BPM=55.97, Avg BPM=51, MIC=1135, GSR=3946"
2026-07-23T20:16:37.707,23.142,120177,55.97,51,1136,3931,,"IR=120177, BPM=55.97, Avg BPM=51, MIC=1136, GSR=3931"
2026-07-23T20:16:37.726,23.161,120201,55.97,51,1131,3933,,"IR=120201, BPM=55.97, Avg BPM=51, MIC=1131, GSR=3933"
2026-07-23T20:16:37.745,23.180,120203,55.97,51,1104,3934,,"IR=120203, BPM=55.97, Avg BPM=51, MIC=1104, GSR=3934"
2026-07-23T20:16:37.764,23.198,120199,55.97,51,1162,3963,,"IR=120199, BPM=55.97, Avg BPM=51, MIC=1162, GSR=3963"
2026-07-23T20:16:37.782,23.217,120211,55.97,51,1210,3935,,"IR=120211, BPM=55.97, Avg BPM=51, MIC=1210, GSR=3935"
2026-07-23T20:16:37.802,23.236,120203,55.97,51,1130,3962,,"IR=120203, BPM=55.97, Avg BPM=51, MIC=1130, GSR=3962"
2026-07-23T20:16:37.821,23.256,120187,55.97,51,1128,3962,,"IR=120187, BPM=55.97, Avg BPM=51, MIC=1128, GSR=3962"
2026-07-23T20:16:37.841,23.275,120206,55.97,51,1134,3948,,"IR=120206, BPM=55.97, Avg BPM=51, MIC=1134, GSR=3948"
2026-07-23T20:16:37.861,23.295,120209,55.97,51,1132,3951,,"IR=120209, BPM=55.97, Avg BPM=51, MIC=1132, GSR=3951"
2026-07-23T20:16:37.878,23.313,120201,55.97,51,1165,3959,,"IR=120201, BPM=55.97, Avg BPM=51, MIC=1165, GSR=3959"
2026-07-23T20:16:37.899,23.333,120179,55.97,51,1209,3949,,"IR=120179, BPM=55.97, Avg BPM=51, MIC=1209, GSR=3949"
2026-07-23T20:16:37.916,23.351,120165,55.97,51,1144,3949,,"IR=120165, BPM=55.97, Avg BPM=51, MIC=1144, GSR=3949"
2026-07-23T20:16:37.935,23.370,120156,45.45,50,1131,3944,,"IR=120156, BPM=45.45, Avg BPM=50, MIC=1131, GSR=3944"
2026-07-23T20:16:37.956,23.391,120157,45.45,50,1144,3945,,"IR=120157, BPM=45.45, Avg BPM=50, MIC=1144, GSR=3945"
2026-07-23T20:16:37.975,23.409,120161,45.45,50,1135,3933,,"IR=120161, BPM=45.45, Avg BPM=50, MIC=1135, GSR=3933"
2026-07-23T20:16:37.994,23.428,120181,45.45,50,1176,3929,,"IR=120181, BPM=45.45, Avg BPM=50, MIC=1176, GSR=3929"
2026-07-23T20:16:38.012,23.447,120183,45.45,50,1097,3930,,"IR=120183, BPM=45.45, Avg BPM=50, MIC=1097, GSR=3930"
2026-07-23T20:16:38.032,23.466,120193,45.45,50,1134,3950,,"IR=120193, BPM=45.45, Avg BPM=50, MIC=1134, GSR=3950"
2026-07-23T20:16:38.051,23.485,120212,45.45,50,1135,3960,,"IR=120212, BPM=45.45, Avg BPM=50, MIC=1135, GSR=3960"
2026-07-23T20:16:38.070,23.504,120211,45.45,50,1132,3947,,"IR=120211, BPM=45.45, Avg BPM=50, MIC=1132, GSR=3947"
2026-07-23T20:16:38.090,23.524,120205,45.45,50,1144,3934,,"IR=120205, BPM=45.45, Avg BPM=50, MIC=1144, GSR=3934"
2026-07-23T20:16:38.110,23.545,120214,45.45,50,1143,3944,,"IR=120214, BPM=45.45, Avg BPM=50, MIC=1143, GSR=3944"
2026-07-23T20:16:38.127,23.562,120225,45.45,50,1100,3947,,"IR=120225, BPM=45.45, Avg BPM=50, MIC=1100, GSR=3947"
2026-07-23T20:16:38.147,23.582,120241,45.45,50,1133,3936,,"IR=120241, BPM=45.45, Avg BPM=50, MIC=1133, GSR=3936"
2026-07-23T20:16:38.166,23.600,120245,45.45,50,1134,3959,,"IR=120245, BPM=45.45, Avg BPM=50, MIC=1134, GSR=3959"
2026-07-23T20:16:38.185,23.619,120254,45.45,50,1143,3946,,"IR=120254, BPM=45.45, Avg BPM=50, MIC=1143, GSR=3946"
2026-07-23T20:16:38.204,23.638,120252,45.45,50,1133,3944,,"IR=120252, BPM=45.45, Avg BPM=50, MIC=1133, GSR=3944"
2026-07-23T20:16:38.222,23.657,120255,45.45,50,1174,3934,,"IR=120255, BPM=45.45, Avg BPM=50, MIC=1174, GSR=3934"
2026-07-23T20:16:38.242,23.677,120257,45.45,50,1143,3960,,"IR=120257, BPM=45.45, Avg BPM=50, MIC=1143, GSR=3960"
2026-07-23T20:16:38.262,23.696,120266,45.45,50,1134,3948,,"IR=120266, BPM=45.45, Avg BPM=50, MIC=1134, GSR=3948"
2026-07-23T20:16:38.281,23.715,120276,45.45,50,1133,3946,,"IR=120276, BPM=45.45, Avg BPM=50, MIC=1133, GSR=3946"
2026-07-23T20:16:38.299,23.734,120289,45.45,50,1144,3947,,"IR=120289, BPM=45.45, Avg BPM=50, MIC=1144, GSR=3947"
2026-07-23T20:16:38.319,23.753,120293,45.45,50,1143,3930,,"IR=120293, BPM=45.45, Avg BPM=50, MIC=1143, GSR=3930"
2026-07-23T20:16:38.337,23.772,120292,45.45,50,1163,3943,,"IR=120292, BPM=45.45, Avg BPM=50, MIC=1163, GSR=3943"
2026-07-23T20:16:38.356,23.791,120276,45.45,50,1141,3944,,"IR=120276, BPM=45.45, Avg BPM=50, MIC=1141, GSR=3944"
2026-07-23T20:16:38.377,23.811,120291,45.45,50,1132,3950,,"IR=120291, BPM=45.45, Avg BPM=50, MIC=1132, GSR=3950"
2026-07-23T20:16:38.396,23.830,120306,45.45,50,1134,3933,,"IR=120306, BPM=45.45, Avg BPM=50, MIC=1134, GSR=3933"
2026-07-23T20:16:38.415,23.850,120331,45.45,50,1131,3944,,"IR=120331, BPM=45.45, Avg BPM=50, MIC=1131, GSR=3944"
2026-07-23T20:16:38.434,23.868,120342,45.45,50,1133,3934,,"IR=120342, BPM=45.45, Avg BPM=50, MIC=1133, GSR=3934"
2026-07-23T20:16:38.453,23.887,120328,45.45,50,1144,3949,,"IR=120328, BPM=45.45, Avg BPM=50, MIC=1144, GSR=3949"
2026-07-23T20:16:38.472,23.906,120309,45.45,50,1114,3959,,"IR=120309, BPM=45.45, Avg BPM=50, MIC=1114, GSR=3959"
2026-07-23T20:16:38.491,23.925,120309,45.45,50,1132,3945,,"IR=120309, BPM=45.45, Avg BPM=50, MIC=1132, GSR=3945"
2026-07-23T20:16:38.511,23.945,120324,45.45,50,1135,3944,,"IR=120324, BPM=45.45, Avg BPM=50, MIC=1135, GSR=3944"
2026-07-23T20:16:38.529,23.964,120328,45.45,50,1133,3959,,"IR=120328, BPM=45.45, Avg BPM=50, MIC=1133, GSR=3959"
2026-07-23T20:16:38.548,23.983,120322,45.45,50,1150,3961,,"IR=120322, BPM=45.45, Avg BPM=50, MIC=1150, GSR=3961"
2026-07-23T20:16:38.568,24.002,120306,45.45,50,1135,3960,,"IR=120306, BPM=45.45, Avg BPM=50, MIC=1135, GSR=3960"
2026-07-23T20:16:38.587,24.021,120281,45.45,50,1144,4025,,"IR=120281, BPM=45.45, Avg BPM=50, MIC=1144, GSR=4025"
2026-07-23T20:16:38.606,24.040,120274,45.45,50,1133,3963,,"IR=120274, BPM=45.45, Avg BPM=50, MIC=1133, GSR=3963"
2026-07-23T20:16:38.625,24.060,120261,45.45,50,1142,3950,,"IR=120261, BPM=45.45, Avg BPM=50, MIC=1142, GSR=3950"
2026-07-23T20:16:38.645,24.080,120247,45.45,50,1147,3949,,"IR=120247, BPM=45.45, Avg BPM=50, MIC=1147, GSR=3949"
2026-07-23T20:16:38.664,24.098,120239,45.45,50,1146,3949,,"IR=120239, BPM=45.45, Avg BPM=50, MIC=1146, GSR=3949"
2026-07-23T20:16:38.682,24.117,120236,45.45,50,1147,3948,,"IR=120236, BPM=45.45, Avg BPM=50, MIC=1147, GSR=3948"
2026-07-23T20:16:38.702,24.136,120220,45.45,50,1071,3946,,"IR=120220, BPM=45.45, Avg BPM=50, MIC=1071, GSR=3946"
2026-07-23T20:16:38.721,24.155,120202,45.45,50,1159,3933,,"IR=120202, BPM=45.45, Avg BPM=50, MIC=1159, GSR=3933"
2026-07-23T20:16:38.740,24.174,120185,45.45,50,1145,3944,,"IR=120185, BPM=45.45, Avg BPM=50, MIC=1145, GSR=3944"
2026-07-23T20:16:38.759,24.194,120166,45.45,50,1145,3944,,"IR=120166, BPM=45.45, Avg BPM=50, MIC=1145, GSR=3944"
2026-07-23T20:16:38.779,24.213,120160,45.45,50,1150,3933,,"IR=120160, BPM=45.45, Avg BPM=50, MIC=1150, GSR=3933"
2026-07-23T20:16:38.798,24.232,120150,45.45,50,1180,3944,,"IR=120150, BPM=45.45, Avg BPM=50, MIC=1180, GSR=3944"
2026-07-23T20:16:38.817,24.252,120143,45.45,50,1146,3944,,"IR=120143, BPM=45.45, Avg BPM=50, MIC=1146, GSR=3944"
2026-07-23T20:16:38.835,24.270,120147,45.45,50,1151,3934,,"IR=120147, BPM=45.45, Avg BPM=50, MIC=1151, GSR=3934"
2026-07-23T20:16:38.854,24.289,120146,45.45,50,1147,3950,,"IR=120146, BPM=45.45, Avg BPM=50, MIC=1147, GSR=3950"
2026-07-23T20:16:38.874,24.308,120158,45.45,50,1150,3977,,"IR=120158, BPM=45.45, Avg BPM=50, MIC=1150, GSR=3977"
2026-07-23T20:16:38.893,24.327,120159,45.45,50,1151,3948,,"IR=120159, BPM=45.45, Avg BPM=50, MIC=1151, GSR=3948"
2026-07-23T20:16:38.913,24.347,120162,45.45,50,1179,3945,,"IR=120162, BPM=45.45, Avg BPM=50, MIC=1179, GSR=3945"
2026-07-23T20:16:38.931,24.366,120150,45.45,50,1085,3911,,"IR=120150, BPM=45.45, Avg BPM=50, MIC=1085, GSR=3911"
2026-07-23T20:16:38.950,24.385,120156,45.45,50,1150,3932,,"IR=120156, BPM=45.45, Avg BPM=50, MIC=1150, GSR=3932"
2026-07-23T20:16:38.969,24.404,120162,45.45,50,1152,3943,,"IR=120162, BPM=45.45, Avg BPM=50, MIC=1152, GSR=3943"
2026-07-23T20:16:38.989,24.423,120159,45.45,50,1160,3946,,"IR=120159, BPM=45.45, Avg BPM=50, MIC=1160, GSR=3946"
2026-07-23T20:16:39.007,24.442,120146,45.45,50,1151,3935,,"IR=120146, BPM=45.45, Avg BPM=50, MIC=1151, GSR=3935"
2026-07-23T20:16:39.027,24.461,120126,45.45,50,1160,3964,,"IR=120126, BPM=45.45, Avg BPM=50, MIC=1160, GSR=3964"
2026-07-23T20:16:39.048,24.482,120114,45.45,50,1178,3945,,"IR=120114, BPM=45.45, Avg BPM=50, MIC=1178, GSR=3945"
2026-07-23T20:16:39.066,24.500,120103,45.45,50,1148,3933,,"IR=120103, BPM=45.45, Avg BPM=50, MIC=1148, GSR=3933"
2026-07-23T20:16:39.085,24.519,120106,45.45,50,1161,3947,,"IR=120106, BPM=45.45, Avg BPM=50, MIC=1161, GSR=3947"
2026-07-23T20:16:39.103,24.538,120099,45.45,50,1164,3960,,"IR=120099, BPM=45.45, Avg BPM=50, MIC=1164, GSR=3960"
2026-07-23T20:16:39.124,24.558,120079,45.45,50,1164,3948,,"IR=120079, BPM=45.45, Avg BPM=50, MIC=1164, GSR=3948"
2026-07-23T20:16:39.142,24.577,120043,45.45,50,1166,3960,,"IR=120043, BPM=45.45, Avg BPM=50, MIC=1166, GSR=3960"
2026-07-23T20:16:39.161,24.595,120016,45.45,50,1180,3948,,"IR=120016, BPM=45.45, Avg BPM=50, MIC=1180, GSR=3948"
2026-07-23T20:16:39.181,24.615,119995,45.45,50,1167,3964,,"IR=119995, BPM=45.45, Avg BPM=50, MIC=1167, GSR=3964"
2026-07-23T20:16:39.200,24.634,119975,45.45,50,1175,3935,,"IR=119975, BPM=45.45, Avg BPM=50, MIC=1175, GSR=3935"
2026-07-23T20:16:39.218,24.653,119974,45.45,50,1175,3944,,"IR=119974, BPM=45.45, Avg BPM=50, MIC=1175, GSR=3944"
2026-07-23T20:16:39.238,24.672,119960,45.45,50,1182,3936,,"IR=119960, BPM=45.45, Avg BPM=50, MIC=1182, GSR=3936"
2026-07-23T20:16:39.257,24.691,119952,45.45,50,1177,3930,,"IR=119952, BPM=45.45, Avg BPM=50, MIC=1177, GSR=3930"
2026-07-23T20:16:39.276,24.710,119933,45.45,50,1175,3950,,"IR=119933, BPM=45.45, Avg BPM=50, MIC=1175, GSR=3950"
2026-07-23T20:16:39.295,24.729,119923,45.45,50,1177,3929,,"IR=119923, BPM=45.45, Avg BPM=50, MIC=1177, GSR=3929"
2026-07-23T20:16:39.315,24.750,119897,45.45,50,1180,3958,,"IR=119897, BPM=45.45, Avg BPM=50, MIC=1180, GSR=3958"
2026-07-23T20:16:39.333,24.768,119903,45.45,50,1178,3945,,"IR=119903, BPM=45.45, Avg BPM=50, MIC=1178, GSR=3945"
2026-07-23T20:16:39.353,24.787,119903,45.45,50,1195,3947,,"IR=119903, BPM=45.45, Avg BPM=50, MIC=1195, GSR=3947"
2026-07-23T20:16:39.371,24.806,119899,45.45,50,1182,3949,,"IR=119899, BPM=45.45, Avg BPM=50, MIC=1182, GSR=3949"
2026-07-23T20:16:39.391,24.825,119887,45.45,50,1177,3958,,"IR=119887, BPM=45.45, Avg BPM=50, MIC=1177, GSR=3958"
2026-07-23T20:16:39.410,24.844,119882,45.45,50,1184,3900,,"IR=119882, BPM=45.45, Avg BPM=50, MIC=1184, GSR=3900"
2026-07-23T20:16:39.429,24.863,119881,45.45,50,1182,3949,,"IR=119881, BPM=45.45, Avg BPM=50, MIC=1182, GSR=3949"
2026-07-23T20:16:39.449,24.884,119886,45.45,50,1180,3950,,"IR=119886, BPM=45.45, Avg BPM=50, MIC=1180, GSR=3950"
2026-07-23T20:16:39.468,24.902,119898,45.45,50,1193,3961,,"IR=119898, BPM=45.45, Avg BPM=50, MIC=1193, GSR=3961"
2026-07-23T20:16:39.487,24.921,119927,45.45,50,1179,3931,,"IR=119927, BPM=45.45, Avg BPM=50, MIC=1179, GSR=3931"
2026-07-23T20:16:39.506,24.940,119929,45.45,50,1166,3928,,"IR=119929, BPM=45.45, Avg BPM=50, MIC=1166, GSR=3928"
2026-07-23T20:16:39.525,24.959,119940,45.45,50,1182,3949,,"IR=119940, BPM=45.45, Avg BPM=50, MIC=1182, GSR=3949"
2026-07-23T20:16:39.544,24.978,119938,45.45,50,1177,3946,,"IR=119938, BPM=45.45, Avg BPM=50, MIC=1177, GSR=3946"
2026-07-23T20:16:39.562,24.997,119890,45.45,50,1177,3959,,"IR=119890, BPM=45.45, Avg BPM=50, MIC=1177, GSR=3959"
2026-07-23T20:16:39.583,25.017,119835,45.45,50,1207,3958,,"IR=119835, BPM=45.45, Avg BPM=50, MIC=1207, GSR=3958"
2026-07-23T20:16:39.602,25.036,119805,45.45,50,1179,3931,,"IR=119805, BPM=45.45, Avg BPM=50, MIC=1179, GSR=3931"
2026-07-23T20:16:39.621,25.056,119787,45.45,50,1176,3901,,"IR=119787, BPM=45.45, Avg BPM=50, MIC=1176, GSR=3901"
2026-07-23T20:16:39.640,25.074,119783,45.45,50,1178,3934,,"IR=119783, BPM=45.45, Avg BPM=50, MIC=1178, GSR=3934"
2026-07-23T20:16:39.660,25.094,119767,45.45,50,1179,3935,,"IR=119767, BPM=45.45, Avg BPM=50, MIC=1179, GSR=3935"
2026-07-23T20:16:39.678,25.112,119735,45.45,50,1190,3933,,"IR=119735, BPM=45.45, Avg BPM=50, MIC=1190, GSR=3933"
2026-07-23T20:16:39.697,25.131,119716,45.45,50,1182,3945,,"IR=119716, BPM=45.45, Avg BPM=50, MIC=1182, GSR=3945"
2026-07-23T20:16:39.716,25.151,119707,45.45,50,1196,3965,,"IR=119707, BPM=45.45, Avg BPM=50, MIC=1196, GSR=3965"
2026-07-23T20:16:39.735,25.170,119714,45.45,50,1193,3912,,"IR=119714, BPM=45.45, Avg BPM=50, MIC=1193, GSR=3912"
2026-07-23T20:16:39.754,25.189,119739,45.45,50,1192,3961,,"IR=119739, BPM=45.45, Avg BPM=50, MIC=1192, GSR=3961"
2026-07-23T20:16:39.774,25.208,119768,45.45,50,1195,3965,,"IR=119768, BPM=45.45, Avg BPM=50, MIC=1195, GSR=3965"
2026-07-23T20:16:39.793,25.227,119786,45.45,50,1197,3949,,"IR=119786, BPM=45.45, Avg BPM=50, MIC=1197, GSR=3949"
2026-07-23T20:16:39.813,25.248,119780,45.45,50,1303,3951,,"IR=119780, BPM=45.45, Avg BPM=50, MIC=1303, GSR=3951"
2026-07-23T20:16:39.831,25.266,119778,45.45,50,1194,3948,,"IR=119778, BPM=45.45, Avg BPM=50, MIC=1194, GSR=3948"
2026-07-23T20:16:39.850,25.284,119780,45.45,50,1193,3928,,"IR=119780, BPM=45.45, Avg BPM=50, MIC=1193, GSR=3928"
2026-07-23T20:16:39.869,25.304,119792,45.45,50,1200,3950,,"IR=119792, BPM=45.45, Avg BPM=50, MIC=1200, GSR=3950"
2026-07-23T20:16:39.889,25.324,119791,45.45,50,1197,3946,,"IR=119791, BPM=45.45, Avg BPM=50, MIC=1197, GSR=3946"
2026-07-23T20:16:39.908,25.342,119790,45.45,50,1207,3963,,"IR=119790, BPM=45.45, Avg BPM=50, MIC=1207, GSR=3963"
2026-07-23T20:16:39.927,25.361,119790,45.45,50,1242,3944,,"IR=119790, BPM=45.45, Avg BPM=50, MIC=1242, GSR=3944"
2026-07-23T20:16:39.946,25.381,119768,45.45,50,1224,3947,,"IR=119768, BPM=45.45, Avg BPM=50, MIC=1224, GSR=3947"
2026-07-23T20:16:39.965,25.399,119743,45.45,50,1222,3919,,"IR=119743, BPM=45.45, Avg BPM=50, MIC=1222, GSR=3919"
2026-07-23T20:16:39.984,25.418,119717,45.45,50,1222,3946,,"IR=119717, BPM=45.45, Avg BPM=50, MIC=1222, GSR=3946"
2026-07-23T20:16:40.004,25.438,119727,45.45,50,1242,3946,,"IR=119727, BPM=45.45, Avg BPM=50, MIC=1242, GSR=3946"
2026-07-23T20:16:40.023,25.457,119720,45.45,50,1254,3944,,"IR=119720, BPM=45.45, Avg BPM=50, MIC=1254, GSR=3944"
2026-07-23T20:16:40.042,25.477,119739,45.45,50,1287,3935,,"IR=119739, BPM=45.45, Avg BPM=50, MIC=1287, GSR=3935"
2026-07-23T20:16:40.060,25.495,119761,45.45,50,1276,3962,,"IR=119761, BPM=45.45, Avg BPM=50, MIC=1276, GSR=3962"
2026-07-23T20:16:40.080,25.514,119765,45.45,50,1254,3958,,"IR=119765, BPM=45.45, Avg BPM=50, MIC=1254, GSR=3958"
2026-07-23T20:16:40.099,25.533,119774,45.45,50,1247,3948,,"IR=119774, BPM=45.45, Avg BPM=50, MIC=1247, GSR=3948"
2026-07-23T20:16:40.117,25.552,119766,45.45,50,1209,3930,,"IR=119766, BPM=45.45, Avg BPM=50, MIC=1209, GSR=3930"
2026-07-23T20:16:40.138,25.573,119764,45.45,50,1255,3942,,"IR=119764, BPM=45.45, Avg BPM=50, MIC=1255, GSR=3942"
2026-07-23T20:16:40.157,25.591,119775,45.45,50,1183,3948,,"IR=119775, BPM=45.45, Avg BPM=50, MIC=1183, GSR=3948"
2026-07-23T20:16:40.176,25.610,119779,45.45,50,1240,3943,,"IR=119779, BPM=45.45, Avg BPM=50, MIC=1240, GSR=3943"
2026-07-23T20:16:40.195,25.629,119774,45.45,50,1242,3960,,"IR=119774, BPM=45.45, Avg BPM=50, MIC=1242, GSR=3960"
2026-07-23T20:16:40.214,25.648,119760,45.45,50,1239,3935,,"IR=119760, BPM=45.45, Avg BPM=50, MIC=1239, GSR=3935"
2026-07-23T20:16:40.232,25.667,119760,45.45,50,1231,3935,,"IR=119760, BPM=45.45, Avg BPM=50, MIC=1231, GSR=3935"
2026-07-23T20:16:40.251,25.686,119754,45.45,50,1229,3935,,"IR=119754, BPM=45.45, Avg BPM=50, MIC=1229, GSR=3935"
2026-07-23T20:16:40.271,25.706,119777,45.45,50,1230,3918,,"IR=119777, BPM=45.45, Avg BPM=50, MIC=1230, GSR=3918"
2026-07-23T20:16:40.291,25.725,119800,45.45,50,1243,3942,,"IR=119800, BPM=45.45, Avg BPM=50, MIC=1243, GSR=3942"
2026-07-23T20:16:40.310,25.744,119827,45.45,50,1241,3961,,"IR=119827, BPM=45.45, Avg BPM=50, MIC=1241, GSR=3961"
2026-07-23T20:16:40.329,25.763,119836,45.45,50,1242,3931,,"IR=119836, BPM=45.45, Avg BPM=50, MIC=1242, GSR=3931"
2026-07-23T20:16:40.348,25.783,119849,45.45,50,1241,3949,,"IR=119849, BPM=45.45, Avg BPM=50, MIC=1241, GSR=3949"
2026-07-23T20:16:40.367,25.801,119879,45.45,50,1244,3962,,"IR=119879, BPM=45.45, Avg BPM=50, MIC=1244, GSR=3962"
2026-07-23T20:16:40.385,25.820,119900,45.45,50,1246,3959,,"IR=119900, BPM=45.45, Avg BPM=50, MIC=1246, GSR=3959"
2026-07-23T20:16:40.406,25.840,119919,45.45,50,1257,3951,,"IR=119919, BPM=45.45, Avg BPM=50, MIC=1257, GSR=3951"
2026-07-23T20:16:40.425,25.859,119931,45.45,50,1246,3943,,"IR=119931, BPM=45.45, Avg BPM=50, MIC=1246, GSR=3943"
2026-07-23T20:16:40.444,25.878,119968,23.92,40,1241,3946,,"IR=119968, BPM=23.92, Avg BPM=40, MIC=1241, GSR=3946"
2026-07-23T20:16:40.462,25.897,120002,23.92,40,1227,3950,,"IR=120002, BPM=23.92, Avg BPM=40, MIC=1227, GSR=3950"
2026-07-23T20:16:40.482,25.916,120030,23.92,40,1240,3949,,"IR=120030, BPM=23.92, Avg BPM=40, MIC=1240, GSR=3949"
2026-07-23T20:16:40.501,25.935,120043,23.92,40,1245,3962,,"IR=120043, BPM=23.92, Avg BPM=40, MIC=1245, GSR=3962"
2026-07-23T20:16:40.520,25.954,120036,23.92,40,1275,3946,,"IR=120036, BPM=23.92, Avg BPM=40, MIC=1275, GSR=3946"
2026-07-23T20:16:40.540,25.974,120006,23.92,40,1241,3935,,"IR=120006, BPM=23.92, Avg BPM=40, MIC=1241, GSR=3935"
2026-07-23T20:16:40.559,25.994,119961,23.92,40,1228,3963,,"IR=119961, BPM=23.92, Avg BPM=40, MIC=1228, GSR=3963"
2026-07-23T20:16:40.578,26.012,119920,23.92,40,1239,3943,,"IR=119920, BPM=23.92, Avg BPM=40, MIC=1239, GSR=3943"
2026-07-23T20:16:40.597,26.031,119881,23.92,40,1231,3950,,"IR=119881, BPM=23.92, Avg BPM=40, MIC=1231, GSR=3950"
2026-07-23T20:16:40.616,26.050,119816,23.92,40,1246,3896,,"IR=119816, BPM=23.92, Avg BPM=40, MIC=1246, GSR=3896"
2026-07-23T20:16:40.634,26.069,119699,23.92,40,1244,3946,,"IR=119699, BPM=23.92, Avg BPM=40, MIC=1244, GSR=3946"
2026-07-23T20:16:40.653,26.088,119572,23.92,40,1246,3965,,"IR=119572, BPM=23.92, Avg BPM=40, MIC=1246, GSR=3965"
2026-07-23T20:16:40.673,26.108,119449,23.92,40,1239,3962,,"IR=119449, BPM=23.92, Avg BPM=40, MIC=1239, GSR=3962"
2026-07-23T20:16:40.693,26.127,119339,23.92,40,1243,3943,,"IR=119339, BPM=23.92, Avg BPM=40, MIC=1243, GSR=3943"
2026-07-23T20:16:40.712,26.146,119295,23.92,40,1229,3967,,"IR=119295, BPM=23.92, Avg BPM=40, MIC=1229, GSR=3967"
2026-07-23T20:16:40.731,26.165,119291,23.92,40,1213,3947,,"IR=119291, BPM=23.92, Avg BPM=40, MIC=1213, GSR=3947"
2026-07-23T20:16:40.750,26.185,119290,23.92,40,1240,3945,,"IR=119290, BPM=23.92, Avg BPM=40, MIC=1240, GSR=3945"
2026-07-23T20:16:40.768,26.203,119321,23.92,40,1227,3928,,"IR=119321, BPM=23.92, Avg BPM=40, MIC=1227, GSR=3928"
2026-07-23T20:16:40.788,26.222,119361,23.92,40,1224,3947,,"IR=119361, BPM=23.92, Avg BPM=40, MIC=1224, GSR=3947"
2026-07-23T20:16:40.808,26.242,119415,23.92,40,1230,3933,,"IR=119415, BPM=23.92, Avg BPM=40, MIC=1230, GSR=3933"
2026-07-23T20:16:40.826,26.261,119476,23.92,40,1243,3929,,"IR=119476, BPM=23.92, Avg BPM=40, MIC=1243, GSR=3929"
2026-07-23T20:16:40.845,26.280,119551,23.92,40,1210,3946,,"IR=119551, BPM=23.92, Avg BPM=40, MIC=1210, GSR=3946"
2026-07-23T20:16:40.865,26.299,119600,23.92,40,1243,3933,,"IR=119600, BPM=23.92, Avg BPM=40, MIC=1243, GSR=3933"
2026-07-23T20:16:40.884,26.318,119649,23.92,40,1242,3933,,"IR=119649, BPM=23.92, Avg BPM=40, MIC=1242, GSR=3933"
2026-07-23T20:16:40.906,26.340,119678,23.92,40,1242,3928,,"IR=119678, BPM=23.92, Avg BPM=40, MIC=1242, GSR=3928"
2026-07-23T20:16:40.921,26.356,119695,23.92,40,1245,3947,,"IR=119695, BPM=23.92, Avg BPM=40, MIC=1245, GSR=3947"
2026-07-23T20:16:40.941,26.376,119729,23.92,40,1246,3943,,"IR=119729, BPM=23.92, Avg BPM=40, MIC=1246, GSR=3943"
2026-07-23T20:16:40.961,26.395,119773,23.92,40,1225,3959,,"IR=119773, BPM=23.92, Avg BPM=40, MIC=1225, GSR=3959"
2026-07-23T20:16:40.980,26.414,119825,23.92,40,1247,3935,,"IR=119825, BPM=23.92, Avg BPM=40, MIC=1247, GSR=3935"
2026-07-23T20:16:40.999,26.433,119876,23.92,40,1258,3944,,"IR=119876, BPM=23.92, Avg BPM=40, MIC=1258, GSR=3944"
2026-07-23T20:16:41.017,26.452,119917,23.92,40,1247,3945,,"IR=119917, BPM=23.92, Avg BPM=40, MIC=1247, GSR=3945"
2026-07-23T20:16:41.036,26.471,119935,23.92,40,1243,3951,,"IR=119935, BPM=23.92, Avg BPM=40, MIC=1243, GSR=3951"
2026-07-23T20:16:41.056,26.490,119959,23.92,40,1240,3927,,"IR=119959, BPM=23.92, Avg BPM=40, MIC=1240, GSR=3927"
2026-07-23T20:16:41.075,26.510,119981,23.92,40,1245,3916,,"IR=119981, BPM=23.92, Avg BPM=40, MIC=1245, GSR=3916"
2026-07-23T20:16:41.095,26.529,120008,23.92,40,1229,3933,,"IR=120008, BPM=23.92, Avg BPM=40, MIC=1229, GSR=3933"
2026-07-23T20:16:41.114,26.548,120027,89.55,53,1240,3931,,"IR=120027, BPM=89.55, Avg BPM=53, MIC=1240, GSR=3931"
2026-07-23T20:16:41.132,26.567,120039,89.55,53,1256,3933,,"IR=120039, BPM=89.55, Avg BPM=53, MIC=1256, GSR=3933"
2026-07-23T20:16:41.151,26.586,120046,89.55,53,1258,3943,,"IR=120046, BPM=89.55, Avg BPM=53, MIC=1258, GSR=3943"
2026-07-23T20:16:41.171,26.605,120047,89.55,53,1247,3932,,"IR=120047, BPM=89.55, Avg BPM=53, MIC=1247, GSR=3932"
2026-07-23T20:16:41.190,26.624,120054,89.55,53,1245,3944,,"IR=120054, BPM=89.55, Avg BPM=53, MIC=1245, GSR=3944"
2026-07-23T20:16:41.209,26.643,120056,89.55,53,1246,3916,,"IR=120056, BPM=89.55, Avg BPM=53, MIC=1246, GSR=3916"
2026-07-23T20:16:41.229,26.663,120046,89.55,53,1246,3929,,"IR=120046, BPM=89.55, Avg BPM=53, MIC=1246, GSR=3929"
2026-07-23T20:16:41.247,26.682,120034,89.55,53,1241,3960,,"IR=120034, BPM=89.55, Avg BPM=53, MIC=1241, GSR=3960"
2026-07-23T20:16:41.267,26.701,120028,89.55,53,1259,3945,,"IR=120028, BPM=89.55, Avg BPM=53, MIC=1259, GSR=3945"
2026-07-23T20:16:41.285,26.720,120007,89.55,53,1258,3935,,"IR=120007, BPM=89.55, Avg BPM=53, MIC=1258, GSR=3935"
2026-07-23T20:16:41.305,26.739,120002,89.55,53,1259,3933,,"IR=120002, BPM=89.55, Avg BPM=53, MIC=1259, GSR=3933"
2026-07-23T20:16:41.323,26.758,119998,89.55,53,1262,3931,,"IR=119998, BPM=89.55, Avg BPM=53, MIC=1262, GSR=3931"
2026-07-23T20:16:41.344,26.778,119973,89.55,53,1259,3934,,"IR=119973, BPM=89.55, Avg BPM=53, MIC=1259, GSR=3934"
2026-07-23T20:16:41.363,26.797,119928,89.55,53,1272,3945,,"IR=119928, BPM=89.55, Avg BPM=53, MIC=1272, GSR=3945"
2026-07-23T20:16:41.382,26.816,119887,89.55,53,1272,3929,,"IR=119887, BPM=89.55, Avg BPM=53, MIC=1272, GSR=3929"
2026-07-23T20:16:41.401,26.835,119857,89.55,53,1258,3945,,"IR=119857, BPM=89.55, Avg BPM=53, MIC=1258, GSR=3945"
2026-07-23T20:16:41.420,26.854,119853,89.55,53,1260,3935,,"IR=119853, BPM=89.55, Avg BPM=53, MIC=1260, GSR=3935"
2026-07-23T20:16:41.439,26.873,119834,89.55,53,1274,3933,,"IR=119834, BPM=89.55, Avg BPM=53, MIC=1274, GSR=3933"
2026-07-23T20:16:41.458,26.892,119810,89.55,53,1272,3946,,"IR=119810, BPM=89.55, Avg BPM=53, MIC=1272, GSR=3946"
2026-07-23T20:16:41.476,26.911,119784,89.55,53,1261,3917,,"IR=119784, BPM=89.55, Avg BPM=53, MIC=1261, GSR=3917"
2026-07-23T20:16:41.497,26.931,119776,89.55,53,1245,3944,,"IR=119776, BPM=89.55, Avg BPM=53, MIC=1245, GSR=3944"
2026-07-23T20:16:41.515,26.950,119792,89.55,53,1276,3964,,"IR=119792, BPM=89.55, Avg BPM=53, MIC=1276, GSR=3964"
2026-07-23T20:16:41.535,26.969,119801,89.55,53,1275,3929,,"IR=119801, BPM=89.55, Avg BPM=53, MIC=1275, GSR=3929"
2026-07-23T20:16:41.553,26.988,119808,89.55,53,1276,3945,,"IR=119808, BPM=89.55, Avg BPM=53, MIC=1276, GSR=3945"
2026-07-23T20:16:41.573,27.007,119792,89.55,53,1276,3943,,"IR=119792, BPM=89.55, Avg BPM=53, MIC=1276, GSR=3943"
2026-07-23T20:16:41.592,27.026,119770,89.55,53,1272,3952,,"IR=119770, BPM=89.55, Avg BPM=53, MIC=1272, GSR=3952"
2026-07-23T20:16:41.611,27.045,119753,89.55,53,1276,3947,,"IR=119753, BPM=89.55, Avg BPM=53, MIC=1276, GSR=3947"
2026-07-23T20:16:41.631,27.065,119764,89.55,53,1278,3961,,"IR=119764, BPM=89.55, Avg BPM=53, MIC=1278, GSR=3961"
2026-07-23T20:16:41.650,27.085,119782,89.55,53,1272,3949,,"IR=119782, BPM=89.55, Avg BPM=53, MIC=1272, GSR=3949"
2026-07-23T20:16:41.669,27.103,119792,89.55,53,1276,3948,,"IR=119792, BPM=89.55, Avg BPM=53, MIC=1276, GSR=3948"
2026-07-23T20:16:41.687,27.122,119797,89.55,53,1279,3932,,"IR=119797, BPM=89.55, Avg BPM=53, MIC=1279, GSR=3932"
2026-07-23T20:16:41.707,27.141,119780,89.55,53,1276,3933,,"IR=119780, BPM=89.55, Avg BPM=53, MIC=1276, GSR=3933"
2026-07-23T20:16:41.725,27.160,119775,89.55,53,1304,3944,,"IR=119775, BPM=89.55, Avg BPM=53, MIC=1304, GSR=3944"
2026-07-23T20:16:41.745,27.179,119760,89.55,53,1289,3933,,"IR=119760, BPM=89.55, Avg BPM=53, MIC=1289, GSR=3933"
2026-07-23T20:16:41.765,27.199,119767,89.55,53,1277,3930,,"IR=119767, BPM=89.55, Avg BPM=53, MIC=1277, GSR=3930"
2026-07-23T20:16:41.784,27.218,119784,89.55,53,1310,3945,,"IR=119784, BPM=89.55, Avg BPM=53, MIC=1310, GSR=3945"
2026-07-23T20:16:41.803,27.237,119787,89.55,53,1290,3948,,"IR=119787, BPM=89.55, Avg BPM=53, MIC=1290, GSR=3948"
2026-07-23T20:16:41.822,27.256,119780,89.55,53,1290,3948,,"IR=119780, BPM=89.55, Avg BPM=53, MIC=1290, GSR=3948"
2026-07-23T20:16:41.841,27.275,119774,89.55,53,1307,3945,,"IR=119774, BPM=89.55, Avg BPM=53, MIC=1307, GSR=3945"
2026-07-23T20:16:41.860,27.295,119751,89.55,53,1293,3946,,"IR=119751, BPM=89.55, Avg BPM=53, MIC=1293, GSR=3946"
2026-07-23T20:16:41.879,27.313,119754,89.55,53,1291,3945,,"IR=119754, BPM=89.55, Avg BPM=53, MIC=1291, GSR=3945"
2026-07-23T20:16:41.899,27.333,119757,89.55,53,1294,3944,,"IR=119757, BPM=89.55, Avg BPM=53, MIC=1294, GSR=3944"
2026-07-23T20:16:41.918,27.353,119755,89.55,53,1292,3915,,"IR=119755, BPM=89.55, Avg BPM=53, MIC=1292, GSR=3915"
2026-07-23T20:16:41.936,27.371,119764,89.55,53,1291,3948,,"IR=119764, BPM=89.55, Avg BPM=53, MIC=1291, GSR=3948"
2026-07-23T20:16:41.956,27.390,119762,89.55,53,1326,3946,,"IR=119762, BPM=89.55, Avg BPM=53, MIC=1326, GSR=3946"
2026-07-23T20:16:41.975,27.409,119746,89.55,53,1292,3945,,"IR=119746, BPM=89.55, Avg BPM=53, MIC=1292, GSR=3945"
2026-07-23T20:16:41.993,27.428,119750,89.55,53,1305,3929,,"IR=119750, BPM=89.55, Avg BPM=53, MIC=1305, GSR=3929"
2026-07-23T20:16:42.013,27.447,119749,89.55,53,1306,3943,,"IR=119749, BPM=89.55, Avg BPM=53, MIC=1306, GSR=3943"
2026-07-23T20:16:42.032,27.467,119736,89.55,53,1306,3913,,"IR=119736, BPM=89.55, Avg BPM=53, MIC=1306, GSR=3913"
2026-07-23T20:16:42.052,27.486,119715,89.55,53,1308,3951,,"IR=119715, BPM=89.55, Avg BPM=53, MIC=1308, GSR=3951"
2026-07-23T20:16:42.071,27.505,119693,89.55,53,1310,3951,,"IR=119693, BPM=89.55, Avg BPM=53, MIC=1310, GSR=3951"
2026-07-23T20:16:42.090,27.524,119683,89.55,53,1296,3946,,"IR=119683, BPM=89.55, Avg BPM=53, MIC=1296, GSR=3946"
2026-07-23T20:16:42.109,27.543,119657,89.55,53,1306,3944,,"IR=119657, BPM=89.55, Avg BPM=53, MIC=1306, GSR=3944"
2026-07-23T20:16:42.129,27.563,119646,89.55,53,1307,3950,,"IR=119646, BPM=89.55, Avg BPM=53, MIC=1307, GSR=3950"
2026-07-23T20:16:42.146,27.581,119636,89.55,53,1306,3943,,"IR=119636, BPM=89.55, Avg BPM=53, MIC=1306, GSR=3943"
2026-07-23T20:16:42.167,27.601,119628,89.55,53,1308,3903,,"IR=119628, BPM=89.55, Avg BPM=53, MIC=1308, GSR=3903"
2026-07-23T20:16:42.185,27.620,119628,89.55,53,1323,3946,,"IR=119628, BPM=89.55, Avg BPM=53, MIC=1323, GSR=3946"
2026-07-23T20:16:42.205,27.639,119623,89.55,53,1308,3935,,"IR=119623, BPM=89.55, Avg BPM=53, MIC=1308, GSR=3935"
2026-07-23T20:16:42.223,27.658,119616,89.55,53,1311,3961,,"IR=119616, BPM=89.55, Avg BPM=53, MIC=1311, GSR=3961"
2026-07-23T20:16:42.243,27.678,119586,89.55,53,1311,3917,,"IR=119586, BPM=89.55, Avg BPM=53, MIC=1311, GSR=3917"
2026-07-23T20:16:42.261,27.696,119575,89.55,53,1321,3932,,"IR=119575, BPM=89.55, Avg BPM=53, MIC=1321, GSR=3932"
2026-07-23T20:16:42.281,27.715,119550,89.55,53,1309,3946,,"IR=119550, BPM=89.55, Avg BPM=53, MIC=1309, GSR=3946"
2026-07-23T20:16:42.301,27.735,119525,89.55,53,1323,3944,,"IR=119525, BPM=89.55, Avg BPM=53, MIC=1323, GSR=3944"
2026-07-23T20:16:42.319,27.754,119490,89.55,53,1325,3946,,"IR=119490, BPM=89.55, Avg BPM=53, MIC=1325, GSR=3946"
2026-07-23T20:16:42.339,27.773,119480,89.55,53,1324,3930,,"IR=119480, BPM=89.55, Avg BPM=53, MIC=1324, GSR=3930"
2026-07-23T20:16:42.357,27.792,119472,89.55,53,1353,3946,,"IR=119472, BPM=89.55, Avg BPM=53, MIC=1353, GSR=3946"
2026-07-23T20:16:42.376,27.811,119470,89.55,53,1322,3931,,"IR=119470, BPM=89.55, Avg BPM=53, MIC=1322, GSR=3931"
2026-07-23T20:16:42.395,27.830,119455,89.55,53,1326,3915,,"IR=119455, BPM=89.55, Avg BPM=53, MIC=1326, GSR=3915"
2026-07-23T20:16:42.415,27.849,119433,89.55,53,1356,3949,,"IR=119433, BPM=89.55, Avg BPM=53, MIC=1356, GSR=3949"
2026-07-23T20:16:42.434,27.869,119415,89.55,53,1323,3949,,"IR=119415, BPM=89.55, Avg BPM=53, MIC=1323, GSR=3949"
2026-07-23T20:16:42.453,27.888,119405,89.55,53,1338,3943,,"IR=119405, BPM=89.55, Avg BPM=53, MIC=1338, GSR=3943"
2026-07-23T20:16:42.473,27.907,119388,89.55,53,1343,3947,,"IR=119388, BPM=89.55, Avg BPM=53, MIC=1343, GSR=3947"
2026-07-23T20:16:42.492,27.926,119394,89.55,53,1336,3933,,"IR=119394, BPM=89.55, Avg BPM=53, MIC=1336, GSR=3933"
2026-07-23T20:16:42.510,27.945,119395,89.55,53,1327,3930,,"IR=119395, BPM=89.55, Avg BPM=53, MIC=1327, GSR=3930"
2026-07-23T20:16:42.530,27.964,119378,89.55,53,1374,3927,,"IR=119378, BPM=89.55, Avg BPM=53, MIC=1374, GSR=3927"
2026-07-23T20:16:42.549,27.984,119367,89.55,53,1339,3947,,"IR=119367, BPM=89.55, Avg BPM=53, MIC=1339, GSR=3947"
2026-07-23T20:16:42.568,28.003,119351,89.55,53,1341,3948,,"IR=119351, BPM=89.55, Avg BPM=53, MIC=1341, GSR=3948"
2026-07-23T20:16:42.587,28.022,119356,89.55,53,1339,3932,,"IR=119356, BPM=89.55, Avg BPM=53, MIC=1339, GSR=3932"
2026-07-23T20:16:42.607,28.041,119365,89.55,53,1342,3933,,"IR=119365, BPM=89.55, Avg BPM=53, MIC=1342, GSR=3933"
2026-07-23T20:16:42.625,28.060,119370,89.55,53,1339,3959,,"IR=119370, BPM=89.55, Avg BPM=53, MIC=1339, GSR=3959"
2026-07-23T20:16:42.645,28.079,119351,89.55,53,1386,3944,,"IR=119351, BPM=89.55, Avg BPM=53, MIC=1386, GSR=3944"
2026-07-23T20:16:42.665,28.099,119327,89.55,53,1339,3961,,"IR=119327, BPM=89.55, Avg BPM=53, MIC=1339, GSR=3961"
2026-07-23T20:16:42.683,28.117,119310,89.55,53,1342,3903,,"IR=119310, BPM=89.55, Avg BPM=53, MIC=1342, GSR=3903"
2026-07-23T20:16:42.703,28.137,119303,89.55,53,1350,3949,,"IR=119303, BPM=89.55, Avg BPM=53, MIC=1350, GSR=3949"
2026-07-23T20:16:42.722,28.156,119297,89.55,53,1353,3945,,"IR=119297, BPM=89.55, Avg BPM=53, MIC=1353, GSR=3945"
2026-07-23T20:16:42.741,28.176,119298,89.55,53,1354,3944,,"IR=119298, BPM=89.55, Avg BPM=53, MIC=1354, GSR=3944"
2026-07-23T20:16:42.760,28.194,119266,89.55,53,1355,3944,,"IR=119266, BPM=89.55, Avg BPM=53, MIC=1355, GSR=3944"
2026-07-23T20:16:42.780,28.214,119233,89.55,53,1355,3949,,"IR=119233, BPM=89.55, Avg BPM=53, MIC=1355, GSR=3949"
2026-07-23T20:16:42.798,28.232,119218,89.55,53,1357,3912,,"IR=119218, BPM=89.55, Avg BPM=53, MIC=1357, GSR=3912"
2026-07-23T20:16:42.817,28.251,119198,89.55,53,1357,3947,,"IR=119198, BPM=89.55, Avg BPM=53, MIC=1357, GSR=3947"
2026-07-23T20:16:42.837,28.271,119166,89.55,53,1355,3935,,"IR=119166, BPM=89.55, Avg BPM=53, MIC=1355, GSR=3935"
2026-07-23T20:16:42.855,28.290,119155,89.55,53,1358,3979,,"IR=119155, BPM=89.55, Avg BPM=53, MIC=1358, GSR=3979"
2026-07-23T20:16:42.874,28.309,119148,89.55,53,1358,3929,,"IR=119148, BPM=89.55, Avg BPM=53, MIC=1358, GSR=3929"
2026-07-23T20:16:42.894,28.328,119137,89.55,53,1357,3934,,"IR=119137, BPM=89.55, Avg BPM=53, MIC=1357, GSR=3934"
2026-07-23T20:16:42.912,28.347,119141,89.55,53,1366,3915,,"IR=119141, BPM=89.55, Avg BPM=53, MIC=1366, GSR=3915"
2026-07-23T20:16:42.932,28.366,119140,89.55,53,1359,3949,,"IR=119140, BPM=89.55, Avg BPM=53, MIC=1359, GSR=3949"
2026-07-23T20:16:42.950,28.385,119154,89.55,53,1367,3946,,"IR=119154, BPM=89.55, Avg BPM=53, MIC=1367, GSR=3946"
2026-07-23T20:16:42.970,28.405,119182,89.55,53,1360,3904,,"IR=119182, BPM=89.55, Avg BPM=53, MIC=1360, GSR=3904"
2026-07-23T20:16:42.989,28.424,119213,89.55,53,1360,3933,,"IR=119213, BPM=89.55, Avg BPM=53, MIC=1360, GSR=3933"
2026-07-23T20:16:43.008,28.443,119244,89.55,53,1368,3944,,"IR=119244, BPM=89.55, Avg BPM=53, MIC=1368, GSR=3944"
2026-07-23T20:16:43.028,28.462,119278,89.55,53,1372,3943,,"IR=119278, BPM=89.55, Avg BPM=53, MIC=1372, GSR=3943"
2026-07-23T20:16:43.046,28.481,119291,89.55,53,1369,3931,,"IR=119291, BPM=89.55, Avg BPM=53, MIC=1369, GSR=3931"
2026-07-23T20:16:43.066,28.500,119283,89.55,53,1371,3934,,"IR=119283, BPM=89.55, Avg BPM=53, MIC=1371, GSR=3934"
2026-07-23T20:16:43.084,28.519,119262,89.55,53,1373,3933,,"IR=119262, BPM=89.55, Avg BPM=53, MIC=1373, GSR=3933"
2026-07-23T20:16:43.105,28.539,119231,89.55,53,1375,3944,,"IR=119231, BPM=89.55, Avg BPM=53, MIC=1375, GSR=3944"
2026-07-23T20:16:43.124,28.559,119187,89.55,53,1386,3913,,"IR=119187, BPM=89.55, Avg BPM=53, MIC=1386, GSR=3913"
2026-07-23T20:16:43.142,28.577,119158,89.55,53,1388,3948,,"IR=119158, BPM=89.55, Avg BPM=53, MIC=1388, GSR=3948"
2026-07-23T20:16:43.161,28.596,119123,89.55,53,1385,3950,,"IR=119123, BPM=89.55, Avg BPM=53, MIC=1385, GSR=3950"
2026-07-23T20:16:43.181,28.615,119089,89.55,53,1387,3945,,"IR=119089, BPM=89.55, Avg BPM=53, MIC=1387, GSR=3945"
2026-07-23T20:16:43.199,28.634,119018,89.55,53,1389,3945,,"IR=119018, BPM=89.55, Avg BPM=53, MIC=1389, GSR=3945"
2026-07-23T20:16:43.219,28.654,118933,89.55,53,1387,3946,,"IR=118933, BPM=89.55, Avg BPM=53, MIC=1387, GSR=3946"
2026-07-23T20:16:43.238,28.672,118852,89.55,53,1376,3935,,"IR=118852, BPM=89.55, Avg BPM=53, MIC=1376, GSR=3935"
2026-07-23T20:16:43.258,28.692,118792,89.55,53,1372,3931,,"IR=118792, BPM=89.55, Avg BPM=53, MIC=1372, GSR=3931"
2026-07-23T20:16:43.277,28.711,118756,89.55,53,1375,3929,,"IR=118756, BPM=89.55, Avg BPM=53, MIC=1375, GSR=3929"
2026-07-23T20:16:43.296,28.730,118719,89.55,53,1390,3944,,"IR=118719, BPM=89.55, Avg BPM=53, MIC=1390, GSR=3944"
2026-07-23T20:16:43.314,28.749,118686,89.55,53,1388,3933,,"IR=118686, BPM=89.55, Avg BPM=53, MIC=1388, GSR=3933"
2026-07-23T20:16:43.334,28.768,118641,89.55,53,1391,3933,,"IR=118641, BPM=89.55, Avg BPM=53, MIC=1391, GSR=3933"
2026-07-23T20:16:43.353,28.787,118627,89.55,53,1407,3929,,"IR=118627, BPM=89.55, Avg BPM=53, MIC=1407, GSR=3929"
2026-07-23T20:16:43.371,28.805,118618,89.55,53,1405,3931,,"IR=118618, BPM=89.55, Avg BPM=53, MIC=1405, GSR=3931"
2026-07-23T20:16:43.391,28.826,118605,89.55,53,1401,3943,,"IR=118605, BPM=89.55, Avg BPM=53, MIC=1401, GSR=3943"
2026-07-23T20:16:43.411,28.846,118594,89.55,53,1406,3929,,"IR=118594, BPM=89.55, Avg BPM=53, MIC=1406, GSR=3929"
2026-07-23T20:16:43.429,28.864,118578,89.55,53,1406,3949,,"IR=118578, BPM=89.55, Avg BPM=53, MIC=1406, GSR=3949"
2026-07-23T20:16:43.449,28.883,118547,89.55,53,1405,3944,,"IR=118547, BPM=89.55, Avg BPM=53, MIC=1405, GSR=3944"
2026-07-23T20:16:43.468,28.902,118506,89.55,53,1405,3934,,"IR=118506, BPM=89.55, Avg BPM=53, MIC=1405, GSR=3934"
2026-07-23T20:16:43.487,28.921,118474,89.55,53,1419,3944,,"IR=118474, BPM=89.55, Avg BPM=53, MIC=1419, GSR=3944"
2026-07-23T20:16:43.505,28.940,118456,89.55,53,1407,3936,,"IR=118456, BPM=89.55, Avg BPM=53, MIC=1407, GSR=3936"
2026-07-23T20:16:43.525,28.960,118431,89.55,53,1415,3932,,"IR=118431, BPM=89.55, Avg BPM=53, MIC=1415, GSR=3932"
2026-07-23T20:16:43.545,28.980,118400,89.55,53,1405,3943,,"IR=118400, BPM=89.55, Avg BPM=53, MIC=1405, GSR=3943"
2026-07-23T20:16:43.564,28.998,118355,89.55,53,1407,3963,,"IR=118355, BPM=89.55, Avg BPM=53, MIC=1407, GSR=3963"
2026-07-23T20:16:43.582,29.016,118329,89.55,53,1407,3959,,"IR=118329, BPM=89.55, Avg BPM=53, MIC=1407, GSR=3959"
2026-07-23T20:16:43.601,29.036,118310,89.55,53,1416,3948,,"IR=118310, BPM=89.55, Avg BPM=53, MIC=1416, GSR=3948"
2026-07-23T20:16:43.620,29.055,118311,89.55,53,1414,3961,,"IR=118311, BPM=89.55, Avg BPM=53, MIC=1414, GSR=3961"
2026-07-23T20:16:43.639,29.074,118341,89.55,53,1416,3935,,"IR=118341, BPM=89.55, Avg BPM=53, MIC=1416, GSR=3935"
2026-07-23T20:16:43.659,29.094,118376,89.55,53,1416,3928,,"IR=118376, BPM=89.55, Avg BPM=53, MIC=1416, GSR=3928"
2026-07-23T20:16:43.679,29.113,118404,89.55,53,1417,3916,,"IR=118404, BPM=89.55, Avg BPM=53, MIC=1417, GSR=3916"
2026-07-23T20:16:43.697,29.132,118452,89.55,53,1416,3944,,"IR=118452, BPM=89.55, Avg BPM=53, MIC=1416, GSR=3944"
2026-07-23T20:16:43.717,29.151,118483,89.55,53,1416,3944,,"IR=118483, BPM=89.55, Avg BPM=53, MIC=1416, GSR=3944"
2026-07-23T20:16:43.736,29.170,118504,89.55,53,1416,3926,,"IR=118504, BPM=89.55, Avg BPM=53, MIC=1416, GSR=3926"
2026-07-23T20:16:43.754,29.188,118532,89.55,53,1416,3929,,"IR=118532, BPM=89.55, Avg BPM=53, MIC=1416, GSR=3929"
2026-07-23T20:16:43.773,29.208,118555,89.55,53,1417,3946,,"IR=118555, BPM=89.55, Avg BPM=53, MIC=1417, GSR=3946"
2026-07-23T20:16:43.793,29.228,118587,89.55,53,1416,3945,,"IR=118587, BPM=89.55, Avg BPM=53, MIC=1416, GSR=3945"
2026-07-23T20:16:43.813,29.247,118644,89.55,53,1416,3960,,"IR=118644, BPM=89.55, Avg BPM=53, MIC=1416, GSR=3960"
2026-07-23T20:16:43.831,29.266,118679,89.55,53,1415,3944,,"IR=118679, BPM=89.55, Avg BPM=53, MIC=1415, GSR=3944"
2026-07-23T20:16:43.851,29.285,118702,89.55,53,1416,3928,,"IR=118702, BPM=89.55, Avg BPM=53, MIC=1416, GSR=3928"
2026-07-23T20:16:43.870,29.304,118719,89.55,53,1415,3944,,"IR=118719, BPM=89.55, Avg BPM=53, MIC=1415, GSR=3944"
2026-07-23T20:16:43.888,29.323,118746,89.55,53,1407,3931,,"IR=118746, BPM=89.55, Avg BPM=53, MIC=1407, GSR=3931"
2026-07-23T20:16:43.908,29.342,118780,89.55,53,1415,3916,,"IR=118780, BPM=89.55, Avg BPM=53, MIC=1415, GSR=3916"
2026-07-23T20:16:43.928,29.362,118786,89.55,53,1417,3951,,"IR=118786, BPM=89.55, Avg BPM=53, MIC=1417, GSR=3951"
2026-07-23T20:16:43.946,29.381,118751,89.55,53,1418,3944,,"IR=118751, BPM=89.55, Avg BPM=53, MIC=1418, GSR=3944"
2026-07-23T20:16:43.965,29.400,118720,89.55,53,1419,3946,,"IR=118720, BPM=89.55, Avg BPM=53, MIC=1419, GSR=3946"
2026-07-23T20:16:43.984,29.419,118735,89.55,53,1418,3934,,"IR=118735, BPM=89.55, Avg BPM=53, MIC=1418, GSR=3934"
2026-07-23T20:16:44.004,29.438,118765,89.55,53,1419,3919,,"IR=118765, BPM=89.55, Avg BPM=53, MIC=1419, GSR=3919"
2026-07-23T20:16:44.022,29.456,118778,20.63,44,1419,3946,,"IR=118778, BPM=20.63, Avg BPM=44, MIC=1419, GSR=3946"
2026-07-23T20:16:44.042,29.476,118777,20.63,44,1416,3947,,"IR=118777, BPM=20.63, Avg BPM=44, MIC=1416, GSR=3947"
2026-07-23T20:16:44.062,29.496,118771,20.63,44,1416,3944,,"IR=118771, BPM=20.63, Avg BPM=44, MIC=1416, GSR=3944"
2026-07-23T20:16:44.081,29.515,118774,20.63,44,1418,3933,,"IR=118774, BPM=20.63, Avg BPM=44, MIC=1418, GSR=3933"
2026-07-23T20:16:44.099,29.534,118779,20.63,44,1417,3944,,"IR=118779, BPM=20.63, Avg BPM=44, MIC=1417, GSR=3944"
2026-07-23T20:16:44.119,29.554,118783,20.63,44,1423,3943,,"IR=118783, BPM=20.63, Avg BPM=44, MIC=1423, GSR=3943"
2026-07-23T20:16:44.138,29.572,118779,20.63,44,1418,3930,,"IR=118779, BPM=20.63, Avg BPM=44, MIC=1418, GSR=3930"
2026-07-23T20:16:44.157,29.591,118761,20.63,44,1421,3943,,"IR=118761, BPM=20.63, Avg BPM=44, MIC=1421, GSR=3943"
2026-07-23T20:16:44.176,29.610,118736,20.63,44,1420,3934,,"IR=118736, BPM=20.63, Avg BPM=44, MIC=1420, GSR=3934"
2026-07-23T20:16:44.196,29.630,118717,20.63,44,1418,3945,,"IR=118717, BPM=20.63, Avg BPM=44, MIC=1418, GSR=3945"
2026-07-23T20:16:44.215,29.650,118720,20.63,44,1433,3945,,"IR=118720, BPM=20.63, Avg BPM=44, MIC=1433, GSR=3945"
2026-07-23T20:16:44.233,29.668,118716,20.63,44,1418,3933,,"IR=118716, BPM=20.63, Avg BPM=44, MIC=1418, GSR=3933"
2026-07-23T20:16:44.254,29.688,118723,20.63,44,1416,3949,,"IR=118723, BPM=20.63, Avg BPM=44, MIC=1416, GSR=3949"
2026-07-23T20:16:44.271,29.706,118694,20.63,44,1430,3946,,"IR=118694, BPM=20.63, Avg BPM=44, MIC=1430, GSR=3946"
2026-07-23T20:16:44.291,29.725,118662,20.63,44,1419,3934,,"IR=118662, BPM=20.63, Avg BPM=44, MIC=1419, GSR=3934"
2026-07-23T20:16:44.310,29.744,118632,20.63,44,1422,3934,,"IR=118632, BPM=20.63, Avg BPM=44, MIC=1422, GSR=3934"
2026-07-23T20:16:44.330,29.764,118615,20.63,44,1386,3943,,"IR=118615, BPM=20.63, Avg BPM=44, MIC=1386, GSR=3943"
2026-07-23T20:16:44.349,29.783,118602,20.63,44,1432,3948,,"IR=118602, BPM=20.63, Avg BPM=44, MIC=1432, GSR=3948"
2026-07-23T20:16:44.368,29.802,118576,20.63,44,1431,3932,,"IR=118576, BPM=20.63, Avg BPM=44, MIC=1431, GSR=3932"
2026-07-23T20:16:44.387,29.821,118543,20.63,44,1406,3943,,"IR=118543, BPM=20.63, Avg BPM=44, MIC=1406, GSR=3943"
2026-07-23T20:16:44.405,29.840,118505,20.63,44,1420,3935,,"IR=118505, BPM=20.63, Avg BPM=44, MIC=1420, GSR=3935"
2026-07-23T20:16:44.425,29.860,118480,20.63,44,1421,3929,,"IR=118480, BPM=20.63, Avg BPM=44, MIC=1421, GSR=3929"
2026-07-23T20:16:44.444,29.879,118435,20.63,44,1422,3957,,"IR=118435, BPM=20.63, Avg BPM=44, MIC=1422, GSR=3957"
2026-07-23T20:16:44.463,29.898,118396,20.63,44,1432,3944,,"IR=118396, BPM=20.63, Avg BPM=44, MIC=1432, GSR=3944"
2026-07-23T20:16:44.483,29.917,118323,20.63,44,1421,3931,,"IR=118323, BPM=20.63, Avg BPM=44, MIC=1421, GSR=3931"
2026-07-23T20:16:44.502,29.936,118267,20.63,44,1432,3945,,"IR=118267, BPM=20.63, Avg BPM=44, MIC=1432, GSR=3945"
2026-07-23T20:16:44.521,29.955,118208,20.63,44,1423,3944,,"IR=118208, BPM=20.63, Avg BPM=44, MIC=1423, GSR=3944"
2026-07-23T20:16:44.539,29.974,118160,20.63,44,1422,3947,,"IR=118160, BPM=20.63, Avg BPM=44, MIC=1422, GSR=3947"
2026-07-23T20:16:44.559,29.994,118123,20.63,44,1433,3932,,"IR=118123, BPM=20.63, Avg BPM=44, MIC=1433, GSR=3932"
2026-07-23T20:16:44.578,30.012,118068,20.63,44,1430,3948,,"IR=118068, BPM=20.63, Avg BPM=44, MIC=1430, GSR=3948"
2026-07-23T20:16:44.597,30.032,117998,20.63,44,1417,3936,,"IR=117998, BPM=20.63, Avg BPM=44, MIC=1417, GSR=3936"
2026-07-23T20:16:44.617,30.052,117926,20.63,44,1422,3960,,"IR=117926, BPM=20.63, Avg BPM=44, MIC=1422, GSR=3960"
2026-07-23T20:16:44.635,30.070,117912,20.63,44,1422,3946,,"IR=117912, BPM=20.63, Avg BPM=44, MIC=1422, GSR=3946"
2026-07-23T20:16:44.654,30.089,117913,20.63,44,1432,3948,,"IR=117913, BPM=20.63, Avg BPM=44, MIC=1432, GSR=3948"
2026-07-23T20:16:44.674,30.108,117917,20.63,44,1421,3944,,"IR=117917, BPM=20.63, Avg BPM=44, MIC=1421, GSR=3944"
2026-07-23T20:16:44.692,30.127,117871,20.63,44,1421,3945,,"IR=117871, BPM=20.63, Avg BPM=44, MIC=1421, GSR=3945"
2026-07-23T20:16:44.711,30.146,117792,20.63,44,1420,3935,,"IR=117792, BPM=20.63, Avg BPM=44, MIC=1420, GSR=3935"
2026-07-23T20:16:44.731,30.166,117723,20.63,44,1433,3932,,"IR=117723, BPM=20.63, Avg BPM=44, MIC=1433, GSR=3932"
2026-07-23T20:16:44.752,30.186,117683,20.63,44,1435,3946,,"IR=117683, BPM=20.63, Avg BPM=44, MIC=1435, GSR=3946"
2026-07-23T20:16:44.770,30.204,117673,20.63,44,1433,3935,,"IR=117673, BPM=20.63, Avg BPM=44, MIC=1433, GSR=3935"
2026-07-23T20:16:44.788,30.223,117619,20.63,44,1420,3930,,"IR=117619, BPM=20.63, Avg BPM=44, MIC=1420, GSR=3930"
2026-07-23T20:16:44.808,30.242,117546,20.63,44,1435,3944,,"IR=117546, BPM=20.63, Avg BPM=44, MIC=1435, GSR=3944"
2026-07-23T20:16:44.827,30.261,117507,20.63,44,1435,3932,,"IR=117507, BPM=20.63, Avg BPM=44, MIC=1435, GSR=3932"
2026-07-23T20:16:44.845,30.280,117481,20.63,44,1421,3934,,"IR=117481, BPM=20.63, Avg BPM=44, MIC=1421, GSR=3934"
2026-07-23T20:16:44.865,30.300,117474,20.63,44,1423,3950,,"IR=117474, BPM=20.63, Avg BPM=44, MIC=1423, GSR=3950"
2026-07-23T20:16:44.884,30.319,117447,20.63,44,1419,3932,,"IR=117447, BPM=20.63, Avg BPM=44, MIC=1419, GSR=3932"
2026-07-23T20:16:44.904,30.339,117413,20.63,44,1430,3930,,"IR=117413, BPM=20.63, Avg BPM=44, MIC=1430, GSR=3930"
2026-07-23T20:16:44.923,30.357,117394,20.63,44,1423,3927,,"IR=117394, BPM=20.63, Avg BPM=44, MIC=1423, GSR=3927"
2026-07-23T20:16:44.942,30.376,117418,20.63,44,1422,3919,,"IR=117418, BPM=20.63, Avg BPM=44, MIC=1422, GSR=3919"
2026-07-23T20:16:44.961,30.395,117459,20.63,44,1433,3950,,"IR=117459, BPM=20.63, Avg BPM=44, MIC=1433, GSR=3950"
2026-07-23T20:16:44.980,30.414,117474,20.63,44,1421,3931,,"IR=117474, BPM=20.63, Avg BPM=44, MIC=1421, GSR=3931"
2026-07-23T20:16:45.001,30.435,117528,20.63,44,1422,3945,,"IR=117528, BPM=20.63, Avg BPM=44, MIC=1422, GSR=3945"
2026-07-23T20:16:45.019,30.453,117597,20.63,44,1422,3929,,"IR=117597, BPM=20.63, Avg BPM=44, MIC=1422, GSR=3929"
2026-07-23T20:16:45.037,30.472,117663,20.63,44,1433,3947,,"IR=117663, BPM=20.63, Avg BPM=44, MIC=1433, GSR=3947"
2026-07-23T20:16:45.056,30.490,117745,20.63,44,1420,3949,,"IR=117745, BPM=20.63, Avg BPM=44, MIC=1420, GSR=3949"
2026-07-23T20:16:45.077,30.511,117806,20.63,44,1422,3943,,"IR=117806, BPM=20.63, Avg BPM=44, MIC=1422, GSR=3943"
2026-07-23T20:16:45.095,30.529,117880,20.63,44,1420,3944,,"IR=117880, BPM=20.63, Avg BPM=44, MIC=1420, GSR=3944"
2026-07-23T20:16:45.114,30.549,117956,20.63,44,1432,3959,,"IR=117956, BPM=20.63, Avg BPM=44, MIC=1432, GSR=3959"
2026-07-23T20:16:45.134,30.569,118034,20.63,44,1422,3931,,"IR=118034, BPM=20.63, Avg BPM=44, MIC=1422, GSR=3931"
2026-07-23T20:16:45.154,30.588,118110,20.63,44,1421,3949,,"IR=118110, BPM=20.63, Avg BPM=44, MIC=1421, GSR=3949"
2026-07-23T20:16:45.171,30.606,118198,20.63,44,1423,3931,,"IR=118198, BPM=20.63, Avg BPM=44, MIC=1423, GSR=3931"
2026-07-23T20:16:45.191,30.625,118267,20.63,44,1421,3946,,"IR=118267, BPM=20.63, Avg BPM=44, MIC=1421, GSR=3946"
2026-07-23T20:16:45.210,30.644,118301,20.63,44,1416,3935,,"IR=118301, BPM=20.63, Avg BPM=44, MIC=1416, GSR=3935"
2026-07-23T20:16:45.229,30.663,118323,20.63,44,1418,3962,,"IR=118323, BPM=20.63, Avg BPM=44, MIC=1418, GSR=3962"
2026-07-23T20:16:45.248,30.683,118368,20.63,44,1423,3945,,"IR=118368, BPM=20.63, Avg BPM=44, MIC=1423, GSR=3945"
2026-07-23T20:16:45.268,30.702,118410,20.63,44,1423,3945,,"IR=118410, BPM=20.63, Avg BPM=44, MIC=1423, GSR=3945"
2026-07-23T20:16:45.287,30.721,118446,47.47,44,1432,3946,,"IR=118446, BPM=47.47, Avg BPM=44, MIC=1432, GSR=3946"
2026-07-23T20:16:45.305,30.740,118504,47.47,44,1447,3946,,"IR=118504, BPM=47.47, Avg BPM=44, MIC=1447, GSR=3946"
2026-07-23T20:16:45.324,30.759,118535,47.47,44,1422,3931,,"IR=118535, BPM=47.47, Avg BPM=44, MIC=1422, GSR=3931"
2026-07-23T20:16:45.345,30.779,118550,47.47,44,1417,3930,,"IR=118550, BPM=47.47, Avg BPM=44, MIC=1417, GSR=3930"
2026-07-23T20:16:45.362,30.797,118562,47.47,44,1432,3943,,"IR=118562, BPM=47.47, Avg BPM=44, MIC=1432, GSR=3943"
2026-07-23T20:16:45.382,30.816,118556,47.47,44,1432,3932,,"IR=118556, BPM=47.47, Avg BPM=44, MIC=1432, GSR=3932"
2026-07-23T20:16:45.402,30.836,118553,47.47,44,1407,3946,,"IR=118553, BPM=47.47, Avg BPM=44, MIC=1407, GSR=3946"
2026-07-23T20:16:45.421,30.855,118555,47.47,44,1465,3934,,"IR=118555, BPM=47.47, Avg BPM=44, MIC=1465, GSR=3934"
2026-07-23T20:16:45.440,30.874,118547,47.47,44,1432,3948,,"IR=118547, BPM=47.47, Avg BPM=44, MIC=1432, GSR=3948"
2026-07-23T20:16:45.458,30.893,118539,47.47,44,1434,3917,,"IR=118539, BPM=47.47, Avg BPM=44, MIC=1434, GSR=3917"
2026-07-23T20:16:45.478,30.912,118546,47.47,44,1433,3943,,"IR=118546, BPM=47.47, Avg BPM=44, MIC=1433, GSR=3943"
2026-07-23T20:16:45.496,30.931,118552,47.47,44,1433,3948,,"IR=118552, BPM=47.47, Avg BPM=44, MIC=1433, GSR=3948"
2026-07-23T20:16:45.515,30.950,118564,47.47,44,1423,3948,,"IR=118564, BPM=47.47, Avg BPM=44, MIC=1423, GSR=3948"
2026-07-23T20:16:45.534,30.969,118557,47.47,44,1433,3946,,"IR=118557, BPM=47.47, Avg BPM=44, MIC=1433, GSR=3946"
2026-07-23T20:16:45.554,30.989,118548,47.47,44,1435,3959,,"IR=118548, BPM=47.47, Avg BPM=44, MIC=1435, GSR=3959"
2026-07-23T20:16:45.573,31.007,118536,47.47,44,1435,3934,,"IR=118536, BPM=47.47, Avg BPM=44, MIC=1435, GSR=3934"
2026-07-23T20:16:45.593,31.027,118530,47.47,44,1435,3944,,"IR=118530, BPM=47.47, Avg BPM=44, MIC=1435, GSR=3944"
2026-07-23T20:16:45.611,31.046,118533,47.47,44,1416,3942,,"IR=118533, BPM=47.47, Avg BPM=44, MIC=1416, GSR=3942"
2026-07-23T20:16:45.631,31.066,118511,47.47,44,1436,3946,,"IR=118511, BPM=47.47, Avg BPM=44, MIC=1436, GSR=3946"
2026-07-23T20:16:45.649,31.084,118482,47.47,44,1436,3920,,"IR=118482, BPM=47.47, Avg BPM=44, MIC=1436, GSR=3920"
2026-07-23T20:16:45.668,31.103,118411,47.47,44,1447,3927,,"IR=118411, BPM=47.47, Avg BPM=44, MIC=1447, GSR=3927"
2026-07-23T20:16:45.688,31.123,118355,47.47,44,1446,3934,,"IR=118355, BPM=47.47, Avg BPM=44, MIC=1446, GSR=3934"
2026-07-23T20:16:45.707,31.142,118304,47.47,44,1437,3931,,"IR=118304, BPM=47.47, Avg BPM=44, MIC=1437, GSR=3931"
2026-07-23T20:16:45.727,31.161,118283,47.47,44,1405,3944,,"IR=118283, BPM=47.47, Avg BPM=44, MIC=1405, GSR=3944"
2026-07-23T20:16:45.745,31.180,118246,47.47,44,1438,3929,,"IR=118246, BPM=47.47, Avg BPM=44, MIC=1438, GSR=3929"
2026-07-23T20:16:45.764,31.198,118215,47.47,44,1448,3931,,"IR=118215, BPM=47.47, Avg BPM=44, MIC=1448, GSR=3931"
2026-07-23T20:16:45.784,31.218,118187,47.47,44,1439,3946,,"IR=118187, BPM=47.47, Avg BPM=44, MIC=1439, GSR=3946"
2026-07-23T20:16:45.802,31.236,118167,47.47,44,1438,3967,,"IR=118167, BPM=47.47, Avg BPM=44, MIC=1438, GSR=3967"
2026-07-23T20:16:45.822,31.257,118139,47.47,44,1433,3947,,"IR=118139, BPM=47.47, Avg BPM=44, MIC=1433, GSR=3947"
2026-07-23T20:16:45.841,31.276,118125,47.47,44,1439,3932,,"IR=118125, BPM=47.47, Avg BPM=44, MIC=1439, GSR=3932"
2026-07-23T20:16:45.861,31.295,118117,47.47,44,1448,3943,,"IR=118117, BPM=47.47, Avg BPM=44, MIC=1448, GSR=3943"
2026-07-23T20:16:45.879,31.314,118107,47.47,44,1437,3946,,"IR=118107, BPM=47.47, Avg BPM=44, MIC=1437, GSR=3946"
2026-07-23T20:16:45.898,31.333,118074,47.47,44,1446,3943,,"IR=118074, BPM=47.47, Avg BPM=44, MIC=1446, GSR=3943"
2026-07-23T20:16:45.917,31.352,118045,47.47,44,1448,3943,,"IR=118045, BPM=47.47, Avg BPM=44, MIC=1448, GSR=3943"
2026-07-23T20:16:45.937,31.372,118027,47.47,44,1439,3948,,"IR=118027, BPM=47.47, Avg BPM=44, MIC=1439, GSR=3948"
2026-07-23T20:16:45.956,31.390,118028,47.47,44,1449,3933,,"IR=118028, BPM=47.47, Avg BPM=44, MIC=1449, GSR=3933"
2026-07-23T20:16:45.975,31.410,118018,47.47,44,1449,3950,,"IR=118018, BPM=47.47, Avg BPM=44, MIC=1449, GSR=3950"
2026-07-23T20:16:45.995,31.429,118016,47.47,44,1447,3945,,"IR=118016, BPM=47.47, Avg BPM=44, MIC=1447, GSR=3945"
2026-07-23T20:16:46.014,31.449,118000,47.47,44,1448,3916,,"IR=118000, BPM=47.47, Avg BPM=44, MIC=1448, GSR=3916"
2026-07-23T20:16:46.032,31.467,117949,47.47,44,1447,3850,,"IR=117949, BPM=47.47, Avg BPM=44, MIC=1447, GSR=3850"
2026-07-23T20:16:46.052,31.486,117911,47.47,44,1451,3943,,"IR=117911, BPM=47.47, Avg BPM=44, MIC=1451, GSR=3943"
2026-07-23T20:16:46.071,31.505,117874,47.47,44,1439,3926,,"IR=117874, BPM=47.47, Avg BPM=44, MIC=1439, GSR=3926"
2026-07-23T20:16:46.090,31.525,117873,47.47,44,1447,3934,,"IR=117873, BPM=47.47, Avg BPM=44, MIC=1447, GSR=3934"
2026-07-23T20:16:46.110,31.544,117848,47.47,44,1449,3948,,"IR=117848, BPM=47.47, Avg BPM=44, MIC=1449, GSR=3948"
2026-07-23T20:16:46.129,31.563,117816,47.47,44,1447,3933,,"IR=117816, BPM=47.47, Avg BPM=44, MIC=1447, GSR=3933"
2026-07-23T20:16:46.147,31.581,117786,47.47,44,1447,4024,,"IR=117786, BPM=47.47, Avg BPM=44, MIC=1447, GSR=4024"
2026-07-23T20:16:46.167,31.601,117750,47.47,44,1450,3917,,"IR=117750, BPM=47.47, Avg BPM=44, MIC=1450, GSR=3917"
2026-07-23T20:16:46.185,31.620,117721,47.47,44,1418,3934,,"IR=117721, BPM=47.47, Avg BPM=44, MIC=1418, GSR=3934"
2026-07-23T20:16:46.204,31.639,117666,47.47,44,1438,3942,,"IR=117666, BPM=47.47, Avg BPM=44, MIC=1438, GSR=3942"
2026-07-23T20:16:46.224,31.659,117632,47.47,44,1437,3929,,"IR=117632, BPM=47.47, Avg BPM=44, MIC=1437, GSR=3929"
2026-07-23T20:16:46.243,31.678,117637,47.47,44,1448,3960,,"IR=117637, BPM=47.47, Avg BPM=44, MIC=1448, GSR=3960"
2026-07-23T20:16:46.263,31.697,117622,47.47,44,1447,3943,,"IR=117622, BPM=47.47, Avg BPM=44, MIC=1447, GSR=3943"
2026-07-23T20:16:46.281,31.716,117604,47.47,44,1450,3919,,"IR=117604, BPM=47.47, Avg BPM=44, MIC=1450, GSR=3919"
2026-07-23T20:16:46.300,31.735,117553,47.47,44,1423,3936,,"IR=117553, BPM=47.47, Avg BPM=44, MIC=1423, GSR=3936"
2026-07-23T20:16:46.320,31.755,117529,47.47,44,1446,3948,,"IR=117529, BPM=47.47, Avg BPM=44, MIC=1446, GSR=3948"
2026-07-23T20:16:46.339,31.773,117475,47.47,44,1451,3947,,"IR=117475, BPM=47.47, Avg BPM=44, MIC=1451, GSR=3947"
2026-07-23T20:16:46.358,31.793,117418,47.47,44,1449,3926,,"IR=117418, BPM=47.47, Avg BPM=44, MIC=1449, GSR=3926"
2026-07-23T20:16:46.378,31.812,117366,47.47,44,1448,3900,,"IR=117366, BPM=47.47, Avg BPM=44, MIC=1448, GSR=3900"
2026-07-23T20:16:46.396,31.831,117323,47.47,44,1439,3963,,"IR=117323, BPM=47.47, Avg BPM=44, MIC=1439, GSR=3963"
2026-07-23T20:16:46.416,31.850,117290,47.47,44,1448,3930,,"IR=117290, BPM=47.47, Avg BPM=44, MIC=1448, GSR=3930"
2026-07-23T20:16:46.434,31.869,117266,47.47,44,1436,3933,,"IR=117266, BPM=47.47, Avg BPM=44, MIC=1436, GSR=3933"
2026-07-23T20:16:46.454,31.888,117255,47.47,44,1447,3934,,"IR=117255, BPM=47.47, Avg BPM=44, MIC=1447, GSR=3934"
2026-07-23T20:16:46.472,31.907,117189,47.47,44,1447,3946,,"IR=117189, BPM=47.47, Avg BPM=44, MIC=1447, GSR=3946"
2026-07-23T20:16:46.493,31.927,117113,47.47,44,1439,3930,,"IR=117113, BPM=47.47, Avg BPM=44, MIC=1439, GSR=3930"
2026-07-23T20:16:46.511,31.946,117061,47.47,44,1448,3942,,"IR=117061, BPM=47.47, Avg BPM=44, MIC=1448, GSR=3942"
2026-07-23T20:16:46.530,31.965,117035,47.47,44,1452,3945,,"IR=117035, BPM=47.47, Avg BPM=44, MIC=1452, GSR=3945"
2026-07-23T20:16:46.549,31.984,117002,47.47,44,1481,3949,,"IR=117002, BPM=47.47, Avg BPM=44, MIC=1481, GSR=3949"
2026-07-23T20:16:46.568,32.003,117009,47.47,44,1482,3944,,"IR=117009, BPM=47.47, Avg BPM=44, MIC=1482, GSR=3944"
2026-07-23T20:16:46.588,32.022,117033,47.47,44,1450,3913,,"IR=117033, BPM=47.47, Avg BPM=44, MIC=1450, GSR=3913"
2026-07-23T20:16:46.610,32.045,117034,47.47,44,1449,3947,,"IR=117034, BPM=47.47, Avg BPM=44, MIC=1449, GSR=3947"
2026-07-23T20:16:46.627,32.061,117017,47.47,44,1439,3942,,"IR=117017, BPM=47.47, Avg BPM=44, MIC=1439, GSR=3942"
2026-07-23T20:16:46.645,32.080,117016,47.47,44,1438,3934,,"IR=117016, BPM=47.47, Avg BPM=44, MIC=1438, GSR=3934"
2026-07-23T20:16:46.664,32.098,117026,47.47,44,1449,3944,,"IR=117026, BPM=47.47, Avg BPM=44, MIC=1449, GSR=3944"
2026-07-23T20:16:46.684,32.118,117039,47.47,44,1451,3932,,"IR=117039, BPM=47.47, Avg BPM=44, MIC=1451, GSR=3932"
2026-07-23T20:16:46.702,32.137,117024,47.47,44,1436,3949,,"IR=117024, BPM=47.47, Avg BPM=44, MIC=1436, GSR=3949"
2026-07-23T20:16:46.721,32.156,117014,47.47,44,1449,3967,,"IR=117014, BPM=47.47, Avg BPM=44, MIC=1449, GSR=3967"
2026-07-23T20:16:46.740,32.175,116964,47.47,44,1439,3945,,"IR=116964, BPM=47.47, Avg BPM=44, MIC=1439, GSR=3945"
2026-07-23T20:16:46.761,32.195,116856,47.47,44,1438,3930,,"IR=116856, BPM=47.47, Avg BPM=44, MIC=1438, GSR=3930"
2026-07-23T20:16:46.779,32.213,116747,47.47,44,1417,3934,,"IR=116747, BPM=47.47, Avg BPM=44, MIC=1417, GSR=3934"
2026-07-23T20:16:46.799,32.233,116567,47.47,44,1448,3934,,"IR=116567, BPM=47.47, Avg BPM=44, MIC=1448, GSR=3934"
2026-07-23T20:16:46.817,32.252,116492,47.47,44,1448,3941,,"IR=116492, BPM=47.47, Avg BPM=44, MIC=1448, GSR=3941"
2026-07-23T20:16:46.837,32.271,116494,47.47,44,1449,3931,,"IR=116494, BPM=47.47, Avg BPM=44, MIC=1449, GSR=3931"
2026-07-23T20:16:46.855,32.290,116524,47.47,44,1437,3935,,"IR=116524, BPM=47.47, Avg BPM=44, MIC=1437, GSR=3935"
2026-07-23T20:16:46.874,32.309,116577,47.47,44,1437,3935,,"IR=116577, BPM=47.47, Avg BPM=44, MIC=1437, GSR=3935"
2026-07-23T20:16:46.895,32.329,116639,47.47,44,1435,3950,,"IR=116639, BPM=47.47, Avg BPM=44, MIC=1435, GSR=3950"
2026-07-23T20:16:46.913,32.348,116707,47.47,44,1437,3944,,"IR=116707, BPM=47.47, Avg BPM=44, MIC=1437, GSR=3944"
2026-07-23T20:16:46.932,32.367,116780,47.47,44,1445,3943,,"IR=116780, BPM=47.47, Avg BPM=44, MIC=1445, GSR=3943"
2026-07-23T20:16:46.951,32.386,116841,47.47,44,1438,3919,,"IR=116841, BPM=47.47, Avg BPM=44, MIC=1438, GSR=3919"
2026-07-23T20:16:46.970,32.405,116933,47.47,44,1432,3943,,"IR=116933, BPM=47.47, Avg BPM=44, MIC=1432, GSR=3943"
2026-07-23T20:16:46.989,32.425,117023,47.47,44,1438,3927,,"IR=117023, BPM=47.47, Avg BPM=44, MIC=1438, GSR=3927"
2026-07-23T20:16:47.008,32.442,117146,47.47,44,1433,3945,,"IR=117146, BPM=47.47, Avg BPM=44, MIC=1433, GSR=3945"
2026-07-23T20:16:47.029,32.464,117322,47.47,44,1438,3946,,"IR=117322, BPM=47.47, Avg BPM=44, MIC=1438, GSR=3946"
2026-07-23T20:16:47.048,32.482,117512,47.47,44,1434,3943,,"IR=117512, BPM=47.47, Avg BPM=44, MIC=1434, GSR=3943"
2026-07-23T20:16:47.067,32.501,117705,47.47,44,1435,3931,,"IR=117705, BPM=47.47, Avg BPM=44, MIC=1435, GSR=3931"
2026-07-23T20:16:47.086,32.520,117875,47.47,44,1434,3933,,"IR=117875, BPM=47.47, Avg BPM=44, MIC=1434, GSR=3933"
2026-07-23T20:16:47.105,32.540,118082,47.47,44,1439,3946,,"IR=118082, BPM=47.47, Avg BPM=44, MIC=1439, GSR=3946"
2026-07-23T20:16:47.123,32.558,118340,47.47,44,1436,3931,,"IR=118340, BPM=47.47, Avg BPM=44, MIC=1436, GSR=3931"
2026-07-23T20:16:47.142,32.577,118625,47.47,44,1480,3947,,"IR=118625, BPM=47.47, Avg BPM=44, MIC=1480, GSR=3947"
2026-07-23T20:16:47.162,32.597,118977,47.47,44,1454,3943,,"IR=118977, BPM=47.47, Avg BPM=44, MIC=1454, GSR=3943"
2026-07-23T20:16:47.182,32.616,119323,47.47,44,1466,3900,,"IR=119323, BPM=47.47, Avg BPM=44, MIC=1466, GSR=3900"
2026-07-23T20:16:47.201,32.635,119668,47.47,44,1451,3944,,"IR=119668, BPM=47.47, Avg BPM=44, MIC=1451, GSR=3944"
2026-07-23T20:16:47.219,32.654,119933,47.47,44,1453,3931,,"IR=119933, BPM=47.47, Avg BPM=44, MIC=1453, GSR=3931"
2026-07-23T20:16:47.239,32.673,120111,47.47,44,1422,3930,,"IR=120111, BPM=47.47, Avg BPM=44, MIC=1422, GSR=3930"
2026-07-23T20:16:47.257,32.692,120277,47.47,44,1464,3933,,"IR=120277, BPM=47.47, Avg BPM=44, MIC=1464, GSR=3933"
2026-07-23T20:16:47.277,32.711,120496,47.47,44,1455,3898,,"IR=120496, BPM=47.47, Avg BPM=44, MIC=1455, GSR=3898"
2026-07-23T20:16:47.296,32.730,120732,47.47,44,1454,3936,,"IR=120732, BPM=47.47, Avg BPM=44, MIC=1454, GSR=3936"
2026-07-23T20:16:47.316,32.751,120961,47.47,44,1464,3944,,"IR=120961, BPM=47.47, Avg BPM=44, MIC=1464, GSR=3944"
2026-07-23T20:16:47.334,32.769,121155,47.47,44,1454,3917,,"IR=121155, BPM=47.47, Avg BPM=44, MIC=1454, GSR=3917"
2026-07-23T20:16:47.354,32.788,121309,47.47,44,1407,3928,,"IR=121309, BPM=47.47, Avg BPM=44, MIC=1407, GSR=3928"
2026-07-23T20:16:47.372,32.807,121446,47.47,44,1462,3943,,"IR=121446, BPM=47.47, Avg BPM=44, MIC=1462, GSR=3943"
2026-07-23T20:16:47.391,32.825,121535,47.47,44,1453,3950,,"IR=121535, BPM=47.47, Avg BPM=44, MIC=1453, GSR=3950"
2026-07-23T20:16:47.411,32.845,121617,47.47,44,1449,3975,,"IR=121617, BPM=47.47, Avg BPM=44, MIC=1449, GSR=3975"
2026-07-23T20:16:47.430,32.864,121698,47.47,44,1453,3933,,"IR=121698, BPM=47.47, Avg BPM=44, MIC=1453, GSR=3933"
2026-07-23T20:16:47.450,32.885,121792,47.47,44,1466,3935,,"IR=121792, BPM=47.47, Avg BPM=44, MIC=1466, GSR=3935"
2026-07-23T20:16:47.468,32.903,121873,47.47,44,1453,3930,,"IR=121873, BPM=47.47, Avg BPM=44, MIC=1453, GSR=3930"
2026-07-23T20:16:47.488,32.922,121957,47.47,44,1455,3932,,"IR=121957, BPM=47.47, Avg BPM=44, MIC=1455, GSR=3932"
2026-07-23T20:16:47.507,32.941,122016,47.47,44,1454,3948,,"IR=122016, BPM=47.47, Avg BPM=44, MIC=1454, GSR=3948"
2026-07-23T20:16:47.525,32.960,122066,47.47,44,1451,3930,,"IR=122066, BPM=47.47, Avg BPM=44, MIC=1451, GSR=3930"
2026-07-23T20:16:47.544,32.979,122107,47.47,44,1463,3932,,"IR=122107, BPM=47.47, Avg BPM=44, MIC=1463, GSR=3932"
2026-07-23T20:16:47.563,32.998,122139,47.47,44,1453,3960,,"IR=122139, BPM=47.47, Avg BPM=44, MIC=1453, GSR=3960"
2026-07-23T20:16:47.584,33.018,122165,47.47,44,1450,3943,,"IR=122165, BPM=47.47, Avg BPM=44, MIC=1450, GSR=3943"
2026-07-23T20:16:47.603,33.037,122187,47.47,44,1451,3929,,"IR=122187, BPM=47.47, Avg BPM=44, MIC=1451, GSR=3929"
2026-07-23T20:16:47.622,33.056,122210,47.47,44,1453,3959,,"IR=122210, BPM=47.47, Avg BPM=44, MIC=1453, GSR=3959"
2026-07-23T20:16:47.641,33.075,122226,47.47,44,1449,3932,,"IR=122226, BPM=47.47, Avg BPM=44, MIC=1449, GSR=3932"
2026-07-23T20:16:47.659,33.094,122214,47.47,44,1450,3927,,"IR=122214, BPM=47.47, Avg BPM=44, MIC=1450, GSR=3927"
2026-07-23T20:16:47.679,33.113,122214,47.47,44,1452,3943,,"IR=122214, BPM=47.47, Avg BPM=44, MIC=1452, GSR=3943"
2026-07-23T20:16:47.698,33.132,122205,47.47,44,1453,3950,,"IR=122205, BPM=47.47, Avg BPM=44, MIC=1453, GSR=3950"
2026-07-23T20:16:47.718,33.152,122207,47.47,44,1421,3942,,"IR=122207, BPM=47.47, Avg BPM=44, MIC=1421, GSR=3942"
2026-07-23T20:16:47.736,33.171,122195,47.47,44,1423,3945,,"IR=122195, BPM=47.47, Avg BPM=44, MIC=1423, GSR=3945"
2026-07-23T20:16:47.756,33.190,122209,47.47,44,1435,3902,,"IR=122209, BPM=47.47, Avg BPM=44, MIC=1435, GSR=3902"
2026-07-23T20:16:47.774,33.208,122191,47.47,44,1435,3933,,"IR=122191, BPM=47.47, Avg BPM=44, MIC=1435, GSR=3933"
2026-07-23T20:16:47.794,33.228,122165,47.47,44,1436,3951,,"IR=122165, BPM=47.47, Avg BPM=44, MIC=1436, GSR=3951"
2026-07-23T20:16:47.812,33.246,122127,47.47,44,1434,3931,,"IR=122127, BPM=47.47, Avg BPM=44, MIC=1434, GSR=3931"
2026-07-23T20:16:47.832,33.266,122083,47.47,44,1449,3945,,"IR=122083, BPM=47.47, Avg BPM=44, MIC=1449, GSR=3945"
2026-07-23T20:16:47.851,33.286,122046,47.47,44,1434,3945,,"IR=122046, BPM=47.47, Avg BPM=44, MIC=1434, GSR=3945"
2026-07-23T20:16:47.871,33.305,122029,47.47,44,1433,3934,,"IR=122029, BPM=47.47, Avg BPM=44, MIC=1433, GSR=3934"
2026-07-23T20:16:47.889,33.324,122020,47.47,44,1434,3944,,"IR=122020, BPM=47.47, Avg BPM=44, MIC=1434, GSR=3944"
2026-07-23T20:16:47.908,33.342,122035,47.47,44,1408,3935,,"IR=122035, BPM=47.47, Avg BPM=44, MIC=1408, GSR=3935"
2026-07-23T20:16:47.927,33.362,122048,47.47,44,1435,3934,,"IR=122048, BPM=47.47, Avg BPM=44, MIC=1435, GSR=3934"
2026-07-23T20:16:47.947,33.381,122077,47.47,44,1433,3963,,"IR=122077, BPM=47.47, Avg BPM=44, MIC=1433, GSR=3963"
2026-07-23T20:16:47.965,33.400,122101,47.47,44,1415,3960,,"IR=122101, BPM=47.47, Avg BPM=44, MIC=1415, GSR=3960"
2026-07-23T20:16:47.986,33.420,122142,47.47,44,1416,3931,,"IR=122142, BPM=47.47, Avg BPM=44, MIC=1416, GSR=3931"
2026-07-23T20:16:48.005,33.439,122167,47.47,44,1422,3951,,"IR=122167, BPM=47.47, Avg BPM=44, MIC=1422, GSR=3951"
2026-07-23T20:16:48.024,33.458,122193,47.47,44,1421,3946,,"IR=122193, BPM=47.47, Avg BPM=44, MIC=1421, GSR=3946"
2026-07-23T20:16:48.042,33.476,122194,47.47,44,1417,3948,,"IR=122194, BPM=47.47, Avg BPM=44, MIC=1417, GSR=3948"
2026-07-23T20:16:48.062,33.496,122176,47.47,44,1416,3946,,"IR=122176, BPM=47.47, Avg BPM=44, MIC=1416, GSR=3946"
2026-07-23T20:16:48.081,33.515,122140,47.47,44,1422,3935,,"IR=122140, BPM=47.47, Avg BPM=44, MIC=1422, GSR=3935"
2026-07-23T20:16:48.100,33.534,122089,47.47,44,1432,3934,,"IR=122089, BPM=47.47, Avg BPM=44, MIC=1432, GSR=3934"
2026-07-23T20:16:48.120,33.554,122042,47.47,44,1433,3947,,"IR=122042, BPM=47.47, Avg BPM=44, MIC=1433, GSR=3947"
2026-07-23T20:16:48.139,33.574,121981,47.47,44,1438,4029,,"IR=121981, BPM=47.47, Avg BPM=44, MIC=1438, GSR=4029"
2026-07-23T20:16:48.157,33.592,121940,47.47,44,1438,3926,,"IR=121940, BPM=47.47, Avg BPM=44, MIC=1438, GSR=3926"
2026-07-23T20:16:48.177,33.611,121912,47.47,44,1448,3946,,"IR=121912, BPM=47.47, Avg BPM=44, MIC=1448, GSR=3946"
2026-07-23T20:16:48.196,33.630,121898,47.47,44,1435,3919,,"IR=121898, BPM=47.47, Avg BPM=44, MIC=1435, GSR=3919"
2026-07-23T20:16:48.215,33.649,121875,47.47,44,1420,3944,,"IR=121875, BPM=47.47, Avg BPM=44, MIC=1420, GSR=3944"
2026-07-23T20:16:48.233,33.668,121871,47.47,44,1432,3944,,"IR=121871, BPM=47.47, Avg BPM=44, MIC=1432, GSR=3944"
2026-07-23T20:16:48.253,33.688,121869,47.47,44,1418,3958,,"IR=121869, BPM=47.47, Avg BPM=44, MIC=1418, GSR=3958"
2026-07-23T20:16:48.274,33.708,121827,47.47,44,1421,3935,,"IR=121827, BPM=47.47, Avg BPM=44, MIC=1421, GSR=3935"
2026-07-23T20:16:48.292,33.726,121788,47.47,44,1433,3943,,"IR=121788, BPM=47.47, Avg BPM=44, MIC=1433, GSR=3943"
2026-07-23T20:16:48.310,33.745,121754,47.47,44,1432,3929,,"IR=121754, BPM=47.47, Avg BPM=44, MIC=1432, GSR=3929"
2026-07-23T20:16:48.331,33.765,121685,47.47,44,1432,3950,,"IR=121685, BPM=47.47, Avg BPM=44, MIC=1432, GSR=3950"
2026-07-23T20:16:48.350,33.784,121609,47.47,44,1449,3935,,"IR=121609, BPM=47.47, Avg BPM=44, MIC=1449, GSR=3935"
2026-07-23T20:16:48.368,33.803,121526,47.47,44,1437,3944,,"IR=121526, BPM=47.47, Avg BPM=44, MIC=1437, GSR=3944"
2026-07-23T20:16:48.387,33.822,121469,47.47,44,1451,3944,,"IR=121469, BPM=47.47, Avg BPM=44, MIC=1451, GSR=3944"
2026-07-23T20:16:48.406,33.841,121399,47.47,44,1437,3931,,"IR=121399, BPM=47.47, Avg BPM=44, MIC=1437, GSR=3931"
2026-07-23T20:16:48.425,33.860,121335,47.47,44,1450,3913,,"IR=121335, BPM=47.47, Avg BPM=44, MIC=1450, GSR=3913"
2026-07-23T20:16:48.444,33.879,121247,47.47,44,1448,3934,,"IR=121247, BPM=47.47, Avg BPM=44, MIC=1448, GSR=3934"
2026-07-23T20:16:48.463,33.898,121152,47.47,44,1418,3933,,"IR=121152, BPM=47.47, Avg BPM=44, MIC=1418, GSR=3933"
2026-07-23T20:16:48.482,33.917,121057,47.47,44,1422,3931,,"IR=121057, BPM=47.47, Avg BPM=44, MIC=1422, GSR=3931"
2026-07-23T20:16:48.501,33.936,120967,47.47,44,1420,3933,,"IR=120967, BPM=47.47, Avg BPM=44, MIC=1420, GSR=3933"
2026-07-23T20:16:48.521,33.956,120883,47.47,44,1431,3944,,"IR=120883, BPM=47.47, Avg BPM=44, MIC=1431, GSR=3944"
2026-07-23T20:16:48.540,33.975,120807,47.47,44,1424,3945,,"IR=120807, BPM=47.47, Avg BPM=44, MIC=1424, GSR=3945"
2026-07-23T20:16:48.559,33.994,120772,47.47,44,1421,3944,,"IR=120772, BPM=47.47, Avg BPM=44, MIC=1421, GSR=3944"
2026-07-23T20:16:48.579,34.013,120734,47.47,44,1455,3958,,"IR=120734, BPM=47.47, Avg BPM=44, MIC=1455, GSR=3958"
2026-07-23T20:16:48.598,34.032,120710,47.47,44,1416,3943,,"IR=120710, BPM=47.47, Avg BPM=44, MIC=1416, GSR=3943"
2026-07-23T20:16:48.617,34.051,120693,47.47,44,1418,3927,,"IR=120693, BPM=47.47, Avg BPM=44, MIC=1418, GSR=3927"
2026-07-23T20:16:48.636,34.070,120683,47.47,44,1464,3929,,"IR=120683, BPM=47.47, Avg BPM=44, MIC=1464, GSR=3929"
2026-07-23T20:16:48.657,34.091,120676,47.47,44,1419,3934,,"IR=120676, BPM=47.47, Avg BPM=44, MIC=1419, GSR=3934"
2026-07-23T20:16:48.674,34.108,120684,47.47,44,1416,3918,,"IR=120684, BPM=47.47, Avg BPM=44, MIC=1416, GSR=3918"
2026-07-23T20:16:48.693,34.127,120708,47.47,44,1448,3946,,"IR=120708, BPM=47.47, Avg BPM=44, MIC=1448, GSR=3946"
2026-07-23T20:16:48.712,34.147,120719,47.47,44,1423,3943,,"IR=120719, BPM=47.47, Avg BPM=44, MIC=1423, GSR=3943"
2026-07-23T20:16:48.732,34.167,120723,47.47,44,1419,3933,,"IR=120723, BPM=47.47, Avg BPM=44, MIC=1419, GSR=3933"
2026-07-23T20:16:48.751,34.185,120707,47.47,44,1439,3931,,"IR=120707, BPM=47.47, Avg BPM=44, MIC=1439, GSR=3931"
2026-07-23T20:16:48.769,34.204,120694,47.47,44,1435,3915,,"IR=120694, BPM=47.47, Avg BPM=44, MIC=1435, GSR=3915"
2026-07-23T20:16:48.790,34.224,120677,47.47,44,1438,3913,,"IR=120677, BPM=47.47, Avg BPM=44, MIC=1438, GSR=3913"
2026-07-23T20:16:48.808,34.243,120659,47.47,44,1451,3933,,"IR=120659, BPM=47.47, Avg BPM=44, MIC=1451, GSR=3933"
2026-07-23T20:16:48.827,34.262,120664,47.47,44,1433,3934,,"IR=120664, BPM=47.47, Avg BPM=44, MIC=1433, GSR=3934"
2026-07-23T20:16:48.846,34.281,120656,47.47,44,1434,3932,,"IR=120656, BPM=47.47, Avg BPM=44, MIC=1434, GSR=3932"
2026-07-23T20:16:48.865,34.300,120639,47.47,44,1434,3918,,"IR=120639, BPM=47.47, Avg BPM=44, MIC=1434, GSR=3918"
2026-07-23T20:16:48.885,34.319,120622,47.47,44,1421,3944,,"IR=120622, BPM=47.47, Avg BPM=44, MIC=1421, GSR=3944"
2026-07-23T20:16:48.904,34.338,120613,47.47,44,1419,3933,,"IR=120613, BPM=47.47, Avg BPM=44, MIC=1419, GSR=3933"
2026-07-23T20:16:48.923,34.358,120614,47.47,44,1449,3943,,"IR=120614, BPM=47.47, Avg BPM=44, MIC=1449, GSR=3943"
2026-07-23T20:16:48.942,34.376,120629,47.47,44,1433,3943,,"IR=120629, BPM=47.47, Avg BPM=44, MIC=1433, GSR=3943"
2026-07-23T20:16:48.961,34.395,120646,47.47,44,1431,3935,,"IR=120646, BPM=47.47, Avg BPM=44, MIC=1431, GSR=3935"
2026-07-23T20:16:48.980,34.415,120681,47.47,44,1430,3929,,"IR=120681, BPM=47.47, Avg BPM=44, MIC=1430, GSR=3929"
2026-07-23T20:16:48.999,34.434,120710,47.47,44,1435,3928,,"IR=120710, BPM=47.47, Avg BPM=44, MIC=1435, GSR=3928"
2026-07-23T20:16:49.018,34.453,120736,47.47,44,1451,3943,,"IR=120736, BPM=47.47, Avg BPM=44, MIC=1451, GSR=3943"
2026-07-23T20:16:49.037,34.472,120754,47.47,44,1469,3928,,"IR=120754, BPM=47.47, Avg BPM=44, MIC=1469, GSR=3928"
2026-07-23T20:16:49.057,34.492,120753,47.47,44,1449,3944,,"IR=120753, BPM=47.47, Avg BPM=44, MIC=1449, GSR=3944"
2026-07-23T20:16:49.076,34.511,120761,47.47,44,1439,3942,,"IR=120761, BPM=47.47, Avg BPM=44, MIC=1439, GSR=3942"
2026-07-23T20:16:49.095,34.530,120779,47.47,44,1450,3946,,"IR=120779, BPM=47.47, Avg BPM=44, MIC=1450, GSR=3946"
2026-07-23T20:16:49.114,34.549,120774,47.47,44,1448,3944,,"IR=120774, BPM=47.47, Avg BPM=44, MIC=1448, GSR=3944"
2026-07-23T20:16:49.133,34.568,120774,47.47,44,1437,3967,,"IR=120774, BPM=47.47, Avg BPM=44, MIC=1437, GSR=3967"
2026-07-23T20:16:49.152,34.586,120769,47.47,44,1478,3927,,"IR=120769, BPM=47.47, Avg BPM=44, MIC=1478, GSR=3927"
2026-07-23T20:16:49.171,34.605,120761,47.47,44,1438,3927,,"IR=120761, BPM=47.47, Avg BPM=44, MIC=1438, GSR=3927"
2026-07-23T20:16:49.190,34.625,120741,47.47,44,1435,3928,,"IR=120741, BPM=47.47, Avg BPM=44, MIC=1435, GSR=3928"
2026-07-23T20:16:49.210,34.645,120736,47.47,44,1436,3944,,"IR=120736, BPM=47.47, Avg BPM=44, MIC=1436, GSR=3944"
2026-07-23T20:16:49.230,34.664,120733,47.47,44,1447,3900,,"IR=120733, BPM=47.47, Avg BPM=44, MIC=1447, GSR=3900"
2026-07-23T20:16:49.248,34.682,120737,47.47,44,1436,3929,,"IR=120737, BPM=47.47, Avg BPM=44, MIC=1436, GSR=3929"
2026-07-23T20:16:49.267,34.702,120719,47.47,44,1448,3959,,"IR=120719, BPM=47.47, Avg BPM=44, MIC=1448, GSR=3959"
2026-07-23T20:16:49.286,34.721,120655,47.47,44,1437,3944,,"IR=120655, BPM=47.47, Avg BPM=44, MIC=1437, GSR=3944"
2026-07-23T20:16:49.305,34.740,120618,47.47,44,1436,3929,,"IR=120618, BPM=47.47, Avg BPM=44, MIC=1436, GSR=3929"
2026-07-23T20:16:49.324,34.759,120585,47.47,44,1439,3934,,"IR=120585, BPM=47.47, Avg BPM=44, MIC=1439, GSR=3934"
2026-07-23T20:16:49.344,34.779,120572,47.47,44,1433,3931,,"IR=120572, BPM=47.47, Avg BPM=44, MIC=1433, GSR=3931"
2026-07-23T20:16:49.363,34.798,120556,47.47,44,1447,3916,,"IR=120556, BPM=47.47, Avg BPM=44, MIC=1447, GSR=3916"
2026-07-23T20:16:49.383,34.817,120531,47.47,44,1448,3944,,"IR=120531, BPM=47.47, Avg BPM=44, MIC=1448, GSR=3944"
2026-07-23T20:16:49.402,34.836,120500,47.47,44,1436,3928,,"IR=120500, BPM=47.47, Avg BPM=44, MIC=1436, GSR=3928"
2026-07-23T20:16:49.421,34.855,120450,47.47,44,1439,3933,,"IR=120450, BPM=47.47, Avg BPM=44, MIC=1439, GSR=3933"
2026-07-23T20:16:49.440,34.875,120419,47.47,44,1547,3950,,"IR=120419, BPM=47.47, Avg BPM=44, MIC=1547, GSR=3950"
2026-07-23T20:16:49.458,34.893,120399,47.47,44,1432,3944,,"IR=120399, BPM=47.47, Avg BPM=44, MIC=1432, GSR=3944"
2026-07-23T20:16:49.479,34.913,120381,47.47,44,1422,3947,,"IR=120381, BPM=47.47, Avg BPM=44, MIC=1422, GSR=3947"
2026-07-23T20:16:49.498,34.932,120391,47.47,44,1454,3918,,"IR=120391, BPM=47.47, Avg BPM=44, MIC=1454, GSR=3918"
2026-07-23T20:16:49.517,34.951,120396,47.47,44,1421,3934,,"IR=120396, BPM=47.47, Avg BPM=44, MIC=1421, GSR=3934"
2026-07-23T20:16:49.535,34.969,120410,47.47,44,1422,3928,,"IR=120410, BPM=47.47, Avg BPM=44, MIC=1422, GSR=3928"
2026-07-23T20:16:49.555,34.989,120415,47.47,44,1390,3930,,"IR=120415, BPM=47.47, Avg BPM=44, MIC=1390, GSR=3930"
2026-07-23T20:16:49.574,35.008,120415,47.47,44,1435,3933,,"IR=120415, BPM=47.47, Avg BPM=44, MIC=1435, GSR=3933"
2026-07-23T20:16:49.592,35.026,120431,47.47,44,1430,3929,,"IR=120431, BPM=47.47, Avg BPM=44, MIC=1430, GSR=3929"
2026-07-23T20:16:49.612,35.047,120460,47.47,44,1436,3901,,"IR=120460, BPM=47.47, Avg BPM=44, MIC=1436, GSR=3901"
2026-07-23T20:16:49.631,35.066,120488,47.47,44,1419,3926,,"IR=120488, BPM=47.47, Avg BPM=44, MIC=1419, GSR=3926"
2026-07-23T20:16:49.650,35.084,120516,47.47,44,1435,3929,,"IR=120516, BPM=47.47, Avg BPM=44, MIC=1435, GSR=3929"
2026-07-23T20:16:49.670,35.104,120552,47.47,44,1433,3951,,"IR=120552, BPM=47.47, Avg BPM=44, MIC=1433, GSR=3951"
2026-07-23T20:16:49.689,35.123,120561,47.47,44,1422,3964,,"IR=120561, BPM=47.47, Avg BPM=44, MIC=1422, GSR=3964"
2026-07-23T20:16:49.707,35.141,120570,47.47,44,1432,3934,,"IR=120570, BPM=47.47, Avg BPM=44, MIC=1432, GSR=3934"
2026-07-23T20:16:49.727,35.161,120572,47.47,44,1434,3917,,"IR=120572, BPM=47.47, Avg BPM=44, MIC=1434, GSR=3917"
2026-07-23T20:16:49.746,35.181,120586,47.47,44,1422,3932,,"IR=120586, BPM=47.47, Avg BPM=44, MIC=1422, GSR=3932"
2026-07-23T20:16:49.765,35.200,120609,47.47,44,1432,3914,,"IR=120609, BPM=47.47, Avg BPM=44, MIC=1432, GSR=3914"
2026-07-23T20:16:49.785,35.219,120624,47.47,44,1432,3946,,"IR=120624, BPM=47.47, Avg BPM=44, MIC=1432, GSR=3946"
2026-07-23T20:16:49.804,35.238,120648,47.47,44,1434,3926,,"IR=120648, BPM=47.47, Avg BPM=44, MIC=1434, GSR=3926"
2026-07-23T20:16:49.822,35.257,120644,47.47,44,1433,3928,,"IR=120644, BPM=47.47, Avg BPM=44, MIC=1433, GSR=3928"
2026-07-23T20:16:49.841,35.275,120657,47.47,44,1437,3913,,"IR=120657, BPM=47.47, Avg BPM=44, MIC=1437, GSR=3913"
2026-07-23T20:16:49.860,35.295,120655,47.47,44,1439,3917,,"IR=120655, BPM=47.47, Avg BPM=44, MIC=1439, GSR=3917"
2026-07-23T20:16:49.880,35.315,120656,47.47,44,1447,3927,,"IR=120656, BPM=47.47, Avg BPM=44, MIC=1447, GSR=3927"
2026-07-23T20:16:49.899,35.334,120669,47.47,44,1433,3916,,"IR=120669, BPM=47.47, Avg BPM=44, MIC=1433, GSR=3916"
2026-07-23T20:16:49.918,35.352,120686,47.47,44,1432,3919,,"IR=120686, BPM=47.47, Avg BPM=44, MIC=1432, GSR=3919"
2026-07-23T20:16:49.938,35.372,120700,47.47,44,1435,3916,,"IR=120700, BPM=47.47, Avg BPM=44, MIC=1435, GSR=3916"
2026-07-23T20:16:49.957,35.391,120717,47.47,44,1435,3933,,"IR=120717, BPM=47.47, Avg BPM=44, MIC=1435, GSR=3933"
2026-07-23T20:16:49.975,35.410,120722,47.47,44,1437,3932,,"IR=120722, BPM=47.47, Avg BPM=44, MIC=1437, GSR=3932"
2026-07-23T20:16:49.995,35.429,120722,47.47,44,1436,3934,,"IR=120722, BPM=47.47, Avg BPM=44, MIC=1436, GSR=3934"
2026-07-23T20:16:50.014,35.449,120729,47.47,44,1439,3935,,"IR=120729, BPM=47.47, Avg BPM=44, MIC=1439, GSR=3935"
2026-07-23T20:16:50.033,35.468,120746,47.47,44,1431,3919,,"IR=120746, BPM=47.47, Avg BPM=44, MIC=1431, GSR=3919"
2026-07-23T20:16:50.052,35.486,120762,47.47,44,1435,3917,,"IR=120762, BPM=47.47, Avg BPM=44, MIC=1435, GSR=3917"
2026-07-23T20:16:50.071,35.506,120774,47.47,44,1437,3914,,"IR=120774, BPM=47.47, Avg BPM=44, MIC=1437, GSR=3914"
2026-07-23T20:16:50.091,35.525,120758,47.47,44,1448,3928,,"IR=120758, BPM=47.47, Avg BPM=44, MIC=1448, GSR=3928"
2026-07-23T20:16:50.109,35.544,120721,47.47,44,1450,3930,,"IR=120721, BPM=47.47, Avg BPM=44, MIC=1450, GSR=3930"
2026-07-23T20:16:50.129,35.563,120711,47.47,44,1462,3927,,"IR=120711, BPM=47.47, Avg BPM=44, MIC=1462, GSR=3927"
2026-07-23T20:16:50.148,35.583,120696,47.47,44,1436,3912,,"IR=120696, BPM=47.47, Avg BPM=44, MIC=1436, GSR=3912"
2026-07-23T20:16:50.167,35.602,120707,47.47,44,1448,3931,,"IR=120707, BPM=47.47, Avg BPM=44, MIC=1448, GSR=3931"
2026-07-23T20:16:50.187,35.621,120706,47.47,44,1433,3926,,"IR=120706, BPM=47.47, Avg BPM=44, MIC=1433, GSR=3926"
2026-07-23T20:16:50.205,35.640,120707,47.47,44,1450,3917,,"IR=120707, BPM=47.47, Avg BPM=44, MIC=1450, GSR=3917"
2026-07-23T20:16:50.224,35.659,120711,47.47,44,1450,3931,,"IR=120711, BPM=47.47, Avg BPM=44, MIC=1450, GSR=3931"
