timestamp,elapsed_seconds,ir,bpm,avg_bpm,mic,note,raw
2026-07-05T15:58:12.613,2.032,724,0.0,0,255,No finger?,"IR=724, BPM=0.00, Avg BPM=0, MIC=255 No finger?"
2026-07-05T15:58:12.633,2.051,772,0.0,0,235,No finger?,"IR=772, BPM=0.00, Avg BPM=0, MIC=235 No finger?"
2026-07-05T15:58:12.650,2.069,792,0.0,0,206,No finger?,"IR=792, BPM=0.00, Avg BPM=0, MIC=206 No finger?"
2026-07-05T15:58:12.669,2.088,782,0.0,0,216,No finger?,"IR=782, BPM=0.00, Avg BPM=0, MIC=216 No finger?"
2026-07-05T15:58:12.689,2.108,756,0.0,0,247,No finger?,"IR=756, BPM=0.00, Avg BPM=0, MIC=247 No finger?"
2026-07-05T15:58:12.709,2.128,763,0.0,0,248,No finger?,"IR=763, BPM=0.00, Avg BPM=0, MIC=248 No finger?"
2026-07-05T15:58:12.727,2.146,818,0.0,0,232,No finger?,"IR=818, BPM=0.00, Avg BPM=0, MIC=232 No finger?"
2026-07-05T15:58:12.746,2.165,673,0.0,0,221,No finger?,"IR=673, BPM=0.00, Avg BPM=0, MIC=221 No finger?"
2026-07-05T15:58:12.765,2.184,823,0.0,0,205,No finger?,"IR=823, BPM=0.00, Avg BPM=0, MIC=205 No finger?"
2026-07-05T15:58:12.784,2.203,753,0.0,0,230,No finger?,"IR=753, BPM=0.00, Avg BPM=0, MIC=230 No finger?"
2026-07-05T15:58:12.803,2.222,706,0.0,0,248,No finger?,"IR=706, BPM=0.00, Avg BPM=0, MIC=248 No finger?"
2026-07-05T15:58:12.823,2.242,743,0.0,0,216,No finger?,"IR=743, BPM=0.00, Avg BPM=0, MIC=216 No finger?"
2026-07-05T15:58:12.842,2.261,751,0.0,0,251,No finger?,"IR=751, BPM=0.00, Avg BPM=0, MIC=251 No finger?"
2026-07-05T15:58:12.861,2.280,787,0.0,0,250,No finger?,"IR=787, BPM=0.00, Avg BPM=0, MIC=250 No finger?"
2026-07-05T15:58:12.880,2.299,753,0.0,0,254,No finger?,"IR=753, BPM=0.00, Avg BPM=0, MIC=254 No finger?"
2026-07-05T15:58:12.899,2.318,785,0.0,0,238,No finger?,"IR=785, BPM=0.00, Avg BPM=0, MIC=238 No finger?"
2026-07-05T15:58:12.918,2.337,817,0.0,0,248,No finger?,"IR=817, BPM=0.00, Avg BPM=0, MIC=248 No finger?"
2026-07-05T15:58:12.938,2.357,682,0.0,0,235,No finger?,"IR=682, BPM=0.00, Avg BPM=0, MIC=235 No finger?"
2026-07-05T15:58:12.957,2.376,823,0.0,0,233,No finger?,"IR=823, BPM=0.00, Avg BPM=0, MIC=233 No finger?"
2026-07-05T15:58:12.976,2.395,763,0.0,0,237,No finger?,"IR=763, BPM=0.00, Avg BPM=0, MIC=237 No finger?"
2026-07-05T15:58:12.996,2.414,703,0.0,0,219,No finger?,"IR=703, BPM=0.00, Avg BPM=0, MIC=219 No finger?"
2026-07-05T15:58:13.014,2.433,753,0.0,0,240,No finger?,"IR=753, BPM=0.00, Avg BPM=0, MIC=240 No finger?"
2026-07-05T15:58:13.033,2.452,728,0.0,0,255,No finger?,"IR=728, BPM=0.00, Avg BPM=0, MIC=255 No finger?"
2026-07-05T15:58:13.052,2.471,794,0.0,0,248,No finger?,"IR=794, BPM=0.00, Avg BPM=0, MIC=248 No finger?"
2026-07-05T15:58:13.072,2.491,691,0.0,0,251,No finger?,"IR=691, BPM=0.00, Avg BPM=0, MIC=251 No finger?"
2026-07-05T15:58:13.092,2.510,779,0.0,0,234,No finger?,"IR=779, BPM=0.00, Avg BPM=0, MIC=234 No finger?"
2026-07-05T15:58:13.110,2.529,815,0.0,0,205,No finger?,"IR=815, BPM=0.00, Avg BPM=0, MIC=205 No finger?"
2026-07-05T15:58:13.129,2.548,725,0.0,0,217,No finger?,"IR=725, BPM=0.00, Avg BPM=0, MIC=217 No finger?"
2026-07-05T15:58:13.148,2.567,851,0.0,0,201,No finger?,"IR=851, BPM=0.00, Avg BPM=0, MIC=201 No finger?"
2026-07-05T15:58:13.167,2.586,821,0.0,0,220,No finger?,"IR=821, BPM=0.00, Avg BPM=0, MIC=220 No finger?"
2026-07-05T15:58:13.186,2.605,723,0.0,0,219,No finger?,"IR=723, BPM=0.00, Avg BPM=0, MIC=219 No finger?"
2026-07-05T15:58:13.206,2.625,767,0.0,0,157,No finger?,"IR=767, BPM=0.00, Avg BPM=0, MIC=157 No finger?"
2026-07-05T15:58:13.225,2.644,734,0.0,0,188,No finger?,"IR=734, BPM=0.00, Avg BPM=0, MIC=188 No finger?"
2026-07-05T15:58:13.244,2.663,827,0.0,0,232,No finger?,"IR=827, BPM=0.00, Avg BPM=0, MIC=232 No finger?"
2026-07-05T15:58:13.263,2.682,710,0.0,0,203,No finger?,"IR=710, BPM=0.00, Avg BPM=0, MIC=203 No finger?"
2026-07-05T15:58:13.282,2.701,841,0.0,0,175,No finger?,"IR=841, BPM=0.00, Avg BPM=0, MIC=175 No finger?"
2026-07-05T15:58:13.301,2.720,816,0.0,0,188,No finger?,"IR=816, BPM=0.00, Avg BPM=0, MIC=188 No finger?"
2026-07-05T15:58:13.321,2.740,750,0.0,0,183,No finger?,"IR=750, BPM=0.00, Avg BPM=0, MIC=183 No finger?"
2026-07-05T15:58:13.340,2.759,859,0.44,0,159,No finger?,"IR=859, BPM=0.44, Avg BPM=0, MIC=159 No finger?"
2026-07-05T15:58:13.359,2.778,881,0.44,0,172,No finger?,"IR=881, BPM=0.44, Avg BPM=0, MIC=172 No finger?"
2026-07-05T15:58:13.378,2.797,818,0.44,0,202,No finger?,"IR=818, BPM=0.44, Avg BPM=0, MIC=202 No finger?"
2026-07-05T15:58:13.397,2.816,840,0.44,0,156,No finger?,"IR=840, BPM=0.44, Avg BPM=0, MIC=156 No finger?"
2026-07-05T15:58:13.416,2.835,783,0.44,0,174,No finger?,"IR=783, BPM=0.44, Avg BPM=0, MIC=174 No finger?"
2026-07-05T15:58:13.435,2.854,882,0.44,0,152,No finger?,"IR=882, BPM=0.44, Avg BPM=0, MIC=152 No finger?"
2026-07-05T15:58:13.455,2.874,708,0.44,0,171,No finger?,"IR=708, BPM=0.44, Avg BPM=0, MIC=171 No finger?"
2026-07-05T15:58:13.474,2.893,856,0.44,0,139,No finger?,"IR=856, BPM=0.44, Avg BPM=0, MIC=139 No finger?"
2026-07-05T15:58:13.493,2.912,808,0.44,0,140,No finger?,"IR=808, BPM=0.44, Avg BPM=0, MIC=140 No finger?"
2026-07-05T15:58:13.512,2.931,777,0.44,0,169,No finger?,"IR=777, BPM=0.44, Avg BPM=0, MIC=169 No finger?"
2026-07-05T15:58:13.531,2.950,868,0.44,0,157,No finger?,"IR=868, BPM=0.44, Avg BPM=0, MIC=157 No finger?"
2026-07-05T15:58:13.550,2.969,895,0.44,0,139,No finger?,"IR=895, BPM=0.44, Avg BPM=0, MIC=139 No finger?"
2026-07-05T15:58:13.569,2.988,827,0.44,0,128,No finger?,"IR=827, BPM=0.44, Avg BPM=0, MIC=128 No finger?"
2026-07-05T15:58:13.589,3.008,821,0.44,0,137,No finger?,"IR=821, BPM=0.44, Avg BPM=0, MIC=137 No finger?"
2026-07-05T15:58:13.608,3.027,804,0.44,0,139,No finger?,"IR=804, BPM=0.44, Avg BPM=0, MIC=139 No finger?"
2026-07-05T15:58:13.627,3.046,887,0.44,0,167,No finger?,"IR=887, BPM=0.44, Avg BPM=0, MIC=167 No finger?"
2026-07-05T15:58:13.646,3.065,732,0.44,0,156,No finger?,"IR=732, BPM=0.44, Avg BPM=0, MIC=156 No finger?"
2026-07-05T15:58:13.665,3.084,881,0.44,0,136,No finger?,"IR=881, BPM=0.44, Avg BPM=0, MIC=136 No finger?"
2026-07-05T15:58:13.684,3.103,799,0.44,0,170,No finger?,"IR=799, BPM=0.44, Avg BPM=0, MIC=170 No finger?"
2026-07-05T15:58:13.703,3.122,776,0.44,0,142,No finger?,"IR=776, BPM=0.44, Avg BPM=0, MIC=142 No finger?"
2026-07-05T15:58:13.723,3.142,852,0.44,0,186,No finger?,"IR=852, BPM=0.44, Avg BPM=0, MIC=186 No finger?"
2026-07-05T15:58:13.742,3.161,885,0.44,0,187,No finger?,"IR=885, BPM=0.44, Avg BPM=0, MIC=187 No finger?"
2026-07-05T15:58:13.761,3.180,876,0.44,0,217,No finger?,"IR=876, BPM=0.44, Avg BPM=0, MIC=217 No finger?"
2026-07-05T15:58:13.780,3.199,870,0.44,0,188,No finger?,"IR=870, BPM=0.44, Avg BPM=0, MIC=188 No finger?"
2026-07-05T15:58:13.799,3.218,859,0.44,0,189,No finger?,"IR=859, BPM=0.44, Avg BPM=0, MIC=189 No finger?"
2026-07-05T15:58:13.818,3.237,924,0.44,0,185,No finger?,"IR=924, BPM=0.44, Avg BPM=0, MIC=185 No finger?"
2026-07-05T15:58:13.838,3.257,750,0.44,0,189,No finger?,"IR=750, BPM=0.44, Avg BPM=0, MIC=189 No finger?"
2026-07-05T15:58:13.857,3.276,916,0.44,0,206,No finger?,"IR=916, BPM=0.44, Avg BPM=0, MIC=206 No finger?"
2026-07-05T15:58:13.876,3.295,832,0.44,0,187,No finger?,"IR=832, BPM=0.44, Avg BPM=0, MIC=187 No finger?"
2026-07-05T15:58:13.895,3.314,787,0.44,0,175,No finger?,"IR=787, BPM=0.44, Avg BPM=0, MIC=175 No finger?"
2026-07-05T15:58:13.914,3.333,833,0.44,0,168,No finger?,"IR=833, BPM=0.44, Avg BPM=0, MIC=168 No finger?"
2026-07-05T15:58:13.933,3.352,835,0.44,0,160,No finger?,"IR=835, BPM=0.44, Avg BPM=0, MIC=160 No finger?"
2026-07-05T15:58:13.952,3.371,831,0.44,0,140,No finger?,"IR=831, BPM=0.44, Avg BPM=0, MIC=140 No finger?"
2026-07-05T15:58:13.972,3.391,796,0.44,0,144,No finger?,"IR=796, BPM=0.44, Avg BPM=0, MIC=144 No finger?"
2026-07-05T15:58:13.991,3.410,823,0.44,0,120,No finger?,"IR=823, BPM=0.44, Avg BPM=0, MIC=120 No finger?"
2026-07-05T15:58:14.010,3.429,881,0.44,0,124,No finger?,"IR=881, BPM=0.44, Avg BPM=0, MIC=124 No finger?"
2026-07-05T15:58:14.029,3.448,753,0.44,0,189,No finger?,"IR=753, BPM=0.44, Avg BPM=0, MIC=189 No finger?"
2026-07-05T15:58:14.048,3.467,875,0.44,0,151,No finger?,"IR=875, BPM=0.44, Avg BPM=0, MIC=151 No finger?"
2026-07-05T15:58:14.067,3.486,808,0.44,0,108,No finger?,"IR=808, BPM=0.44, Avg BPM=0, MIC=108 No finger?"
2026-07-05T15:58:14.086,3.505,755,0.44,0,134,No finger?,"IR=755, BPM=0.44, Avg BPM=0, MIC=134 No finger?"
2026-07-05T15:58:14.106,3.525,794,0.44,0,109,No finger?,"IR=794, BPM=0.44, Avg BPM=0, MIC=109 No finger?"
2026-07-05T15:58:14.125,3.544,786,0.44,0,77,No finger?,"IR=786, BPM=0.44, Avg BPM=0, MIC=77 No finger?"
2026-07-05T15:58:14.144,3.563,844,0.44,0,75,No finger?,"IR=844, BPM=0.44, Avg BPM=0, MIC=75 No finger?"
2026-07-05T15:58:14.163,3.582,757,0.44,0,90,No finger?,"IR=757, BPM=0.44, Avg BPM=0, MIC=90 No finger?"
2026-07-05T15:58:14.182,3.601,826,0.44,0,94,No finger?,"IR=826, BPM=0.44, Avg BPM=0, MIC=94 No finger?"
2026-07-05T15:58:14.201,3.620,843,0.44,0,109,No finger?,"IR=843, BPM=0.44, Avg BPM=0, MIC=109 No finger?"
2026-07-05T15:58:14.221,3.640,734,0.44,0,95,No finger?,"IR=734, BPM=0.44, Avg BPM=0, MIC=95 No finger?"
2026-07-05T15:58:14.240,3.659,865,0.44,0,92,No finger?,"IR=865, BPM=0.44, Avg BPM=0, MIC=92 No finger?"
2026-07-05T15:58:14.259,3.678,840,0.44,0,109,No finger?,"IR=840, BPM=0.44, Avg BPM=0, MIC=109 No finger?"
2026-07-05T15:58:14.278,3.697,765,0.44,0,136,No finger?,"IR=765, BPM=0.44, Avg BPM=0, MIC=136 No finger?"
2026-07-05T15:58:14.297,3.716,800,0.44,0,109,No finger?,"IR=800, BPM=0.44, Avg BPM=0, MIC=109 No finger?"
2026-07-05T15:58:14.316,3.735,754,0.44,0,184,No finger?,"IR=754, BPM=0.44, Avg BPM=0, MIC=184 No finger?"
2026-07-05T15:58:14.335,3.754,814,0.44,0,153,No finger?,"IR=814, BPM=0.44, Avg BPM=0, MIC=153 No finger?"
2026-07-05T15:58:14.356,3.775,715,0.44,0,182,No finger?,"IR=715, BPM=0.44, Avg BPM=0, MIC=182 No finger?"
2026-07-05T15:58:14.374,3.793,820,0.44,0,152,No finger?,"IR=820, BPM=0.44, Avg BPM=0, MIC=152 No finger?"
2026-07-05T15:58:14.393,3.812,833,0.44,0,205,No finger?,"IR=833, BPM=0.44, Avg BPM=0, MIC=205 No finger?"
2026-07-05T15:58:14.413,3.831,761,0.44,0,187,No finger?,"IR=761, BPM=0.44, Avg BPM=0, MIC=187 No finger?"
2026-07-05T15:58:14.431,3.850,867,0.44,0,183,No finger?,"IR=867, BPM=0.44, Avg BPM=0, MIC=183 No finger?"
2026-07-05T15:58:14.450,3.869,870,0.44,0,203,No finger?,"IR=870, BPM=0.44, Avg BPM=0, MIC=203 No finger?"
2026-07-05T15:58:14.469,3.888,773,0.44,0,183,No finger?,"IR=773, BPM=0.44, Avg BPM=0, MIC=183 No finger?"
2026-07-05T15:58:14.489,3.908,801,0.44,0,169,No finger?,"IR=801, BPM=0.44, Avg BPM=0, MIC=169 No finger?"
2026-07-05T15:58:14.509,3.928,756,0.44,0,191,No finger?,"IR=756, BPM=0.44, Avg BPM=0, MIC=191 No finger?"
2026-07-05T15:58:14.528,3.946,851,0.44,0,185,No finger?,"IR=851, BPM=0.44, Avg BPM=0, MIC=185 No finger?"
2026-07-05T15:58:14.546,3.965,740,0.44,0,187,No finger?,"IR=740, BPM=0.44, Avg BPM=0, MIC=187 No finger?"
2026-07-05T15:58:14.565,3.984,884,0.44,0,187,No finger?,"IR=884, BPM=0.44, Avg BPM=0, MIC=187 No finger?"
2026-07-05T15:58:14.584,4.003,863,0.44,0,171,No finger?,"IR=863, BPM=0.44, Avg BPM=0, MIC=171 No finger?"
2026-07-05T15:58:14.604,4.023,820,0.44,0,185,No finger?,"IR=820, BPM=0.44, Avg BPM=0, MIC=185 No finger?"
2026-07-05T15:58:14.623,4.042,973,0.44,0,166,No finger?,"IR=973, BPM=0.44, Avg BPM=0, MIC=166 No finger?"
2026-07-05T15:58:14.642,4.061,1064,0.44,0,203,No finger?,"IR=1064, BPM=0.44, Avg BPM=0, MIC=203 No finger?"
2026-07-05T15:58:14.661,4.080,1087,45.42,11,172,No finger?,"IR=1087, BPM=45.42, Avg BPM=11, MIC=172 No finger?"
2026-07-05T15:58:14.680,4.099,1178,45.42,11,203,No finger?,"IR=1178, BPM=45.42, Avg BPM=11, MIC=203 No finger?"
2026-07-05T15:58:14.699,4.118,1188,45.42,11,159,No finger?,"IR=1188, BPM=45.42, Avg BPM=11, MIC=159 No finger?"
2026-07-05T15:58:14.718,4.137,1336,45.42,11,189,No finger?,"IR=1336, BPM=45.42, Avg BPM=11, MIC=189 No finger?"
2026-07-05T15:58:14.738,4.157,1324,45.42,11,207,No finger?,"IR=1324, BPM=45.42, Avg BPM=11, MIC=207 No finger?"
2026-07-05T15:58:14.757,4.176,1751,45.42,11,184,No finger?,"IR=1751, BPM=45.42, Avg BPM=11, MIC=184 No finger?"
2026-07-05T15:58:14.776,4.195,2125,45.42,11,183,No finger?,"IR=2125, BPM=45.42, Avg BPM=11, MIC=183 No finger?"
2026-07-05T15:58:14.795,4.214,2718,45.42,11,174,No finger?,"IR=2718, BPM=45.42, Avg BPM=11, MIC=174 No finger?"
2026-07-05T15:58:14.814,4.233,3635,45.42,11,188,No finger?,"IR=3635, BPM=45.42, Avg BPM=11, MIC=188 No finger?"
2026-07-05T15:58:14.833,4.252,4308,45.42,11,159,No finger?,"IR=4308, BPM=45.42, Avg BPM=11, MIC=159 No finger?"
2026-07-05T15:58:14.852,4.271,3947,45.42,11,167,No finger?,"IR=3947, BPM=45.42, Avg BPM=11, MIC=167 No finger?"
2026-07-05T15:58:14.872,4.291,3073,45.42,11,189,No finger?,"IR=3073, BPM=45.42, Avg BPM=11, MIC=189 No finger?"
2026-07-05T15:58:14.891,4.310,2754,45.42,11,184,No finger?,"IR=2754, BPM=45.42, Avg BPM=11, MIC=184 No finger?"
2026-07-05T15:58:14.910,4.329,3302,45.42,11,152,No finger?,"IR=3302, BPM=45.42, Avg BPM=11, MIC=152 No finger?"
2026-07-05T15:58:14.930,4.348,3948,45.42,11,183,No finger?,"IR=3948, BPM=45.42, Avg BPM=11, MIC=183 No finger?"
2026-07-05T15:58:14.948,4.367,4830,45.42,11,188,No finger?,"IR=4830, BPM=45.42, Avg BPM=11, MIC=188 No finger?"
2026-07-05T15:58:14.967,4.386,5233,45.42,11,160,No finger?,"IR=5233, BPM=45.42, Avg BPM=11, MIC=160 No finger?"
2026-07-05T15:58:14.986,4.405,5496,45.42,11,184,No finger?,"IR=5496, BPM=45.42, Avg BPM=11, MIC=184 No finger?"
2026-07-05T15:58:15.006,4.425,5937,45.42,11,173,No finger?,"IR=5937, BPM=45.42, Avg BPM=11, MIC=173 No finger?"
2026-07-05T15:58:15.025,4.444,6451,45.42,11,126,No finger?,"IR=6451, BPM=45.42, Avg BPM=11, MIC=126 No finger?"
2026-07-05T15:58:15.044,4.463,6937,45.42,11,142,No finger?,"IR=6937, BPM=45.42, Avg BPM=11, MIC=142 No finger?"
2026-07-05T15:58:15.063,4.482,7350,45.42,11,95,No finger?,"IR=7350, BPM=45.42, Avg BPM=11, MIC=95 No finger?"
2026-07-05T15:58:15.082,4.501,7821,45.42,11,125,No finger?,"IR=7821, BPM=45.42, Avg BPM=11, MIC=125 No finger?"
2026-07-05T15:58:15.101,4.520,8200,45.42,11,110,No finger?,"IR=8200, BPM=45.42, Avg BPM=11, MIC=110 No finger?"
2026-07-05T15:58:15.121,4.540,8090,45.42,11,95,No finger?,"IR=8090, BPM=45.42, Avg BPM=11, MIC=95 No finger?"
2026-07-05T15:58:15.140,4.559,8460,45.42,11,119,No finger?,"IR=8460, BPM=45.42, Avg BPM=11, MIC=119 No finger?"
2026-07-05T15:58:15.159,4.578,8778,45.42,11,94,No finger?,"IR=8778, BPM=45.42, Avg BPM=11, MIC=94 No finger?"
2026-07-05T15:58:15.179,4.597,9083,45.42,11,91,No finger?,"IR=9083, BPM=45.42, Avg BPM=11, MIC=91 No finger?"
2026-07-05T15:58:15.197,4.616,9122,45.42,11,109,No finger?,"IR=9122, BPM=45.42, Avg BPM=11, MIC=109 No finger?"
2026-07-05T15:58:15.216,4.635,9479,45.42,11,108,No finger?,"IR=9479, BPM=45.42, Avg BPM=11, MIC=108 No finger?"
2026-07-05T15:58:15.235,4.654,12342,45.42,11,125,No finger?,"IR=12342, BPM=45.42, Avg BPM=11, MIC=125 No finger?"
2026-07-05T15:58:15.255,4.674,18772,45.42,11,144,No finger?,"IR=18772, BPM=45.42, Avg BPM=11, MIC=144 No finger?"
2026-07-05T15:58:15.274,4.693,29541,45.42,11,152,No finger?,"IR=29541, BPM=45.42, Avg BPM=11, MIC=152 No finger?"
2026-07-05T15:58:15.293,4.712,45778,45.42,11,141,No finger?,"IR=45778, BPM=45.42, Avg BPM=11, MIC=141 No finger?"
2026-07-05T15:58:15.312,4.730,63810,45.42,11,141,,"IR=63810, BPM=45.42, Avg BPM=11, MIC=141"
2026-07-05T15:58:15.331,4.749,76391,45.42,11,136,,"IR=76391, BPM=45.42, Avg BPM=11, MIC=136"
2026-07-05T15:58:15.350,4.769,86477,45.42,11,121,,"IR=86477, BPM=45.42, Avg BPM=11, MIC=121"
2026-07-05T15:58:15.369,4.788,92707,45.42,11,140,,"IR=92707, BPM=45.42, Avg BPM=11, MIC=140"
2026-07-05T15:58:15.389,4.808,95711,45.42,11,154,,"IR=95711, BPM=45.42, Avg BPM=11, MIC=154"
2026-07-05T15:58:15.408,4.827,95069,45.42,11,134,,"IR=95069, BPM=45.42, Avg BPM=11, MIC=134"
2026-07-05T15:58:15.427,4.846,90468,45.42,11,126,,"IR=90468, BPM=45.42, Avg BPM=11, MIC=126"
2026-07-05T15:58:15.446,4.865,83453,45.42,11,141,,"IR=83453, BPM=45.42, Avg BPM=11, MIC=141"
2026-07-05T15:58:15.465,4.884,76495,45.42,11,88,,"IR=76495, BPM=45.42, Avg BPM=11, MIC=88"
2026-07-05T15:58:15.484,4.903,64148,45.42,11,123,,"IR=64148, BPM=45.42, Avg BPM=11, MIC=123"
2026-07-05T15:58:15.504,4.923,49792,45.42,11,120,No finger?,"IR=49792, BPM=45.42, Avg BPM=11, MIC=120 No finger?"
2026-07-05T15:58:15.524,4.942,39577,45.42,11,126,No finger?,"IR=39577, BPM=45.42, Avg BPM=11, MIC=126 No finger?"
2026-07-05T15:58:15.542,4.961,33048,45.42,11,92,No finger?,"IR=33048, BPM=45.42, Avg BPM=11, MIC=92 No finger?"
2026-07-05T15:58:15.561,4.980,28770,45.42,11,110,No finger?,"IR=28770, BPM=45.42, Avg BPM=11, MIC=110 No finger?"
2026-07-05T15:58:15.580,4.999,24760,45.42,11,126,No finger?,"IR=24760, BPM=45.42, Avg BPM=11, MIC=126 No finger?"
2026-07-05T15:58:15.599,5.018,19925,45.42,11,94,No finger?,"IR=19925, BPM=45.42, Avg BPM=11, MIC=94 No finger?"
2026-07-05T15:58:15.618,5.037,14588,45.42,11,152,No finger?,"IR=14588, BPM=45.42, Avg BPM=11, MIC=152 No finger?"
2026-07-05T15:58:15.638,5.057,9168,45.42,11,111,No finger?,"IR=9168, BPM=45.42, Avg BPM=11, MIC=111 No finger?"
2026-07-05T15:58:15.657,5.076,5298,45.42,11,136,No finger?,"IR=5298, BPM=45.42, Avg BPM=11, MIC=136 No finger?"
2026-07-05T15:58:15.676,5.095,2990,45.42,11,125,No finger?,"IR=2990, BPM=45.42, Avg BPM=11, MIC=125 No finger?"
2026-07-05T15:58:15.695,5.114,1834,45.42,11,156,No finger?,"IR=1834, BPM=45.42, Avg BPM=11, MIC=156 No finger?"
2026-07-05T15:58:15.714,5.133,1455,45.42,11,110,No finger?,"IR=1455, BPM=45.42, Avg BPM=11, MIC=110 No finger?"
2026-07-05T15:58:15.733,5.152,1270,45.42,11,121,No finger?,"IR=1270, BPM=45.42, Avg BPM=11, MIC=121 No finger?"
2026-07-05T15:58:15.752,5.171,1119,45.42,11,106,No finger?,"IR=1119, BPM=45.42, Avg BPM=11, MIC=106 No finger?"
2026-07-05T15:58:15.772,5.191,1136,45.42,11,142,No finger?,"IR=1136, BPM=45.42, Avg BPM=11, MIC=142 No finger?"
2026-07-05T15:58:15.791,5.210,1076,45.42,11,122,No finger?,"IR=1076, BPM=45.42, Avg BPM=11, MIC=122 No finger?"
2026-07-05T15:58:15.810,5.229,1185,45.42,11,137,No finger?,"IR=1185, BPM=45.42, Avg BPM=11, MIC=137 No finger?"
2026-07-05T15:58:15.829,5.248,1032,45.42,11,150,No finger?,"IR=1032, BPM=45.42, Avg BPM=11, MIC=150 No finger?"
2026-07-05T15:58:15.848,5.267,1181,45.42,11,111,No finger?,"IR=1181, BPM=45.42, Avg BPM=11, MIC=111 No finger?"
2026-07-05T15:58:15.867,5.286,1140,45.42,11,156,No finger?,"IR=1140, BPM=45.42, Avg BPM=11, MIC=156 No finger?"
2026-07-05T15:58:15.887,5.306,1076,45.42,11,126,No finger?,"IR=1076, BPM=45.42, Avg BPM=11, MIC=126 No finger?"
2026-07-05T15:58:15.906,5.325,1185,45.42,11,140,No finger?,"IR=1185, BPM=45.42, Avg BPM=11, MIC=140 No finger?"
2026-07-05T15:58:15.925,5.344,1209,45.42,11,126,No finger?,"IR=1209, BPM=45.42, Avg BPM=11, MIC=126 No finger?"
2026-07-05T15:58:15.944,5.363,1142,45.42,11,125,No finger?,"IR=1142, BPM=45.42, Avg BPM=11, MIC=125 No finger?"
2026-07-05T15:58:15.963,5.382,1158,45.42,11,123,No finger?,"IR=1158, BPM=45.42, Avg BPM=11, MIC=123 No finger?"
2026-07-05T15:58:15.982,5.401,1111,45.42,11,139,No finger?,"IR=1111, BPM=45.42, Avg BPM=11, MIC=139 No finger?"
2026-07-05T15:58:16.001,5.420,1188,45.42,11,120,No finger?,"IR=1188, BPM=45.42, Avg BPM=11, MIC=120 No finger?"
2026-07-05T15:58:16.021,5.440,1008,45.42,11,149,No finger?,"IR=1008, BPM=45.42, Avg BPM=11, MIC=149 No finger?"
2026-07-05T15:58:16.040,5.459,1185,45.42,11,102,No finger?,"IR=1185, BPM=45.42, Avg BPM=11, MIC=102 No finger?"
2026-07-05T15:58:16.059,5.478,1121,45.42,11,89,No finger?,"IR=1121, BPM=45.42, Avg BPM=11, MIC=89 No finger?"
2026-07-05T15:58:16.078,5.497,1100,45.42,11,90,No finger?,"IR=1100, BPM=45.42, Avg BPM=11, MIC=90 No finger?"
2026-07-05T15:58:16.097,5.516,1190,45.42,11,73,No finger?,"IR=1190, BPM=45.42, Avg BPM=11, MIC=73 No finger?"
2026-07-05T15:58:16.116,5.535,1211,45.42,11,93,No finger?,"IR=1211, BPM=45.42, Avg BPM=11, MIC=93 No finger?"
2026-07-05T15:58:16.135,5.554,1155,45.42,11,94,No finger?,"IR=1155, BPM=45.42, Avg BPM=11, MIC=94 No finger?"
2026-07-05T15:58:16.155,5.574,1158,45.42,11,78,No finger?,"IR=1158, BPM=45.42, Avg BPM=11, MIC=78 No finger?"
2026-07-05T15:58:16.174,5.593,1139,45.42,11,78,No finger?,"IR=1139, BPM=45.42, Avg BPM=11, MIC=78 No finger?"
2026-07-05T15:58:16.193,5.612,1206,45.42,11,92,No finger?,"IR=1206, BPM=45.42, Avg BPM=11, MIC=92 No finger?"
2026-07-05T15:58:16.212,5.630,1038,45.42,11,94,No finger?,"IR=1038, BPM=45.42, Avg BPM=11, MIC=94 No finger?"
2026-07-05T15:58:16.231,5.650,1202,45.42,11,109,No finger?,"IR=1202, BPM=45.42, Avg BPM=11, MIC=109 No finger?"
2026-07-05T15:58:16.250,5.669,1111,45.42,11,89,No finger?,"IR=1111, BPM=45.42, Avg BPM=11, MIC=89 No finger?"
2026-07-05T15:58:16.269,5.688,1081,45.42,11,107,No finger?,"IR=1081, BPM=45.42, Avg BPM=11, MIC=107 No finger?"
2026-07-05T15:58:16.289,5.708,1140,45.42,11,122,No finger?,"IR=1140, BPM=45.42, Avg BPM=11, MIC=122 No finger?"
2026-07-05T15:58:16.309,5.727,1175,45.42,11,154,No finger?,"IR=1175, BPM=45.42, Avg BPM=11, MIC=154 No finger?"
2026-07-05T15:58:16.327,5.746,1177,45.42,11,108,No finger?,"IR=1177, BPM=45.42, Avg BPM=11, MIC=108 No finger?"
2026-07-05T15:58:16.346,5.765,1144,45.42,11,122,No finger?,"IR=1144, BPM=45.42, Avg BPM=11, MIC=122 No finger?"
2026-07-05T15:58:16.365,5.784,1155,45.42,11,140,No finger?,"IR=1155, BPM=45.42, Avg BPM=11, MIC=140 No finger?"
2026-07-05T15:58:16.384,5.803,1198,45.42,11,120,No finger?,"IR=1198, BPM=45.42, Avg BPM=11, MIC=120 No finger?"
2026-07-05T15:58:16.404,5.823,1035,45.42,11,108,No finger?,"IR=1035, BPM=45.42, Avg BPM=11, MIC=108 No finger?"
2026-07-05T15:58:16.423,5.842,1190,45.42,11,105,No finger?,"IR=1190, BPM=45.42, Avg BPM=11, MIC=105 No finger?"
2026-07-05T15:58:16.442,5.861,1122,45.42,11,80,No finger?,"IR=1122, BPM=45.42, Avg BPM=11, MIC=80 No finger?"
2026-07-05T15:58:16.461,5.880,1085,45.42,11,106,No finger?,"IR=1085, BPM=45.42, Avg BPM=11, MIC=106 No finger?"
2026-07-05T15:58:16.480,5.899,1135,45.42,11,80,No finger?,"IR=1135, BPM=45.42, Avg BPM=11, MIC=80 No finger?"
2026-07-05T15:58:16.499,5.918,1159,45.42,11,89,No finger?,"IR=1159, BPM=45.42, Avg BPM=11, MIC=89 No finger?"
2026-07-05T15:58:16.519,5.937,1186,45.42,11,75,No finger?,"IR=1186, BPM=45.42, Avg BPM=11, MIC=75 No finger?"
2026-07-05T15:58:16.538,5.957,1151,45.42,11,80,No finger?,"IR=1151, BPM=45.42, Avg BPM=11, MIC=80 No finger?"
2026-07-05T15:58:16.557,5.976,1215,45.42,11,78,No finger?,"IR=1215, BPM=45.42, Avg BPM=11, MIC=78 No finger?"
2026-07-05T15:58:16.577,5.995,1266,45.42,11,103,No finger?,"IR=1266, BPM=45.42, Avg BPM=11, MIC=103 No finger?"
2026-07-05T15:58:16.595,6.014,1146,45.42,11,89,No finger?,"IR=1146, BPM=45.42, Avg BPM=11, MIC=89 No finger?"
2026-07-05T15:58:16.614,6.033,1246,45.42,11,90,No finger?,"IR=1246, BPM=45.42, Avg BPM=11, MIC=90 No finger?"
2026-07-05T15:58:16.633,6.052,1169,45.42,11,79,No finger?,"IR=1169, BPM=45.42, Avg BPM=11, MIC=79 No finger?"
2026-07-05T15:58:16.652,6.071,1091,45.42,11,88,No finger?,"IR=1091, BPM=45.42, Avg BPM=11, MIC=88 No finger?"
2026-07-05T15:58:16.672,6.091,1118,45.42,11,78,No finger?,"IR=1118, BPM=45.42, Avg BPM=11, MIC=78 No finger?"
2026-07-05T15:58:16.691,6.110,1100,45.42,11,107,No finger?,"IR=1100, BPM=45.42, Avg BPM=11, MIC=107 No finger?"
2026-07-05T15:58:16.710,6.129,1141,45.42,11,119,No finger?,"IR=1141, BPM=45.42, Avg BPM=11, MIC=119 No finger?"
2026-07-05T15:58:16.729,6.148,1068,45.42,11,111,No finger?,"IR=1068, BPM=45.42, Avg BPM=11, MIC=111 No finger?"
2026-07-05T15:58:16.748,6.167,1116,45.42,11,137,No finger?,"IR=1116, BPM=45.42, Avg BPM=11, MIC=137 No finger?"
2026-07-05T15:58:16.767,6.186,1121,45.42,11,169,No finger?,"IR=1121, BPM=45.42, Avg BPM=11, MIC=169 No finger?"
2026-07-05T15:58:16.787,6.206,1026,45.42,11,126,No finger?,"IR=1026, BPM=45.42, Avg BPM=11, MIC=126 No finger?"
2026-07-05T15:58:16.806,6.225,1136,45.42,11,155,No finger?,"IR=1136, BPM=45.42, Avg BPM=11, MIC=155 No finger?"
2026-07-05T15:58:16.825,6.244,1100,45.42,11,135,No finger?,"IR=1100, BPM=45.42, Avg BPM=11, MIC=135 No finger?"
2026-07-05T15:58:16.844,6.263,1029,45.42,11,125,No finger?,"IR=1029, BPM=45.42, Avg BPM=11, MIC=125 No finger?"
2026-07-05T15:58:16.863,6.282,1057,45.42,11,170,No finger?,"IR=1057, BPM=45.42, Avg BPM=11, MIC=170 No finger?"
2026-07-05T15:58:16.882,6.301,1013,45.42,11,156,No finger?,"IR=1013, BPM=45.42, Avg BPM=11, MIC=156 No finger?"
2026-07-05T15:58:16.901,6.320,1075,45.42,11,151,No finger?,"IR=1075, BPM=45.42, Avg BPM=11, MIC=151 No finger?"
2026-07-05T15:58:16.921,6.340,986,45.42,11,136,No finger?,"IR=986, BPM=45.42, Avg BPM=11, MIC=136 No finger?"
2026-07-05T15:58:16.940,6.359,1066,45.42,11,232,No finger?,"IR=1066, BPM=45.42, Avg BPM=11, MIC=232 No finger?"
2026-07-05T15:58:16.959,6.378,1074,45.42,11,239,No finger?,"IR=1074, BPM=45.42, Avg BPM=11, MIC=239 No finger?"
2026-07-05T15:58:16.978,6.397,1012,45.42,11,254,No finger?,"IR=1012, BPM=45.42, Avg BPM=11, MIC=254 No finger?"
2026-07-05T15:58:16.997,6.416,1097,45.42,11,265,No finger?,"IR=1097, BPM=45.42, Avg BPM=11, MIC=265 No finger?"
2026-07-05T15:58:17.016,6.435,1073,45.42,11,279,No finger?,"IR=1073, BPM=45.42, Avg BPM=11, MIC=279 No finger?"
2026-07-05T15:58:17.035,6.454,987,45.42,11,319,No finger?,"IR=987, BPM=45.42, Avg BPM=11, MIC=319 No finger?"
2026-07-05T15:58:17.055,6.474,1014,45.42,11,326,No finger?,"IR=1014, BPM=45.42, Avg BPM=11, MIC=326 No finger?"
2026-07-05T15:58:17.074,6.493,971,45.42,11,334,No finger?,"IR=971, BPM=45.42, Avg BPM=11, MIC=334 No finger?"
2026-07-05T15:58:17.093,6.512,1066,45.42,11,341,No finger?,"IR=1066, BPM=45.42, Avg BPM=11, MIC=341 No finger?"
2026-07-05T15:58:17.112,6.531,942,45.42,11,361,No finger?,"IR=942, BPM=45.42, Avg BPM=11, MIC=361 No finger?"
2026-07-05T15:58:17.131,6.550,1060,45.42,11,379,No finger?,"IR=1060, BPM=45.42, Avg BPM=11, MIC=379 No finger?"
2026-07-05T15:58:17.150,6.569,1041,45.42,11,410,No finger?,"IR=1041, BPM=45.42, Avg BPM=11, MIC=410 No finger?"
2026-07-05T15:58:17.170,6.589,966,45.42,11,443,No finger?,"IR=966, BPM=45.42, Avg BPM=11, MIC=443 No finger?"
2026-07-05T15:58:17.189,6.608,1068,45.42,11,441,No finger?,"IR=1068, BPM=45.42, Avg BPM=11, MIC=441 No finger?"
2026-07-05T15:58:17.208,6.627,1108,45.42,11,476,No finger?,"IR=1108, BPM=45.42, Avg BPM=11, MIC=476 No finger?"
2026-07-05T15:58:17.227,6.646,1055,45.42,11,459,No finger?,"IR=1055, BPM=45.42, Avg BPM=11, MIC=459 No finger?"
2026-07-05T15:58:17.246,6.665,1086,45.42,11,474,No finger?,"IR=1086, BPM=45.42, Avg BPM=11, MIC=474 No finger?"
2026-07-05T15:58:17.265,6.684,1053,45.42,11,490,No finger?,"IR=1053, BPM=45.42, Avg BPM=11, MIC=490 No finger?"
2026-07-05T15:58:17.284,6.703,1149,45.42,11,487,No finger?,"IR=1149, BPM=45.42, Avg BPM=11, MIC=487 No finger?"
2026-07-05T15:58:17.304,6.723,986,45.42,11,523,No finger?,"IR=986, BPM=45.42, Avg BPM=11, MIC=523 No finger?"
2026-07-05T15:58:17.323,6.742,1146,45.42,11,507,No finger?,"IR=1146, BPM=45.42, Avg BPM=11, MIC=507 No finger?"
2026-07-05T15:58:17.342,6.761,1109,45.42,11,506,No finger?,"IR=1109, BPM=45.42, Avg BPM=11, MIC=506 No finger?"
2026-07-05T15:58:17.361,6.780,1071,45.42,11,480,No finger?,"IR=1071, BPM=45.42, Avg BPM=11, MIC=480 No finger?"
2026-07-05T15:58:17.380,6.799,1166,45.42,11,523,No finger?,"IR=1166, BPM=45.42, Avg BPM=11, MIC=523 No finger?"
2026-07-05T15:58:17.399,6.818,1178,45.42,11,506,No finger?,"IR=1178, BPM=45.42, Avg BPM=11, MIC=506 No finger?"
2026-07-05T15:58:17.418,6.837,1099,45.42,11,494,No finger?,"IR=1099, BPM=45.42, Avg BPM=11, MIC=494 No finger?"
2026-07-05T15:58:17.438,6.857,1116,45.42,11,524,No finger?,"IR=1116, BPM=45.42, Avg BPM=11, MIC=524 No finger?"
2026-07-05T15:58:17.457,6.876,1099,45.42,11,509,No finger?,"IR=1099, BPM=45.42, Avg BPM=11, MIC=509 No finger?"
2026-07-05T15:58:17.477,6.895,1187,45.42,11,489,No finger?,"IR=1187, BPM=45.42, Avg BPM=11, MIC=489 No finger?"
2026-07-05T15:58:17.495,6.914,1014,45.42,11,487,No finger?,"IR=1014, BPM=45.42, Avg BPM=11, MIC=487 No finger?"
2026-07-05T15:58:17.514,6.933,1163,45.42,11,508,No finger?,"IR=1163, BPM=45.42, Avg BPM=11, MIC=508 No finger?"
2026-07-05T15:58:17.533,6.952,1085,45.42,11,477,No finger?,"IR=1085, BPM=45.42, Avg BPM=11, MIC=477 No finger?"
2026-07-05T15:58:17.552,6.971,1053,45.42,11,522,No finger?,"IR=1053, BPM=45.42, Avg BPM=11, MIC=522 No finger?"
2026-07-05T15:58:17.572,6.991,1142,45.42,11,487,No finger?,"IR=1142, BPM=45.42, Avg BPM=11, MIC=487 No finger?"
2026-07-05T15:58:17.591,7.010,1175,45.42,11,488,No finger?,"IR=1175, BPM=45.42, Avg BPM=11, MIC=488 No finger?"
2026-07-05T15:58:17.610,7.029,1150,45.42,11,490,No finger?,"IR=1150, BPM=45.42, Avg BPM=11, MIC=490 No finger?"
2026-07-05T15:58:17.629,7.048,1140,45.42,11,475,No finger?,"IR=1140, BPM=45.42, Avg BPM=11, MIC=475 No finger?"
2026-07-05T15:58:17.648,7.067,1132,45.42,11,460,No finger?,"IR=1132, BPM=45.42, Avg BPM=11, MIC=460 No finger?"
2026-07-05T15:58:17.667,7.086,1195,45.42,11,427,No finger?,"IR=1195, BPM=45.42, Avg BPM=11, MIC=427 No finger?"
2026-07-05T15:58:17.687,7.106,1027,45.42,11,454,No finger?,"IR=1027, BPM=45.42, Avg BPM=11, MIC=454 No finger?"
2026-07-05T15:58:17.706,7.125,1186,45.42,11,428,No finger?,"IR=1186, BPM=45.42, Avg BPM=11, MIC=428 No finger?"
2026-07-05T15:58:17.725,7.144,1108,45.42,11,462,No finger?,"IR=1108, BPM=45.42, Avg BPM=11, MIC=462 No finger?"
2026-07-05T15:58:17.745,7.163,1089,45.42,11,471,No finger?,"IR=1089, BPM=45.42, Avg BPM=11, MIC=471 No finger?"
2026-07-05T15:58:17.763,7.182,1160,45.42,11,444,No finger?,"IR=1160, BPM=45.42, Avg BPM=11, MIC=444 No finger?"
2026-07-05T15:58:17.782,7.201,1191,45.42,11,424,No finger?,"IR=1191, BPM=45.42, Avg BPM=11, MIC=424 No finger?"
2026-07-05T15:58:17.801,7.220,1186,45.42,11,458,No finger?,"IR=1186, BPM=45.42, Avg BPM=11, MIC=458 No finger?"
2026-07-05T15:58:17.821,7.240,1152,45.42,11,453,No finger?,"IR=1152, BPM=45.42, Avg BPM=11, MIC=453 No finger?"
2026-07-05T15:58:17.840,7.259,1163,45.42,11,441,No finger?,"IR=1163, BPM=45.42, Avg BPM=11, MIC=441 No finger?"
2026-07-05T15:58:17.859,7.278,1230,45.42,11,425,No finger?,"IR=1230, BPM=45.42, Avg BPM=11, MIC=425 No finger?"
2026-07-05T15:58:17.878,7.297,1091,45.42,11,429,No finger?,"IR=1091, BPM=45.42, Avg BPM=11, MIC=429 No finger?"
2026-07-05T15:58:17.897,7.316,1238,45.42,11,416,No finger?,"IR=1238, BPM=45.42, Avg BPM=11, MIC=416 No finger?"
2026-07-05T15:58:17.916,7.335,1151,45.42,11,438,No finger?,"IR=1151, BPM=45.42, Avg BPM=11, MIC=438 No finger?"
2026-07-05T15:58:17.935,7.354,1100,45.42,11,426,No finger?,"IR=1100, BPM=45.42, Avg BPM=11, MIC=426 No finger?"
2026-07-05T15:58:17.955,7.374,1144,45.42,11,423,No finger?,"IR=1144, BPM=45.42, Avg BPM=11, MIC=423 No finger?"
2026-07-05T15:58:17.974,7.393,1167,45.42,11,425,No finger?,"IR=1167, BPM=45.42, Avg BPM=11, MIC=425 No finger?"
2026-07-05T15:58:17.993,7.412,1195,45.42,11,426,No finger?,"IR=1195, BPM=45.42, Avg BPM=11, MIC=426 No finger?"
2026-07-05T15:58:18.012,7.431,1147,45.42,11,411,No finger?,"IR=1147, BPM=45.42, Avg BPM=11, MIC=411 No finger?"
2026-07-05T15:58:18.031,7.450,1177,45.42,11,408,No finger?,"IR=1177, BPM=45.42, Avg BPM=11, MIC=408 No finger?"
2026-07-05T15:58:18.050,7.469,1216,45.42,11,421,No finger?,"IR=1216, BPM=45.42, Avg BPM=11, MIC=421 No finger?"
2026-07-05T15:58:18.070,7.489,1074,45.42,11,423,No finger?,"IR=1074, BPM=45.42, Avg BPM=11, MIC=423 No finger?"
2026-07-05T15:58:18.089,7.508,1225,45.42,11,408,No finger?,"IR=1225, BPM=45.42, Avg BPM=11, MIC=408 No finger?"
2026-07-05T15:58:18.108,7.527,1177,45.42,11,406,No finger?,"IR=1177, BPM=45.42, Avg BPM=11, MIC=406 No finger?"
2026-07-05T15:58:18.127,7.546,1126,45.42,11,394,No finger?,"IR=1126, BPM=45.42, Avg BPM=11, MIC=394 No finger?"
2026-07-05T15:58:18.146,7.565,1170,45.42,11,399,No finger?,"IR=1170, BPM=45.42, Avg BPM=11, MIC=399 No finger?"
2026-07-05T15:58:18.165,7.584,1151,45.42,11,396,No finger?,"IR=1151, BPM=45.42, Avg BPM=11, MIC=396 No finger?"
2026-07-05T15:58:18.184,7.603,1204,45.42,11,400,No finger?,"IR=1204, BPM=45.42, Avg BPM=11, MIC=400 No finger?"
2026-07-05T15:58:18.204,7.623,1130,45.42,11,393,No finger?,"IR=1130, BPM=45.42, Avg BPM=11, MIC=393 No finger?"
2026-07-05T15:58:18.224,7.642,1211,45.42,11,379,No finger?,"IR=1211, BPM=45.42, Avg BPM=11, MIC=379 No finger?"
2026-07-05T15:58:18.242,7.661,1251,45.42,11,352,No finger?,"IR=1251, BPM=45.42, Avg BPM=11, MIC=352 No finger?"
2026-07-05T15:58:18.261,7.680,1132,45.42,11,398,No finger?,"IR=1132, BPM=45.42, Avg BPM=11, MIC=398 No finger?"
2026-07-05T15:58:18.280,7.699,1263,45.42,11,412,No finger?,"IR=1263, BPM=45.42, Avg BPM=11, MIC=412 No finger?"
2026-07-05T15:58:18.299,7.718,1212,45.42,11,392,No finger?,"IR=1212, BPM=45.42, Avg BPM=11, MIC=392 No finger?"
2026-07-05T15:58:18.318,7.736,1119,45.42,11,363,No finger?,"IR=1119, BPM=45.42, Avg BPM=11, MIC=363 No finger?"
2026-07-05T15:58:18.338,7.757,1161,45.42,11,379,No finger?,"IR=1161, BPM=45.42, Avg BPM=11, MIC=379 No finger?"
2026-07-05T15:58:18.357,7.776,1133,45.42,11,379,No finger?,"IR=1133, BPM=45.42, Avg BPM=11, MIC=379 No finger?"
2026-07-05T15:58:18.377,7.796,1214,45.42,11,376,No finger?,"IR=1214, BPM=45.42, Avg BPM=11, MIC=376 No finger?"
2026-07-05T15:58:18.395,7.814,1109,45.42,11,364,No finger?,"IR=1109, BPM=45.42, Avg BPM=11, MIC=364 No finger?"
2026-07-05T15:58:18.414,7.833,1211,45.42,11,346,No finger?,"IR=1211, BPM=45.42, Avg BPM=11, MIC=346 No finger?"
2026-07-05T15:58:18.433,7.852,1216,45.42,11,360,No finger?,"IR=1216, BPM=45.42, Avg BPM=11, MIC=360 No finger?"
2026-07-05T15:58:18.453,7.872,1122,45.42,11,364,No finger?,"IR=1122, BPM=45.42, Avg BPM=11, MIC=364 No finger?"
2026-07-05T15:58:18.472,7.891,1246,45.42,11,362,No finger?,"IR=1246, BPM=45.42, Avg BPM=11, MIC=362 No finger?"
2026-07-05T15:58:18.491,7.910,1234,45.42,11,343,No finger?,"IR=1234, BPM=45.42, Avg BPM=11, MIC=343 No finger?"
2026-07-05T15:58:18.510,7.929,1145,45.42,11,345,No finger?,"IR=1145, BPM=45.42, Avg BPM=11, MIC=345 No finger?"
2026-07-05T15:58:18.529,7.948,1184,45.42,11,330,No finger?,"IR=1184, BPM=45.42, Avg BPM=11, MIC=330 No finger?"
2026-07-05T15:58:18.548,7.967,1146,45.42,11,89,No finger?,"IR=1146, BPM=45.42, Avg BPM=11, MIC=89 No finger?"
2026-07-05T15:58:18.567,7.986,1240,45.42,11,328,No finger?,"IR=1240, BPM=45.42, Avg BPM=11, MIC=328 No finger?"
2026-07-05T15:58:18.587,8.006,1103,45.42,11,312,No finger?,"IR=1103, BPM=45.42, Avg BPM=11, MIC=312 No finger?"
2026-07-05T15:58:18.606,8.025,1245,45.42,11,310,No finger?,"IR=1245, BPM=45.42, Avg BPM=11, MIC=310 No finger?"
2026-07-05T15:58:18.626,8.044,1235,45.42,11,310,No finger?,"IR=1235, BPM=45.42, Avg BPM=11, MIC=310 No finger?"
2026-07-05T15:58:18.644,8.062,1171,45.42,11,280,No finger?,"IR=1171, BPM=45.42, Avg BPM=11, MIC=280 No finger?"
2026-07-05T15:58:18.663,8.082,1290,45.42,11,267,No finger?,"IR=1290, BPM=45.42, Avg BPM=11, MIC=267 No finger?"
2026-07-05T15:58:18.682,8.101,1291,45.42,11,272,No finger?,"IR=1291, BPM=45.42, Avg BPM=11, MIC=272 No finger?"
2026-07-05T15:58:18.701,8.119,1194,45.42,11,264,No finger?,"IR=1194, BPM=45.42, Avg BPM=11, MIC=264 No finger?"
2026-07-05T15:58:18.721,8.140,1227,45.42,11,295,No finger?,"IR=1227, BPM=45.42, Avg BPM=11, MIC=295 No finger?"
2026-07-05T15:58:18.740,8.159,1172,45.42,11,312,No finger?,"IR=1172, BPM=45.42, Avg BPM=11, MIC=312 No finger?"
2026-07-05T15:58:18.759,8.178,1262,45.42,11,264,No finger?,"IR=1262, BPM=45.42, Avg BPM=11, MIC=264 No finger?"
2026-07-05T15:58:18.778,8.196,1107,45.42,11,264,No finger?,"IR=1107, BPM=45.42, Avg BPM=11, MIC=264 No finger?"
2026-07-05T15:58:18.797,8.215,1262,45.42,11,232,No finger?,"IR=1262, BPM=45.42, Avg BPM=11, MIC=232 No finger?"
2026-07-05T15:58:18.816,8.234,1217,45.42,11,237,No finger?,"IR=1217, BPM=45.42, Avg BPM=11, MIC=237 No finger?"
2026-07-05T15:58:18.836,8.255,1158,45.42,11,250,No finger?,"IR=1158, BPM=45.42, Avg BPM=11, MIC=250 No finger?"
2026-07-05T15:58:18.855,8.274,1259,45.42,11,235,No finger?,"IR=1259, BPM=45.42, Avg BPM=11, MIC=235 No finger?"
2026-07-05T15:58:18.874,8.292,1292,45.42,11,255,No finger?,"IR=1292, BPM=45.42, Avg BPM=11, MIC=255 No finger?"
2026-07-05T15:58:18.893,8.311,1234,45.42,11,220,No finger?,"IR=1234, BPM=45.42, Avg BPM=11, MIC=220 No finger?"
2026-07-05T15:58:18.912,8.330,1246,45.42,11,207,No finger?,"IR=1246, BPM=45.42, Avg BPM=11, MIC=207 No finger?"
2026-07-05T15:58:18.931,8.350,1201,45.42,11,262,No finger?,"IR=1201, BPM=45.42, Avg BPM=11, MIC=262 No finger?"
2026-07-05T15:58:18.950,8.369,1289,45.42,11,204,No finger?,"IR=1289, BPM=45.42, Avg BPM=11, MIC=204 No finger?"
2026-07-05T15:58:18.970,8.389,1110,45.42,11,190,No finger?,"IR=1110, BPM=45.42, Avg BPM=11, MIC=190 No finger?"
2026-07-05T15:58:18.989,8.408,1289,45.42,11,151,No finger?,"IR=1289, BPM=45.42, Avg BPM=11, MIC=151 No finger?"
2026-07-05T15:58:19.008,8.427,1225,45.42,11,187,No finger?,"IR=1225, BPM=45.42, Avg BPM=11, MIC=187 No finger?"
2026-07-05T15:58:19.027,8.446,1172,45.42,11,173,No finger?,"IR=1172, BPM=45.42, Avg BPM=11, MIC=173 No finger?"
2026-07-05T15:58:19.046,8.465,1263,45.42,11,167,No finger?,"IR=1263, BPM=45.42, Avg BPM=11, MIC=167 No finger?"
2026-07-05T15:58:19.065,8.484,1292,45.42,11,141,No finger?,"IR=1292, BPM=45.42, Avg BPM=11, MIC=141 No finger?"
2026-07-05T15:58:19.084,8.503,1235,45.42,11,140,No finger?,"IR=1235, BPM=45.42, Avg BPM=11, MIC=140 No finger?"
2026-07-05T15:58:19.104,8.523,1240,45.42,11,121,No finger?,"IR=1240, BPM=45.42, Avg BPM=11, MIC=121 No finger?"
2026-07-05T15:58:19.123,8.542,1231,45.42,11,124,No finger?,"IR=1231, BPM=45.42, Avg BPM=11, MIC=124 No finger?"
2026-07-05T15:58:19.143,8.561,1314,45.42,11,144,No finger?,"IR=1314, BPM=45.42, Avg BPM=11, MIC=144 No finger?"
2026-07-05T15:58:19.161,8.580,1136,45.42,11,127,No finger?,"IR=1136, BPM=45.42, Avg BPM=11, MIC=127 No finger?"
2026-07-05T15:58:19.180,8.599,1290,45.42,11,148,No finger?,"IR=1290, BPM=45.42, Avg BPM=11, MIC=148 No finger?"
2026-07-05T15:58:19.199,8.618,1214,45.42,11,167,No finger?,"IR=1214, BPM=45.42, Avg BPM=11, MIC=167 No finger?"
2026-07-05T15:58:19.218,8.637,1175,45.42,11,126,No finger?,"IR=1175, BPM=45.42, Avg BPM=11, MIC=126 No finger?"
2026-07-05T15:58:19.238,8.657,1239,45.42,11,136,No finger?,"IR=1239, BPM=45.42, Avg BPM=11, MIC=136 No finger?"
2026-07-05T15:58:19.257,8.676,1264,45.42,11,136,No finger?,"IR=1264, BPM=45.42, Avg BPM=11, MIC=136 No finger?"
2026-07-05T15:58:19.276,8.695,1252,45.42,11,125,No finger?,"IR=1252, BPM=45.42, Avg BPM=11, MIC=125 No finger?"
2026-07-05T15:58:19.295,8.713,1227,45.42,11,153,No finger?,"IR=1227, BPM=45.42, Avg BPM=11, MIC=153 No finger?"
2026-07-05T15:58:19.314,8.733,1233,45.42,11,153,No finger?,"IR=1233, BPM=45.42, Avg BPM=11, MIC=153 No finger?"
2026-07-05T15:58:19.333,8.752,1289,45.42,11,175,No finger?,"IR=1289, BPM=45.42, Avg BPM=11, MIC=175 No finger?"
2026-07-05T15:58:19.353,8.772,1138,45.42,11,156,No finger?,"IR=1138, BPM=45.42, Avg BPM=11, MIC=156 No finger?"
2026-07-05T15:58:19.372,8.791,1283,45.42,11,183,No finger?,"IR=1283, BPM=45.42, Avg BPM=11, MIC=183 No finger?"
2026-07-05T15:58:19.391,8.810,1209,45.42,11,153,No finger?,"IR=1209, BPM=45.42, Avg BPM=11, MIC=153 No finger?"
2026-07-05T15:58:19.410,8.829,1168,45.42,11,185,No finger?,"IR=1168, BPM=45.42, Avg BPM=11, MIC=185 No finger?"
2026-07-05T15:58:19.429,8.848,1220,45.42,11,203,No finger?,"IR=1220, BPM=45.42, Avg BPM=11, MIC=203 No finger?"
2026-07-05T15:58:19.448,8.867,1229,45.42,11,170,No finger?,"IR=1229, BPM=45.42, Avg BPM=11, MIC=170 No finger?"
2026-07-05T15:58:19.467,8.886,1239,45.42,11,187,No finger?,"IR=1239, BPM=45.42, Avg BPM=11, MIC=187 No finger?"
2026-07-05T15:58:19.487,8.906,1191,45.42,11,188,No finger?,"IR=1191, BPM=45.42, Avg BPM=11, MIC=188 No finger?"
2026-07-05T15:58:19.506,8.925,1232,45.42,11,214,No finger?,"IR=1232, BPM=45.42, Avg BPM=11, MIC=214 No finger?"
2026-07-05T15:58:19.526,8.944,1268,45.42,11,204,No finger?,"IR=1268, BPM=45.42, Avg BPM=11, MIC=204 No finger?"
2026-07-05T15:58:19.544,8.963,1140,45.42,11,216,No finger?,"IR=1140, BPM=45.42, Avg BPM=11, MIC=216 No finger?"
2026-07-05T15:58:19.563,8.982,1274,45.42,11,201,No finger?,"IR=1274, BPM=45.42, Avg BPM=11, MIC=201 No finger?"
2026-07-05T15:58:19.582,9.001,1203,45.42,11,221,No finger?,"IR=1203, BPM=45.42, Avg BPM=11, MIC=221 No finger?"
2026-07-05T15:58:19.601,9.020,1139,45.42,11,206,No finger?,"IR=1139, BPM=45.42, Avg BPM=11, MIC=206 No finger?"
2026-07-05T15:58:19.621,9.040,1188,45.42,11,203,No finger?,"IR=1188, BPM=45.42, Avg BPM=11, MIC=203 No finger?"
2026-07-05T15:58:19.640,9.059,1169,45.42,11,187,No finger?,"IR=1169, BPM=45.42, Avg BPM=11, MIC=187 No finger?"
2026-07-05T15:58:19.659,9.078,1220,45.42,11,208,No finger?,"IR=1220, BPM=45.42, Avg BPM=11, MIC=208 No finger?"
2026-07-05T15:58:19.678,9.097,1157,45.42,11,208,No finger?,"IR=1157, BPM=45.42, Avg BPM=11, MIC=208 No finger?"
2026-07-05T15:58:19.697,9.116,1212,45.42,11,223,No finger?,"IR=1212, BPM=45.42, Avg BPM=11, MIC=223 No finger?"
2026-07-05T15:58:19.716,9.135,1242,45.42,11,235,No finger?,"IR=1242, BPM=45.42, Avg BPM=11, MIC=235 No finger?"
2026-07-05T15:58:19.736,9.155,1119,45.42,11,221,No finger?,"IR=1119, BPM=45.42, Avg BPM=11, MIC=221 No finger?"
2026-07-05T15:58:19.755,9.174,1248,45.42,11,251,No finger?,"IR=1248, BPM=45.42, Avg BPM=11, MIC=251 No finger?"
2026-07-05T15:58:19.774,9.193,1210,45.42,11,255,No finger?,"IR=1210, BPM=45.42, Avg BPM=11, MIC=255 No finger?"
2026-07-05T15:58:19.793,9.212,1141,45.42,11,287,No finger?,"IR=1141, BPM=45.42, Avg BPM=11, MIC=287 No finger?"
2026-07-05T15:58:19.812,9.230,1184,45.42,11,300,No finger?,"IR=1184, BPM=45.42, Avg BPM=11, MIC=300 No finger?"
2026-07-05T15:58:19.831,9.250,1148,45.42,11,315,No finger?,"IR=1148, BPM=45.42, Avg BPM=11, MIC=315 No finger?"
2026-07-05T15:58:19.850,9.269,1203,45.42,11,284,No finger?,"IR=1203, BPM=45.42, Avg BPM=11, MIC=284 No finger?"
2026-07-05T15:58:19.870,9.289,1103,45.42,11,268,No finger?,"IR=1103, BPM=45.42, Avg BPM=11, MIC=268 No finger?"
2026-07-05T15:58:19.889,9.308,1188,45.42,11,236,No finger?,"IR=1188, BPM=45.42, Avg BPM=11, MIC=236 No finger?"
2026-07-05T15:58:19.908,9.327,1200,45.42,11,279,No finger?,"IR=1200, BPM=45.42, Avg BPM=11, MIC=279 No finger?"
2026-07-05T15:58:19.927,9.346,1095,45.42,11,281,No finger?,"IR=1095, BPM=45.42, Avg BPM=11, MIC=281 No finger?"
2026-07-05T15:58:19.946,9.365,1204,45.42,11,302,No finger?,"IR=1204, BPM=45.42, Avg BPM=11, MIC=302 No finger?"
2026-07-05T15:58:19.965,9.384,1163,45.42,11,332,No finger?,"IR=1163, BPM=45.42, Avg BPM=11, MIC=332 No finger?"
2026-07-05T15:58:19.984,9.403,1066,45.42,11,315,No finger?,"IR=1066, BPM=45.42, Avg BPM=11, MIC=315 No finger?"
2026-07-05T15:58:20.004,9.423,1100,45.42,11,540,No finger?,"IR=1100, BPM=45.42, Avg BPM=11, MIC=540 No finger?"
2026-07-05T15:58:20.023,9.442,1044,45.42,11,376,No finger?,"IR=1044, BPM=45.42, Avg BPM=11, MIC=376 No finger?"
2026-07-05T15:58:20.042,9.461,1133,45.42,11,396,No finger?,"IR=1133, BPM=45.42, Avg BPM=11, MIC=396 No finger?"
2026-07-05T15:58:20.061,9.480,1005,45.42,11,428,No finger?,"IR=1005, BPM=45.42, Avg BPM=11, MIC=428 No finger?"
2026-07-05T15:58:20.080,9.499,1132,45.42,11,428,No finger?,"IR=1132, BPM=45.42, Avg BPM=11, MIC=428 No finger?"
2026-07-05T15:58:20.099,9.517,1113,45.42,11,446,No finger?,"IR=1113, BPM=45.42, Avg BPM=11, MIC=446 No finger?"
2026-07-05T15:58:20.118,9.537,1025,45.42,11,477,No finger?,"IR=1025, BPM=45.42, Avg BPM=11, MIC=477 No finger?"
2026-07-05T15:58:20.138,9.557,1144,45.42,11,458,No finger?,"IR=1144, BPM=45.42, Avg BPM=11, MIC=458 No finger?"
2026-07-05T15:58:20.157,9.576,1154,45.42,11,475,No finger?,"IR=1154, BPM=45.42, Avg BPM=11, MIC=475 No finger?"
2026-07-05T15:58:20.176,9.595,1080,45.42,11,464,No finger?,"IR=1080, BPM=45.42, Avg BPM=11, MIC=464 No finger?"
2026-07-05T15:58:20.195,9.614,1116,45.42,11,459,No finger?,"IR=1116, BPM=45.42, Avg BPM=11, MIC=459 No finger?"
2026-07-05T15:58:20.214,9.633,1044,45.42,11,491,No finger?,"IR=1044, BPM=45.42, Avg BPM=11, MIC=491 No finger?"
2026-07-05T15:58:20.233,9.652,1135,45.42,11,475,No finger?,"IR=1135, BPM=45.42, Avg BPM=11, MIC=475 No finger?"
2026-07-05T15:58:20.253,9.672,977,45.42,11,424,No finger?,"IR=977, BPM=45.42, Avg BPM=11, MIC=424 No finger?"
2026-07-05T15:58:20.272,9.691,1138,45.42,11,486,No finger?,"IR=1138, BPM=45.42, Avg BPM=11, MIC=486 No finger?"
2026-07-05T15:58:20.291,9.710,1118,45.42,11,489,No finger?,"IR=1118, BPM=45.42, Avg BPM=11, MIC=489 No finger?"
2026-07-05T15:58:20.310,9.729,1059,45.42,11,585,No finger?,"IR=1059, BPM=45.42, Avg BPM=11, MIC=585 No finger?"
2026-07-05T15:58:20.329,9.748,1170,45.42,11,445,No finger?,"IR=1170, BPM=45.42, Avg BPM=11, MIC=445 No finger?"
2026-07-05T15:58:20.348,9.767,1195,45.42,11,439,No finger?,"IR=1195, BPM=45.42, Avg BPM=11, MIC=439 No finger?"
2026-07-05T15:58:20.367,9.786,1109,45.42,11,427,No finger?,"IR=1109, BPM=45.42, Avg BPM=11, MIC=427 No finger?"
2026-07-05T15:58:20.387,9.806,1120,45.42,11,477,No finger?,"IR=1120, BPM=45.42, Avg BPM=11, MIC=477 No finger?"
2026-07-05T15:58:20.406,9.825,1075,45.42,11,455,No finger?,"IR=1075, BPM=45.42, Avg BPM=11, MIC=455 No finger?"
2026-07-05T15:58:20.426,9.844,1186,45.42,11,454,No finger?,"IR=1186, BPM=45.42, Avg BPM=11, MIC=454 No finger?"
2026-07-05T15:58:20.444,9.863,1009,45.42,11,475,No finger?,"IR=1009, BPM=45.42, Avg BPM=11, MIC=475 No finger?"
2026-07-05T15:58:20.463,9.881,1178,45.42,11,444,No finger?,"IR=1178, BPM=45.42, Avg BPM=11, MIC=444 No finger?"
2026-07-05T15:58:20.482,9.900,1124,45.42,11,414,No finger?,"IR=1124, BPM=45.42, Avg BPM=11, MIC=414 No finger?"
2026-07-05T15:58:20.501,9.920,1076,45.42,11,431,No finger?,"IR=1076, BPM=45.42, Avg BPM=11, MIC=431 No finger?"
2026-07-05T15:58:20.521,9.940,1179,45.42,11,413,No finger?,"IR=1179, BPM=45.42, Avg BPM=11, MIC=413 No finger?"
2026-07-05T15:58:20.540,9.958,1207,45.42,11,410,No finger?,"IR=1207, BPM=45.42, Avg BPM=11, MIC=410 No finger?"
2026-07-05T15:58:20.559,9.978,1162,45.42,11,400,No finger?,"IR=1162, BPM=45.42, Avg BPM=11, MIC=400 No finger?"
2026-07-05T15:58:20.578,9.997,1183,45.42,11,394,No finger?,"IR=1183, BPM=45.42, Avg BPM=11, MIC=394 No finger?"
2026-07-05T15:58:20.597,10.015,1149,45.42,11,362,No finger?,"IR=1149, BPM=45.42, Avg BPM=11, MIC=362 No finger?"
2026-07-05T15:58:20.616,10.035,1234,10.08,11,395,No finger?,"IR=1234, BPM=10.08, Avg BPM=11, MIC=395 No finger?"
2026-07-05T15:58:20.636,10.055,1053,10.08,11,395,No finger?,"IR=1053, BPM=10.08, Avg BPM=11, MIC=395 No finger?"
2026-07-05T15:58:20.655,10.074,1230,10.08,11,394,No finger?,"IR=1230, BPM=10.08, Avg BPM=11, MIC=394 No finger?"
2026-07-05T15:58:20.674,10.093,1164,10.08,11,395,No finger?,"IR=1164, BPM=10.08, Avg BPM=11, MIC=395 No finger?"
2026-07-05T15:58:20.693,10.112,1137,10.08,11,398,No finger?,"IR=1137, BPM=10.08, Avg BPM=11, MIC=398 No finger?"
2026-07-05T15:58:20.712,10.130,1215,10.08,11,382,No finger?,"IR=1215, BPM=10.08, Avg BPM=11, MIC=382 No finger?"
2026-07-05T15:58:20.731,10.150,1241,10.08,11,394,No finger?,"IR=1241, BPM=10.08, Avg BPM=11, MIC=394 No finger?"
2026-07-05T15:58:20.750,10.169,1198,10.08,11,378,No finger?,"IR=1198, BPM=10.08, Avg BPM=11, MIC=378 No finger?"
2026-07-05T15:58:20.770,10.189,1185,10.08,11,375,No finger?,"IR=1185, BPM=10.08, Avg BPM=11, MIC=375 No finger?"
2026-07-05T15:58:20.789,10.208,1193,10.08,11,360,No finger?,"IR=1193, BPM=10.08, Avg BPM=11, MIC=360 No finger?"
2026-07-05T15:58:20.808,10.227,1265,10.08,11,393,No finger?,"IR=1265, BPM=10.08, Avg BPM=11, MIC=393 No finger?"
2026-07-05T15:58:20.827,10.246,1104,10.08,11,360,No finger?,"IR=1104, BPM=10.08, Avg BPM=11, MIC=360 No finger?"
2026-07-05T15:58:20.846,10.265,1270,10.08,11,348,No finger?,"IR=1270, BPM=10.08, Avg BPM=11, MIC=348 No finger?"
2026-07-05T15:58:20.865,10.284,1185,10.08,11,336,No finger?,"IR=1185, BPM=10.08, Avg BPM=11, MIC=336 No finger?"
2026-07-05T15:58:20.884,10.303,1156,10.08,11,347,No finger?,"IR=1156, BPM=10.08, Avg BPM=11, MIC=347 No finger?"
2026-07-05T15:58:20.904,10.323,1215,10.08,11,328,No finger?,"IR=1215, BPM=10.08, Avg BPM=11, MIC=328 No finger?"
2026-07-05T15:58:20.923,10.342,1255,10.08,11,328,No finger?,"IR=1255, BPM=10.08, Avg BPM=11, MIC=328 No finger?"
2026-07-05T15:58:20.942,10.361,1268,10.08,11,329,No finger?,"IR=1268, BPM=10.08, Avg BPM=11, MIC=329 No finger?"
2026-07-05T15:58:20.961,10.380,1246,10.08,11,334,No finger?,"IR=1246, BPM=10.08, Avg BPM=11, MIC=334 No finger?"
2026-07-05T15:58:20.980,10.399,1269,10.08,11,333,No finger?,"IR=1269, BPM=10.08, Avg BPM=11, MIC=333 No finger?"
2026-07-05T15:58:20.999,10.418,1316,10.08,11,332,No finger?,"IR=1316, BPM=10.08, Avg BPM=11, MIC=332 No finger?"
2026-07-05T15:58:21.019,10.437,1155,10.08,11,328,No finger?,"IR=1155, BPM=10.08, Avg BPM=11, MIC=328 No finger?"
2026-07-05T15:58:21.038,10.457,1313,10.08,11,332,No finger?,"IR=1313, BPM=10.08, Avg BPM=11, MIC=332 No finger?"
2026-07-05T15:58:21.057,10.476,1234,10.08,11,315,No finger?,"IR=1234, BPM=10.08, Avg BPM=11, MIC=315 No finger?"
2026-07-05T15:58:21.076,10.495,1184,10.08,11,327,No finger?,"IR=1184, BPM=10.08, Avg BPM=11, MIC=327 No finger?"
2026-07-05T15:58:21.095,10.513,1231,10.08,11,299,No finger?,"IR=1231, BPM=10.08, Avg BPM=11, MIC=299 No finger?"
2026-07-05T15:58:21.114,10.533,1238,10.08,11,301,No finger?,"IR=1238, BPM=10.08, Avg BPM=11, MIC=301 No finger?"
2026-07-05T15:58:21.133,10.552,1264,10.08,11,343,No finger?,"IR=1264, BPM=10.08, Avg BPM=11, MIC=343 No finger?"
2026-07-05T15:58:21.153,10.572,1227,10.08,11,328,No finger?,"IR=1227, BPM=10.08, Avg BPM=11, MIC=328 No finger?"
2026-07-05T15:58:21.172,10.591,1280,10.08,11,319,No finger?,"IR=1280, BPM=10.08, Avg BPM=11, MIC=319 No finger?"
2026-07-05T15:58:21.191,10.610,1332,10.08,11,329,No finger?,"IR=1332, BPM=10.08, Avg BPM=11, MIC=329 No finger?"
2026-07-05T15:58:21.210,10.629,1193,10.08,11,286,No finger?,"IR=1193, BPM=10.08, Avg BPM=11, MIC=286 No finger?"
2026-07-05T15:58:21.229,10.648,1344,10.08,11,295,No finger?,"IR=1344, BPM=10.08, Avg BPM=11, MIC=295 No finger?"
2026-07-05T15:58:21.248,10.667,1268,10.08,11,297,No finger?,"IR=1268, BPM=10.08, Avg BPM=11, MIC=297 No finger?"
2026-07-05T15:58:21.267,10.686,1183,10.08,11,301,No finger?,"IR=1183, BPM=10.08, Avg BPM=11, MIC=301 No finger?"
2026-07-05T15:58:21.287,10.706,1229,10.08,11,297,No finger?,"IR=1229, BPM=10.08, Avg BPM=11, MIC=297 No finger?"
2026-07-05T15:58:21.306,10.725,1222,10.08,11,271,No finger?,"IR=1222, BPM=10.08, Avg BPM=11, MIC=271 No finger?"
2026-07-05T15:58:21.325,10.744,1304,10.08,11,294,No finger?,"IR=1304, BPM=10.08, Avg BPM=11, MIC=294 No finger?"
2026-07-05T15:58:21.344,10.762,1231,10.08,11,278,No finger?,"IR=1231, BPM=10.08, Avg BPM=11, MIC=278 No finger?"
2026-07-05T15:58:21.363,10.782,1307,10.08,11,282,No finger?,"IR=1307, BPM=10.08, Avg BPM=11, MIC=282 No finger?"
2026-07-05T15:58:21.382,10.801,1332,10.08,11,312,No finger?,"IR=1332, BPM=10.08, Avg BPM=11, MIC=312 No finger?"
2026-07-05T15:58:21.402,10.821,1202,10.08,11,285,No finger?,"IR=1202, BPM=10.08, Avg BPM=11, MIC=285 No finger?"
2026-07-05T15:58:21.421,10.840,1348,10.08,11,283,No finger?,"IR=1348, BPM=10.08, Avg BPM=11, MIC=283 No finger?"
2026-07-05T15:58:21.440,10.859,1319,10.08,11,281,No finger?,"IR=1319, BPM=10.08, Avg BPM=11, MIC=281 No finger?"
2026-07-05T15:58:21.459,10.878,1244,10.08,11,299,No finger?,"IR=1244, BPM=10.08, Avg BPM=11, MIC=299 No finger?"
2026-07-05T15:58:21.478,10.897,1285,10.08,11,280,No finger?,"IR=1285, BPM=10.08, Avg BPM=11, MIC=280 No finger?"
2026-07-05T15:58:21.497,10.916,1243,10.08,11,264,No finger?,"IR=1243, BPM=10.08, Avg BPM=11, MIC=264 No finger?"
2026-07-05T15:58:21.516,10.935,1335,10.08,11,282,No finger?,"IR=1335, BPM=10.08, Avg BPM=11, MIC=282 No finger?"
2026-07-05T15:58:21.536,10.955,1213,10.08,11,298,No finger?,"IR=1213, BPM=10.08, Avg BPM=11, MIC=298 No finger?"
2026-07-05T15:58:21.555,10.974,1325,10.08,11,575,No finger?,"IR=1325, BPM=10.08, Avg BPM=11, MIC=575 No finger?"
2026-07-05T15:58:21.574,10.993,1351,10.08,11,294,No finger?,"IR=1351, BPM=10.08, Avg BPM=11, MIC=294 No finger?"
2026-07-05T15:58:21.593,11.012,1254,10.08,11,295,No finger?,"IR=1254, BPM=10.08, Avg BPM=11, MIC=295 No finger?"
2026-07-05T15:58:21.612,11.031,1381,10.08,11,236,No finger?,"IR=1381, BPM=10.08, Avg BPM=11, MIC=236 No finger?"
2026-07-05T15:58:21.631,11.050,1379,10.08,11,297,No finger?,"IR=1379, BPM=10.08, Avg BPM=11, MIC=297 No finger?"
2026-07-05T15:58:21.650,11.069,1264,10.08,11,280,No finger?,"IR=1264, BPM=10.08, Avg BPM=11, MIC=280 No finger?"
2026-07-05T15:58:21.670,11.089,1298,10.08,11,264,No finger?,"IR=1298, BPM=10.08, Avg BPM=11, MIC=264 No finger?"
2026-07-05T15:58:21.689,11.108,1255,10.08,11,264,No finger?,"IR=1255, BPM=10.08, Avg BPM=11, MIC=264 No finger?"
2026-07-05T15:58:21.708,11.127,1366,10.08,11,325,No finger?,"IR=1366, BPM=10.08, Avg BPM=11, MIC=325 No finger?"
2026-07-05T15:58:21.727,11.146,1225,10.08,11,252,No finger?,"IR=1225, BPM=10.08, Avg BPM=11, MIC=252 No finger?"
2026-07-05T15:58:21.746,11.165,1357,10.08,11,237,No finger?,"IR=1357, BPM=10.08, Avg BPM=11, MIC=237 No finger?"
2026-07-05T15:58:21.765,11.184,1333,10.08,11,234,No finger?,"IR=1333, BPM=10.08, Avg BPM=11, MIC=234 No finger?"
2026-07-05T15:58:21.784,11.203,1255,10.08,11,232,No finger?,"IR=1255, BPM=10.08, Avg BPM=11, MIC=232 No finger?"
2026-07-05T15:58:21.804,11.223,1382,10.08,11,216,No finger?,"IR=1382, BPM=10.08, Avg BPM=11, MIC=216 No finger?"
2026-07-05T15:58:21.823,11.242,1378,10.08,11,215,No finger?,"IR=1378, BPM=10.08, Avg BPM=11, MIC=215 No finger?"
2026-07-05T15:58:21.842,11.261,1286,10.08,11,200,No finger?,"IR=1286, BPM=10.08, Avg BPM=11, MIC=200 No finger?"
2026-07-05T15:58:21.861,11.280,1316,10.08,11,185,No finger?,"IR=1316, BPM=10.08, Avg BPM=11, MIC=185 No finger?"
2026-07-05T15:58:21.880,11.299,1266,10.08,11,190,No finger?,"IR=1266, BPM=10.08, Avg BPM=11, MIC=190 No finger?"
2026-07-05T15:58:21.899,11.318,1356,10.08,11,190,No finger?,"IR=1356, BPM=10.08, Avg BPM=11, MIC=190 No finger?"
2026-07-05T15:58:21.919,11.338,1186,10.08,11,185,No finger?,"IR=1186, BPM=10.08, Avg BPM=11, MIC=185 No finger?"
2026-07-05T15:58:21.938,11.357,1330,10.08,11,126,No finger?,"IR=1330, BPM=10.08, Avg BPM=11, MIC=126 No finger?"
2026-07-05T15:58:21.957,11.376,1301,10.08,11,0,No finger?,"IR=1301, BPM=10.08, Avg BPM=11, MIC=0 No finger?"
2026-07-05T15:58:21.976,11.395,1256,10.08,11,184,No finger?,"IR=1256, BPM=10.08, Avg BPM=11, MIC=184 No finger?"
2026-07-05T15:58:21.995,11.413,1359,10.08,11,174,No finger?,"IR=1359, BPM=10.08, Avg BPM=11, MIC=174 No finger?"
2026-07-05T15:58:22.014,11.433,1368,10.08,11,171,No finger?,"IR=1368, BPM=10.08, Avg BPM=11, MIC=171 No finger?"
2026-07-05T15:58:22.033,11.452,1282,10.08,11,188,No finger?,"IR=1282, BPM=10.08, Avg BPM=11, MIC=188 No finger?"
2026-07-05T15:58:22.053,11.472,1294,10.08,11,170,No finger?,"IR=1294, BPM=10.08, Avg BPM=11, MIC=170 No finger?"
2026-07-05T15:58:22.072,11.491,1232,10.08,11,172,No finger?,"IR=1232, BPM=10.08, Avg BPM=11, MIC=172 No finger?"
2026-07-05T15:58:22.091,11.509,1332,10.08,11,184,No finger?,"IR=1332, BPM=10.08, Avg BPM=11, MIC=184 No finger?"
2026-07-05T15:58:22.111,11.529,1175,10.08,11,171,No finger?,"IR=1175, BPM=10.08, Avg BPM=11, MIC=171 No finger?"
2026-07-05T15:58:22.129,11.548,1332,10.08,11,208,No finger?,"IR=1332, BPM=10.08, Avg BPM=11, MIC=208 No finger?"
2026-07-05T15:58:22.148,11.567,1244,10.08,11,158,No finger?,"IR=1244, BPM=10.08, Avg BPM=11, MIC=158 No finger?"
2026-07-05T15:58:22.167,11.586,1206,10.08,11,236,No finger?,"IR=1206, BPM=10.08, Avg BPM=11, MIC=236 No finger?"
2026-07-05T15:58:22.187,11.606,1289,10.08,11,189,No finger?,"IR=1289, BPM=10.08, Avg BPM=11, MIC=189 No finger?"
2026-07-05T15:58:22.206,11.624,1324,10.08,11,171,No finger?,"IR=1324, BPM=10.08, Avg BPM=11, MIC=171 No finger?"
2026-07-05T15:58:22.225,11.644,1266,10.08,11,186,No finger?,"IR=1266, BPM=10.08, Avg BPM=11, MIC=186 No finger?"
2026-07-05T15:58:22.244,11.663,1277,10.08,11,220,No finger?,"IR=1277, BPM=10.08, Avg BPM=11, MIC=220 No finger?"
2026-07-05T15:58:22.263,11.682,1248,10.08,11,166,No finger?,"IR=1248, BPM=10.08, Avg BPM=11, MIC=166 No finger?"
2026-07-05T15:58:22.282,11.701,1303,10.08,11,188,No finger?,"IR=1303, BPM=10.08, Avg BPM=11, MIC=188 No finger?"
2026-07-05T15:58:22.302,11.721,1116,10.08,11,191,No finger?,"IR=1116, BPM=10.08, Avg BPM=11, MIC=191 No finger?"
2026-07-05T15:58:22.321,11.740,1285,10.08,11,200,No finger?,"IR=1285, BPM=10.08, Avg BPM=11, MIC=200 No finger?"
2026-07-05T15:58:22.340,11.759,1217,10.08,11,173,No finger?,"IR=1217, BPM=10.08, Avg BPM=11, MIC=173 No finger?"
2026-07-05T15:58:22.359,11.778,1192,10.08,11,0,No finger?,"IR=1192, BPM=10.08, Avg BPM=11, MIC=0 No finger?"
2026-07-05T15:58:22.378,11.797,1248,10.08,11,200,No finger?,"IR=1248, BPM=10.08, Avg BPM=11, MIC=200 No finger?"
2026-07-05T15:58:22.397,11.816,1277,10.08,11,189,No finger?,"IR=1277, BPM=10.08, Avg BPM=11, MIC=189 No finger?"
2026-07-05T15:58:22.416,11.835,1250,10.08,11,229,No finger?,"IR=1250, BPM=10.08, Avg BPM=11, MIC=229 No finger?"
2026-07-05T15:58:22.436,11.855,1245,10.08,11,208,No finger?,"IR=1245, BPM=10.08, Avg BPM=11, MIC=208 No finger?"
2026-07-05T15:58:22.455,11.874,1238,10.08,11,218,No finger?,"IR=1238, BPM=10.08, Avg BPM=11, MIC=218 No finger?"
2026-07-05T15:58:22.474,11.893,1301,10.08,11,192,No finger?,"IR=1301, BPM=10.08, Avg BPM=11, MIC=192 No finger?"
2026-07-05T15:58:22.493,11.912,1135,10.08,11,201,No finger?,"IR=1135, BPM=10.08, Avg BPM=11, MIC=201 No finger?"
2026-07-05T15:58:22.512,11.931,1290,10.08,11,198,No finger?,"IR=1290, BPM=10.08, Avg BPM=11, MIC=198 No finger?"
2026-07-05T15:58:22.531,11.950,1211,10.08,11,192,No finger?,"IR=1211, BPM=10.08, Avg BPM=11, MIC=192 No finger?"
2026-07-05T15:58:22.550,11.969,1166,10.08,11,203,No finger?,"IR=1166, BPM=10.08, Avg BPM=11, MIC=203 No finger?"
2026-07-05T15:58:22.570,11.989,1205,10.08,11,215,No finger?,"IR=1205, BPM=10.08, Avg BPM=11, MIC=215 No finger?"
2026-07-05T15:58:22.589,12.008,1236,10.08,11,214,No finger?,"IR=1236, BPM=10.08, Avg BPM=11, MIC=214 No finger?"
2026-07-05T15:58:22.608,12.027,1248,10.08,11,206,No finger?,"IR=1248, BPM=10.08, Avg BPM=11, MIC=206 No finger?"
2026-07-05T15:58:22.627,12.046,1221,10.08,11,233,No finger?,"IR=1221, BPM=10.08, Avg BPM=11, MIC=233 No finger?"
2026-07-05T15:58:22.646,12.065,1230,10.08,11,221,No finger?,"IR=1230, BPM=10.08, Avg BPM=11, MIC=221 No finger?"
2026-07-05T15:58:22.665,12.084,1281,10.08,11,216,No finger?,"IR=1281, BPM=10.08, Avg BPM=11, MIC=216 No finger?"
2026-07-05T15:58:22.685,12.104,1135,10.08,11,250,No finger?,"IR=1135, BPM=10.08, Avg BPM=11, MIC=250 No finger?"
2026-07-05T15:58:22.704,12.123,1276,10.08,11,190,No finger?,"IR=1276, BPM=10.08, Avg BPM=11, MIC=190 No finger?"
2026-07-05T15:58:22.723,12.142,1200,10.08,11,206,No finger?,"IR=1200, BPM=10.08, Avg BPM=11, MIC=206 No finger?"
2026-07-05T15:58:22.742,12.161,1168,10.08,11,203,No finger?,"IR=1168, BPM=10.08, Avg BPM=11, MIC=203 No finger?"
2026-07-05T15:58:22.761,12.180,1195,10.08,11,236,No finger?,"IR=1195, BPM=10.08, Avg BPM=11, MIC=236 No finger?"
2026-07-05T15:58:22.780,12.199,1190,10.08,11,186,No finger?,"IR=1190, BPM=10.08, Avg BPM=11, MIC=186 No finger?"
2026-07-05T15:58:22.799,12.218,1227,10.08,11,190,No finger?,"IR=1227, BPM=10.08, Avg BPM=11, MIC=190 No finger?"
2026-07-05T15:58:22.819,12.238,1166,10.08,11,201,No finger?,"IR=1166, BPM=10.08, Avg BPM=11, MIC=201 No finger?"
2026-07-05T15:58:22.838,12.257,1205,10.08,11,203,No finger?,"IR=1205, BPM=10.08, Avg BPM=11, MIC=203 No finger?"
2026-07-05T15:58:22.857,12.276,1264,10.08,11,185,No finger?,"IR=1264, BPM=10.08, Avg BPM=11, MIC=185 No finger?"
2026-07-05T15:58:22.876,12.295,1147,10.08,11,215,No finger?,"IR=1147, BPM=10.08, Avg BPM=11, MIC=215 No finger?"
2026-07-05T15:58:22.895,12.314,1251,10.08,11,222,No finger?,"IR=1251, BPM=10.08, Avg BPM=11, MIC=222 No finger?"
2026-07-05T15:58:22.914,12.332,1182,10.08,11,188,No finger?,"IR=1182, BPM=10.08, Avg BPM=11, MIC=188 No finger?"
2026-07-05T15:58:22.933,12.352,1113,10.08,11,218,No finger?,"IR=1113, BPM=10.08, Avg BPM=11, MIC=218 No finger?"
2026-07-05T15:58:22.953,12.372,1147,10.08,11,218,No finger?,"IR=1147, BPM=10.08, Avg BPM=11, MIC=218 No finger?"
2026-07-05T15:58:22.972,12.390,1135,10.08,11,205,No finger?,"IR=1135, BPM=10.08, Avg BPM=11, MIC=205 No finger?"
2026-07-05T15:58:22.991,12.410,1195,10.08,11,214,No finger?,"IR=1195, BPM=10.08, Avg BPM=11, MIC=214 No finger?"
2026-07-05T15:58:23.010,12.429,1102,10.08,11,219,No finger?,"IR=1102, BPM=10.08, Avg BPM=11, MIC=219 No finger?"
2026-07-05T15:58:23.029,12.448,1170,10.08,11,237,No finger?,"IR=1170, BPM=10.08, Avg BPM=11, MIC=237 No finger?"
2026-07-05T15:58:23.048,12.467,1180,10.08,11,249,No finger?,"IR=1180, BPM=10.08, Avg BPM=11, MIC=249 No finger?"
2026-07-05T15:58:23.067,12.486,1072,10.08,11,312,No finger?,"IR=1072, BPM=10.08, Avg BPM=11, MIC=312 No finger?"
2026-07-05T15:58:23.087,12.506,1199,10.08,11,287,No finger?,"IR=1199, BPM=10.08, Avg BPM=11, MIC=287 No finger?"
2026-07-05T15:58:23.106,12.525,1147,10.08,11,297,No finger?,"IR=1147, BPM=10.08, Avg BPM=11, MIC=297 No finger?"
2026-07-05T15:58:23.125,12.544,1088,10.08,11,312,No finger?,"IR=1088, BPM=10.08, Avg BPM=11, MIC=312 No finger?"
2026-07-05T15:58:23.144,12.563,1117,10.08,11,330,No finger?,"IR=1117, BPM=10.08, Avg BPM=11, MIC=330 No finger?"
2026-07-05T15:58:23.163,12.582,1081,10.08,11,349,No finger?,"IR=1081, BPM=10.08, Avg BPM=11, MIC=349 No finger?"
2026-07-05T15:58:23.182,12.601,1151,10.08,11,348,No finger?,"IR=1151, BPM=10.08, Avg BPM=11, MIC=348 No finger?"
2026-07-05T15:58:23.202,12.621,1039,10.08,11,363,No finger?,"IR=1039, BPM=10.08, Avg BPM=11, MIC=363 No finger?"
2026-07-05T15:58:23.221,12.640,1144,10.08,11,345,No finger?,"IR=1144, BPM=10.08, Avg BPM=11, MIC=345 No finger?"
2026-07-05T15:58:23.240,12.659,1161,10.08,11,364,No finger?,"IR=1161, BPM=10.08, Avg BPM=11, MIC=364 No finger?"
2026-07-05T15:58:23.259,12.678,1081,10.08,11,405,No finger?,"IR=1081, BPM=10.08, Avg BPM=11, MIC=405 No finger?"
2026-07-05T15:58:23.278,12.697,1208,10.08,11,407,No finger?,"IR=1208, BPM=10.08, Avg BPM=11, MIC=407 No finger?"
2026-07-05T15:58:23.297,12.716,1192,10.08,11,409,No finger?,"IR=1192, BPM=10.08, Avg BPM=11, MIC=409 No finger?"
2026-07-05T15:58:23.316,12.735,1071,10.08,11,399,No finger?,"IR=1071, BPM=10.08, Avg BPM=11, MIC=399 No finger?"
2026-07-05T15:58:23.336,12.755,1124,10.08,11,408,No finger?,"IR=1124, BPM=10.08, Avg BPM=11, MIC=408 No finger?"
2026-07-05T15:58:23.355,12.774,1070,10.08,11,395,No finger?,"IR=1070, BPM=10.08, Avg BPM=11, MIC=395 No finger?"
2026-07-05T15:58:23.374,12.793,1179,10.08,11,412,No finger?,"IR=1179, BPM=10.08, Avg BPM=11, MIC=412 No finger?"
2026-07-05T15:58:23.393,12.812,1040,10.08,11,423,No finger?,"IR=1040, BPM=10.08, Avg BPM=11, MIC=423 No finger?"
2026-07-05T15:58:23.412,12.830,1175,10.08,11,424,No finger?,"IR=1175, BPM=10.08, Avg BPM=11, MIC=424 No finger?"
2026-07-05T15:58:23.431,12.849,1164,10.08,11,441,No finger?,"IR=1164, BPM=10.08, Avg BPM=11, MIC=441 No finger?"
2026-07-05T15:58:23.450,12.869,1074,10.08,11,407,No finger?,"IR=1074, BPM=10.08, Avg BPM=11, MIC=407 No finger?"
2026-07-05T15:58:23.470,12.889,1208,10.08,11,430,No finger?,"IR=1208, BPM=10.08, Avg BPM=11, MIC=430 No finger?"
2026-07-05T15:58:23.489,12.908,1200,10.08,11,395,No finger?,"IR=1200, BPM=10.08, Avg BPM=11, MIC=395 No finger?"
2026-07-05T15:58:23.508,12.926,1113,10.08,11,381,No finger?,"IR=1113, BPM=10.08, Avg BPM=11, MIC=381 No finger?"
2026-07-05T15:58:23.527,12.946,1139,10.08,11,378,No finger?,"IR=1139, BPM=10.08, Avg BPM=11, MIC=378 No finger?"
2026-07-05T15:58:23.546,12.965,1065,10.08,11,361,No finger?,"IR=1065, BPM=10.08, Avg BPM=11, MIC=361 No finger?"
2026-07-05T15:58:23.565,12.984,1156,10.08,11,363,No finger?,"IR=1156, BPM=10.08, Avg BPM=11, MIC=363 No finger?"
2026-07-05T15:58:23.585,13.004,987,10.08,11,345,No finger?,"IR=987, BPM=10.08, Avg BPM=11, MIC=345 No finger?"
2026-07-05T15:58:23.604,13.023,1128,10.08,11,361,No finger?,"IR=1128, BPM=10.08, Avg BPM=11, MIC=361 No finger?"
2026-07-05T15:58:23.623,13.042,1117,10.08,11,347,No finger?,"IR=1117, BPM=10.08, Avg BPM=11, MIC=347 No finger?"
2026-07-05T15:58:23.642,13.061,1063,10.08,11,329,No finger?,"IR=1063, BPM=10.08, Avg BPM=11, MIC=329 No finger?"
2026-07-05T15:58:23.661,13.080,1168,10.08,11,360,No finger?,"IR=1168, BPM=10.08, Avg BPM=11, MIC=360 No finger?"
2026-07-05T15:58:23.680,13.098,1199,10.08,11,320,No finger?,"IR=1199, BPM=10.08, Avg BPM=11, MIC=320 No finger?"
2026-07-05T15:58:23.699,13.118,1108,10.08,11,317,No finger?,"IR=1108, BPM=10.08, Avg BPM=11, MIC=317 No finger?"
2026-07-05T15:58:23.719,13.138,1127,10.08,11,327,No finger?,"IR=1127, BPM=10.08, Avg BPM=11, MIC=327 No finger?"
2026-07-05T15:58:23.738,13.157,1085,10.08,11,315,No finger?,"IR=1085, BPM=10.08, Avg BPM=11, MIC=315 No finger?"
2026-07-05T15:58:23.757,13.176,1182,10.08,11,351,No finger?,"IR=1182, BPM=10.08, Avg BPM=11, MIC=351 No finger?"
2026-07-05T15:58:23.776,13.195,1023,10.08,11,314,No finger?,"IR=1023, BPM=10.08, Avg BPM=11, MIC=314 No finger?"
2026-07-05T15:58:23.796,13.214,1194,10.08,11,332,No finger?,"IR=1194, BPM=10.08, Avg BPM=11, MIC=332 No finger?"
2026-07-05T15:58:23.814,13.232,1123,10.08,11,365,No finger?,"IR=1123, BPM=10.08, Avg BPM=11, MIC=365 No finger?"
2026-07-05T15:58:23.833,13.252,1083,10.08,11,328,No finger?,"IR=1083, BPM=10.08, Avg BPM=11, MIC=328 No finger?"
2026-07-05T15:58:23.853,13.271,1178,10.08,11,343,No finger?,"IR=1178, BPM=10.08, Avg BPM=11, MIC=343 No finger?"
2026-07-05T15:58:23.872,13.291,1205,10.08,11,301,No finger?,"IR=1205, BPM=10.08, Avg BPM=11, MIC=301 No finger?"
2026-07-05T15:58:23.891,13.310,1166,10.08,11,304,No finger?,"IR=1166, BPM=10.08, Avg BPM=11, MIC=304 No finger?"
2026-07-05T15:58:23.910,13.329,1169,10.08,11,294,No finger?,"IR=1169, BPM=10.08, Avg BPM=11, MIC=294 No finger?"
2026-07-05T15:58:23.929,13.348,1143,10.08,11,302,No finger?,"IR=1143, BPM=10.08, Avg BPM=11, MIC=302 No finger?"
2026-07-05T15:58:23.948,13.367,1218,10.08,11,319,No finger?,"IR=1218, BPM=10.08, Avg BPM=11, MIC=319 No finger?"
2026-07-05T15:58:23.968,13.387,1045,17.9,11,314,No finger?,"IR=1045, BPM=17.90, Avg BPM=11, MIC=314 No finger?"
2026-07-05T15:58:23.987,13.406,1212,17.9,11,301,No finger?,"IR=1212, BPM=17.90, Avg BPM=11, MIC=301 No finger?"
2026-07-05T15:58:24.006,13.425,1152,17.9,11,295,No finger?,"IR=1152, BPM=17.90, Avg BPM=11, MIC=295 No finger?"
2026-07-05T15:58:24.026,13.445,1132,17.9,11,255,No finger?,"IR=1132, BPM=17.90, Avg BPM=11, MIC=255 No finger?"
2026-07-05T15:58:24.044,13.463,1212,17.9,11,279,No finger?,"IR=1212, BPM=17.90, Avg BPM=11, MIC=279 No finger?"
2026-07-05T15:58:24.063,13.482,1226,17.9,11,215,No finger?,"IR=1226, BPM=17.90, Avg BPM=11, MIC=215 No finger?"
2026-07-05T15:58:24.082,13.501,1204,17.9,11,270,No finger?,"IR=1204, BPM=17.90, Avg BPM=11, MIC=270 No finger?"
2026-07-05T15:58:24.102,13.521,1186,17.9,11,282,No finger?,"IR=1186, BPM=17.90, Avg BPM=11, MIC=282 No finger?"
2026-07-05T15:58:24.121,13.540,1191,17.9,11,278,No finger?,"IR=1191, BPM=17.90, Avg BPM=11, MIC=278 No finger?"
2026-07-05T15:58:24.140,13.559,1263,17.9,11,269,No finger?,"IR=1263, BPM=17.90, Avg BPM=11, MIC=269 No finger?"
2026-07-05T15:58:24.160,13.578,1105,17.9,11,301,No finger?,"IR=1105, BPM=17.90, Avg BPM=11, MIC=301 No finger?"
2026-07-05T15:58:24.178,13.597,1276,17.9,11,332,No finger?,"IR=1276, BPM=17.90, Avg BPM=11, MIC=332 No finger?"
2026-07-05T15:58:24.197,13.616,1187,17.9,11,331,No finger?,"IR=1187, BPM=17.90, Avg BPM=11, MIC=331 No finger?"
2026-07-05T15:58:24.216,13.635,1165,17.9,11,313,No finger?,"IR=1165, BPM=17.90, Avg BPM=11, MIC=313 No finger?"
2026-07-05T15:58:24.236,13.655,1231,17.9,11,311,No finger?,"IR=1231, BPM=17.90, Avg BPM=11, MIC=311 No finger?"
2026-07-05T15:58:24.255,13.674,1256,17.9,11,314,No finger?,"IR=1256, BPM=17.90, Avg BPM=11, MIC=314 No finger?"
2026-07-05T15:58:24.274,13.693,1261,17.9,11,329,No finger?,"IR=1261, BPM=17.90, Avg BPM=11, MIC=329 No finger?"
2026-07-05T15:58:24.293,13.712,1248,17.9,11,313,No finger?,"IR=1248, BPM=17.90, Avg BPM=11, MIC=313 No finger?"
2026-07-05T15:58:24.313,13.731,1254,17.9,11,297,No finger?,"IR=1254, BPM=17.90, Avg BPM=11, MIC=297 No finger?"
2026-07-05T15:58:24.331,13.750,1300,17.9,11,302,No finger?,"IR=1300, BPM=17.90, Avg BPM=11, MIC=302 No finger?"
2026-07-05T15:58:24.350,13.769,1149,17.9,11,317,No finger?,"IR=1149, BPM=17.90, Avg BPM=11, MIC=317 No finger?"
2026-07-05T15:58:24.370,13.789,1316,17.9,11,270,No finger?,"IR=1316, BPM=17.90, Avg BPM=11, MIC=270 No finger?"
2026-07-05T15:58:24.389,13.808,1235,17.9,11,313,No finger?,"IR=1235, BPM=17.90, Avg BPM=11, MIC=313 No finger?"
2026-07-05T15:58:24.408,13.827,1214,17.9,11,318,No finger?,"IR=1214, BPM=17.90, Avg BPM=11, MIC=318 No finger?"
2026-07-05T15:58:24.427,13.846,1262,17.9,11,303,No finger?,"IR=1262, BPM=17.90, Avg BPM=11, MIC=303 No finger?"
2026-07-05T15:58:24.446,13.865,1273,17.9,11,303,No finger?,"IR=1273, BPM=17.90, Avg BPM=11, MIC=303 No finger?"
2026-07-05T15:58:24.465,13.883,1293,17.9,11,317,No finger?,"IR=1293, BPM=17.90, Avg BPM=11, MIC=317 No finger?"
2026-07-05T15:58:24.485,13.903,1254,17.9,11,311,No finger?,"IR=1254, BPM=17.90, Avg BPM=11, MIC=311 No finger?"
2026-07-05T15:58:24.504,13.923,1288,17.9,11,361,No finger?,"IR=1288, BPM=17.90, Avg BPM=11, MIC=361 No finger?"
2026-07-05T15:58:24.523,13.942,1355,17.9,11,281,No finger?,"IR=1355, BPM=17.90, Avg BPM=11, MIC=281 No finger?"
2026-07-05T15:58:24.542,13.960,1209,17.9,11,269,No finger?,"IR=1209, BPM=17.90, Avg BPM=11, MIC=269 No finger?"
2026-07-05T15:58:24.561,13.979,1373,17.9,11,278,No finger?,"IR=1373, BPM=17.90, Avg BPM=11, MIC=278 No finger?"
2026-07-05T15:58:24.580,13.999,1284,17.9,11,261,No finger?,"IR=1284, BPM=17.90, Avg BPM=11, MIC=261 No finger?"
2026-07-05T15:58:24.599,14.018,1226,17.9,11,299,No finger?,"IR=1226, BPM=17.90, Avg BPM=11, MIC=299 No finger?"
2026-07-05T15:58:24.619,14.038,1264,17.9,11,247,No finger?,"IR=1264, BPM=17.90, Avg BPM=11, MIC=247 No finger?"
2026-07-05T15:58:24.638,14.057,1268,17.9,11,252,No finger?,"IR=1268, BPM=17.90, Avg BPM=11, MIC=252 No finger?"
2026-07-05T15:58:24.657,14.076,1323,17.9,11,254,No finger?,"IR=1323, BPM=17.90, Avg BPM=11, MIC=254 No finger?"
2026-07-05T15:58:24.676,14.095,1273,17.9,11,213,No finger?,"IR=1273, BPM=17.90, Avg BPM=11, MIC=213 No finger?"
2026-07-05T15:58:24.695,14.114,1336,17.9,11,201,No finger?,"IR=1336, BPM=17.90, Avg BPM=11, MIC=201 No finger?"
2026-07-05T15:58:24.714,14.133,1376,17.9,11,217,No finger?,"IR=1376, BPM=17.90, Avg BPM=11, MIC=217 No finger?"
2026-07-05T15:58:24.733,14.151,1239,17.9,11,220,No finger?,"IR=1239, BPM=17.90, Avg BPM=11, MIC=220 No finger?"
2026-07-05T15:58:24.753,14.172,1391,17.9,11,184,No finger?,"IR=1391, BPM=17.90, Avg BPM=11, MIC=184 No finger?"
2026-07-05T15:58:24.772,14.191,1334,17.9,11,187,No finger?,"IR=1334, BPM=17.90, Avg BPM=11, MIC=187 No finger?"
2026-07-05T15:58:24.791,14.210,1263,17.9,11,171,No finger?,"IR=1263, BPM=17.90, Avg BPM=11, MIC=171 No finger?"
2026-07-05T15:58:24.810,14.228,1305,17.9,11,160,No finger?,"IR=1305, BPM=17.90, Avg BPM=11, MIC=160 No finger?"
2026-07-05T15:58:24.829,14.247,1277,17.9,11,170,No finger?,"IR=1277, BPM=17.90, Avg BPM=11, MIC=170 No finger?"
2026-07-05T15:58:24.848,14.266,1339,17.9,11,153,No finger?,"IR=1339, BPM=17.90, Avg BPM=11, MIC=153 No finger?"
2026-07-05T15:58:24.868,14.287,1252,17.9,11,157,No finger?,"IR=1252, BPM=17.90, Avg BPM=11, MIC=157 No finger?"
2026-07-05T15:58:24.887,14.306,1352,17.9,11,140,No finger?,"IR=1352, BPM=17.90, Avg BPM=11, MIC=140 No finger?"
2026-07-05T15:58:24.906,14.325,1388,17.9,11,151,No finger?,"IR=1388, BPM=17.90, Avg BPM=11, MIC=151 No finger?"
2026-07-05T15:58:24.925,14.344,1279,17.9,11,153,No finger?,"IR=1279, BPM=17.90, Avg BPM=11, MIC=153 No finger?"
2026-07-05T15:58:24.944,14.363,1411,17.9,11,126,No finger?,"IR=1411, BPM=17.90, Avg BPM=11, MIC=126 No finger?"
2026-07-05T15:58:24.963,14.381,1375,17.9,11,118,No finger?,"IR=1375, BPM=17.90, Avg BPM=11, MIC=118 No finger?"
2026-07-05T15:58:24.982,14.400,1273,17.9,11,143,No finger?,"IR=1273, BPM=17.90, Avg BPM=11, MIC=143 No finger?"
2026-07-05T15:58:25.002,14.421,1313,17.9,11,152,No finger?,"IR=1313, BPM=17.90, Avg BPM=11, MIC=152 No finger?"
2026-07-05T15:58:25.021,14.439,1283,17.9,11,127,No finger?,"IR=1283, BPM=17.90, Avg BPM=11, MIC=127 No finger?"
2026-07-05T15:58:25.040,14.459,1365,17.9,11,167,No finger?,"IR=1365, BPM=17.90, Avg BPM=11, MIC=167 No finger?"
2026-07-05T15:58:25.059,14.478,1248,17.9,11,167,No finger?,"IR=1248, BPM=17.90, Avg BPM=11, MIC=167 No finger?"
2026-07-05T15:58:25.078,14.497,1350,17.9,11,153,No finger?,"IR=1350, BPM=17.90, Avg BPM=11, MIC=153 No finger?"
2026-07-05T15:58:25.097,14.516,1344,17.9,11,171,No finger?,"IR=1344, BPM=17.90, Avg BPM=11, MIC=171 No finger?"
2026-07-05T15:58:25.116,14.535,1252,17.9,11,134,No finger?,"IR=1252, BPM=17.90, Avg BPM=11, MIC=134 No finger?"
2026-07-05T15:58:25.136,14.555,1363,17.9,11,153,No finger?,"IR=1363, BPM=17.90, Avg BPM=11, MIC=153 No finger?"
2026-07-05T15:58:25.155,14.574,1370,17.9,11,150,No finger?,"IR=1370, BPM=17.90, Avg BPM=11, MIC=150 No finger?"
2026-07-05T15:58:25.174,14.592,1266,17.9,11,155,No finger?,"IR=1266, BPM=17.90, Avg BPM=11, MIC=155 No finger?"
2026-07-05T15:58:25.193,14.612,1304,17.9,11,171,No finger?,"IR=1304, BPM=17.90, Avg BPM=11, MIC=171 No finger?"
2026-07-05T15:58:25.212,14.630,1242,17.9,11,171,No finger?,"IR=1242, BPM=17.90, Avg BPM=11, MIC=171 No finger?"
2026-07-05T15:58:25.231,14.650,1346,17.9,11,151,No finger?,"IR=1346, BPM=17.90, Avg BPM=11, MIC=151 No finger?"
2026-07-05T15:58:25.251,14.670,1207,17.9,11,167,No finger?,"IR=1207, BPM=17.90, Avg BPM=11, MIC=167 No finger?"
2026-07-05T15:58:25.270,14.689,1358,17.9,11,174,No finger?,"IR=1358, BPM=17.90, Avg BPM=11, MIC=174 No finger?"
2026-07-05T15:58:25.289,14.708,1346,17.9,11,170,No finger?,"IR=1346, BPM=17.90, Avg BPM=11, MIC=170 No finger?"
2026-07-05T15:58:25.308,14.727,1278,17.9,11,156,No finger?,"IR=1278, BPM=17.90, Avg BPM=11, MIC=156 No finger?"
2026-07-05T15:58:25.327,14.746,1411,17.9,11,166,No finger?,"IR=1411, BPM=17.90, Avg BPM=11, MIC=166 No finger?"
2026-07-05T15:58:25.346,14.765,1406,17.9,11,175,No finger?,"IR=1406, BPM=17.90, Avg BPM=11, MIC=175 No finger?"
2026-07-05T15:58:25.365,14.784,1333,17.9,11,186,No finger?,"IR=1333, BPM=17.90, Avg BPM=11, MIC=186 No finger?"
2026-07-05T15:58:25.385,14.804,1342,17.9,11,155,No finger?,"IR=1342, BPM=17.90, Avg BPM=11, MIC=155 No finger?"
2026-07-05T15:58:25.404,14.823,1298,17.9,11,154,No finger?,"IR=1298, BPM=17.90, Avg BPM=11, MIC=154 No finger?"
2026-07-05T15:58:25.423,14.842,1391,17.9,11,143,No finger?,"IR=1391, BPM=17.90, Avg BPM=11, MIC=143 No finger?"
2026-07-05T15:58:25.442,14.861,1240,17.9,11,170,No finger?,"IR=1240, BPM=17.90, Avg BPM=11, MIC=170 No finger?"
2026-07-05T15:58:25.461,14.880,1378,17.9,11,142,No finger?,"IR=1378, BPM=17.90, Avg BPM=11, MIC=142 No finger?"
2026-07-05T15:58:25.480,14.899,1324,17.9,11,203,No finger?,"IR=1324, BPM=17.90, Avg BPM=11, MIC=203 No finger?"
2026-07-05T15:58:25.499,14.918,1273,17.9,11,202,No finger?,"IR=1273, BPM=17.90, Avg BPM=11, MIC=202 No finger?"
2026-07-05T15:58:25.519,14.938,1362,17.9,11,203,No finger?,"IR=1362, BPM=17.90, Avg BPM=11, MIC=203 No finger?"
2026-07-05T15:58:25.538,14.957,1372,17.9,11,220,No finger?,"IR=1372, BPM=17.90, Avg BPM=11, MIC=220 No finger?"
2026-07-05T15:58:25.557,14.976,1322,17.9,11,200,No finger?,"IR=1322, BPM=17.90, Avg BPM=11, MIC=200 No finger?"
2026-07-05T15:58:25.576,14.995,1323,17.9,11,199,No finger?,"IR=1323, BPM=17.90, Avg BPM=11, MIC=199 No finger?"
2026-07-05T15:58:25.595,15.014,1285,17.9,11,208,No finger?,"IR=1285, BPM=17.90, Avg BPM=11, MIC=208 No finger?"
2026-07-05T15:58:25.614,15.033,1346,17.9,11,224,No finger?,"IR=1346, BPM=17.90, Avg BPM=11, MIC=224 No finger?"
2026-07-05T15:58:25.633,15.051,1186,17.9,11,216,No finger?,"IR=1186, BPM=17.90, Avg BPM=11, MIC=216 No finger?"
2026-07-05T15:58:25.653,15.072,1330,17.9,11,204,No finger?,"IR=1330, BPM=17.90, Avg BPM=11, MIC=204 No finger?"
2026-07-05T15:58:25.672,15.091,1269,17.9,11,216,No finger?,"IR=1269, BPM=17.90, Avg BPM=11, MIC=216 No finger?"
2026-07-05T15:58:25.691,15.110,1225,17.9,11,187,No finger?,"IR=1225, BPM=17.90, Avg BPM=11, MIC=187 No finger?"
2026-07-05T15:58:25.710,15.129,1305,17.9,11,214,No finger?,"IR=1305, BPM=17.90, Avg BPM=11, MIC=214 No finger?"
2026-07-05T15:58:25.729,15.147,1316,17.9,11,271,No finger?,"IR=1316, BPM=17.90, Avg BPM=11, MIC=271 No finger?"
2026-07-05T15:58:25.748,15.167,1244,17.9,11,297,No finger?,"IR=1244, BPM=17.90, Avg BPM=11, MIC=297 No finger?"
2026-07-05T15:58:25.768,15.187,1232,17.9,11,238,No finger?,"IR=1232, BPM=17.90, Avg BPM=11, MIC=238 No finger?"
2026-07-05T15:58:25.787,15.206,1209,17.9,11,248,No finger?,"IR=1209, BPM=17.90, Avg BPM=11, MIC=248 No finger?"
2026-07-05T15:58:25.806,15.225,1279,17.9,11,270,No finger?,"IR=1279, BPM=17.90, Avg BPM=11, MIC=270 No finger?"
2026-07-05T15:58:25.825,15.244,1122,17.9,11,312,No finger?,"IR=1122, BPM=17.90, Avg BPM=11, MIC=312 No finger?"
2026-07-05T15:58:25.844,15.263,1284,17.9,11,327,No finger?,"IR=1284, BPM=17.90, Avg BPM=11, MIC=327 No finger?"
2026-07-05T15:58:25.863,15.282,1191,17.9,11,330,No finger?,"IR=1191, BPM=17.90, Avg BPM=11, MIC=330 No finger?"
2026-07-05T15:58:25.882,15.301,1144,17.9,11,303,No finger?,"IR=1144, BPM=17.90, Avg BPM=11, MIC=303 No finger?"
2026-07-05T15:58:25.902,15.321,1206,17.9,11,334,No finger?,"IR=1206, BPM=17.90, Avg BPM=11, MIC=334 No finger?"
2026-07-05T15:58:25.921,15.340,1218,17.9,11,346,No finger?,"IR=1218, BPM=17.90, Avg BPM=11, MIC=346 No finger?"
2026-07-05T15:58:25.940,15.359,1197,17.9,11,329,No finger?,"IR=1197, BPM=17.90, Avg BPM=11, MIC=329 No finger?"
2026-07-05T15:58:25.959,15.378,1171,17.9,11,381,No finger?,"IR=1171, BPM=17.90, Avg BPM=11, MIC=381 No finger?"
2026-07-05T15:58:25.978,15.396,1168,17.9,11,364,No finger?,"IR=1168, BPM=17.90, Avg BPM=11, MIC=364 No finger?"
2026-07-05T15:58:25.997,15.416,1223,17.9,11,398,No finger?,"IR=1223, BPM=17.90, Avg BPM=11, MIC=398 No finger?"
2026-07-05T15:58:26.016,15.435,1047,17.9,11,393,No finger?,"IR=1047, BPM=17.90, Avg BPM=11, MIC=393 No finger?"
2026-07-05T15:58:26.036,15.455,1209,17.9,11,409,No finger?,"IR=1209, BPM=17.90, Avg BPM=11, MIC=409 No finger?"
2026-07-05T15:58:26.055,15.474,1128,17.9,11,407,No finger?,"IR=1128, BPM=17.90, Avg BPM=11, MIC=407 No finger?"
2026-07-05T15:58:26.074,15.493,1102,17.9,11,377,No finger?,"IR=1102, BPM=17.90, Avg BPM=11, MIC=377 No finger?"
2026-07-05T15:58:26.093,15.512,1140,17.9,11,380,No finger?,"IR=1140, BPM=17.90, Avg BPM=11, MIC=380 No finger?"
2026-07-05T15:58:26.112,15.531,1157,17.9,11,375,No finger?,"IR=1157, BPM=17.90, Avg BPM=11, MIC=375 No finger?"
2026-07-05T15:58:26.131,15.550,1157,17.9,11,375,No finger?,"IR=1157, BPM=17.90, Avg BPM=11, MIC=375 No finger?"
2026-07-05T15:58:26.151,15.569,1122,17.9,11,269,No finger?,"IR=1122, BPM=17.90, Avg BPM=11, MIC=269 No finger?"
2026-07-05T15:58:26.170,15.589,1137,17.9,11,391,No finger?,"IR=1137, BPM=17.90, Avg BPM=11, MIC=391 No finger?"
2026-07-05T15:58:26.189,15.608,1212,17.9,11,366,No finger?,"IR=1212, BPM=17.90, Avg BPM=11, MIC=366 No finger?"
2026-07-05T15:58:26.208,15.627,1071,17.9,11,361,No finger?,"IR=1071, BPM=17.90, Avg BPM=11, MIC=361 No finger?"
2026-07-05T15:58:26.227,15.646,1235,17.9,11,313,No finger?,"IR=1235, BPM=17.90, Avg BPM=11, MIC=313 No finger?"
2026-07-05T15:58:26.246,15.664,1153,17.9,11,363,No finger?,"IR=1153, BPM=17.90, Avg BPM=11, MIC=363 No finger?"
2026-07-05T15:58:26.265,15.683,1100,17.9,11,329,No finger?,"IR=1100, BPM=17.90, Avg BPM=11, MIC=329 No finger?"
2026-07-05T15:58:26.285,15.704,1146,17.9,11,345,No finger?,"IR=1146, BPM=17.90, Avg BPM=11, MIC=345 No finger?"
2026-07-05T15:58:26.304,15.723,1145,17.9,11,313,No finger?,"IR=1145, BPM=17.90, Avg BPM=11, MIC=313 No finger?"
2026-07-05T15:58:26.323,15.741,1226,17.9,11,297,No finger?,"IR=1226, BPM=17.90, Avg BPM=11, MIC=297 No finger?"
2026-07-05T15:58:26.343,15.762,1166,17.9,11,332,No finger?,"IR=1166, BPM=17.90, Avg BPM=11, MIC=332 No finger?"
2026-07-05T15:58:26.361,15.779,1214,17.9,11,299,No finger?,"IR=1214, BPM=17.90, Avg BPM=11, MIC=299 No finger?"
2026-07-05T15:58:26.380,15.799,1249,17.9,11,284,No finger?,"IR=1249, BPM=17.90, Avg BPM=11, MIC=284 No finger?"
2026-07-05T15:58:26.399,15.817,1097,17.9,11,268,No finger?,"IR=1097, BPM=17.90, Avg BPM=11, MIC=268 No finger?"
2026-07-05T15:58:26.419,15.838,1273,17.9,11,280,No finger?,"IR=1273, BPM=17.90, Avg BPM=11, MIC=280 No finger?"
2026-07-05T15:58:26.438,15.857,1219,17.9,11,250,No finger?,"IR=1219, BPM=17.90, Avg BPM=11, MIC=250 No finger?"
2026-07-05T15:58:26.457,15.876,1147,17.9,11,248,No finger?,"IR=1147, BPM=17.90, Avg BPM=11, MIC=248 No finger?"
2026-07-05T15:58:26.476,15.895,1175,17.9,11,217,No finger?,"IR=1175, BPM=17.90, Avg BPM=11, MIC=217 No finger?"
2026-07-05T15:58:26.495,15.913,1132,17.9,11,236,No finger?,"IR=1132, BPM=17.90, Avg BPM=11, MIC=236 No finger?"
2026-07-05T15:58:26.514,15.933,1215,17.9,11,203,No finger?,"IR=1215, BPM=17.90, Avg BPM=11, MIC=203 No finger?"
2026-07-05T15:58:26.534,15.953,1122,17.9,11,223,No finger?,"IR=1122, BPM=17.90, Avg BPM=11, MIC=223 No finger?"
2026-07-05T15:58:26.553,15.972,1234,17.9,11,219,No finger?,"IR=1234, BPM=17.90, Avg BPM=11, MIC=219 No finger?"
2026-07-05T15:58:26.572,15.991,1268,17.9,11,171,No finger?,"IR=1268, BPM=17.90, Avg BPM=11, MIC=171 No finger?"
2026-07-05T15:58:26.591,16.009,1181,17.9,11,158,No finger?,"IR=1181, BPM=17.90, Avg BPM=11, MIC=158 No finger?"
2026-07-05T15:58:26.610,16.029,1319,22.71,16,171,No finger?,"IR=1319, BPM=22.71, Avg BPM=16, MIC=171 No finger?"
2026-07-05T15:58:26.629,16.047,1271,22.71,16,175,No finger?,"IR=1271, BPM=22.71, Avg BPM=16, MIC=175 No finger?"
2026-07-05T15:58:26.648,16.067,1169,22.71,16,152,No finger?,"IR=1169, BPM=22.71, Avg BPM=16, MIC=152 No finger?"
2026-07-05T15:58:26.668,16.086,1195,22.71,16,181,No finger?,"IR=1195, BPM=22.71, Avg BPM=16, MIC=181 No finger?"
2026-07-05T15:58:26.687,16.106,1150,22.71,16,167,No finger?,"IR=1150, BPM=22.71, Avg BPM=16, MIC=167 No finger?"
2026-07-05T15:58:26.706,16.124,1233,22.71,16,362,No finger?,"IR=1233, BPM=22.71, Avg BPM=16, MIC=362 No finger?"
2026-07-05T15:58:26.725,16.144,1116,22.71,16,137,No finger?,"IR=1116, BPM=22.71, Avg BPM=16, MIC=137 No finger?"
2026-07-05T15:58:26.744,16.163,1231,22.71,16,136,No finger?,"IR=1231, BPM=22.71, Avg BPM=16, MIC=136 No finger?"
2026-07-05T15:58:26.763,16.181,1230,22.71,16,135,No finger?,"IR=1230, BPM=22.71, Avg BPM=16, MIC=135 No finger?"
2026-07-05T15:58:26.782,16.200,1146,22.71,16,140,No finger?,"IR=1146, BPM=22.71, Avg BPM=16, MIC=140 No finger?"
2026-07-05T15:58:26.802,16.221,1278,22.71,16,136,No finger?,"IR=1278, BPM=22.71, Avg BPM=16, MIC=136 No finger?"
2026-07-05T15:58:26.821,16.240,1271,22.71,16,122,No finger?,"IR=1271, BPM=22.71, Avg BPM=16, MIC=122 No finger?"
2026-07-05T15:58:26.840,16.259,1198,22.71,16,126,No finger?,"IR=1198, BPM=22.71, Avg BPM=16, MIC=126 No finger?"
2026-07-05T15:58:26.859,16.278,1245,22.71,16,94,No finger?,"IR=1245, BPM=22.71, Avg BPM=16, MIC=94 No finger?"
2026-07-05T15:58:26.878,16.296,1215,22.71,16,118,No finger?,"IR=1215, BPM=22.71, Avg BPM=16, MIC=118 No finger?"
2026-07-05T15:58:26.897,16.316,1293,22.71,16,111,No finger?,"IR=1293, BPM=22.71, Avg BPM=16, MIC=111 No finger?"
2026-07-05T15:58:26.916,16.335,1169,22.71,16,106,No finger?,"IR=1169, BPM=22.71, Avg BPM=16, MIC=106 No finger?"
2026-07-05T15:58:26.936,16.355,1318,22.71,16,92,No finger?,"IR=1318, BPM=22.71, Avg BPM=16, MIC=92 No finger?"
2026-07-05T15:58:26.955,16.374,1335,22.71,16,111,No finger?,"IR=1335, BPM=22.71, Avg BPM=16, MIC=111 No finger?"
2026-07-05T15:58:26.974,16.393,1308,22.71,16,104,No finger?,"IR=1308, BPM=22.71, Avg BPM=16, MIC=104 No finger?"
2026-07-05T15:58:26.993,16.411,1465,22.71,16,141,No finger?,"IR=1465, BPM=22.71, Avg BPM=16, MIC=141 No finger?"
2026-07-05T15:58:27.012,16.430,1540,22.71,16,171,No finger?,"IR=1540, BPM=22.71, Avg BPM=16, MIC=171 No finger?"
2026-07-05T15:58:27.031,16.450,1509,22.71,16,126,No finger?,"IR=1509, BPM=22.71, Avg BPM=16, MIC=126 No finger?"
2026-07-05T15:58:27.051,16.470,1621,22.71,16,110,No finger?,"IR=1621, BPM=22.71, Avg BPM=16, MIC=110 No finger?"
2026-07-05T15:58:27.070,16.489,1714,22.71,16,119,No finger?,"IR=1714, BPM=22.71, Avg BPM=16, MIC=119 No finger?"
2026-07-05T15:58:27.089,16.508,1966,22.71,16,125,No finger?,"IR=1966, BPM=22.71, Avg BPM=16, MIC=125 No finger?"
2026-07-05T15:58:27.108,16.527,2004,22.71,16,152,No finger?,"IR=2004, BPM=22.71, Avg BPM=16, MIC=152 No finger?"
2026-07-05T15:58:27.127,16.545,2324,22.71,16,153,No finger?,"IR=2324, BPM=22.71, Avg BPM=16, MIC=153 No finger?"
2026-07-05T15:58:27.146,16.565,2429,22.71,16,154,No finger?,"IR=2429, BPM=22.71, Avg BPM=16, MIC=154 No finger?"
2026-07-05T15:58:27.166,16.584,2512,22.71,16,136,No finger?,"IR=2512, BPM=22.71, Avg BPM=16, MIC=136 No finger?"
2026-07-05T15:58:27.185,16.604,2658,22.71,16,153,No finger?,"IR=2658, BPM=22.71, Avg BPM=16, MIC=153 No finger?"
2026-07-05T15:58:27.204,16.623,2680,22.71,16,156,No finger?,"IR=2680, BPM=22.71, Avg BPM=16, MIC=156 No finger?"
2026-07-05T15:58:27.223,16.642,2562,22.71,16,160,No finger?,"IR=2562, BPM=22.71, Avg BPM=16, MIC=160 No finger?"
2026-07-05T15:58:27.242,16.661,2587,22.71,16,167,No finger?,"IR=2587, BPM=22.71, Avg BPM=16, MIC=167 No finger?"
2026-07-05T15:58:27.261,16.680,2667,22.71,16,172,No finger?,"IR=2667, BPM=22.71, Avg BPM=16, MIC=172 No finger?"
2026-07-05T15:58:27.280,16.699,3005,22.71,16,169,No finger?,"IR=3005, BPM=22.71, Avg BPM=16, MIC=169 No finger?"
2026-07-05T15:58:27.299,16.718,3198,22.71,16,189,No finger?,"IR=3198, BPM=22.71, Avg BPM=16, MIC=189 No finger?"
2026-07-05T15:58:27.319,16.738,3891,22.71,16,186,No finger?,"IR=3891, BPM=22.71, Avg BPM=16, MIC=186 No finger?"
2026-07-05T15:58:27.338,16.757,4489,22.71,16,174,No finger?,"IR=4489, BPM=22.71, Avg BPM=16, MIC=174 No finger?"
2026-07-05T15:58:27.357,16.776,5183,22.71,16,173,No finger?,"IR=5183, BPM=22.71, Avg BPM=16, MIC=173 No finger?"
2026-07-05T15:58:27.376,16.795,5969,22.71,16,218,No finger?,"IR=5969, BPM=22.71, Avg BPM=16, MIC=218 No finger?"
2026-07-05T15:58:27.395,16.813,6604,22.71,16,222,No finger?,"IR=6604, BPM=22.71, Avg BPM=16, MIC=222 No finger?"
2026-07-05T15:58:27.414,16.833,7344,22.71,16,250,No finger?,"IR=7344, BPM=22.71, Avg BPM=16, MIC=250 No finger?"
2026-07-05T15:58:27.434,16.853,9127,22.71,16,220,No finger?,"IR=9127, BPM=22.71, Avg BPM=16, MIC=220 No finger?"
2026-07-05T15:58:27.453,16.872,11912,22.71,16,168,No finger?,"IR=11912, BPM=22.71, Avg BPM=16, MIC=168 No finger?"
2026-07-05T15:58:27.472,16.891,15069,22.71,16,263,No finger?,"IR=15069, BPM=22.71, Avg BPM=16, MIC=263 No finger?"
2026-07-05T15:58:27.491,16.910,18566,22.71,16,269,No finger?,"IR=18566, BPM=22.71, Avg BPM=16, MIC=269 No finger?"
2026-07-05T15:58:27.510,16.929,23990,22.71,16,300,No finger?,"IR=23990, BPM=22.71, Avg BPM=16, MIC=300 No finger?"
2026-07-05T15:58:27.529,16.948,28682,22.71,16,270,No finger?,"IR=28682, BPM=22.71, Avg BPM=16, MIC=270 No finger?"
2026-07-05T15:58:27.548,16.967,32755,22.71,16,261,No finger?,"IR=32755, BPM=22.71, Avg BPM=16, MIC=261 No finger?"
2026-07-05T15:58:27.568,16.987,37201,22.71,16,269,No finger?,"IR=37201, BPM=22.71, Avg BPM=16, MIC=269 No finger?"
2026-07-05T15:58:27.587,17.006,41693,22.71,16,314,No finger?,"IR=41693, BPM=22.71, Avg BPM=16, MIC=314 No finger?"
2026-07-05T15:58:27.606,17.025,45937,22.71,16,287,No finger?,"IR=45937, BPM=22.71, Avg BPM=16, MIC=287 No finger?"
2026-07-05T15:58:27.625,17.044,49426,22.71,16,265,No finger?,"IR=49426, BPM=22.71, Avg BPM=16, MIC=265 No finger?"
2026-07-05T15:58:27.644,17.063,50727,22.71,16,253,,"IR=50727, BPM=22.71, Avg BPM=16, MIC=253"
2026-07-05T15:58:27.663,17.081,54171,22.71,16,283,,"IR=54171, BPM=22.71, Avg BPM=16, MIC=283"
2026-07-05T15:58:27.682,17.100,62171,22.71,16,282,,"IR=62171, BPM=22.71, Avg BPM=16, MIC=282"
2026-07-05T15:58:27.702,17.120,69545,22.71,16,255,,"IR=69545, BPM=22.71, Avg BPM=16, MIC=255"
2026-07-05T15:58:27.721,17.139,73007,22.71,16,251,,"IR=73007, BPM=22.71, Avg BPM=16, MIC=251"
2026-07-05T15:58:27.740,17.158,74829,22.71,16,280,,"IR=74829, BPM=22.71, Avg BPM=16, MIC=280"
2026-07-05T15:58:27.759,17.178,77635,22.71,16,250,,"IR=77635, BPM=22.71, Avg BPM=16, MIC=250"
2026-07-05T15:58:27.778,17.196,83078,22.71,16,301,,"IR=83078, BPM=22.71, Avg BPM=16, MIC=301"
2026-07-05T15:58:27.797,17.215,92601,22.71,16,223,,"IR=92601, BPM=22.71, Avg BPM=16, MIC=223"
2026-07-05T15:58:27.816,17.234,102665,22.71,16,270,,"IR=102665, BPM=22.71, Avg BPM=16, MIC=270"
2026-07-05T15:58:27.836,17.255,110727,22.71,16,264,,"IR=110727, BPM=22.71, Avg BPM=16, MIC=264"
2026-07-05T15:58:27.855,17.274,118306,22.71,16,330,,"IR=118306, BPM=22.71, Avg BPM=16, MIC=330"
2026-07-05T15:58:27.874,17.293,121010,22.71,16,285,,"IR=121010, BPM=22.71, Avg BPM=16, MIC=285"
2026-07-05T15:58:27.893,17.311,122252,22.71,16,234,,"IR=122252, BPM=22.71, Avg BPM=16, MIC=234"
2026-07-05T15:58:27.912,17.331,122911,22.71,16,264,,"IR=122911, BPM=22.71, Avg BPM=16, MIC=264"
2026-07-05T15:58:27.931,17.350,123266,22.71,16,254,,"IR=123266, BPM=22.71, Avg BPM=16, MIC=254"
2026-07-05T15:58:27.951,17.369,123516,22.71,16,254,,"IR=123516, BPM=22.71, Avg BPM=16, MIC=254"
2026-07-05T15:58:27.970,17.388,123658,22.71,16,239,,"IR=123658, BPM=22.71, Avg BPM=16, MIC=239"
2026-07-05T15:58:27.989,17.408,123858,22.71,16,246,,"IR=123858, BPM=22.71, Avg BPM=16, MIC=246"
2026-07-05T15:58:28.008,17.427,124158,22.71,16,279,,"IR=124158, BPM=22.71, Avg BPM=16, MIC=279"
2026-07-05T15:58:28.027,17.446,124393,22.71,16,254,,"IR=124393, BPM=22.71, Avg BPM=16, MIC=254"
2026-07-05T15:58:28.046,17.465,124476,22.71,16,301,,"IR=124476, BPM=22.71, Avg BPM=16, MIC=301"
2026-07-05T15:58:28.065,17.483,124490,22.71,16,346,,"IR=124490, BPM=22.71, Avg BPM=16, MIC=346"
2026-07-05T15:58:28.085,17.504,124460,22.71,16,330,,"IR=124460, BPM=22.71, Avg BPM=16, MIC=330"
2026-07-05T15:58:28.104,17.522,124305,22.71,16,361,,"IR=124305, BPM=22.71, Avg BPM=16, MIC=361"
2026-07-05T15:58:28.123,17.542,124112,22.71,16,384,,"IR=124112, BPM=22.71, Avg BPM=16, MIC=384"
2026-07-05T15:58:28.142,17.560,123919,22.71,16,397,,"IR=123919, BPM=22.71, Avg BPM=16, MIC=397"
2026-07-05T15:58:28.161,17.580,123766,22.71,16,443,,"IR=123766, BPM=22.71, Avg BPM=16, MIC=443"
2026-07-05T15:58:28.180,17.598,123694,22.71,16,426,,"IR=123694, BPM=22.71, Avg BPM=16, MIC=426"
2026-07-05T15:58:28.199,17.617,123642,22.71,16,456,,"IR=123642, BPM=22.71, Avg BPM=16, MIC=456"
2026-07-05T15:58:28.219,17.637,123606,22.71,16,377,,"IR=123606, BPM=22.71, Avg BPM=16, MIC=377"
2026-07-05T15:58:28.238,17.656,123563,22.71,16,458,,"IR=123563, BPM=22.71, Avg BPM=16, MIC=458"
2026-07-05T15:58:28.257,17.676,123504,22.71,16,408,,"IR=123504, BPM=22.71, Avg BPM=16, MIC=408"
2026-07-05T15:58:28.276,17.694,123406,22.71,16,431,,"IR=123406, BPM=22.71, Avg BPM=16, MIC=431"
2026-07-05T15:58:28.295,17.713,123217,22.71,16,428,,"IR=123217, BPM=22.71, Avg BPM=16, MIC=428"
2026-07-05T15:58:28.314,17.732,123091,22.71,16,378,,"IR=123091, BPM=22.71, Avg BPM=16, MIC=378"
2026-07-05T15:58:28.334,17.752,123045,22.71,16,400,,"IR=123045, BPM=22.71, Avg BPM=16, MIC=400"
2026-07-05T15:58:28.353,17.772,123055,22.71,16,395,,"IR=123055, BPM=22.71, Avg BPM=16, MIC=395"
2026-07-05T15:58:28.372,17.791,123101,22.71,16,413,,"IR=123101, BPM=22.71, Avg BPM=16, MIC=413"
2026-07-05T15:58:28.391,17.810,123131,22.71,16,405,,"IR=123131, BPM=22.71, Avg BPM=16, MIC=405"
2026-07-05T15:58:28.410,17.828,123249,22.71,16,414,,"IR=123249, BPM=22.71, Avg BPM=16, MIC=414"
2026-07-05T15:58:28.429,17.847,123329,22.71,16,400,,"IR=123329, BPM=22.71, Avg BPM=16, MIC=400"
2026-07-05T15:58:28.448,17.867,123330,22.71,16,425,,"IR=123330, BPM=22.71, Avg BPM=16, MIC=425"
2026-07-05T15:58:28.468,17.886,123346,22.71,16,437,,"IR=123346, BPM=22.71, Avg BPM=16, MIC=437"
2026-07-05T15:58:28.487,17.905,123335,22.71,16,425,,"IR=123335, BPM=22.71, Avg BPM=16, MIC=425"
2026-07-05T15:58:28.506,17.924,123347,22.71,16,365,,"IR=123347, BPM=22.71, Avg BPM=16, MIC=365"
2026-07-05T15:58:28.525,17.943,123353,22.71,16,415,,"IR=123353, BPM=22.71, Avg BPM=16, MIC=415"
2026-07-05T15:58:28.544,17.962,123340,22.71,16,389,,"IR=123340, BPM=22.71, Avg BPM=16, MIC=389"
2026-07-05T15:58:28.563,17.982,123368,22.71,16,383,,"IR=123368, BPM=22.71, Avg BPM=16, MIC=383"
2026-07-05T15:58:28.582,18.000,123398,22.71,16,399,,"IR=123398, BPM=22.71, Avg BPM=16, MIC=399"
2026-07-05T15:58:28.602,18.020,123453,22.71,16,373,,"IR=123453, BPM=22.71, Avg BPM=16, MIC=373"
2026-07-05T15:58:28.621,18.039,123515,22.71,16,426,,"IR=123515, BPM=22.71, Avg BPM=16, MIC=426"
2026-07-05T15:58:28.640,18.059,123530,22.71,16,364,,"IR=123530, BPM=22.71, Avg BPM=16, MIC=364"
2026-07-05T15:58:28.659,18.078,123552,22.71,16,361,,"IR=123552, BPM=22.71, Avg BPM=16, MIC=361"
2026-07-05T15:58:28.678,18.096,123557,22.71,16,390,,"IR=123557, BPM=22.71, Avg BPM=16, MIC=390"
2026-07-05T15:58:28.697,18.115,123558,22.71,16,398,,"IR=123558, BPM=22.71, Avg BPM=16, MIC=398"
2026-07-05T15:58:28.716,18.135,123538,22.71,16,347,,"IR=123538, BPM=22.71, Avg BPM=16, MIC=347"
2026-07-05T15:58:28.736,18.154,123486,22.71,16,411,,"IR=123486, BPM=22.71, Avg BPM=16, MIC=411"
2026-07-05T15:58:28.755,18.173,123465,22.71,16,396,,"IR=123465, BPM=22.71, Avg BPM=16, MIC=396"
2026-07-05T15:58:28.774,18.193,123388,22.71,16,379,,"IR=123388, BPM=22.71, Avg BPM=16, MIC=379"
2026-07-05T15:58:28.793,18.212,123323,22.71,16,379,,"IR=123323, BPM=22.71, Avg BPM=16, MIC=379"
2026-07-05T15:58:28.812,18.230,123225,22.71,16,375,,"IR=123225, BPM=22.71, Avg BPM=16, MIC=375"
2026-07-05T15:58:28.831,18.249,123110,22.71,16,407,,"IR=123110, BPM=22.71, Avg BPM=16, MIC=407"
2026-07-05T15:58:28.851,18.270,122986,22.71,16,380,,"IR=122986, BPM=22.71, Avg BPM=16, MIC=380"
2026-07-05T15:58:28.870,18.289,122842,22.71,16,378,,"IR=122842, BPM=22.71, Avg BPM=16, MIC=378"
2026-07-05T15:58:28.889,18.308,122657,22.71,16,426,,"IR=122657, BPM=22.71, Avg BPM=16, MIC=426"
2026-07-05T15:58:28.908,18.326,122451,22.71,16,373,,"IR=122451, BPM=22.71, Avg BPM=16, MIC=373"
2026-07-05T15:58:28.927,18.345,122227,22.71,16,350,,"IR=122227, BPM=22.71, Avg BPM=16, MIC=350"
2026-07-05T15:58:28.946,18.364,122038,22.71,16,382,,"IR=122038, BPM=22.71, Avg BPM=16, MIC=382"
2026-07-05T15:58:28.965,18.383,121775,22.71,16,366,,"IR=121775, BPM=22.71, Avg BPM=16, MIC=366"
2026-07-05T15:58:28.985,18.403,121498,22.71,16,367,,"IR=121498, BPM=22.71, Avg BPM=16, MIC=367"
2026-07-05T15:58:29.004,18.422,121196,22.71,16,347,,"IR=121196, BPM=22.71, Avg BPM=16, MIC=347"
2026-07-05T15:58:29.023,18.442,120967,22.71,16,362,,"IR=120967, BPM=22.71, Avg BPM=16, MIC=362"
2026-07-05T15:58:29.042,18.460,120805,22.71,16,377,,"IR=120805, BPM=22.71, Avg BPM=16, MIC=377"
2026-07-05T15:58:29.061,18.479,120644,22.71,16,352,,"IR=120644, BPM=22.71, Avg BPM=16, MIC=352"
2026-07-05T15:58:29.080,18.499,120521,22.71,16,398,,"IR=120521, BPM=22.71, Avg BPM=16, MIC=398"
2026-07-05T15:58:29.099,18.517,120403,22.71,16,398,,"IR=120403, BPM=22.71, Avg BPM=16, MIC=398"
2026-07-05T15:58:29.119,18.537,120309,22.71,16,379,,"IR=120309, BPM=22.71, Avg BPM=16, MIC=379"
2026-07-05T15:58:29.138,18.556,120278,22.71,16,368,,"IR=120278, BPM=22.71, Avg BPM=16, MIC=368"
2026-07-05T15:58:29.157,18.575,120247,22.71,16,366,,"IR=120247, BPM=22.71, Avg BPM=16, MIC=366"
2026-07-05T15:58:29.176,18.595,120283,22.71,16,397,,"IR=120283, BPM=22.71, Avg BPM=16, MIC=397"
2026-07-05T15:58:29.196,18.614,120325,22.71,16,409,,"IR=120325, BPM=22.71, Avg BPM=16, MIC=409"
2026-07-05T15:58:29.214,18.632,120419,22.71,16,424,,"IR=120419, BPM=22.71, Avg BPM=16, MIC=424"
2026-07-05T15:58:29.233,18.652,120567,22.71,16,430,,"IR=120567, BPM=22.71, Avg BPM=16, MIC=430"
2026-07-05T15:58:29.253,18.671,120665,22.71,16,432,,"IR=120665, BPM=22.71, Avg BPM=16, MIC=432"
2026-07-05T15:58:29.272,18.691,120757,22.71,16,425,,"IR=120757, BPM=22.71, Avg BPM=16, MIC=425"
2026-07-05T15:58:29.291,18.710,120830,22.71,16,445,,"IR=120830, BPM=22.71, Avg BPM=16, MIC=445"
2026-07-05T15:58:29.310,18.729,120954,22.71,16,431,,"IR=120954, BPM=22.71, Avg BPM=16, MIC=431"
2026-07-05T15:58:29.329,18.748,121019,22.71,16,395,,"IR=121019, BPM=22.71, Avg BPM=16, MIC=395"
2026-07-05T15:58:29.348,18.767,120028,22.71,16,352,,"IR=120028, BPM=22.71, Avg BPM=16, MIC=352"
2026-07-05T15:58:29.368,18.787,119551,22.71,16,380,,"IR=119551, BPM=22.71, Avg BPM=16, MIC=380"
2026-07-05T15:58:29.387,18.806,119377,22.71,16,313,,"IR=119377, BPM=22.71, Avg BPM=16, MIC=313"
2026-07-05T15:58:29.406,18.824,119249,22.71,16,328,,"IR=119249, BPM=22.71, Avg BPM=16, MIC=328"
2026-07-05T15:58:29.425,18.844,119220,22.71,16,329,,"IR=119220, BPM=22.71, Avg BPM=16, MIC=329"
2026-07-05T15:58:29.444,18.863,119162,22.71,16,310,,"IR=119162, BPM=22.71, Avg BPM=16, MIC=310"
2026-07-05T15:58:29.463,18.881,118975,22.71,16,346,,"IR=118975, BPM=22.71, Avg BPM=16, MIC=346"
2026-07-05T15:58:29.482,18.901,118814,22.71,16,491,,"IR=118814, BPM=22.71, Avg BPM=16, MIC=491"
2026-07-05T15:58:29.502,18.921,118713,22.71,16,332,,"IR=118713, BPM=22.71, Avg BPM=16, MIC=332"
2026-07-05T15:58:29.521,18.940,118625,22.71,16,345,,"IR=118625, BPM=22.71, Avg BPM=16, MIC=345"
2026-07-05T15:58:29.540,18.959,118502,22.71,16,141,,"IR=118502, BPM=22.71, Avg BPM=16, MIC=141"
2026-07-05T15:58:29.559,18.978,118436,22.71,16,330,,"IR=118436, BPM=22.71, Avg BPM=16, MIC=330"
2026-07-05T15:58:29.578,18.997,118325,22.71,16,348,,"IR=118325, BPM=22.71, Avg BPM=16, MIC=348"
2026-07-05T15:58:29.597,19.015,118241,22.71,16,318,,"IR=118241, BPM=22.71, Avg BPM=16, MIC=318"
2026-07-05T15:58:29.616,19.035,118198,22.71,16,361,,"IR=118198, BPM=22.71, Avg BPM=16, MIC=361"
2026-07-05T15:58:29.636,19.054,118163,22.71,16,363,,"IR=118163, BPM=22.71, Avg BPM=16, MIC=363"
2026-07-05T15:58:29.655,19.073,118105,22.71,16,360,,"IR=118105, BPM=22.71, Avg BPM=16, MIC=360"
2026-07-05T15:58:29.674,19.092,118072,22.71,16,314,,"IR=118072, BPM=22.71, Avg BPM=16, MIC=314"
2026-07-05T15:58:29.693,19.111,118051,22.71,16,447,,"IR=118051, BPM=22.71, Avg BPM=16, MIC=447"
2026-07-05T15:58:29.712,19.130,118063,22.71,16,358,,"IR=118063, BPM=22.71, Avg BPM=16, MIC=358"
2026-07-05T15:58:29.731,19.149,118018,22.71,16,315,,"IR=118018, BPM=22.71, Avg BPM=16, MIC=315"
2026-07-05T15:58:29.751,19.169,118042,22.71,16,379,,"IR=118042, BPM=22.71, Avg BPM=16, MIC=379"
2026-07-05T15:58:29.770,19.188,118026,22.71,16,373,,"IR=118026, BPM=22.71, Avg BPM=16, MIC=373"
2026-07-05T15:58:29.789,19.207,118020,22.71,16,343,,"IR=118020, BPM=22.71, Avg BPM=16, MIC=343"
2026-07-05T15:58:29.808,19.227,118039,22.71,16,366,,"IR=118039, BPM=22.71, Avg BPM=16, MIC=366"
2026-07-05T15:58:29.827,19.245,118044,22.71,16,349,,"IR=118044, BPM=22.71, Avg BPM=16, MIC=349"
2026-07-05T15:58:29.846,19.265,118052,22.71,16,349,,"IR=118052, BPM=22.71, Avg BPM=16, MIC=349"
2026-07-05T15:58:29.865,19.284,118021,22.71,16,342,,"IR=118021, BPM=22.71, Avg BPM=16, MIC=342"
2026-07-05T15:58:29.885,19.303,118024,22.71,16,347,,"IR=118024, BPM=22.71, Avg BPM=16, MIC=347"
2026-07-05T15:58:29.904,19.322,118018,22.71,16,333,,"IR=118018, BPM=22.71, Avg BPM=16, MIC=333"
2026-07-05T15:58:29.923,19.341,117974,22.71,16,378,,"IR=117974, BPM=22.71, Avg BPM=16, MIC=378"
2026-07-05T15:58:29.942,19.361,118006,22.71,16,351,,"IR=118006, BPM=22.71, Avg BPM=16, MIC=351"
2026-07-05T15:58:29.961,19.379,118017,22.71,16,351,,"IR=118017, BPM=22.71, Avg BPM=16, MIC=351"
2026-07-05T15:58:29.980,19.399,118029,22.71,16,335,,"IR=118029, BPM=22.71, Avg BPM=16, MIC=335"
2026-07-05T15:58:29.999,19.418,118050,22.71,16,411,,"IR=118050, BPM=22.71, Avg BPM=16, MIC=411"
2026-07-05T15:58:30.019,19.438,118063,22.71,16,359,,"IR=118063, BPM=22.71, Avg BPM=16, MIC=359"
2026-07-05T15:58:30.038,19.456,118104,22.71,16,334,,"IR=118104, BPM=22.71, Avg BPM=16, MIC=334"
2026-07-05T15:58:30.057,19.476,118108,22.71,16,329,,"IR=118108, BPM=22.71, Avg BPM=16, MIC=329"
2026-07-05T15:58:30.076,19.495,118143,22.71,16,348,,"IR=118143, BPM=22.71, Avg BPM=16, MIC=348"
2026-07-05T15:58:30.095,19.513,118159,22.71,16,326,,"IR=118159, BPM=22.71, Avg BPM=16, MIC=326"
2026-07-05T15:58:30.114,19.533,118146,22.71,16,342,,"IR=118146, BPM=22.71, Avg BPM=16, MIC=342"
2026-07-05T15:58:30.135,19.553,118177,22.71,16,341,,"IR=118177, BPM=22.71, Avg BPM=16, MIC=341"
2026-07-05T15:58:30.153,19.572,118183,22.71,16,361,,"IR=118183, BPM=22.71, Avg BPM=16, MIC=361"
2026-07-05T15:58:30.172,19.591,118198,22.71,16,334,,"IR=118198, BPM=22.71, Avg BPM=16, MIC=334"
2026-07-05T15:58:30.191,19.609,118216,22.71,16,336,,"IR=118216, BPM=22.71, Avg BPM=16, MIC=336"
2026-07-05T15:58:30.210,19.629,118216,22.71,16,332,,"IR=118216, BPM=22.71, Avg BPM=16, MIC=332"
2026-07-05T15:58:30.229,19.647,118220,22.71,16,335,,"IR=118220, BPM=22.71, Avg BPM=16, MIC=335"
2026-07-05T15:58:30.248,19.667,118178,22.71,16,329,,"IR=118178, BPM=22.71, Avg BPM=16, MIC=329"
2026-07-05T15:58:30.268,19.686,118189,22.71,16,328,,"IR=118189, BPM=22.71, Avg BPM=16, MIC=328"
2026-07-05T15:58:30.287,19.705,118210,22.71,16,328,,"IR=118210, BPM=22.71, Avg BPM=16, MIC=328"
2026-07-05T15:58:30.306,19.724,118206,22.71,16,360,,"IR=118206, BPM=22.71, Avg BPM=16, MIC=360"
2026-07-05T15:58:30.325,19.743,118231,22.71,16,363,,"IR=118231, BPM=22.71, Avg BPM=16, MIC=363"
2026-07-05T15:58:30.344,19.762,118216,22.71,16,362,,"IR=118216, BPM=22.71, Avg BPM=16, MIC=362"
2026-07-05T15:58:30.363,19.781,118202,22.71,16,376,,"IR=118202, BPM=22.71, Avg BPM=16, MIC=376"
2026-07-05T15:58:30.382,19.800,118213,22.71,16,333,,"IR=118213, BPM=22.71, Avg BPM=16, MIC=333"
2026-07-05T15:58:30.402,19.820,118201,22.71,16,315,,"IR=118201, BPM=22.71, Avg BPM=16, MIC=315"
2026-07-05T15:58:30.421,19.839,118223,22.71,16,345,,"IR=118223, BPM=22.71, Avg BPM=16, MIC=345"
2026-07-05T15:58:30.441,19.860,118219,22.71,16,361,,"IR=118219, BPM=22.71, Avg BPM=16, MIC=361"
2026-07-05T15:58:30.459,19.877,118252,22.71,16,349,,"IR=118252, BPM=22.71, Avg BPM=16, MIC=349"
2026-07-05T15:58:30.478,19.896,118260,22.71,16,351,,"IR=118260, BPM=22.71, Avg BPM=16, MIC=351"
2026-07-05T15:58:30.497,19.915,118278,22.71,16,360,,"IR=118278, BPM=22.71, Avg BPM=16, MIC=360"
2026-07-05T15:58:30.517,19.935,118338,22.71,16,328,,"IR=118338, BPM=22.71, Avg BPM=16, MIC=328"
2026-07-05T15:58:30.536,19.954,118362,22.71,16,375,,"IR=118362, BPM=22.71, Avg BPM=16, MIC=375"
2026-07-05T15:58:30.555,19.973,118382,22.71,16,366,,"IR=118382, BPM=22.71, Avg BPM=16, MIC=366"
2026-07-05T15:58:30.574,19.992,118404,22.71,16,409,,"IR=118404, BPM=22.71, Avg BPM=16, MIC=409"
2026-07-05T15:58:30.593,20.011,118399,22.71,16,345,,"IR=118399, BPM=22.71, Avg BPM=16, MIC=345"
2026-07-05T15:58:30.612,20.030,118429,22.71,16,366,,"IR=118429, BPM=22.71, Avg BPM=16, MIC=366"
2026-07-05T15:58:30.631,20.049,118431,22.71,16,343,,"IR=118431, BPM=22.71, Avg BPM=16, MIC=343"
2026-07-05T15:58:30.651,20.069,118481,22.71,16,360,,"IR=118481, BPM=22.71, Avg BPM=16, MIC=360"
2026-07-05T15:58:30.670,20.089,118484,22.71,16,376,,"IR=118484, BPM=22.71, Avg BPM=16, MIC=376"
2026-07-05T15:58:30.689,20.107,118480,22.71,16,376,,"IR=118480, BPM=22.71, Avg BPM=16, MIC=376"
2026-07-05T15:58:30.708,20.126,118494,22.71,16,399,,"IR=118494, BPM=22.71, Avg BPM=16, MIC=399"
2026-07-05T15:58:30.727,20.145,118472,22.71,16,393,,"IR=118472, BPM=22.71, Avg BPM=16, MIC=393"
2026-07-05T15:58:30.746,20.164,118435,22.71,16,378,,"IR=118435, BPM=22.71, Avg BPM=16, MIC=378"
2026-07-05T15:58:30.765,20.183,118431,22.71,16,396,,"IR=118431, BPM=22.71, Avg BPM=16, MIC=396"
2026-07-05T15:58:30.785,20.203,118412,22.71,16,379,,"IR=118412, BPM=22.71, Avg BPM=16, MIC=379"
2026-07-05T15:58:30.804,20.223,118422,22.71,16,332,,"IR=118422, BPM=22.71, Avg BPM=16, MIC=332"
2026-07-05T15:58:30.823,20.242,118385,22.71,16,389,,"IR=118385, BPM=22.71, Avg BPM=16, MIC=389"
2026-07-05T15:58:30.842,20.260,118406,22.71,16,382,,"IR=118406, BPM=22.71, Avg BPM=16, MIC=382"
2026-07-05T15:58:30.861,20.279,118383,22.71,16,347,,"IR=118383, BPM=22.71, Avg BPM=16, MIC=347"
2026-07-05T15:58:30.880,20.298,118352,22.71,16,391,,"IR=118352, BPM=22.71, Avg BPM=16, MIC=391"
2026-07-05T15:58:30.900,20.318,118371,22.71,16,351,,"IR=118371, BPM=22.71, Avg BPM=16, MIC=351"
2026-07-05T15:58:30.919,20.337,118372,22.71,16,362,,"IR=118372, BPM=22.71, Avg BPM=16, MIC=362"
2026-07-05T15:58:30.938,20.356,118362,22.71,16,304,,"IR=118362, BPM=22.71, Avg BPM=16, MIC=304"
2026-07-05T15:58:30.957,20.375,118333,22.71,16,346,,"IR=118333, BPM=22.71, Avg BPM=16, MIC=346"
2026-07-05T15:58:30.976,20.394,118306,22.71,16,360,,"IR=118306, BPM=22.71, Avg BPM=16, MIC=360"
2026-07-05T15:58:30.995,20.413,118304,22.71,16,480,,"IR=118304, BPM=22.71, Avg BPM=16, MIC=480"
2026-07-05T15:58:31.014,20.432,118267,22.71,16,367,,"IR=118267, BPM=22.71, Avg BPM=16, MIC=367"
2026-07-05T15:58:31.034,20.452,118289,22.71,16,352,,"IR=118289, BPM=22.71, Avg BPM=16, MIC=352"
2026-07-05T15:58:31.053,20.471,118293,22.71,16,360,,"IR=118293, BPM=22.71, Avg BPM=16, MIC=360"
2026-07-05T15:58:31.072,20.490,118300,22.71,16,359,,"IR=118300, BPM=22.71, Avg BPM=16, MIC=359"
2026-07-05T15:58:31.091,20.509,118326,22.71,16,334,,"IR=118326, BPM=22.71, Avg BPM=16, MIC=334"
2026-07-05T15:58:31.110,20.528,118326,22.71,16,313,,"IR=118326, BPM=22.71, Avg BPM=16, MIC=313"
2026-07-05T15:58:31.129,20.547,118297,22.71,16,346,,"IR=118297, BPM=22.71, Avg BPM=16, MIC=346"
2026-07-05T15:58:31.149,20.567,118298,22.71,16,318,,"IR=118298, BPM=22.71, Avg BPM=16, MIC=318"
2026-07-05T15:58:31.168,20.587,118318,22.71,16,347,,"IR=118318, BPM=22.71, Avg BPM=16, MIC=347"
2026-07-05T15:58:31.187,20.605,118359,22.71,16,377,,"IR=118359, BPM=22.71, Avg BPM=16, MIC=377"
2026-07-05T15:58:31.206,20.624,118336,22.71,16,345,,"IR=118336, BPM=22.71, Avg BPM=16, MIC=345"
2026-07-05T15:58:31.225,20.644,118337,22.71,16,350,,"IR=118337, BPM=22.71, Avg BPM=16, MIC=350"
2026-07-05T15:58:31.244,20.663,118288,22.71,16,345,,"IR=118288, BPM=22.71, Avg BPM=16, MIC=345"
2026-07-05T15:58:31.263,20.682,118250,22.71,16,336,,"IR=118250, BPM=22.71, Avg BPM=16, MIC=336"
2026-07-05T15:58:31.283,20.701,118251,22.71,16,346,,"IR=118251, BPM=22.71, Avg BPM=16, MIC=346"
2026-07-05T15:58:31.302,20.720,118220,22.71,16,332,,"IR=118220, BPM=22.71, Avg BPM=16, MIC=332"
2026-07-05T15:58:31.321,20.739,118219,22.71,16,344,,"IR=118219, BPM=22.71, Avg BPM=16, MIC=344"
2026-07-05T15:58:31.340,20.758,118211,22.71,16,330,,"IR=118211, BPM=22.71, Avg BPM=16, MIC=330"
2026-07-05T15:58:31.359,20.777,118220,22.71,16,351,,"IR=118220, BPM=22.71, Avg BPM=16, MIC=351"
2026-07-05T15:58:31.378,20.796,118227,22.71,16,328,,"IR=118227, BPM=22.71, Avg BPM=16, MIC=328"
2026-07-05T15:58:31.397,20.816,118181,22.71,16,350,,"IR=118181, BPM=22.71, Avg BPM=16, MIC=350"
2026-07-05T15:58:31.417,20.835,118221,22.71,16,331,,"IR=118221, BPM=22.71, Avg BPM=16, MIC=331"
2026-07-05T15:58:31.436,20.855,118242,22.71,16,297,,"IR=118242, BPM=22.71, Avg BPM=16, MIC=297"
2026-07-05T15:58:31.455,20.874,118248,22.71,16,376,,"IR=118248, BPM=22.71, Avg BPM=16, MIC=376"
2026-07-05T15:58:31.474,20.893,118258,22.71,16,346,,"IR=118258, BPM=22.71, Avg BPM=16, MIC=346"
2026-07-05T15:58:31.493,20.912,118274,22.71,16,376,,"IR=118274, BPM=22.71, Avg BPM=16, MIC=376"
2026-07-05T15:58:31.512,20.931,118266,22.71,16,358,,"IR=118266, BPM=22.71, Avg BPM=16, MIC=358"
2026-07-05T15:58:31.531,20.950,118230,22.71,16,362,,"IR=118230, BPM=22.71, Avg BPM=16, MIC=362"
2026-07-05T15:58:31.551,20.970,118199,22.71,16,334,,"IR=118199, BPM=22.71, Avg BPM=16, MIC=334"
2026-07-05T15:58:31.570,20.989,118183,22.71,16,345,,"IR=118183, BPM=22.71, Avg BPM=16, MIC=345"
2026-07-05T15:58:31.589,21.008,118124,22.71,16,331,,"IR=118124, BPM=22.71, Avg BPM=16, MIC=331"
2026-07-05T15:58:31.608,21.026,118139,22.71,16,334,,"IR=118139, BPM=22.71, Avg BPM=16, MIC=334"
2026-07-05T15:58:31.627,21.045,118093,22.71,16,364,,"IR=118093, BPM=22.71, Avg BPM=16, MIC=364"
2026-07-05T15:58:31.646,21.065,118055,22.71,16,319,,"IR=118055, BPM=22.71, Avg BPM=16, MIC=319"
2026-07-05T15:58:31.666,21.085,118055,22.71,16,314,,"IR=118055, BPM=22.71, Avg BPM=16, MIC=314"
2026-07-05T15:58:31.685,21.104,118055,22.71,16,316,,"IR=118055, BPM=22.71, Avg BPM=16, MIC=316"
2026-07-05T15:58:31.704,21.122,118061,22.71,16,299,,"IR=118061, BPM=22.71, Avg BPM=16, MIC=299"
2026-07-05T15:58:31.723,21.142,118068,22.71,16,345,,"IR=118068, BPM=22.71, Avg BPM=16, MIC=345"
2026-07-05T15:58:31.743,21.161,118067,22.71,16,332,,"IR=118067, BPM=22.71, Avg BPM=16, MIC=332"
2026-07-05T15:58:31.761,21.179,118069,22.71,16,303,,"IR=118069, BPM=22.71, Avg BPM=16, MIC=303"
2026-07-05T15:58:31.780,21.198,118052,22.71,16,284,,"IR=118052, BPM=22.71, Avg BPM=16, MIC=284"
2026-07-05T15:58:31.800,21.218,118074,22.71,16,318,,"IR=118074, BPM=22.71, Avg BPM=16, MIC=318"
2026-07-05T15:58:31.819,21.238,118048,22.71,16,272,,"IR=118048, BPM=22.71, Avg BPM=16, MIC=272"
2026-07-05T15:58:31.838,21.256,118063,22.71,16,298,,"IR=118063, BPM=22.71, Avg BPM=16, MIC=298"
2026-07-05T15:58:31.857,21.275,118081,22.71,16,316,,"IR=118081, BPM=22.71, Avg BPM=16, MIC=316"
2026-07-05T15:58:31.876,21.295,118071,22.71,16,311,,"IR=118071, BPM=22.71, Avg BPM=16, MIC=311"
2026-07-05T15:58:31.895,21.313,118044,22.71,16,295,,"IR=118044, BPM=22.71, Avg BPM=16, MIC=295"
2026-07-05T15:58:31.914,21.332,118010,22.71,16,346,,"IR=118010, BPM=22.71, Avg BPM=16, MIC=346"
2026-07-05T15:58:31.934,21.352,118010,22.71,16,314,,"IR=118010, BPM=22.71, Avg BPM=16, MIC=314"
2026-07-05T15:58:31.953,21.371,118017,22.71,16,293,,"IR=118017, BPM=22.71, Avg BPM=16, MIC=293"
2026-07-05T15:58:31.972,21.390,118000,22.71,16,279,,"IR=118000, BPM=22.71, Avg BPM=16, MIC=279"
2026-07-05T15:58:31.991,21.409,118038,22.71,16,271,,"IR=118038, BPM=22.71, Avg BPM=16, MIC=271"
2026-07-05T15:58:32.010,21.428,118035,22.71,16,266,,"IR=118035, BPM=22.71, Avg BPM=16, MIC=266"
2026-07-05T15:58:32.029,21.447,118031,22.71,16,265,,"IR=118031, BPM=22.71, Avg BPM=16, MIC=265"
2026-07-05T15:58:32.049,21.467,118032,22.71,16,245,,"IR=118032, BPM=22.71, Avg BPM=16, MIC=245"
2026-07-05T15:58:32.068,21.486,118014,22.71,16,245,,"IR=118014, BPM=22.71, Avg BPM=16, MIC=245"
2026-07-05T15:58:32.087,21.506,118026,22.71,16,221,,"IR=118026, BPM=22.71, Avg BPM=16, MIC=221"
2026-07-05T15:58:32.106,21.524,118004,22.71,16,235,,"IR=118004, BPM=22.71, Avg BPM=16, MIC=235"
2026-07-05T15:58:32.125,21.543,118013,22.71,16,188,,"IR=118013, BPM=22.71, Avg BPM=16, MIC=188"
2026-07-05T15:58:32.144,21.562,118004,22.71,16,154,,"IR=118004, BPM=22.71, Avg BPM=16, MIC=154"
2026-07-05T15:58:32.163,21.581,117945,22.71,16,134,,"IR=117945, BPM=22.71, Avg BPM=16, MIC=134"
2026-07-05T15:58:32.183,21.602,117951,22.71,16,121,,"IR=117951, BPM=22.71, Avg BPM=16, MIC=121"
2026-07-05T15:58:32.202,21.620,117944,22.71,16,88,,"IR=117944, BPM=22.71, Avg BPM=16, MIC=88"
2026-07-05T15:58:32.221,21.639,117930,22.71,16,46,,"IR=117930, BPM=22.71, Avg BPM=16, MIC=46"
2026-07-05T15:58:32.240,21.658,117976,22.71,16,55,,"IR=117976, BPM=22.71, Avg BPM=16, MIC=55"
2026-07-05T15:58:32.259,21.678,118016,22.71,16,24,,"IR=118016, BPM=22.71, Avg BPM=16, MIC=24"
2026-07-05T15:58:32.278,21.697,118080,22.71,16,29,,"IR=118080, BPM=22.71, Avg BPM=16, MIC=29"
2026-07-05T15:58:32.297,21.715,118056,22.71,16,4,,"IR=118056, BPM=22.71, Avg BPM=16, MIC=4"
2026-07-05T15:58:32.317,21.735,118039,22.71,16,26,,"IR=118039, BPM=22.71, Avg BPM=16, MIC=26"
2026-07-05T15:58:32.336,21.754,118029,22.71,16,28,,"IR=118029, BPM=22.71, Avg BPM=16, MIC=28"
2026-07-05T15:58:32.355,21.774,118014,22.71,16,19,,"IR=118014, BPM=22.71, Avg BPM=16, MIC=19"
2026-07-05T15:58:32.374,21.792,118054,22.71,16,28,,"IR=118054, BPM=22.71, Avg BPM=16, MIC=28"
2026-07-05T15:58:32.393,21.812,118067,22.71,16,16,,"IR=118067, BPM=22.71, Avg BPM=16, MIC=16"
2026-07-05T15:58:32.412,21.831,118046,22.71,16,22,,"IR=118046, BPM=22.71, Avg BPM=16, MIC=22"
2026-07-05T15:58:32.432,21.850,118034,22.71,16,47,,"IR=118034, BPM=22.71, Avg BPM=16, MIC=47"
2026-07-05T15:58:32.451,21.869,118009,22.71,16,79,,"IR=118009, BPM=22.71, Avg BPM=16, MIC=79"
2026-07-05T15:58:32.470,21.888,118034,22.71,16,75,,"IR=118034, BPM=22.71, Avg BPM=16, MIC=75"
2026-07-05T15:58:32.489,21.907,118021,22.71,16,107,,"IR=118021, BPM=22.71, Avg BPM=16, MIC=107"
2026-07-05T15:58:32.508,21.926,118021,22.71,16,17,,"IR=118021, BPM=22.71, Avg BPM=16, MIC=17"
2026-07-05T15:58:32.527,21.946,118004,22.71,16,152,,"IR=118004, BPM=22.71, Avg BPM=16, MIC=152"
2026-07-05T15:58:32.546,21.964,118002,22.71,16,127,,"IR=118002, BPM=22.71, Avg BPM=16, MIC=127"
2026-07-05T15:58:32.566,21.984,118048,22.71,16,126,,"IR=118048, BPM=22.71, Avg BPM=16, MIC=126"
2026-07-05T15:58:32.585,22.003,118088,22.71,16,159,,"IR=118088, BPM=22.71, Avg BPM=16, MIC=159"
2026-07-05T15:58:32.604,22.023,118101,22.71,16,154,,"IR=118101, BPM=22.71, Avg BPM=16, MIC=154"
2026-07-05T15:58:32.623,22.042,118143,22.71,16,171,,"IR=118143, BPM=22.71, Avg BPM=16, MIC=171"
2026-07-05T15:58:32.642,22.060,118143,22.71,16,166,,"IR=118143, BPM=22.71, Avg BPM=16, MIC=166"
2026-07-05T15:58:32.661,22.080,118175,22.71,16,126,,"IR=118175, BPM=22.71, Avg BPM=16, MIC=126"
2026-07-05T15:58:32.680,22.098,118155,9.88,16,153,,"IR=118155, BPM=9.88, Avg BPM=16, MIC=153"
2026-07-05T15:58:32.700,22.119,118197,9.88,16,124,,"IR=118197, BPM=9.88, Avg BPM=16, MIC=124"
2026-07-05T15:58:32.719,22.138,118182,9.88,16,105,,"IR=118182, BPM=9.88, Avg BPM=16, MIC=105"
2026-07-05T15:58:32.738,22.156,118141,9.88,16,79,,"IR=118141, BPM=9.88, Avg BPM=16, MIC=79"
2026-07-05T15:58:32.757,22.176,118136,9.88,16,86,,"IR=118136, BPM=9.88, Avg BPM=16, MIC=86"
2026-07-05T15:58:32.776,22.194,118130,9.88,16,46,,"IR=118130, BPM=9.88, Avg BPM=16, MIC=46"
2026-07-05T15:58:32.795,22.213,118144,9.88,16,78,,"IR=118144, BPM=9.88, Avg BPM=16, MIC=78"
2026-07-05T15:58:32.815,22.233,118162,9.88,16,94,,"IR=118162, BPM=9.88, Avg BPM=16, MIC=94"
2026-07-05T15:58:32.833,22.252,118168,9.88,16,70,,"IR=118168, BPM=9.88, Avg BPM=16, MIC=70"
2026-07-05T15:58:32.853,22.271,118198,9.88,16,43,,"IR=118198, BPM=9.88, Avg BPM=16, MIC=43"
2026-07-05T15:58:32.872,22.290,118193,9.88,16,61,,"IR=118193, BPM=9.88, Avg BPM=16, MIC=61"
2026-07-05T15:58:32.891,22.309,118252,9.88,16,73,,"IR=118252, BPM=9.88, Avg BPM=16, MIC=73"
2026-07-05T15:58:32.910,22.328,118267,9.88,16,77,,"IR=118267, BPM=9.88, Avg BPM=16, MIC=77"
2026-07-05T15:58:32.929,22.347,118287,9.88,16,106,,"IR=118287, BPM=9.88, Avg BPM=16, MIC=106"
2026-07-05T15:58:32.949,22.367,118316,9.88,16,76,,"IR=118316, BPM=9.88, Avg BPM=16, MIC=76"
2026-07-05T15:58:32.968,22.386,118313,9.88,16,77,,"IR=118313, BPM=9.88, Avg BPM=16, MIC=77"
2026-07-05T15:58:32.987,22.406,118314,9.88,16,61,,"IR=118314, BPM=9.88, Avg BPM=16, MIC=61"
2026-07-05T15:58:33.006,22.425,118335,9.88,16,150,,"IR=118335, BPM=9.88, Avg BPM=16, MIC=150"
2026-07-05T15:58:33.024,22.443,118330,9.88,16,95,,"IR=118330, BPM=9.88, Avg BPM=16, MIC=95"
2026-07-05T15:58:33.044,22.462,118363,9.88,16,127,,"IR=118363, BPM=9.88, Avg BPM=16, MIC=127"
2026-07-05T15:58:33.064,22.482,118345,9.88,16,93,,"IR=118345, BPM=9.88, Avg BPM=16, MIC=93"
2026-07-05T15:58:33.083,22.502,118379,9.88,16,103,,"IR=118379, BPM=9.88, Avg BPM=16, MIC=103"
2026-07-05T15:58:33.102,22.520,118368,9.88,16,79,,"IR=118368, BPM=9.88, Avg BPM=16, MIC=79"
2026-07-05T15:58:33.121,22.539,118370,9.88,16,112,,"IR=118370, BPM=9.88, Avg BPM=16, MIC=112"
2026-07-05T15:58:33.140,22.558,118377,9.88,16,95,,"IR=118377, BPM=9.88, Avg BPM=16, MIC=95"
2026-07-05T15:58:33.159,22.578,118378,9.88,16,74,,"IR=118378, BPM=9.88, Avg BPM=16, MIC=74"
2026-07-05T15:58:33.178,22.596,118359,9.88,16,77,,"IR=118359, BPM=9.88, Avg BPM=16, MIC=77"
2026-07-05T15:58:33.198,22.616,118360,9.88,16,75,,"IR=118360, BPM=9.88, Avg BPM=16, MIC=75"
2026-07-05T15:58:33.217,22.635,118360,9.88,16,73,,"IR=118360, BPM=9.88, Avg BPM=16, MIC=73"
2026-07-05T15:58:33.236,22.654,118390,9.88,16,47,,"IR=118390, BPM=9.88, Avg BPM=16, MIC=47"
2026-07-05T15:58:33.255,22.673,118391,9.88,16,123,,"IR=118391, BPM=9.88, Avg BPM=16, MIC=123"
2026-07-05T15:58:33.274,22.693,118412,9.88,16,119,,"IR=118412, BPM=9.88, Avg BPM=16, MIC=119"
2026-07-05T15:58:33.293,22.711,118367,9.88,16,106,,"IR=118367, BPM=9.88, Avg BPM=16, MIC=106"
2026-07-05T15:58:33.312,22.730,118295,9.88,16,106,,"IR=118295, BPM=9.88, Avg BPM=16, MIC=106"
2026-07-05T15:58:33.332,22.750,118262,9.88,16,120,,"IR=118262, BPM=9.88, Avg BPM=16, MIC=120"
2026-07-05T15:58:33.351,22.770,118247,9.88,16,122,,"IR=118247, BPM=9.88, Avg BPM=16, MIC=122"
2026-07-05T15:58:33.370,22.788,118254,9.88,16,104,,"IR=118254, BPM=9.88, Avg BPM=16, MIC=104"
2026-07-05T15:58:33.389,22.808,118264,9.88,16,120,,"IR=118264, BPM=9.88, Avg BPM=16, MIC=120"
2026-07-05T15:58:33.408,22.826,118279,9.88,16,106,,"IR=118279, BPM=9.88, Avg BPM=16, MIC=106"
2026-07-05T15:58:33.427,22.845,118298,9.88,16,151,,"IR=118298, BPM=9.88, Avg BPM=16, MIC=151"
2026-07-05T15:58:33.447,22.865,118279,9.88,16,153,,"IR=118279, BPM=9.88, Avg BPM=16, MIC=153"
2026-07-05T15:58:33.466,22.884,118335,9.88,16,136,,"IR=118335, BPM=9.88, Avg BPM=16, MIC=136"
2026-07-05T15:58:33.485,22.903,118352,9.88,16,150,,"IR=118352, BPM=9.88, Avg BPM=16, MIC=150"
2026-07-05T15:58:33.504,22.922,118379,9.88,16,125,,"IR=118379, BPM=9.88, Avg BPM=16, MIC=125"
2026-07-05T15:58:33.523,22.941,118429,9.88,16,184,,"IR=118429, BPM=9.88, Avg BPM=16, MIC=184"
2026-07-05T15:58:33.542,22.960,118442,9.88,16,158,,"IR=118442, BPM=9.88, Avg BPM=16, MIC=158"
2026-07-05T15:58:33.561,22.979,118438,9.88,16,175,,"IR=118438, BPM=9.88, Avg BPM=16, MIC=175"
2026-07-05T15:58:33.581,23.000,118425,9.88,16,183,,"IR=118425, BPM=9.88, Avg BPM=16, MIC=183"
2026-07-05T15:58:33.600,23.019,118448,9.88,16,184,,"IR=118448, BPM=9.88, Avg BPM=16, MIC=184"
2026-07-05T15:58:33.619,23.037,118477,9.88,16,168,,"IR=118477, BPM=9.88, Avg BPM=16, MIC=168"
2026-07-05T15:58:33.638,23.056,118464,9.88,16,187,,"IR=118464, BPM=9.88, Avg BPM=16, MIC=187"
2026-07-05T15:58:33.657,23.075,118506,9.88,16,175,,"IR=118506, BPM=9.88, Avg BPM=16, MIC=175"
2026-07-05T15:58:33.676,23.095,118490,9.88,16,217,,"IR=118490, BPM=9.88, Avg BPM=16, MIC=217"
2026-07-05T15:58:33.695,23.113,118491,9.88,16,140,,"IR=118491, BPM=9.88, Avg BPM=16, MIC=140"
2026-07-05T15:58:33.715,23.133,118524,9.88,16,158,,"IR=118524, BPM=9.88, Avg BPM=16, MIC=158"
2026-07-05T15:58:33.734,23.152,118547,9.88,16,137,,"IR=118547, BPM=9.88, Avg BPM=16, MIC=137"
2026-07-05T15:58:33.752,23.171,118570,9.88,16,140,,"IR=118570, BPM=9.88, Avg BPM=16, MIC=140"
2026-07-05T15:58:33.772,23.190,118580,9.88,16,169,,"IR=118580, BPM=9.88, Avg BPM=16, MIC=169"
2026-07-05T15:58:33.791,23.209,118591,9.88,16,121,,"IR=118591, BPM=9.88, Avg BPM=16, MIC=121"
2026-07-05T15:58:33.810,23.228,118633,9.88,16,153,,"IR=118633, BPM=9.88, Avg BPM=16, MIC=153"
2026-07-05T15:58:33.830,23.248,118646,9.88,16,127,,"IR=118646, BPM=9.88, Avg BPM=16, MIC=127"
2026-07-05T15:58:33.849,23.267,118695,9.88,16,125,,"IR=118695, BPM=9.88, Avg BPM=16, MIC=125"
2026-07-05T15:58:33.868,23.286,118698,9.88,16,8,,"IR=118698, BPM=9.88, Avg BPM=16, MIC=8"
2026-07-05T15:58:33.887,23.305,118715,9.88,16,124,,"IR=118715, BPM=9.88, Avg BPM=16, MIC=124"
2026-07-05T15:58:33.906,23.324,118721,9.88,16,125,,"IR=118721, BPM=9.88, Avg BPM=16, MIC=125"
2026-07-05T15:58:33.925,23.343,118721,9.88,16,150,,"IR=118721, BPM=9.88, Avg BPM=16, MIC=150"
2026-07-05T15:58:33.944,23.362,118744,9.88,16,117,,"IR=118744, BPM=9.88, Avg BPM=16, MIC=117"
2026-07-05T15:58:33.964,23.382,118751,9.88,16,89,,"IR=118751, BPM=9.88, Avg BPM=16, MIC=89"
2026-07-05T15:58:33.983,23.401,118767,9.88,16,59,,"IR=118767, BPM=9.88, Avg BPM=16, MIC=59"
2026-07-05T15:58:34.002,23.420,118785,9.88,16,80,,"IR=118785, BPM=9.88, Avg BPM=16, MIC=80"
2026-07-05T15:58:34.021,23.440,118801,9.88,16,73,,"IR=118801, BPM=9.88, Avg BPM=16, MIC=73"
2026-07-05T15:58:34.040,23.458,118836,9.88,16,56,,"IR=118836, BPM=9.88, Avg BPM=16, MIC=56"
2026-07-05T15:58:34.059,23.478,118828,9.88,16,42,,"IR=118828, BPM=9.88, Avg BPM=16, MIC=42"
2026-07-05T15:58:34.078,23.496,118803,9.88,16,44,,"IR=118803, BPM=9.88, Avg BPM=16, MIC=44"
2026-07-05T15:58:34.098,23.516,118814,9.88,16,44,,"IR=118814, BPM=9.88, Avg BPM=16, MIC=44"
2026-07-05T15:58:34.117,23.536,118825,9.88,16,53,,"IR=118825, BPM=9.88, Avg BPM=16, MIC=53"
2026-07-05T15:58:34.136,23.554,118852,9.88,16,70,,"IR=118852, BPM=9.88, Avg BPM=16, MIC=70"
2026-07-05T15:58:34.155,23.573,118857,9.88,16,57,,"IR=118857, BPM=9.88, Avg BPM=16, MIC=57"
2026-07-05T15:58:34.174,23.592,118879,9.88,16,75,,"IR=118879, BPM=9.88, Avg BPM=16, MIC=75"
2026-07-05T15:58:34.193,23.612,118889,9.88,16,40,,"IR=118889, BPM=9.88, Avg BPM=16, MIC=40"
2026-07-05T15:58:34.213,23.631,118892,9.88,16,58,,"IR=118892, BPM=9.88, Avg BPM=16, MIC=58"
2026-07-05T15:58:34.232,23.650,118944,9.88,16,63,,"IR=118944, BPM=9.88, Avg BPM=16, MIC=63"
2026-07-05T15:58:34.251,23.669,118968,9.88,16,56,,"IR=118968, BPM=9.88, Avg BPM=16, MIC=56"
2026-07-05T15:58:34.270,23.688,118976,9.88,16,63,,"IR=118976, BPM=9.88, Avg BPM=16, MIC=63"
2026-07-05T15:58:34.289,23.707,118990,9.88,16,107,,"IR=118990, BPM=9.88, Avg BPM=16, MIC=107"
2026-07-05T15:58:34.308,23.727,118980,9.88,16,165,,"IR=118980, BPM=9.88, Avg BPM=16, MIC=165"
2026-07-05T15:58:34.327,23.746,118972,9.88,16,153,,"IR=118972, BPM=9.88, Avg BPM=16, MIC=153"
2026-07-05T15:58:34.347,23.765,118917,9.88,16,142,,"IR=118917, BPM=9.88, Avg BPM=16, MIC=142"
2026-07-05T15:58:34.366,23.784,118890,9.88,16,151,,"IR=118890, BPM=9.88, Avg BPM=16, MIC=151"
2026-07-05T15:58:34.385,23.803,118826,9.88,16,158,,"IR=118826, BPM=9.88, Avg BPM=16, MIC=158"
2026-07-05T15:58:34.404,23.822,118776,9.88,16,186,,"IR=118776, BPM=9.88, Avg BPM=16, MIC=186"
2026-07-05T15:58:34.423,23.841,118762,9.88,16,156,,"IR=118762, BPM=9.88, Avg BPM=16, MIC=156"
2026-07-05T15:58:34.442,23.860,118745,9.88,16,221,,"IR=118745, BPM=9.88, Avg BPM=16, MIC=221"
2026-07-05T15:58:34.461,23.879,118720,9.88,16,235,,"IR=118720, BPM=9.88, Avg BPM=16, MIC=235"
2026-07-05T15:58:34.481,23.899,118732,9.88,16,252,,"IR=118732, BPM=9.88, Avg BPM=16, MIC=252"
2026-07-05T15:58:34.500,23.918,118751,9.88,16,253,,"IR=118751, BPM=9.88, Avg BPM=16, MIC=253"
2026-07-05T15:58:34.519,23.937,118805,9.88,16,266,,"IR=118805, BPM=9.88, Avg BPM=16, MIC=266"
2026-07-05T15:58:34.538,23.956,118792,9.88,16,271,,"IR=118792, BPM=9.88, Avg BPM=16, MIC=271"
2026-07-05T15:58:34.557,23.975,118843,9.88,16,249,,"IR=118843, BPM=9.88, Avg BPM=16, MIC=249"
2026-07-05T15:58:34.576,23.994,118849,9.88,16,204,,"IR=118849, BPM=9.88, Avg BPM=16, MIC=204"
2026-07-05T15:58:34.596,24.014,118856,9.88,16,317,,"IR=118856, BPM=9.88, Avg BPM=16, MIC=317"
2026-07-05T15:58:34.615,24.033,118915,9.88,16,318,,"IR=118915, BPM=9.88, Avg BPM=16, MIC=318"
2026-07-05T15:58:34.634,24.052,118979,9.88,16,285,,"IR=118979, BPM=9.88, Avg BPM=16, MIC=285"
2026-07-05T15:58:34.653,24.071,118995,9.88,16,298,,"IR=118995, BPM=9.88, Avg BPM=16, MIC=298"
2026-07-05T15:58:34.672,24.090,118987,9.88,16,329,,"IR=118987, BPM=9.88, Avg BPM=16, MIC=329"
2026-07-05T15:58:34.691,24.109,118969,9.88,16,330,,"IR=118969, BPM=9.88, Avg BPM=16, MIC=330"
2026-07-05T15:58:34.710,24.128,118995,9.88,16,343,,"IR=118995, BPM=9.88, Avg BPM=16, MIC=343"
2026-07-05T15:58:34.730,24.148,118982,9.88,16,364,,"IR=118982, BPM=9.88, Avg BPM=16, MIC=364"
2026-07-05T15:58:34.749,24.167,119004,9.88,16,333,,"IR=119004, BPM=9.88, Avg BPM=16, MIC=333"
2026-07-05T15:58:34.768,24.186,119020,9.88,16,359,,"IR=119020, BPM=9.88, Avg BPM=16, MIC=359"
2026-07-05T15:58:34.787,24.205,119052,9.88,16,334,,"IR=119052, BPM=9.88, Avg BPM=16, MIC=334"
2026-07-05T15:58:34.806,24.224,119101,9.88,16,332,,"IR=119101, BPM=9.88, Avg BPM=16, MIC=332"
2026-07-05T15:58:34.825,24.244,119122,9.88,16,329,,"IR=119122, BPM=9.88, Avg BPM=16, MIC=329"
2026-07-05T15:58:34.844,24.262,119107,9.88,16,347,,"IR=119107, BPM=9.88, Avg BPM=16, MIC=347"
2026-07-05T15:58:34.864,24.282,119138,9.88,16,316,,"IR=119138, BPM=9.88, Avg BPM=16, MIC=316"
2026-07-05T15:58:34.883,24.301,119208,9.88,16,350,,"IR=119208, BPM=9.88, Avg BPM=16, MIC=350"
2026-07-05T15:58:34.902,24.320,119283,9.88,16,347,,"IR=119283, BPM=9.88, Avg BPM=16, MIC=347"
2026-07-05T15:58:34.921,24.339,119288,9.88,16,350,,"IR=119288, BPM=9.88, Avg BPM=16, MIC=350"
2026-07-05T15:58:34.940,24.359,119319,9.88,16,313,,"IR=119319, BPM=9.88, Avg BPM=16, MIC=313"
2026-07-05T15:58:34.959,24.377,119299,9.88,16,347,,"IR=119299, BPM=9.88, Avg BPM=16, MIC=347"
2026-07-05T15:58:34.979,24.397,119278,9.88,16,331,,"IR=119278, BPM=9.88, Avg BPM=16, MIC=331"
2026-07-05T15:58:34.998,24.416,119285,9.88,16,318,,"IR=119285, BPM=9.88, Avg BPM=16, MIC=318"
2026-07-05T15:58:35.017,24.435,119312,9.88,16,411,,"IR=119312, BPM=9.88, Avg BPM=16, MIC=411"
2026-07-05T15:58:35.036,24.454,119331,9.88,16,333,,"IR=119331, BPM=9.88, Avg BPM=16, MIC=333"
2026-07-05T15:58:35.055,24.473,119327,9.88,16,330,,"IR=119327, BPM=9.88, Avg BPM=16, MIC=330"
2026-07-05T15:58:35.073,24.492,119346,9.88,16,327,,"IR=119346, BPM=9.88, Avg BPM=16, MIC=327"
2026-07-05T15:58:35.093,24.511,119350,9.88,16,362,,"IR=119350, BPM=9.88, Avg BPM=16, MIC=362"
2026-07-05T15:58:35.113,24.531,119320,9.88,16,310,,"IR=119320, BPM=9.88, Avg BPM=16, MIC=310"
2026-07-05T15:58:35.132,24.550,119352,9.88,16,332,,"IR=119352, BPM=9.88, Avg BPM=16, MIC=332"
2026-07-05T15:58:35.151,24.569,119344,9.88,16,343,,"IR=119344, BPM=9.88, Avg BPM=16, MIC=343"
2026-07-05T15:58:35.170,24.588,119344,9.88,16,345,,"IR=119344, BPM=9.88, Avg BPM=16, MIC=345"
2026-07-05T15:58:35.189,24.607,119347,9.88,16,298,,"IR=119347, BPM=9.88, Avg BPM=16, MIC=298"
2026-07-05T15:58:35.208,24.626,119347,9.88,16,316,,"IR=119347, BPM=9.88, Avg BPM=16, MIC=316"
2026-07-05T15:58:35.227,24.646,119331,9.88,16,298,,"IR=119331, BPM=9.88, Avg BPM=16, MIC=298"
2026-07-05T15:58:35.247,24.666,119316,9.88,16,301,,"IR=119316, BPM=9.88, Avg BPM=16, MIC=301"
2026-07-05T15:58:35.266,24.684,119337,9.88,16,301,,"IR=119337, BPM=9.88, Avg BPM=16, MIC=301"
2026-07-05T15:58:35.285,24.703,119357,9.88,16,317,,"IR=119357, BPM=9.88, Avg BPM=16, MIC=317"
2026-07-05T15:58:35.304,24.722,119355,9.88,16,300,,"IR=119355, BPM=9.88, Avg BPM=16, MIC=300"
2026-07-05T15:58:35.323,24.741,119383,9.88,16,299,,"IR=119383, BPM=9.88, Avg BPM=16, MIC=299"
2026-07-05T15:58:35.342,24.760,119379,9.88,16,287,,"IR=119379, BPM=9.88, Avg BPM=16, MIC=287"
2026-07-05T15:58:35.362,24.780,119379,9.88,16,295,,"IR=119379, BPM=9.88, Avg BPM=16, MIC=295"
2026-07-05T15:58:35.381,24.799,119408,9.88,16,267,,"IR=119408, BPM=9.88, Avg BPM=16, MIC=267"
2026-07-05T15:58:35.400,24.818,119420,9.88,16,295,,"IR=119420, BPM=9.88, Avg BPM=16, MIC=295"
2026-07-05T15:58:35.419,24.837,119422,9.88,16,331,,"IR=119422, BPM=9.88, Avg BPM=16, MIC=331"
2026-07-05T15:58:35.438,24.856,119357,9.88,16,302,,"IR=119357, BPM=9.88, Avg BPM=16, MIC=302"
2026-07-05T15:58:35.457,24.875,119286,9.88,16,295,,"IR=119286, BPM=9.88, Avg BPM=16, MIC=295"
2026-07-05T15:58:35.476,24.894,119210,9.88,16,298,,"IR=119210, BPM=9.88, Avg BPM=16, MIC=298"
2026-07-05T15:58:35.496,24.914,119142,9.88,16,317,,"IR=119142, BPM=9.88, Avg BPM=16, MIC=317"
2026-07-05T15:58:35.515,24.933,119139,9.88,16,315,,"IR=119139, BPM=9.88, Avg BPM=16, MIC=315"
2026-07-05T15:58:35.534,24.952,119124,9.88,16,302,,"IR=119124, BPM=9.88, Avg BPM=16, MIC=302"
2026-07-05T15:58:35.553,24.971,119124,9.88,16,279,,"IR=119124, BPM=9.88, Avg BPM=16, MIC=279"
2026-07-05T15:58:35.572,24.990,119119,9.88,16,272,,"IR=119119, BPM=9.88, Avg BPM=16, MIC=272"
2026-07-05T15:58:35.591,25.009,119121,9.88,16,329,,"IR=119121, BPM=9.88, Avg BPM=16, MIC=329"
2026-07-05T15:58:35.611,25.029,119113,9.88,16,317,,"IR=119113, BPM=9.88, Avg BPM=16, MIC=317"
2026-07-05T15:58:35.630,25.048,119106,9.88,16,299,,"IR=119106, BPM=9.88, Avg BPM=16, MIC=299"
2026-07-05T15:58:35.648,25.067,119100,9.88,16,294,,"IR=119100, BPM=9.88, Avg BPM=16, MIC=294"
2026-07-05T15:58:35.668,25.086,119073,9.88,16,304,,"IR=119073, BPM=9.88, Avg BPM=16, MIC=304"
2026-07-05T15:58:35.687,25.105,118998,9.88,16,315,,"IR=118998, BPM=9.88, Avg BPM=16, MIC=315"
2026-07-05T15:58:35.706,25.124,118961,9.88,16,301,,"IR=118961, BPM=9.88, Avg BPM=16, MIC=301"
2026-07-05T15:58:35.725,25.144,118913,9.88,16,347,,"IR=118913, BPM=9.88, Avg BPM=16, MIC=347"
2026-07-05T15:58:35.745,25.163,118900,9.88,16,311,,"IR=118900, BPM=9.88, Avg BPM=16, MIC=311"
2026-07-05T15:58:35.764,25.182,118930,9.88,16,335,,"IR=118930, BPM=9.88, Avg BPM=16, MIC=335"
2026-07-05T15:58:35.783,25.202,118962,9.88,16,304,,"IR=118962, BPM=9.88, Avg BPM=16, MIC=304"
2026-07-05T15:58:35.802,25.220,119015,9.88,16,314,,"IR=119015, BPM=9.88, Avg BPM=16, MIC=314"
2026-07-05T15:58:35.820,25.239,119022,9.88,16,313,,"IR=119022, BPM=9.88, Avg BPM=16, MIC=313"
2026-07-05T15:58:35.840,25.258,119062,9.88,16,314,,"IR=119062, BPM=9.88, Avg BPM=16, MIC=314"
2026-07-05T15:58:35.859,25.277,119103,9.88,16,280,,"IR=119103, BPM=9.88, Avg BPM=16, MIC=280"
2026-07-05T15:58:35.879,25.298,119153,9.88,16,312,,"IR=119153, BPM=9.88, Avg BPM=16, MIC=312"
2026-07-05T15:58:35.898,25.316,119212,9.88,16,268,,"IR=119212, BPM=9.88, Avg BPM=16, MIC=268"
2026-07-05T15:58:35.916,25.335,119214,9.88,16,313,,"IR=119214, BPM=9.88, Avg BPM=16, MIC=313"
2026-07-05T15:58:35.936,25.354,119203,9.88,16,313,,"IR=119203, BPM=9.88, Avg BPM=16, MIC=313"
2026-07-05T15:58:35.954,25.373,119220,9.88,16,311,,"IR=119220, BPM=9.88, Avg BPM=16, MIC=311"
2026-07-05T15:58:35.974,25.392,119196,9.88,16,312,,"IR=119196, BPM=9.88, Avg BPM=16, MIC=312"
2026-07-05T15:58:35.994,25.412,119180,9.88,16,319,,"IR=119180, BPM=9.88, Avg BPM=16, MIC=319"
2026-07-05T15:58:36.013,25.431,119140,9.88,16,297,,"IR=119140, BPM=9.88, Avg BPM=16, MIC=297"
2026-07-05T15:58:36.032,25.450,119167,9.88,16,333,,"IR=119167, BPM=9.88, Avg BPM=16, MIC=333"
2026-07-05T15:58:36.051,25.469,119147,9.88,16,313,,"IR=119147, BPM=9.88, Avg BPM=16, MIC=313"
2026-07-05T15:58:36.070,25.488,119112,9.88,16,282,,"IR=119112, BPM=9.88, Avg BPM=16, MIC=282"
2026-07-05T15:58:36.089,25.507,119123,9.88,16,328,,"IR=119123, BPM=9.88, Avg BPM=16, MIC=328"
2026-07-05T15:58:36.108,25.526,119128,17.5,16,329,,"IR=119128, BPM=17.50, Avg BPM=16, MIC=329"
2026-07-05T15:58:36.128,25.546,119092,17.5,16,333,,"IR=119092, BPM=17.50, Avg BPM=16, MIC=333"
2026-07-05T15:58:36.147,25.565,119103,17.5,16,313,,"IR=119103, BPM=17.50, Avg BPM=16, MIC=313"
2026-07-05T15:58:36.166,25.584,119093,17.5,16,381,,"IR=119093, BPM=17.50, Avg BPM=16, MIC=381"
2026-07-05T15:58:36.185,25.604,119095,17.5,16,359,,"IR=119095, BPM=17.50, Avg BPM=16, MIC=359"
2026-07-05T15:58:36.204,25.622,119063,17.5,16,330,,"IR=119063, BPM=17.50, Avg BPM=16, MIC=330"
2026-07-05T15:58:36.223,25.641,119088,17.5,16,361,,"IR=119088, BPM=17.50, Avg BPM=16, MIC=361"
2026-07-05T15:58:36.242,25.660,119098,17.5,16,332,,"IR=119098, BPM=17.50, Avg BPM=16, MIC=332"
2026-07-05T15:58:36.262,25.680,119116,17.5,16,319,,"IR=119116, BPM=17.50, Avg BPM=16, MIC=319"
2026-07-05T15:58:36.281,25.699,119166,17.5,16,286,,"IR=119166, BPM=17.50, Avg BPM=16, MIC=286"
2026-07-05T15:58:36.300,25.718,119210,17.5,16,318,,"IR=119210, BPM=17.50, Avg BPM=16, MIC=318"
2026-07-05T15:58:36.319,25.738,119209,17.5,16,301,,"IR=119209, BPM=17.50, Avg BPM=16, MIC=301"
2026-07-05T15:58:36.338,25.756,119217,17.5,16,280,,"IR=119217, BPM=17.50, Avg BPM=16, MIC=280"
2026-07-05T15:58:36.356,25.775,119220,17.5,16,313,,"IR=119220, BPM=17.50, Avg BPM=16, MIC=313"
2026-07-05T15:58:36.377,25.795,119241,17.5,16,280,,"IR=119241, BPM=17.50, Avg BPM=16, MIC=280"
2026-07-05T15:58:36.396,25.814,119235,17.5,16,265,,"IR=119235, BPM=17.50, Avg BPM=16, MIC=265"
2026-07-05T15:58:36.415,25.833,119280,17.5,16,269,,"IR=119280, BPM=17.50, Avg BPM=16, MIC=269"
2026-07-05T15:58:36.434,25.852,119275,184.05,62,266,,"IR=119275, BPM=184.05, Avg BPM=62, MIC=266"
2026-07-05T15:58:36.453,25.871,119285,184.05,62,262,,"IR=119285, BPM=184.05, Avg BPM=62, MIC=262"
2026-07-05T15:58:36.472,25.890,119311,184.05,62,263,,"IR=119311, BPM=184.05, Avg BPM=62, MIC=263"
2026-07-05T15:58:36.491,25.909,119339,184.05,62,233,,"IR=119339, BPM=184.05, Avg BPM=62, MIC=233"
2026-07-05T15:58:36.511,25.929,119352,184.05,62,266,,"IR=119352, BPM=184.05, Avg BPM=62, MIC=266"
2026-07-05T15:58:36.530,25.948,119339,184.05,62,234,,"IR=119339, BPM=184.05, Avg BPM=62, MIC=234"
2026-07-05T15:58:36.549,25.967,119315,184.05,62,239,,"IR=119315, BPM=184.05, Avg BPM=62, MIC=239"
2026-07-05T15:58:36.567,25.986,119301,184.05,62,221,,"IR=119301, BPM=184.05, Avg BPM=62, MIC=221"
2026-07-05T15:58:36.586,26.005,119268,184.05,62,205,,"IR=119268, BPM=184.05, Avg BPM=62, MIC=205"
2026-07-05T15:58:36.606,26.024,119302,184.05,62,189,,"IR=119302, BPM=184.05, Avg BPM=62, MIC=189"
2026-07-05T15:58:36.624,26.043,119298,184.05,62,201,,"IR=119298, BPM=184.05, Avg BPM=62, MIC=201"
2026-07-05T15:58:36.645,26.063,119303,184.05,62,208,,"IR=119303, BPM=184.05, Avg BPM=62, MIC=208"
2026-07-05T15:58:36.664,26.082,119343,184.05,62,175,,"IR=119343, BPM=184.05, Avg BPM=62, MIC=175"
2026-07-05T15:58:36.683,26.101,119367,184.05,62,158,,"IR=119367, BPM=184.05, Avg BPM=62, MIC=158"
2026-07-05T15:58:36.702,26.120,119397,184.05,62,168,,"IR=119397, BPM=184.05, Avg BPM=62, MIC=168"
2026-07-05T15:58:36.721,26.139,119409,184.05,62,166,,"IR=119409, BPM=184.05, Avg BPM=62, MIC=166"
2026-07-05T15:58:36.740,26.158,119433,184.05,62,153,,"IR=119433, BPM=184.05, Avg BPM=62, MIC=153"
2026-07-05T15:58:36.760,26.178,119474,184.05,62,168,,"IR=119474, BPM=184.05, Avg BPM=62, MIC=168"
2026-07-05T15:58:36.779,26.197,119466,184.05,62,140,,"IR=119466, BPM=184.05, Avg BPM=62, MIC=140"
2026-07-05T15:58:36.798,26.216,119513,184.05,62,121,,"IR=119513, BPM=184.05, Avg BPM=62, MIC=121"
2026-07-05T15:58:36.817,26.236,119501,184.05,62,136,,"IR=119501, BPM=184.05, Avg BPM=62, MIC=136"
2026-07-05T15:58:36.836,26.254,119489,184.05,62,153,,"IR=119489, BPM=184.05, Avg BPM=62, MIC=153"
2026-07-05T15:58:36.855,26.273,119501,184.05,62,157,,"IR=119501, BPM=184.05, Avg BPM=62, MIC=157"
2026-07-05T15:58:36.874,26.292,119513,184.05,62,110,,"IR=119513, BPM=184.05, Avg BPM=62, MIC=110"
2026-07-05T15:58:36.894,26.312,119509,184.05,62,123,,"IR=119509, BPM=184.05, Avg BPM=62, MIC=123"
2026-07-05T15:58:36.913,26.331,119501,184.05,62,155,,"IR=119501, BPM=184.05, Avg BPM=62, MIC=155"
2026-07-05T15:58:36.932,26.350,119494,184.05,62,136,,"IR=119494, BPM=184.05, Avg BPM=62, MIC=136"
2026-07-05T15:58:36.950,26.369,119515,184.05,62,151,,"IR=119515, BPM=184.05, Avg BPM=62, MIC=151"
2026-07-05T15:58:36.970,26.388,119483,184.05,62,141,,"IR=119483, BPM=184.05, Avg BPM=62, MIC=141"
2026-07-05T15:58:36.989,26.407,119500,184.05,62,168,,"IR=119500, BPM=184.05, Avg BPM=62, MIC=168"
2026-07-05T15:58:37.009,26.427,119463,184.05,62,186,,"IR=119463, BPM=184.05, Avg BPM=62, MIC=186"
2026-07-05T15:58:37.028,26.447,119442,184.05,62,170,,"IR=119442, BPM=184.05, Avg BPM=62, MIC=170"
2026-07-05T15:58:37.047,26.465,119429,184.05,62,190,,"IR=119429, BPM=184.05, Avg BPM=62, MIC=190"
2026-07-05T15:58:37.066,26.484,119419,184.05,62,215,,"IR=119419, BPM=184.05, Avg BPM=62, MIC=215"
2026-07-05T15:58:37.085,26.503,119417,184.05,62,184,,"IR=119417, BPM=184.05, Avg BPM=62, MIC=184"
2026-07-05T15:58:37.104,26.522,119390,184.05,62,223,,"IR=119390, BPM=184.05, Avg BPM=62, MIC=223"
2026-07-05T15:58:37.123,26.541,119370,184.05,62,184,,"IR=119370, BPM=184.05, Avg BPM=62, MIC=184"
2026-07-05T15:58:37.143,26.561,119385,184.05,62,203,,"IR=119385, BPM=184.05, Avg BPM=62, MIC=203"
2026-07-05T15:58:37.162,26.580,119402,184.05,62,217,,"IR=119402, BPM=184.05, Avg BPM=62, MIC=217"
2026-07-05T15:58:37.181,26.599,119458,184.05,62,206,,"IR=119458, BPM=184.05, Avg BPM=62, MIC=206"
2026-07-05T15:58:37.200,26.618,119495,184.05,62,217,,"IR=119495, BPM=184.05, Avg BPM=62, MIC=217"
2026-07-05T15:58:37.219,26.637,119513,184.05,62,206,,"IR=119513, BPM=184.05, Avg BPM=62, MIC=206"
2026-07-05T15:58:37.238,26.656,119534,184.05,62,219,,"IR=119534, BPM=184.05, Avg BPM=62, MIC=219"
2026-07-05T15:58:37.257,26.675,119524,184.05,62,221,,"IR=119524, BPM=184.05, Avg BPM=62, MIC=221"
2026-07-05T15:58:37.277,26.695,119526,184.05,62,238,,"IR=119526, BPM=184.05, Avg BPM=62, MIC=238"
2026-07-05T15:58:37.296,26.714,119523,184.05,62,219,,"IR=119523, BPM=184.05, Avg BPM=62, MIC=219"
2026-07-05T15:58:37.315,26.733,119567,184.05,62,233,,"IR=119567, BPM=184.05, Avg BPM=62, MIC=233"
2026-07-05T15:58:37.334,26.752,119624,184.05,62,236,,"IR=119624, BPM=184.05, Avg BPM=62, MIC=236"
2026-07-05T15:58:37.353,26.771,119627,184.05,62,253,,"IR=119627, BPM=184.05, Avg BPM=62, MIC=253"
2026-07-05T15:58:37.372,26.790,119665,184.05,62,271,,"IR=119665, BPM=184.05, Avg BPM=62, MIC=271"
2026-07-05T15:58:37.392,26.811,119675,184.05,62,279,,"IR=119675, BPM=184.05, Avg BPM=62, MIC=279"
2026-07-05T15:58:37.411,26.829,119680,184.05,62,264,,"IR=119680, BPM=184.05, Avg BPM=62, MIC=264"
2026-07-05T15:58:37.429,26.848,119709,184.05,62,251,,"IR=119709, BPM=184.05, Avg BPM=62, MIC=251"
2026-07-05T15:58:37.449,26.867,119707,184.05,62,263,,"IR=119707, BPM=184.05, Avg BPM=62, MIC=263"
2026-07-05T15:58:37.468,26.886,119714,184.05,62,255,,"IR=119714, BPM=184.05, Avg BPM=62, MIC=255"
2026-07-05T15:58:37.487,26.905,119709,184.05,62,280,,"IR=119709, BPM=184.05, Avg BPM=62, MIC=280"
2026-07-05T15:58:37.506,26.924,119745,184.05,62,264,,"IR=119745, BPM=184.05, Avg BPM=62, MIC=264"
2026-07-05T15:58:37.526,26.944,119762,184.05,62,270,,"IR=119762, BPM=184.05, Avg BPM=62, MIC=270"
2026-07-05T15:58:37.545,26.963,119775,184.05,62,254,,"IR=119775, BPM=184.05, Avg BPM=62, MIC=254"
2026-07-05T15:58:37.564,26.982,119822,184.05,62,270,,"IR=119822, BPM=184.05, Avg BPM=62, MIC=270"
2026-07-05T15:58:37.583,27.001,119846,184.05,62,267,,"IR=119846, BPM=184.05, Avg BPM=62, MIC=267"
2026-07-05T15:58:37.602,27.020,119840,184.05,62,298,,"IR=119840, BPM=184.05, Avg BPM=62, MIC=298"
2026-07-05T15:58:37.621,27.040,119858,184.05,62,286,,"IR=119858, BPM=184.05, Avg BPM=62, MIC=286"
2026-07-05T15:58:37.640,27.058,119840,184.05,62,263,,"IR=119840, BPM=184.05, Avg BPM=62, MIC=263"
2026-07-05T15:58:37.660,27.078,119839,184.05,62,284,,"IR=119839, BPM=184.05, Avg BPM=62, MIC=284"
2026-07-05T15:58:37.679,27.098,119823,184.05,62,254,,"IR=119823, BPM=184.05, Avg BPM=62, MIC=254"
2026-07-05T15:58:37.698,27.116,119860,184.05,62,282,,"IR=119860, BPM=184.05, Avg BPM=62, MIC=282"
2026-07-05T15:58:37.717,27.135,119876,184.05,62,296,,"IR=119876, BPM=184.05, Avg BPM=62, MIC=296"
2026-07-05T15:58:37.735,27.154,119885,184.05,62,295,,"IR=119885, BPM=184.05, Avg BPM=62, MIC=295"
2026-07-05T15:58:37.755,27.173,119923,184.05,62,279,,"IR=119923, BPM=184.05, Avg BPM=62, MIC=279"
2026-07-05T15:58:37.775,27.193,119950,184.05,62,270,,"IR=119950, BPM=184.05, Avg BPM=62, MIC=270"
2026-07-05T15:58:37.794,27.212,119952,184.05,62,317,,"IR=119952, BPM=184.05, Avg BPM=62, MIC=317"
2026-07-05T15:58:37.813,27.231,119988,184.05,62,295,,"IR=119988, BPM=184.05, Avg BPM=62, MIC=295"
2026-07-05T15:58:37.832,27.251,120017,184.05,62,328,,"IR=120017, BPM=184.05, Avg BPM=62, MIC=328"
2026-07-05T15:58:37.851,27.269,120046,184.05,62,311,,"IR=120046, BPM=184.05, Avg BPM=62, MIC=311"
2026-07-05T15:58:37.870,27.288,120019,184.05,62,331,,"IR=120019, BPM=184.05, Avg BPM=62, MIC=331"
2026-07-05T15:58:37.889,27.307,120036,184.05,62,343,,"IR=120036, BPM=184.05, Avg BPM=62, MIC=343"
2026-07-05T15:58:37.909,27.327,120033,184.05,62,318,,"IR=120033, BPM=184.05, Avg BPM=62, MIC=318"
2026-07-05T15:58:37.928,27.346,120049,184.05,62,366,,"IR=120049, BPM=184.05, Avg BPM=62, MIC=366"
2026-07-05T15:58:37.947,27.365,120097,184.05,62,318,,"IR=120097, BPM=184.05, Avg BPM=62, MIC=318"
2026-07-05T15:58:37.966,27.384,120095,184.05,62,352,,"IR=120095, BPM=184.05, Avg BPM=62, MIC=352"
2026-07-05T15:58:37.984,27.403,120063,184.05,62,328,,"IR=120063, BPM=184.05, Avg BPM=62, MIC=328"
2026-07-05T15:58:38.003,27.422,120040,184.05,62,326,,"IR=120040, BPM=184.05, Avg BPM=62, MIC=326"
2026-07-05T15:58:38.023,27.441,120027,184.05,62,330,,"IR=120027, BPM=184.05, Avg BPM=62, MIC=330"
2026-07-05T15:58:38.043,27.461,120039,184.05,62,330,,"IR=120039, BPM=184.05, Avg BPM=62, MIC=330"
2026-07-05T15:58:38.062,27.480,120038,184.05,62,348,,"IR=120038, BPM=184.05, Avg BPM=62, MIC=348"
2026-07-05T15:58:38.081,27.499,120068,184.05,62,329,,"IR=120068, BPM=184.05, Avg BPM=62, MIC=329"
2026-07-05T15:58:38.100,27.518,120066,184.05,62,330,,"IR=120066, BPM=184.05, Avg BPM=62, MIC=330"
2026-07-05T15:58:38.119,27.537,120073,184.05,62,331,,"IR=120073, BPM=184.05, Avg BPM=62, MIC=331"
2026-07-05T15:58:38.138,27.556,120074,184.05,62,331,,"IR=120074, BPM=184.05, Avg BPM=62, MIC=331"
2026-07-05T15:58:38.158,27.576,120060,184.05,62,363,,"IR=120060, BPM=184.05, Avg BPM=62, MIC=363"
2026-07-05T15:58:38.177,27.595,120035,184.05,62,334,,"IR=120035, BPM=184.05, Avg BPM=62, MIC=334"
2026-07-05T15:58:38.195,27.614,120011,184.05,62,347,,"IR=120011, BPM=184.05, Avg BPM=62, MIC=347"
2026-07-05T15:58:38.215,27.633,119974,184.05,62,359,,"IR=119974, BPM=184.05, Avg BPM=62, MIC=359"
2026-07-05T15:58:38.234,27.652,119961,184.05,62,367,,"IR=119961, BPM=184.05, Avg BPM=62, MIC=367"
2026-07-05T15:58:38.253,27.671,119916,184.05,62,553,,"IR=119916, BPM=184.05, Avg BPM=62, MIC=553"
2026-07-05T15:58:38.272,27.690,119922,184.05,62,319,,"IR=119922, BPM=184.05, Avg BPM=62, MIC=319"
2026-07-05T15:58:38.292,27.710,119879,184.05,62,363,,"IR=119879, BPM=184.05, Avg BPM=62, MIC=363"
2026-07-05T15:58:38.311,27.729,119853,184.05,62,360,,"IR=119853, BPM=184.05, Avg BPM=62, MIC=360"
2026-07-05T15:58:38.329,27.748,119875,184.05,62,364,,"IR=119875, BPM=184.05, Avg BPM=62, MIC=364"
2026-07-05T15:58:38.349,27.767,119905,184.05,62,365,,"IR=119905, BPM=184.05, Avg BPM=62, MIC=365"
2026-07-05T15:58:38.368,27.786,119895,184.05,62,377,,"IR=119895, BPM=184.05, Avg BPM=62, MIC=377"
2026-07-05T15:58:38.386,27.805,119851,184.05,62,347,,"IR=119851, BPM=184.05, Avg BPM=62, MIC=347"
2026-07-05T15:58:38.407,27.825,119816,184.05,62,361,,"IR=119816, BPM=184.05, Avg BPM=62, MIC=361"
2026-07-05T15:58:38.426,27.844,119800,184.05,62,361,,"IR=119800, BPM=184.05, Avg BPM=62, MIC=361"
2026-07-05T15:58:38.444,27.863,119739,184.05,62,367,,"IR=119739, BPM=184.05, Avg BPM=62, MIC=367"
2026-07-05T15:58:38.464,27.882,119760,184.05,62,380,,"IR=119760, BPM=184.05, Avg BPM=62, MIC=380"
2026-07-05T15:58:38.483,27.901,119758,184.05,62,380,,"IR=119758, BPM=184.05, Avg BPM=62, MIC=380"
2026-07-05T15:58:38.502,27.920,119787,184.05,62,375,,"IR=119787, BPM=184.05, Avg BPM=62, MIC=375"
2026-07-05T15:58:38.521,27.939,119814,184.05,62,364,,"IR=119814, BPM=184.05, Avg BPM=62, MIC=364"
2026-07-05T15:58:38.541,27.959,119802,184.05,62,367,,"IR=119802, BPM=184.05, Avg BPM=62, MIC=367"
2026-07-05T15:58:38.560,27.978,119806,184.05,62,381,,"IR=119806, BPM=184.05, Avg BPM=62, MIC=381"
2026-07-05T15:58:38.579,27.997,119838,184.05,62,331,,"IR=119838, BPM=184.05, Avg BPM=62, MIC=331"
2026-07-05T15:58:38.598,28.017,119876,184.05,62,352,,"IR=119876, BPM=184.05, Avg BPM=62, MIC=352"
2026-07-05T15:58:38.616,28.035,119899,184.05,62,360,,"IR=119899, BPM=184.05, Avg BPM=62, MIC=360"
2026-07-05T15:58:38.636,28.054,119896,184.05,62,368,,"IR=119896, BPM=184.05, Avg BPM=62, MIC=368"
2026-07-05T15:58:38.655,28.073,119951,184.05,62,318,,"IR=119951, BPM=184.05, Avg BPM=62, MIC=318"
2026-07-05T15:58:38.674,28.093,119973,184.05,62,343,,"IR=119973, BPM=184.05, Avg BPM=62, MIC=343"
2026-07-05T15:58:38.694,28.112,120000,184.05,62,330,,"IR=120000, BPM=184.05, Avg BPM=62, MIC=330"
2026-07-05T15:58:38.713,28.131,120034,184.05,62,304,,"IR=120034, BPM=184.05, Avg BPM=62, MIC=304"
2026-07-05T15:58:38.732,28.150,120053,184.05,62,299,,"IR=120053, BPM=184.05, Avg BPM=62, MIC=299"
2026-07-05T15:58:38.751,28.169,120078,184.05,62,317,,"IR=120078, BPM=184.05, Avg BPM=62, MIC=317"
2026-07-05T15:58:38.770,28.188,120066,184.05,62,334,,"IR=120066, BPM=184.05, Avg BPM=62, MIC=334"
2026-07-05T15:58:38.790,28.208,120035,184.05,62,310,,"IR=120035, BPM=184.05, Avg BPM=62, MIC=310"
2026-07-05T15:58:38.809,28.227,120016,184.05,62,318,,"IR=120016, BPM=184.05, Avg BPM=62, MIC=318"
2026-07-05T15:58:38.828,28.247,119992,25.06,69,313,,"IR=119992, BPM=25.06, Avg BPM=69, MIC=313"
2026-07-05T15:58:38.847,28.265,120022,25.06,69,285,,"IR=120022, BPM=25.06, Avg BPM=69, MIC=285"
2026-07-05T15:58:38.866,28.284,120020,25.06,69,283,,"IR=120020, BPM=25.06, Avg BPM=69, MIC=283"
2026-07-05T15:58:38.885,28.303,120033,25.06,69,279,,"IR=120033, BPM=25.06, Avg BPM=69, MIC=279"
2026-07-05T15:58:38.904,28.322,120062,25.06,69,269,,"IR=120062, BPM=25.06, Avg BPM=69, MIC=269"
2026-07-05T15:58:38.924,28.342,120111,25.06,69,312,,"IR=120111, BPM=25.06, Avg BPM=69, MIC=312"
2026-07-05T15:58:38.943,28.361,120137,25.06,69,316,,"IR=120137, BPM=25.06, Avg BPM=69, MIC=316"
2026-07-05T15:58:38.962,28.380,120139,25.06,69,267,,"IR=120139, BPM=25.06, Avg BPM=69, MIC=267"
2026-07-05T15:58:38.981,28.399,120176,25.06,69,330,,"IR=120176, BPM=25.06, Avg BPM=69, MIC=330"
2026-07-05T15:58:39.000,28.418,120191,25.06,69,317,,"IR=120191, BPM=25.06, Avg BPM=69, MIC=317"
2026-07-05T15:58:39.019,28.437,120185,25.06,69,294,,"IR=120185, BPM=25.06, Avg BPM=69, MIC=294"
2026-07-05T15:58:39.038,28.456,120190,25.06,69,271,,"IR=120190, BPM=25.06, Avg BPM=69, MIC=271"
2026-07-05T15:58:39.058,28.476,120176,25.06,69,295,,"IR=120176, BPM=25.06, Avg BPM=69, MIC=295"
2026-07-05T15:58:39.077,28.495,120140,25.06,69,286,,"IR=120140, BPM=25.06, Avg BPM=69, MIC=286"
2026-07-05T15:58:39.096,28.514,120147,25.06,69,311,,"IR=120147, BPM=25.06, Avg BPM=69, MIC=311"
2026-07-05T15:58:39.115,28.533,120155,25.06,69,311,,"IR=120155, BPM=25.06, Avg BPM=69, MIC=311"
2026-07-05T15:58:39.135,28.553,120176,25.06,69,282,,"IR=120176, BPM=25.06, Avg BPM=69, MIC=282"
2026-07-05T15:58:39.153,28.571,120169,25.06,69,279,,"IR=120169, BPM=25.06, Avg BPM=69, MIC=279"
2026-07-05T15:58:39.173,28.592,120202,25.06,69,268,,"IR=120202, BPM=25.06, Avg BPM=69, MIC=268"
2026-07-05T15:58:39.192,28.610,120250,25.06,69,294,,"IR=120250, BPM=25.06, Avg BPM=69, MIC=294"
2026-07-05T15:58:39.211,28.629,120336,25.06,69,287,,"IR=120336, BPM=25.06, Avg BPM=69, MIC=287"
2026-07-05T15:58:39.230,28.649,120462,25.06,69,251,,"IR=120462, BPM=25.06, Avg BPM=69, MIC=251"
2026-07-05T15:58:39.249,28.667,120520,25.06,69,297,,"IR=120520, BPM=25.06, Avg BPM=69, MIC=297"
2026-07-05T15:58:39.267,28.686,120543,25.06,69,239,,"IR=120543, BPM=25.06, Avg BPM=69, MIC=239"
2026-07-05T15:58:39.287,28.705,120544,25.06,69,266,,"IR=120544, BPM=25.06, Avg BPM=69, MIC=266"
2026-07-05T15:58:39.307,28.725,120533,25.06,69,264,,"IR=120533, BPM=25.06, Avg BPM=69, MIC=264"
2026-07-05T15:58:39.326,28.745,120542,25.06,69,281,,"IR=120542, BPM=25.06, Avg BPM=69, MIC=281"
2026-07-05T15:58:39.345,28.763,120528,25.06,69,284,,"IR=120528, BPM=25.06, Avg BPM=69, MIC=284"
2026-07-05T15:58:39.364,28.782,120564,25.06,69,249,,"IR=120564, BPM=25.06, Avg BPM=69, MIC=249"
2026-07-05T15:58:39.383,28.801,120543,25.06,69,269,,"IR=120543, BPM=25.06, Avg BPM=69, MIC=269"
2026-07-05T15:58:39.402,28.820,120478,25.06,69,237,,"IR=120478, BPM=25.06, Avg BPM=69, MIC=237"
2026-07-05T15:58:39.422,28.840,120448,25.06,69,266,,"IR=120448, BPM=25.06, Avg BPM=69, MIC=266"
2026-07-05T15:58:39.441,28.859,120419,25.06,69,246,,"IR=120419, BPM=25.06, Avg BPM=69, MIC=246"
2026-07-05T15:58:39.460,28.879,120414,25.06,69,221,,"IR=120414, BPM=25.06, Avg BPM=69, MIC=221"
2026-07-05T15:58:39.479,28.897,120450,25.06,69,254,,"IR=120450, BPM=25.06, Avg BPM=69, MIC=254"
2026-07-05T15:58:39.498,28.916,120459,25.06,69,263,,"IR=120459, BPM=25.06, Avg BPM=69, MIC=263"
2026-07-05T15:58:39.517,28.935,120451,25.06,69,267,,"IR=120451, BPM=25.06, Avg BPM=69, MIC=267"
2026-07-05T15:58:39.536,28.954,120410,25.06,69,283,,"IR=120410, BPM=25.06, Avg BPM=69, MIC=283"
2026-07-05T15:58:39.556,28.974,120402,25.06,69,271,,"IR=120402, BPM=25.06, Avg BPM=69, MIC=271"
2026-07-05T15:58:39.575,28.993,120402,25.06,69,280,,"IR=120402, BPM=25.06, Avg BPM=69, MIC=280"
2026-07-05T15:58:39.594,29.012,120392,25.06,69,271,,"IR=120392, BPM=25.06, Avg BPM=69, MIC=271"
2026-07-05T15:58:39.613,29.031,120400,25.06,69,263,,"IR=120400, BPM=25.06, Avg BPM=69, MIC=263"
2026-07-05T15:58:39.632,29.050,120388,25.06,69,285,,"IR=120388, BPM=25.06, Avg BPM=69, MIC=285"
2026-07-05T15:58:39.651,29.069,120376,25.06,69,344,,"IR=120376, BPM=25.06, Avg BPM=69, MIC=344"
2026-07-05T15:58:39.670,29.089,120370,25.06,69,302,,"IR=120370, BPM=25.06, Avg BPM=69, MIC=302"
2026-07-05T15:58:39.690,29.108,120370,25.06,69,304,,"IR=120370, BPM=25.06, Avg BPM=69, MIC=304"
2026-07-05T15:58:39.709,29.127,120417,25.06,69,285,,"IR=120417, BPM=25.06, Avg BPM=69, MIC=285"
2026-07-05T15:58:39.727,29.146,120400,25.06,69,303,,"IR=120400, BPM=25.06, Avg BPM=69, MIC=303"
2026-07-05T15:58:39.747,29.166,120432,25.06,69,328,,"IR=120432, BPM=25.06, Avg BPM=69, MIC=328"
2026-07-05T15:58:39.766,29.184,120425,25.06,69,303,,"IR=120425, BPM=25.06, Avg BPM=69, MIC=303"
2026-07-05T15:58:39.785,29.203,120416,25.06,69,350,,"IR=120416, BPM=25.06, Avg BPM=69, MIC=350"
2026-07-05T15:58:39.805,29.223,120440,25.06,69,332,,"IR=120440, BPM=25.06, Avg BPM=69, MIC=332"
2026-07-05T15:58:39.824,29.242,120445,25.06,69,347,,"IR=120445, BPM=25.06, Avg BPM=69, MIC=347"
2026-07-05T15:58:39.843,29.261,120451,25.06,69,377,,"IR=120451, BPM=25.06, Avg BPM=69, MIC=377"
2026-07-05T15:58:39.862,29.280,120456,25.06,69,361,,"IR=120456, BPM=25.06, Avg BPM=69, MIC=361"
2026-07-05T15:58:39.881,29.299,120462,25.06,69,365,,"IR=120462, BPM=25.06, Avg BPM=69, MIC=365"
2026-07-05T15:58:39.899,29.318,120506,25.06,69,380,,"IR=120506, BPM=25.06, Avg BPM=69, MIC=380"
2026-07-05T15:58:39.919,29.337,120467,25.06,69,603,,"IR=120467, BPM=25.06, Avg BPM=69, MIC=603"
2026-07-05T15:58:39.939,29.357,120488,25.06,69,405,,"IR=120488, BPM=25.06, Avg BPM=69, MIC=405"
2026-07-05T15:58:39.958,29.376,120427,25.06,69,395,,"IR=120427, BPM=25.06, Avg BPM=69, MIC=395"
2026-07-05T15:58:39.977,29.395,120386,25.06,69,421,,"IR=120386, BPM=25.06, Avg BPM=69, MIC=421"
2026-07-05T15:58:39.996,29.414,120365,25.06,69,439,,"IR=120365, BPM=25.06, Avg BPM=69, MIC=439"
2026-07-05T15:58:40.015,29.433,120328,25.06,69,413,,"IR=120328, BPM=25.06, Avg BPM=69, MIC=413"
2026-07-05T15:58:40.034,29.453,120262,25.06,69,476,,"IR=120262, BPM=25.06, Avg BPM=69, MIC=476"
2026-07-05T15:58:40.054,29.472,120231,25.06,69,456,,"IR=120231, BPM=25.06, Avg BPM=69, MIC=456"
2026-07-05T15:58:40.073,29.491,120224,25.06,69,423,,"IR=120224, BPM=25.06, Avg BPM=69, MIC=423"
2026-07-05T15:58:40.092,29.510,120232,25.06,69,440,,"IR=120232, BPM=25.06, Avg BPM=69, MIC=440"
2026-07-05T15:58:40.111,29.529,120191,25.06,69,491,,"IR=120191, BPM=25.06, Avg BPM=69, MIC=491"
2026-07-05T15:58:40.129,29.548,120216,25.06,69,456,,"IR=120216, BPM=25.06, Avg BPM=69, MIC=456"
2026-07-05T15:58:40.149,29.567,120200,25.06,69,477,,"IR=120200, BPM=25.06, Avg BPM=69, MIC=477"
2026-07-05T15:58:40.168,29.586,120174,25.06,69,463,,"IR=120174, BPM=25.06, Avg BPM=69, MIC=463"
2026-07-05T15:58:40.188,29.606,120154,25.06,69,439,,"IR=120154, BPM=25.06, Avg BPM=69, MIC=439"
2026-07-05T15:58:40.207,29.625,120137,25.06,69,462,,"IR=120137, BPM=25.06, Avg BPM=69, MIC=462"
2026-07-05T15:58:40.226,29.644,120103,25.06,69,442,,"IR=120103, BPM=25.06, Avg BPM=69, MIC=442"
2026-07-05T15:58:40.244,29.663,120093,25.06,69,458,,"IR=120093, BPM=25.06, Avg BPM=69, MIC=458"
2026-07-05T15:58:40.264,29.682,120045,25.06,69,445,,"IR=120045, BPM=25.06, Avg BPM=69, MIC=445"
2026-07-05T15:58:40.283,29.701,120003,25.06,69,455,,"IR=120003, BPM=25.06, Avg BPM=69, MIC=455"
2026-07-05T15:58:40.302,29.720,119930,25.06,69,464,,"IR=119930, BPM=25.06, Avg BPM=69, MIC=464"
2026-07-05T15:58:40.322,29.740,119900,25.06,69,445,,"IR=119900, BPM=25.06, Avg BPM=69, MIC=445"
2026-07-05T15:58:40.341,29.759,119873,25.06,69,428,,"IR=119873, BPM=25.06, Avg BPM=69, MIC=428"
2026-07-05T15:58:40.360,29.778,119845,25.06,69,459,,"IR=119845, BPM=25.06, Avg BPM=69, MIC=459"
2026-07-05T15:58:40.379,29.797,119809,25.06,69,444,,"IR=119809, BPM=25.06, Avg BPM=69, MIC=444"
2026-07-05T15:58:40.398,29.816,119767,25.06,69,473,,"IR=119767, BPM=25.06, Avg BPM=69, MIC=473"
2026-07-05T15:58:40.417,29.835,119723,25.06,69,458,,"IR=119723, BPM=25.06, Avg BPM=69, MIC=458"
2026-07-05T15:58:40.437,29.855,119692,25.06,69,493,,"IR=119692, BPM=25.06, Avg BPM=69, MIC=493"
2026-07-05T15:58:40.456,29.874,119670,25.06,69,444,,"IR=119670, BPM=25.06, Avg BPM=69, MIC=444"
2026-07-05T15:58:40.475,29.893,119680,25.06,69,471,,"IR=119680, BPM=25.06, Avg BPM=69, MIC=471"
2026-07-05T15:58:40.494,29.912,119692,25.06,69,475,,"IR=119692, BPM=25.06, Avg BPM=69, MIC=475"
2026-07-05T15:58:40.512,29.931,119777,25.06,69,474,,"IR=119777, BPM=25.06, Avg BPM=69, MIC=474"
2026-07-05T15:58:40.532,29.950,119966,25.06,69,492,,"IR=119966, BPM=25.06, Avg BPM=69, MIC=492"
2026-07-05T15:58:40.551,29.969,120279,25.06,69,506,,"IR=120279, BPM=25.06, Avg BPM=69, MIC=506"
2026-07-05T15:58:40.571,29.989,120614,25.06,69,535,,"IR=120614, BPM=25.06, Avg BPM=69, MIC=535"
2026-07-05T15:58:40.589,30.008,121038,25.06,69,525,,"IR=121038, BPM=25.06, Avg BPM=69, MIC=525"
2026-07-05T15:58:40.609,30.027,120541,25.06,69,504,,"IR=120541, BPM=25.06, Avg BPM=69, MIC=504"
2026-07-05T15:58:40.627,30.046,119036,25.06,69,504,,"IR=119036, BPM=25.06, Avg BPM=69, MIC=504"
2026-07-05T15:58:40.647,30.065,89061,25.06,69,462,,"IR=89061, BPM=25.06, Avg BPM=69, MIC=462"
2026-07-05T15:58:40.666,30.084,45476,25.06,69,424,No finger?,"IR=45476, BPM=25.06, Avg BPM=69, MIC=424 No finger?"
2026-07-05T15:58:40.685,30.103,26152,25.06,69,464,No finger?,"IR=26152, BPM=25.06, Avg BPM=69, MIC=464 No finger?"
2026-07-05T15:58:40.705,30.123,16249,25.06,69,493,No finger?,"IR=16249, BPM=25.06, Avg BPM=69, MIC=493 No finger?"
2026-07-05T15:58:40.724,30.142,11816,25.06,69,463,No finger?,"IR=11816, BPM=25.06, Avg BPM=69, MIC=463 No finger?"
2026-07-05T15:58:40.743,30.161,9849,25.06,69,508,No finger?,"IR=9849, BPM=25.06, Avg BPM=69, MIC=508 No finger?"
2026-07-05T15:58:40.762,30.180,8546,25.06,69,537,No finger?,"IR=8546, BPM=25.06, Avg BPM=69, MIC=537 No finger?"
2026-07-05T15:58:40.781,30.199,6916,25.06,69,538,No finger?,"IR=6916, BPM=25.06, Avg BPM=69, MIC=538 No finger?"
2026-07-05T15:58:40.800,30.218,4961,25.06,69,536,No finger?,"IR=4961, BPM=25.06, Avg BPM=69, MIC=536 No finger?"
2026-07-05T15:58:40.820,30.238,3299,25.06,69,571,No finger?,"IR=3299, BPM=25.06, Avg BPM=69, MIC=571 No finger?"
2026-07-05T15:58:40.839,30.257,2442,25.06,69,553,No finger?,"IR=2442, BPM=25.06, Avg BPM=69, MIC=553 No finger?"
2026-07-05T15:58:40.858,30.276,1965,25.06,69,584,No finger?,"IR=1965, BPM=25.06, Avg BPM=69, MIC=584 No finger?"
2026-07-05T15:58:40.877,30.295,1576,25.06,69,574,No finger?,"IR=1576, BPM=25.06, Avg BPM=69, MIC=574 No finger?"
2026-07-05T15:58:40.896,30.314,1356,25.06,69,603,No finger?,"IR=1356, BPM=25.06, Avg BPM=69, MIC=603 No finger?"
2026-07-05T15:58:40.915,30.333,1200,25.06,69,556,No finger?,"IR=1200, BPM=25.06, Avg BPM=69, MIC=556 No finger?"
2026-07-05T15:58:40.934,30.352,1127,25.06,69,605,No finger?,"IR=1127, BPM=25.06, Avg BPM=69, MIC=605 No finger?"
2026-07-05T15:58:40.954,30.372,1140,25.06,69,586,No finger?,"IR=1140, BPM=25.06, Avg BPM=69, MIC=586 No finger?"
2026-07-05T15:58:40.973,30.391,1180,25.06,69,606,No finger?,"IR=1180, BPM=25.06, Avg BPM=69, MIC=606 No finger?"
2026-07-05T15:58:40.992,30.410,1263,25.06,69,620,No finger?,"IR=1263, BPM=25.06, Avg BPM=69, MIC=620 No finger?"
2026-07-05T15:58:41.011,30.429,1372,25.06,69,666,No finger?,"IR=1372, BPM=25.06, Avg BPM=69, MIC=666 No finger?"
2026-07-05T15:58:41.029,30.448,1480,25.06,69,669,No finger?,"IR=1480, BPM=25.06, Avg BPM=69, MIC=669 No finger?"
2026-07-05T15:58:41.049,30.467,1487,25.06,69,650,No finger?,"IR=1487, BPM=25.06, Avg BPM=69, MIC=650 No finger?"
2026-07-05T15:58:41.069,30.487,1425,25.06,69,655,No finger?,"IR=1425, BPM=25.06, Avg BPM=69, MIC=655 No finger?"
2026-07-05T15:58:41.088,30.506,1387,25.06,69,648,No finger?,"IR=1387, BPM=25.06, Avg BPM=69, MIC=648 No finger?"
2026-07-05T15:58:41.107,30.525,1330,25.06,69,636,No finger?,"IR=1330, BPM=25.06, Avg BPM=69, MIC=636 No finger?"
2026-07-05T15:58:41.126,30.545,1217,25.06,69,663,No finger?,"IR=1217, BPM=25.06, Avg BPM=69, MIC=663 No finger?"
2026-07-05T15:58:41.145,30.563,1225,25.06,69,651,No finger?,"IR=1225, BPM=25.06, Avg BPM=69, MIC=651 No finger?"
2026-07-05T15:58:41.164,30.582,1242,25.06,69,652,No finger?,"IR=1242, BPM=25.06, Avg BPM=69, MIC=652 No finger?"
2026-07-05T15:58:41.183,30.602,1487,25.06,69,678,No finger?,"IR=1487, BPM=25.06, Avg BPM=69, MIC=678 No finger?"
2026-07-05T15:58:41.203,30.621,1696,25.06,69,669,No finger?,"IR=1696, BPM=25.06, Avg BPM=69, MIC=669 No finger?"
2026-07-05T15:58:41.222,30.641,2086,25.06,69,665,No finger?,"IR=2086, BPM=25.06, Avg BPM=69, MIC=665 No finger?"
2026-07-05T15:58:41.241,30.660,2723,25.06,69,638,No finger?,"IR=2723, BPM=25.06, Avg BPM=69, MIC=638 No finger?"
2026-07-05T15:58:41.260,30.678,3850,25.06,69,637,No finger?,"IR=3850, BPM=25.06, Avg BPM=69, MIC=637 No finger?"
2026-07-05T15:58:41.279,30.697,5678,25.06,69,639,No finger?,"IR=5678, BPM=25.06, Avg BPM=69, MIC=639 No finger?"
2026-07-05T15:58:41.298,30.716,7322,25.06,69,617,No finger?,"IR=7322, BPM=25.06, Avg BPM=69, MIC=617 No finger?"
2026-07-05T15:58:41.317,30.735,8282,25.06,69,618,No finger?,"IR=8282, BPM=25.06, Avg BPM=69, MIC=618 No finger?"
2026-07-05T15:58:41.337,30.755,9321,25.06,69,618,No finger?,"IR=9321, BPM=25.06, Avg BPM=69, MIC=618 No finger?"
2026-07-05T15:58:41.356,30.774,10858,25.06,69,636,No finger?,"IR=10858, BPM=25.06, Avg BPM=69, MIC=636 No finger?"
2026-07-05T15:58:41.375,30.793,13431,25.06,69,617,No finger?,"IR=13431, BPM=25.06, Avg BPM=69, MIC=617 No finger?"
2026-07-05T15:58:41.394,30.813,17538,25.06,69,620,No finger?,"IR=17538, BPM=25.06, Avg BPM=69, MIC=620 No finger?"
2026-07-05T15:58:41.413,30.831,22064,25.06,69,623,No finger?,"IR=22064, BPM=25.06, Avg BPM=69, MIC=623 No finger?"
2026-07-05T15:58:41.432,30.850,22529,25.06,69,652,No finger?,"IR=22529, BPM=25.06, Avg BPM=69, MIC=652 No finger?"
2026-07-05T15:58:41.452,30.870,20476,25.06,69,650,No finger?,"IR=20476, BPM=25.06, Avg BPM=69, MIC=650 No finger?"
2026-07-05T15:58:41.471,30.889,18948,25.06,69,654,No finger?,"IR=18948, BPM=25.06, Avg BPM=69, MIC=654 No finger?"
2026-07-05T15:58:41.490,30.908,18657,25.06,69,679,No finger?,"IR=18657, BPM=25.06, Avg BPM=69, MIC=679 No finger?"
2026-07-05T15:58:41.509,30.927,19086,25.06,69,649,No finger?,"IR=19086, BPM=25.06, Avg BPM=69, MIC=649 No finger?"
2026-07-05T15:58:41.528,30.946,19481,25.06,69,619,No finger?,"IR=19481, BPM=25.06, Avg BPM=69, MIC=619 No finger?"
2026-07-05T15:58:41.547,30.965,19220,25.06,69,654,No finger?,"IR=19220, BPM=25.06, Avg BPM=69, MIC=654 No finger?"
2026-07-05T15:58:41.566,30.984,18424,25.06,69,648,No finger?,"IR=18424, BPM=25.06, Avg BPM=69, MIC=648 No finger?"
2026-07-05T15:58:41.586,31.005,18222,25.06,69,683,No finger?,"IR=18222, BPM=25.06, Avg BPM=69, MIC=683 No finger?"
2026-07-05T15:58:41.605,31.023,19839,25.06,69,651,No finger?,"IR=19839, BPM=25.06, Avg BPM=69, MIC=651 No finger?"
2026-07-05T15:58:41.624,31.042,21596,25.06,69,668,No finger?,"IR=21596, BPM=25.06, Avg BPM=69, MIC=668 No finger?"
2026-07-05T15:58:41.643,31.061,24497,25.06,69,665,No finger?,"IR=24497, BPM=25.06, Avg BPM=69, MIC=665 No finger?"
2026-07-05T15:58:41.662,31.080,30922,25.06,69,656,No finger?,"IR=30922, BPM=25.06, Avg BPM=69, MIC=656 No finger?"
2026-07-05T15:58:41.681,31.099,44654,25.06,69,680,No finger?,"IR=44654, BPM=25.06, Avg BPM=69, MIC=680 No finger?"
2026-07-05T15:58:41.700,31.118,71595,25.06,69,666,,"IR=71595, BPM=25.06, Avg BPM=69, MIC=666"
2026-07-05T15:58:41.720,31.138,97846,25.06,69,679,,"IR=97846, BPM=25.06, Avg BPM=69, MIC=679"
2026-07-05T15:58:41.739,31.157,105299,25.06,69,666,,"IR=105299, BPM=25.06, Avg BPM=69, MIC=666"
2026-07-05T15:58:41.758,31.176,112672,25.06,69,680,,"IR=112672, BPM=25.06, Avg BPM=69, MIC=680"
2026-07-05T15:58:41.777,31.196,116007,25.06,69,681,,"IR=116007, BPM=25.06, Avg BPM=69, MIC=681"
2026-07-05T15:58:41.796,31.214,117531,25.06,69,663,,"IR=117531, BPM=25.06, Avg BPM=69, MIC=663"
2026-07-05T15:58:41.814,31.233,118651,25.06,69,748,,"IR=118651, BPM=25.06, Avg BPM=69, MIC=748"
2026-07-05T15:58:41.835,31.253,119542,25.06,69,656,,"IR=119542, BPM=25.06, Avg BPM=69, MIC=656"
2026-07-05T15:58:41.854,31.272,120318,25.06,69,637,,"IR=120318, BPM=25.06, Avg BPM=69, MIC=637"
2026-07-05T15:58:41.873,31.291,121205,25.06,69,651,,"IR=121205, BPM=25.06, Avg BPM=69, MIC=651"
2026-07-05T15:58:41.891,31.310,122041,25.06,69,650,,"IR=122041, BPM=25.06, Avg BPM=69, MIC=650"
2026-07-05T15:58:41.911,31.329,122743,25.06,69,648,,"IR=122743, BPM=25.06, Avg BPM=69, MIC=648"
2026-07-05T15:58:41.930,31.348,123312,25.06,69,636,,"IR=123312, BPM=25.06, Avg BPM=69, MIC=636"
2026-07-05T15:58:41.949,31.367,123657,25.06,69,686,,"IR=123657, BPM=25.06, Avg BPM=69, MIC=686"
2026-07-05T15:58:41.969,31.387,123910,25.06,69,670,,"IR=123910, BPM=25.06, Avg BPM=69, MIC=670"
2026-07-05T15:58:41.988,31.406,124100,25.06,69,668,,"IR=124100, BPM=25.06, Avg BPM=69, MIC=668"
2026-07-05T15:58:42.007,31.425,124126,25.06,69,655,,"IR=124126, BPM=25.06, Avg BPM=69, MIC=655"
2026-07-05T15:58:42.026,31.444,124188,25.06,69,654,,"IR=124188, BPM=25.06, Avg BPM=69, MIC=654"
2026-07-05T15:58:42.045,31.463,124393,25.06,69,645,,"IR=124393, BPM=25.06, Avg BPM=69, MIC=645"
2026-07-05T15:58:42.064,31.482,124565,25.06,69,652,,"IR=124565, BPM=25.06, Avg BPM=69, MIC=652"
2026-07-05T15:58:42.083,31.501,124679,25.06,69,649,,"IR=124679, BPM=25.06, Avg BPM=69, MIC=649"
2026-07-05T15:58:42.103,31.521,124718,25.06,69,635,,"IR=124718, BPM=25.06, Avg BPM=69, MIC=635"
2026-07-05T15:58:42.122,31.540,124855,25.06,69,653,,"IR=124855, BPM=25.06, Avg BPM=69, MIC=653"
2026-07-05T15:58:42.141,31.560,124954,25.06,69,699,,"IR=124954, BPM=25.06, Avg BPM=69, MIC=699"
2026-07-05T15:58:42.160,31.578,124971,25.06,69,663,,"IR=124971, BPM=25.06, Avg BPM=69, MIC=663"
2026-07-05T15:58:42.179,31.597,125010,25.06,69,654,,"IR=125010, BPM=25.06, Avg BPM=69, MIC=654"
2026-07-05T15:58:42.198,31.616,125009,25.06,69,639,,"IR=125009, BPM=25.06, Avg BPM=69, MIC=639"
2026-07-05T15:58:42.218,31.636,124980,25.06,69,616,,"IR=124980, BPM=25.06, Avg BPM=69, MIC=616"
2026-07-05T15:58:42.236,31.655,125000,25.06,69,620,,"IR=125000, BPM=25.06, Avg BPM=69, MIC=620"
2026-07-05T15:58:42.255,31.674,125014,25.06,69,623,,"IR=125014, BPM=25.06, Avg BPM=69, MIC=623"
2026-07-05T15:58:42.275,31.693,124971,25.06,69,622,,"IR=124971, BPM=25.06, Avg BPM=69, MIC=622"
2026-07-05T15:58:42.294,31.712,124880,25.06,69,615,,"IR=124880, BPM=25.06, Avg BPM=69, MIC=615"
2026-07-05T15:58:42.313,31.731,124823,25.06,69,698,,"IR=124823, BPM=25.06, Avg BPM=69, MIC=698"
2026-07-05T15:58:42.332,31.750,124852,25.06,69,620,,"IR=124852, BPM=25.06, Avg BPM=69, MIC=620"
2026-07-05T15:58:42.352,31.770,125073,25.06,69,636,,"IR=125073, BPM=25.06, Avg BPM=69, MIC=636"
2026-07-05T15:58:42.371,31.789,125361,25.06,69,617,,"IR=125361, BPM=25.06, Avg BPM=69, MIC=617"
2026-07-05T15:58:42.390,31.808,125513,25.06,69,620,,"IR=125513, BPM=25.06, Avg BPM=69, MIC=620"
2026-07-05T15:58:42.409,31.827,125504,25.06,69,606,,"IR=125504, BPM=25.06, Avg BPM=69, MIC=606"
2026-07-05T15:58:42.428,31.846,125396,25.06,69,615,,"IR=125396, BPM=25.06, Avg BPM=69, MIC=615"
2026-07-05T15:58:42.447,31.866,125325,25.06,69,638,,"IR=125325, BPM=25.06, Avg BPM=69, MIC=638"
2026-07-05T15:58:42.467,31.885,125253,25.06,69,653,,"IR=125253, BPM=25.06, Avg BPM=69, MIC=653"
2026-07-05T15:58:42.486,31.904,125193,25.06,69,633,,"IR=125193, BPM=25.06, Avg BPM=69, MIC=633"
2026-07-05T15:58:42.504,31.923,125219,25.06,69,638,,"IR=125219, BPM=25.06, Avg BPM=69, MIC=638"
2026-07-05T15:58:42.524,31.942,125277,25.06,69,647,,"IR=125277, BPM=25.06, Avg BPM=69, MIC=647"
2026-07-05T15:58:42.543,31.961,125261,25.06,69,650,,"IR=125261, BPM=25.06, Avg BPM=69, MIC=650"
2026-07-05T15:58:42.561,31.980,125187,25.06,69,651,,"IR=125187, BPM=25.06, Avg BPM=69, MIC=651"
2026-07-05T15:58:42.580,31.999,125128,25.06,69,633,,"IR=125128, BPM=25.06, Avg BPM=69, MIC=633"
2026-07-05T15:58:42.601,32.019,125124,25.06,69,679,,"IR=125124, BPM=25.06, Avg BPM=69, MIC=679"
2026-07-05T15:58:42.620,32.038,125101,25.06,69,714,,"IR=125101, BPM=25.06, Avg BPM=69, MIC=714"
2026-07-05T15:58:42.638,32.057,125053,25.06,69,654,,"IR=125053, BPM=25.06, Avg BPM=69, MIC=654"
2026-07-05T15:58:42.657,32.076,124989,25.06,69,668,,"IR=124989, BPM=25.06, Avg BPM=69, MIC=668"
2026-07-05T15:58:42.676,32.095,124928,25.06,69,664,,"IR=124928, BPM=25.06, Avg BPM=69, MIC=664"
2026-07-05T15:58:42.695,32.114,124884,25.06,69,681,,"IR=124884, BPM=25.06, Avg BPM=69, MIC=681"
2026-07-05T15:58:42.715,32.133,124806,25.06,69,652,,"IR=124806, BPM=25.06, Avg BPM=69, MIC=652"
2026-07-05T15:58:42.734,32.153,124722,25.06,69,686,,"IR=124722, BPM=25.06, Avg BPM=69, MIC=686"
2026-07-05T15:58:42.754,32.172,124707,25.06,69,670,,"IR=124707, BPM=25.06, Avg BPM=69, MIC=670"
2026-07-05T15:58:42.773,32.192,124695,25.06,69,679,,"IR=124695, BPM=25.06, Avg BPM=69, MIC=679"
2026-07-05T15:58:42.792,32.211,124676,25.06,69,682,,"IR=124676, BPM=25.06, Avg BPM=69, MIC=682"
2026-07-05T15:58:42.811,32.229,124665,25.06,69,679,,"IR=124665, BPM=25.06, Avg BPM=69, MIC=679"
2026-07-05T15:58:42.830,32.248,124724,25.06,69,696,,"IR=124724, BPM=25.06, Avg BPM=69, MIC=696"
2026-07-05T15:58:42.850,32.268,124799,25.06,69,684,,"IR=124799, BPM=25.06, Avg BPM=69, MIC=684"
2026-07-05T15:58:42.868,32.287,124878,25.06,69,680,,"IR=124878, BPM=25.06, Avg BPM=69, MIC=680"
2026-07-05T15:58:42.888,32.306,124962,25.06,69,668,,"IR=124962, BPM=25.06, Avg BPM=69, MIC=668"
2026-07-05T15:58:42.907,32.325,125041,25.06,69,670,,"IR=125041, BPM=25.06, Avg BPM=69, MIC=670"
2026-07-05T15:58:42.926,32.344,125089,25.06,69,651,,"IR=125089, BPM=25.06, Avg BPM=69, MIC=651"
2026-07-05T15:58:42.944,32.363,125154,25.06,69,637,,"IR=125154, BPM=25.06, Avg BPM=69, MIC=637"
2026-07-05T15:58:42.964,32.382,125201,25.06,69,652,,"IR=125201, BPM=25.06, Avg BPM=69, MIC=652"
2026-07-05T15:58:42.984,32.402,125276,25.06,69,637,,"IR=125276, BPM=25.06, Avg BPM=69, MIC=637"
2026-07-05T15:58:43.003,32.421,125305,25.06,69,652,,"IR=125305, BPM=25.06, Avg BPM=69, MIC=652"
2026-07-05T15:58:43.022,32.440,125304,25.06,69,635,,"IR=125304, BPM=25.06, Avg BPM=69, MIC=635"
2026-07-05T15:58:43.041,32.459,125361,25.06,69,647,,"IR=125361, BPM=25.06, Avg BPM=69, MIC=647"
2026-07-05T15:58:43.060,32.478,125398,25.06,69,618,,"IR=125398, BPM=25.06, Avg BPM=69, MIC=618"
2026-07-05T15:58:43.078,32.497,125381,25.06,69,636,,"IR=125381, BPM=25.06, Avg BPM=69, MIC=636"
2026-07-05T15:58:43.098,32.516,125330,25.06,69,623,,"IR=125330, BPM=25.06, Avg BPM=69, MIC=623"
2026-07-05T15:58:43.118,32.536,125284,25.06,69,622,,"IR=125284, BPM=25.06, Avg BPM=69, MIC=622"
2026-07-05T15:58:43.136,32.555,125291,25.06,69,650,,"IR=125291, BPM=25.06, Avg BPM=69, MIC=650"
2026-07-05T15:58:43.156,32.574,125349,25.06,69,618,,"IR=125349, BPM=25.06, Avg BPM=69, MIC=618"
2026-07-05T15:58:43.175,32.593,125405,25.06,69,617,,"IR=125405, BPM=25.06, Avg BPM=69, MIC=617"
2026-07-05T15:58:43.194,32.612,125497,25.06,69,623,,"IR=125497, BPM=25.06, Avg BPM=69, MIC=623"
2026-07-05T15:58:43.212,32.631,125554,25.06,69,606,,"IR=125554, BPM=25.06, Avg BPM=69, MIC=606"
2026-07-05T15:58:43.233,32.651,125586,25.06,69,605,,"IR=125586, BPM=25.06, Avg BPM=69, MIC=605"
2026-07-05T15:58:43.251,32.670,125607,25.06,69,647,,"IR=125607, BPM=25.06, Avg BPM=69, MIC=647"
2026-07-05T15:58:43.271,32.689,125670,25.06,69,648,,"IR=125670, BPM=25.06, Avg BPM=69, MIC=648"
2026-07-05T15:58:43.289,32.708,125725,25.06,69,613,,"IR=125725, BPM=25.06, Avg BPM=69, MIC=613"
2026-07-05T15:58:43.309,32.727,125756,25.06,69,637,,"IR=125756, BPM=25.06, Avg BPM=69, MIC=637"
2026-07-05T15:58:43.327,32.746,125768,25.06,69,618,,"IR=125768, BPM=25.06, Avg BPM=69, MIC=618"
2026-07-05T15:58:43.346,32.765,125734,25.06,69,615,,"IR=125734, BPM=25.06, Avg BPM=69, MIC=615"
2026-07-05T15:58:43.367,32.785,125738,25.06,69,631,,"IR=125738, BPM=25.06, Avg BPM=69, MIC=631"
2026-07-05T15:58:43.386,32.804,125806,25.06,69,619,,"IR=125806, BPM=25.06, Avg BPM=69, MIC=619"
2026-07-05T15:58:43.405,32.823,125873,25.06,69,604,,"IR=125873, BPM=25.06, Avg BPM=69, MIC=604"
2026-07-05T15:58:43.424,32.842,125875,25.06,69,633,,"IR=125875, BPM=25.06, Avg BPM=69, MIC=633"
2026-07-05T15:58:43.443,32.861,125885,25.06,69,636,,"IR=125885, BPM=25.06, Avg BPM=69, MIC=636"
2026-07-05T15:58:43.461,32.880,125912,25.06,69,653,,"IR=125912, BPM=25.06, Avg BPM=69, MIC=653"
2026-07-05T15:58:43.480,32.899,125931,25.06,69,647,,"IR=125931, BPM=25.06, Avg BPM=69, MIC=647"
2026-07-05T15:58:43.501,32.919,125956,25.06,69,665,,"IR=125956, BPM=25.06, Avg BPM=69, MIC=665"
2026-07-05T15:58:43.520,32.938,125953,25.06,69,639,,"IR=125953, BPM=25.06, Avg BPM=69, MIC=639"
2026-07-05T15:58:43.539,32.957,125958,25.06,69,632,,"IR=125958, BPM=25.06, Avg BPM=69, MIC=632"
2026-07-05T15:58:43.558,32.976,125996,25.06,69,623,,"IR=125996, BPM=25.06, Avg BPM=69, MIC=623"
2026-07-05T15:58:43.577,32.996,125986,25.06,69,670,,"IR=125986, BPM=25.06, Avg BPM=69, MIC=670"
2026-07-05T15:58:43.595,33.014,125964,25.06,69,685,,"IR=125964, BPM=25.06, Avg BPM=69, MIC=685"
2026-07-05T15:58:43.616,33.034,125962,25.06,69,694,,"IR=125962, BPM=25.06, Avg BPM=69, MIC=694"
2026-07-05T15:58:43.635,33.053,125920,25.06,69,668,,"IR=125920, BPM=25.06, Avg BPM=69, MIC=668"
2026-07-05T15:58:43.654,33.072,125909,25.06,69,695,,"IR=125909, BPM=25.06, Avg BPM=69, MIC=695"
2026-07-05T15:58:43.673,33.091,125844,25.06,69,667,,"IR=125844, BPM=25.06, Avg BPM=69, MIC=667"
2026-07-05T15:58:43.692,33.110,125819,25.06,69,652,,"IR=125819, BPM=25.06, Avg BPM=69, MIC=652"
2026-07-05T15:58:43.711,33.129,125827,25.06,69,669,,"IR=125827, BPM=25.06, Avg BPM=69, MIC=669"
2026-07-05T15:58:43.730,33.148,125807,25.06,69,655,,"IR=125807, BPM=25.06, Avg BPM=69, MIC=655"
2026-07-05T15:58:43.750,33.168,125809,25.06,69,672,,"IR=125809, BPM=25.06, Avg BPM=69, MIC=672"
2026-07-05T15:58:43.769,33.187,125848,25.06,69,699,,"IR=125848, BPM=25.06, Avg BPM=69, MIC=699"
2026-07-05T15:58:43.788,33.206,125941,25.06,69,712,,"IR=125941, BPM=25.06, Avg BPM=69, MIC=712"
2026-07-05T15:58:43.807,33.226,126017,25.06,69,672,,"IR=126017, BPM=25.06, Avg BPM=69, MIC=672"
2026-07-05T15:58:43.826,33.245,126017,25.06,69,681,,"IR=126017, BPM=25.06, Avg BPM=69, MIC=681"
2026-07-05T15:58:43.844,33.263,126030,25.06,69,685,,"IR=126030, BPM=25.06, Avg BPM=69, MIC=685"
2026-07-05T15:58:43.864,33.282,126019,25.06,69,716,,"IR=126019, BPM=25.06, Avg BPM=69, MIC=716"
2026-07-05T15:58:43.884,33.302,126013,25.06,69,700,,"IR=126013, BPM=25.06, Avg BPM=69, MIC=700"
2026-07-05T15:58:43.903,33.321,126007,25.06,69,726,,"IR=126007, BPM=25.06, Avg BPM=69, MIC=726"
2026-07-05T15:58:43.922,33.340,126027,25.06,69,697,,"IR=126027, BPM=25.06, Avg BPM=69, MIC=697"
2026-07-05T15:58:43.941,33.359,126048,25.06,69,696,,"IR=126048, BPM=25.06, Avg BPM=69, MIC=696"
2026-07-05T15:58:43.960,33.378,126037,25.06,69,699,,"IR=126037, BPM=25.06, Avg BPM=69, MIC=699"
2026-07-05T15:58:43.979,33.398,126053,25.06,69,732,,"IR=126053, BPM=25.06, Avg BPM=69, MIC=732"
2026-07-05T15:58:43.999,33.417,126055,25.06,69,731,,"IR=126055, BPM=25.06, Avg BPM=69, MIC=731"
2026-07-05T15:58:44.017,33.436,126027,25.06,69,729,,"IR=126027, BPM=25.06, Avg BPM=69, MIC=729"
2026-07-05T15:58:44.037,33.455,126013,25.06,69,729,,"IR=126013, BPM=25.06, Avg BPM=69, MIC=729"
2026-07-05T15:58:44.056,33.474,125991,25.06,69,773,,"IR=125991, BPM=25.06, Avg BPM=69, MIC=773"
2026-07-05T15:58:44.074,33.493,125939,25.06,69,748,,"IR=125939, BPM=25.06, Avg BPM=69, MIC=748"
2026-07-05T15:58:44.094,33.512,125903,25.06,69,752,,"IR=125903, BPM=25.06, Avg BPM=69, MIC=752"
2026-07-05T15:58:44.112,33.531,125852,25.06,69,759,,"IR=125852, BPM=25.06, Avg BPM=69, MIC=759"
2026-07-05T15:58:44.133,33.551,125865,25.06,69,758,,"IR=125865, BPM=25.06, Avg BPM=69, MIC=758"
2026-07-05T15:58:44.152,33.570,125840,25.06,69,752,,"IR=125840, BPM=25.06, Avg BPM=69, MIC=752"
2026-07-05T15:58:44.171,33.589,125803,25.06,69,791,,"IR=125803, BPM=25.06, Avg BPM=69, MIC=791"
2026-07-05T15:58:44.190,33.608,125759,25.06,69,782,,"IR=125759, BPM=25.06, Avg BPM=69, MIC=782"
2026-07-05T15:58:44.209,33.627,125735,25.06,69,749,,"IR=125735, BPM=25.06, Avg BPM=69, MIC=749"
2026-07-05T15:58:44.227,33.646,125711,25.06,69,760,,"IR=125711, BPM=25.06, Avg BPM=69, MIC=760"
2026-07-05T15:58:44.247,33.665,125654,25.06,69,761,,"IR=125654, BPM=25.06, Avg BPM=69, MIC=761"
2026-07-05T15:58:44.267,33.685,125595,25.06,69,798,,"IR=125595, BPM=25.06, Avg BPM=69, MIC=798"
2026-07-05T15:58:44.286,33.704,125556,25.06,69,777,,"IR=125556, BPM=25.06, Avg BPM=69, MIC=777"
2026-07-05T15:58:44.305,33.723,125550,25.06,69,781,,"IR=125550, BPM=25.06, Avg BPM=69, MIC=781"
2026-07-05T15:58:44.323,33.742,125558,25.06,69,791,,"IR=125558, BPM=25.06, Avg BPM=69, MIC=791"
2026-07-05T15:58:44.343,33.761,125556,25.06,69,780,,"IR=125556, BPM=25.06, Avg BPM=69, MIC=780"
2026-07-05T15:58:44.362,33.780,125573,25.06,69,778,,"IR=125573, BPM=25.06, Avg BPM=69, MIC=778"
2026-07-05T15:58:44.381,33.800,125603,25.06,69,777,,"IR=125603, BPM=25.06, Avg BPM=69, MIC=777"
2026-07-05T15:58:44.400,33.819,125629,25.06,69,763,,"IR=125629, BPM=25.06, Avg BPM=69, MIC=763"
2026-07-05T15:58:44.419,33.838,125665,25.06,69,778,,"IR=125665, BPM=25.06, Avg BPM=69, MIC=778"
2026-07-05T15:58:44.439,33.857,125709,25.06,69,760,,"IR=125709, BPM=25.06, Avg BPM=69, MIC=760"
2026-07-05T15:58:44.457,33.876,125730,25.06,69,760,,"IR=125730, BPM=25.06, Avg BPM=69, MIC=760"
2026-07-05T15:58:44.477,33.895,125746,25.06,69,761,,"IR=125746, BPM=25.06, Avg BPM=69, MIC=761"
2026-07-05T15:58:44.495,33.914,125760,25.06,69,767,,"IR=125760, BPM=25.06, Avg BPM=69, MIC=767"
2026-07-05T15:58:44.516,33.934,125764,25.06,69,797,,"IR=125764, BPM=25.06, Avg BPM=69, MIC=797"
2026-07-05T15:58:44.535,33.953,125743,25.06,69,747,,"IR=125743, BPM=25.06, Avg BPM=69, MIC=747"
2026-07-05T15:58:44.553,33.972,125746,25.06,69,807,,"IR=125746, BPM=25.06, Avg BPM=69, MIC=807"
2026-07-05T15:58:44.572,33.991,125752,25.06,69,813,,"IR=125752, BPM=25.06, Avg BPM=69, MIC=813"
2026-07-05T15:58:44.592,34.010,125734,25.06,69,792,,"IR=125734, BPM=25.06, Avg BPM=69, MIC=792"
2026-07-05T15:58:44.611,34.029,125714,25.06,69,807,,"IR=125714, BPM=25.06, Avg BPM=69, MIC=807"
2026-07-05T15:58:44.630,34.048,125662,25.06,69,779,,"IR=125662, BPM=25.06, Avg BPM=69, MIC=779"
2026-07-05T15:58:44.649,34.068,125604,25.06,69,763,,"IR=125604, BPM=25.06, Avg BPM=69, MIC=763"
2026-07-05T15:58:44.669,34.087,125572,25.06,69,823,,"IR=125572, BPM=25.06, Avg BPM=69, MIC=823"
2026-07-05T15:58:44.688,34.106,125556,25.06,69,778,,"IR=125556, BPM=25.06, Avg BPM=69, MIC=778"
2026-07-05T15:58:44.707,34.125,125572,25.06,69,810,,"IR=125572, BPM=25.06, Avg BPM=69, MIC=810"
2026-07-05T15:58:44.726,34.144,125534,25.06,69,796,,"IR=125534, BPM=25.06, Avg BPM=69, MIC=796"
2026-07-05T15:58:44.745,34.163,125505,25.06,69,824,,"IR=125505, BPM=25.06, Avg BPM=69, MIC=824"
2026-07-05T15:58:44.765,34.183,125477,25.06,69,814,,"IR=125477, BPM=25.06, Avg BPM=69, MIC=814"
2026-07-05T15:58:44.784,34.202,125451,25.06,69,780,,"IR=125451, BPM=25.06, Avg BPM=69, MIC=780"
2026-07-05T15:58:44.803,34.221,125420,25.06,69,812,,"IR=125420, BPM=25.06, Avg BPM=69, MIC=812"
2026-07-05T15:58:44.822,34.240,125367,25.06,69,797,,"IR=125367, BPM=25.06, Avg BPM=69, MIC=797"
2026-07-05T15:58:44.841,34.259,125316,25.06,69,841,,"IR=125316, BPM=25.06, Avg BPM=69, MIC=841"
2026-07-05T15:58:44.860,34.278,125291,25.06,69,807,,"IR=125291, BPM=25.06, Avg BPM=69, MIC=807"
2026-07-05T15:58:44.879,34.297,125303,25.06,69,794,,"IR=125303, BPM=25.06, Avg BPM=69, MIC=794"
2026-07-05T15:58:44.900,34.318,125339,25.06,69,776,,"IR=125339, BPM=25.06, Avg BPM=69, MIC=776"
2026-07-05T15:58:44.918,34.336,125352,25.06,69,815,,"IR=125352, BPM=25.06, Avg BPM=69, MIC=815"
2026-07-05T15:58:44.937,34.355,125402,25.06,69,797,,"IR=125402, BPM=25.06, Avg BPM=69, MIC=797"
2026-07-05T15:58:44.956,34.374,125450,25.06,69,823,,"IR=125450, BPM=25.06, Avg BPM=69, MIC=823"
2026-07-05T15:58:44.975,34.393,125492,25.06,69,797,,"IR=125492, BPM=25.06, Avg BPM=69, MIC=797"
2026-07-05T15:58:44.994,34.412,125505,25.06,69,809,,"IR=125505, BPM=25.06, Avg BPM=69, MIC=809"
2026-07-05T15:58:45.014,34.432,125529,25.06,69,779,,"IR=125529, BPM=25.06, Avg BPM=69, MIC=779"
2026-07-05T15:58:45.033,34.451,125546,25.06,69,811,,"IR=125546, BPM=25.06, Avg BPM=69, MIC=811"
2026-07-05T15:58:45.052,34.470,125560,25.06,69,814,,"IR=125560, BPM=25.06, Avg BPM=69, MIC=814"
2026-07-05T15:58:45.071,34.489,125539,25.06,69,798,,"IR=125539, BPM=25.06, Avg BPM=69, MIC=798"
2026-07-05T15:58:45.090,34.508,125491,25.06,69,809,,"IR=125491, BPM=25.06, Avg BPM=69, MIC=809"
2026-07-05T15:58:45.108,34.527,125442,25.06,69,857,,"IR=125442, BPM=25.06, Avg BPM=69, MIC=857"
2026-07-05T15:58:45.128,34.546,125441,25.06,69,814,,"IR=125441, BPM=25.06, Avg BPM=69, MIC=814"
2026-07-05T15:58:45.148,34.566,125463,25.06,69,823,,"IR=125463, BPM=25.06, Avg BPM=69, MIC=823"
2026-07-05T15:58:45.167,34.585,125466,25.06,69,823,,"IR=125466, BPM=25.06, Avg BPM=69, MIC=823"
2026-07-05T15:58:45.186,34.604,125492,25.06,69,814,,"IR=125492, BPM=25.06, Avg BPM=69, MIC=814"
2026-07-05T15:58:45.205,34.623,125467,25.06,69,798,,"IR=125467, BPM=25.06, Avg BPM=69, MIC=798"
2026-07-05T15:58:45.224,34.642,125442,25.06,69,815,,"IR=125442, BPM=25.06, Avg BPM=69, MIC=815"
2026-07-05T15:58:45.243,34.662,125418,25.06,69,795,,"IR=125418, BPM=25.06, Avg BPM=69, MIC=795"
2026-07-05T15:58:45.262,34.680,125446,25.06,69,813,,"IR=125446, BPM=25.06, Avg BPM=69, MIC=813"
2026-07-05T15:58:45.282,34.700,125467,25.06,69,795,,"IR=125467, BPM=25.06, Avg BPM=69, MIC=795"
2026-07-05T15:58:45.301,34.719,125450,25.06,69,830,,"IR=125450, BPM=25.06, Avg BPM=69, MIC=830"
2026-07-05T15:58:45.319,34.738,125438,25.06,69,814,,"IR=125438, BPM=25.06, Avg BPM=69, MIC=814"
2026-07-05T15:58:45.338,34.757,125447,25.06,69,807,,"IR=125447, BPM=25.06, Avg BPM=69, MIC=807"
2026-07-05T15:58:45.358,34.776,125457,25.06,69,809,,"IR=125457, BPM=25.06, Avg BPM=69, MIC=809"
2026-07-05T15:58:45.377,34.795,125470,25.06,69,843,,"IR=125470, BPM=25.06, Avg BPM=69, MIC=843"
2026-07-05T15:58:45.397,34.815,125479,25.06,69,792,,"IR=125479, BPM=25.06, Avg BPM=69, MIC=792"
2026-07-05T15:58:45.416,34.834,125473,25.06,69,827,,"IR=125473, BPM=25.06, Avg BPM=69, MIC=827"
2026-07-05T15:58:45.435,34.853,125457,25.06,69,816,,"IR=125457, BPM=25.06, Avg BPM=69, MIC=816"
2026-07-05T15:58:45.454,34.872,125400,25.06,69,860,,"IR=125400, BPM=25.06, Avg BPM=69, MIC=860"
2026-07-05T15:58:45.473,34.891,125363,25.06,69,813,,"IR=125363, BPM=25.06, Avg BPM=69, MIC=813"
2026-07-05T15:58:45.492,34.910,125325,25.06,69,798,,"IR=125325, BPM=25.06, Avg BPM=69, MIC=798"
2026-07-05T15:58:45.511,34.929,125314,25.06,69,812,,"IR=125314, BPM=25.06, Avg BPM=69, MIC=812"
2026-07-05T15:58:45.531,34.949,125305,25.06,69,825,,"IR=125305, BPM=25.06, Avg BPM=69, MIC=825"
2026-07-05T15:58:45.549,34.968,125313,25.06,69,809,,"IR=125313, BPM=25.06, Avg BPM=69, MIC=809"
2026-07-05T15:58:45.569,34.987,125361,25.06,69,783,,"IR=125361, BPM=25.06, Avg BPM=69, MIC=783"
2026-07-05T15:58:45.588,35.006,125387,25.06,69,790,,"IR=125387, BPM=25.06, Avg BPM=69, MIC=790"
2026-07-05T15:58:45.607,35.025,125452,25.06,69,790,,"IR=125452, BPM=25.06, Avg BPM=69, MIC=790"
2026-07-05T15:58:45.626,35.044,125508,25.06,69,792,,"IR=125508, BPM=25.06, Avg BPM=69, MIC=792"
2026-07-05T15:58:45.644,35.063,125559,25.06,69,797,,"IR=125559, BPM=25.06, Avg BPM=69, MIC=797"
2026-07-05T15:58:45.665,35.083,125597,25.06,69,742,,"IR=125597, BPM=25.06, Avg BPM=69, MIC=742"
2026-07-05T15:58:45.684,35.102,125610,25.06,69,808,,"IR=125610, BPM=25.06, Avg BPM=69, MIC=808"
2026-07-05T15:58:45.703,35.121,125607,25.06,69,793,,"IR=125607, BPM=25.06, Avg BPM=69, MIC=793"
2026-07-05T15:58:45.722,35.140,125622,25.06,69,791,,"IR=125622, BPM=25.06, Avg BPM=69, MIC=791"
2026-07-05T15:58:45.741,35.159,125628,25.06,69,816,,"IR=125628, BPM=25.06, Avg BPM=69, MIC=816"
2026-07-05T15:58:45.760,35.178,125649,25.06,69,808,,"IR=125649, BPM=25.06, Avg BPM=69, MIC=808"
2026-07-05T15:58:45.780,35.198,125685,25.06,69,798,,"IR=125685, BPM=25.06, Avg BPM=69, MIC=798"
2026-07-05T15:58:45.799,35.217,125705,8.61,69,766,,"IR=125705, BPM=8.61, Avg BPM=69, MIC=766"
2026-07-05T15:58:45.818,35.236,125721,8.61,69,778,,"IR=125721, BPM=8.61, Avg BPM=69, MIC=778"
2026-07-05T15:58:45.837,35.255,125740,8.61,69,793,,"IR=125740, BPM=8.61, Avg BPM=69, MIC=793"
2026-07-05T15:58:45.856,35.274,125765,8.61,69,768,,"IR=125765, BPM=8.61, Avg BPM=69, MIC=768"
2026-07-05T15:58:45.875,35.293,125778,8.61,69,777,,"IR=125778, BPM=8.61, Avg BPM=69, MIC=777"
2026-07-05T15:58:45.894,35.312,125803,8.61,69,768,,"IR=125803, BPM=8.61, Avg BPM=69, MIC=768"
2026-07-05T15:58:45.914,35.332,125812,8.61,69,761,,"IR=125812, BPM=8.61, Avg BPM=69, MIC=761"
2026-07-05T15:58:45.933,35.351,125803,8.61,69,751,,"IR=125803, BPM=8.61, Avg BPM=69, MIC=751"
2026-07-05T15:58:45.952,35.371,125820,8.61,69,748,,"IR=125820, BPM=8.61, Avg BPM=69, MIC=748"
2026-07-05T15:58:45.971,35.389,125835,8.61,69,776,,"IR=125835, BPM=8.61, Avg BPM=69, MIC=776"
2026-07-05T15:58:45.990,35.408,125858,8.61,69,774,,"IR=125858, BPM=8.61, Avg BPM=69, MIC=774"
2026-07-05T15:58:46.009,35.427,125838,8.61,69,779,,"IR=125838, BPM=8.61, Avg BPM=69, MIC=779"
2026-07-05T15:58:46.028,35.446,125853,8.61,69,761,,"IR=125853, BPM=8.61, Avg BPM=69, MIC=761"
2026-07-05T15:58:46.048,35.466,125888,8.61,69,742,,"IR=125888, BPM=8.61, Avg BPM=69, MIC=742"
2026-07-05T15:58:46.067,35.485,125903,8.61,69,765,,"IR=125903, BPM=8.61, Avg BPM=69, MIC=765"
2026-07-05T15:58:46.086,35.504,125879,8.61,69,767,,"IR=125879, BPM=8.61, Avg BPM=69, MIC=767"
2026-07-05T15:58:46.105,35.523,125825,8.61,69,766,,"IR=125825, BPM=8.61, Avg BPM=69, MIC=766"
2026-07-05T15:58:46.124,35.542,125725,8.61,69,765,,"IR=125725, BPM=8.61, Avg BPM=69, MIC=765"
2026-07-05T15:58:46.143,35.561,125668,8.61,69,767,,"IR=125668, BPM=8.61, Avg BPM=69, MIC=767"
2026-07-05T15:58:46.162,35.581,125627,8.61,69,781,,"IR=125627, BPM=8.61, Avg BPM=69, MIC=781"
2026-07-05T15:58:46.182,35.600,125643,8.61,69,779,,"IR=125643, BPM=8.61, Avg BPM=69, MIC=779"
2026-07-05T15:58:46.201,35.619,125628,8.61,69,782,,"IR=125628, BPM=8.61, Avg BPM=69, MIC=782"
2026-07-05T15:58:46.220,35.638,125611,8.61,69,781,,"IR=125611, BPM=8.61, Avg BPM=69, MIC=781"
2026-07-05T15:58:46.239,35.657,125620,8.61,69,761,,"IR=125620, BPM=8.61, Avg BPM=69, MIC=761"
2026-07-05T15:58:46.258,35.676,125665,8.61,69,777,,"IR=125665, BPM=8.61, Avg BPM=69, MIC=777"
2026-07-05T15:58:46.277,35.695,125713,8.61,69,781,,"IR=125713, BPM=8.61, Avg BPM=69, MIC=781"
2026-07-05T15:58:46.297,35.715,125775,8.61,69,778,,"IR=125775, BPM=8.61, Avg BPM=69, MIC=778"
2026-07-05T15:58:46.316,35.734,125818,8.61,69,759,,"IR=125818, BPM=8.61, Avg BPM=69, MIC=759"
2026-07-05T15:58:46.335,35.753,125852,8.61,69,763,,"IR=125852, BPM=8.61, Avg BPM=69, MIC=763"
2026-07-05T15:58:46.353,35.772,125905,8.61,69,779,,"IR=125905, BPM=8.61, Avg BPM=69, MIC=779"
2026-07-05T15:58:46.373,35.791,125927,8.61,69,777,,"IR=125927, BPM=8.61, Avg BPM=69, MIC=777"
2026-07-05T15:58:46.392,35.810,125953,8.61,69,776,,"IR=125953, BPM=8.61, Avg BPM=69, MIC=776"
2026-07-05T15:58:46.411,35.829,125965,8.61,69,797,,"IR=125965, BPM=8.61, Avg BPM=69, MIC=797"
2026-07-05T15:58:46.430,35.849,125975,8.61,69,762,,"IR=125975, BPM=8.61, Avg BPM=69, MIC=762"
2026-07-05T15:58:46.450,35.868,126002,8.61,69,748,,"IR=126002, BPM=8.61, Avg BPM=69, MIC=748"
2026-07-05T15:58:46.469,35.887,126054,8.61,69,742,,"IR=126054, BPM=8.61, Avg BPM=69, MIC=742"
2026-07-05T15:58:46.488,35.906,126078,8.61,69,763,,"IR=126078, BPM=8.61, Avg BPM=69, MIC=763"
2026-07-05T15:58:46.507,35.925,126073,8.61,69,747,,"IR=126073, BPM=8.61, Avg BPM=69, MIC=747"
2026-07-05T15:58:46.526,35.944,126085,8.61,69,739,,"IR=126085, BPM=8.61, Avg BPM=69, MIC=739"
2026-07-05T15:58:46.545,35.964,126121,8.61,69,759,,"IR=126121, BPM=8.61, Avg BPM=69, MIC=759"
2026-07-05T15:58:46.565,35.983,126173,8.61,69,762,,"IR=126173, BPM=8.61, Avg BPM=69, MIC=762"
2026-07-05T15:58:46.584,36.002,126202,8.61,69,746,,"IR=126202, BPM=8.61, Avg BPM=69, MIC=746"
2026-07-05T15:58:46.603,36.021,126228,8.61,69,759,,"IR=126228, BPM=8.61, Avg BPM=69, MIC=759"
2026-07-05T15:58:46.622,36.040,126237,8.61,69,765,,"IR=126237, BPM=8.61, Avg BPM=69, MIC=765"
2026-07-05T15:58:46.641,36.059,126223,8.61,69,777,,"IR=126223, BPM=8.61, Avg BPM=69, MIC=777"
2026-07-05T15:58:46.660,36.078,126217,8.61,69,734,,"IR=126217, BPM=8.61, Avg BPM=69, MIC=734"
2026-07-05T15:58:46.680,36.098,126221,8.61,69,733,,"IR=126221, BPM=8.61, Avg BPM=69, MIC=733"
2026-07-05T15:58:46.699,36.117,126260,8.61,69,733,,"IR=126260, BPM=8.61, Avg BPM=69, MIC=733"
2026-07-05T15:58:46.718,36.136,126304,8.61,69,1006,,"IR=126304, BPM=8.61, Avg BPM=69, MIC=1006"
2026-07-05T15:58:46.737,36.155,126351,8.61,69,761,,"IR=126351, BPM=8.61, Avg BPM=69, MIC=761"
2026-07-05T15:58:46.756,36.174,126366,8.61,69,732,,"IR=126366, BPM=8.61, Avg BPM=69, MIC=732"
2026-07-05T15:58:46.775,36.193,126369,8.61,69,730,,"IR=126369, BPM=8.61, Avg BPM=69, MIC=730"
2026-07-05T15:58:46.794,36.212,126389,8.61,69,743,,"IR=126389, BPM=8.61, Avg BPM=69, MIC=743"
2026-07-05T15:58:46.814,36.232,126336,8.61,69,735,,"IR=126336, BPM=8.61, Avg BPM=69, MIC=735"
2026-07-05T15:58:46.833,36.251,126253,8.61,69,761,,"IR=126253, BPM=8.61, Avg BPM=69, MIC=761"
2026-07-05T15:58:46.852,36.270,126201,8.61,69,747,,"IR=126201, BPM=8.61, Avg BPM=69, MIC=747"
2026-07-05T15:58:46.871,36.289,126153,8.61,69,735,,"IR=126153, BPM=8.61, Avg BPM=69, MIC=735"
2026-07-05T15:58:46.890,36.308,126152,8.61,69,747,,"IR=126152, BPM=8.61, Avg BPM=69, MIC=747"
2026-07-05T15:58:46.909,36.327,126157,8.61,69,719,,"IR=126157, BPM=8.61, Avg BPM=69, MIC=719"
2026-07-05T15:58:46.929,36.347,126166,8.61,69,717,,"IR=126166, BPM=8.61, Avg BPM=69, MIC=717"
2026-07-05T15:58:46.948,36.366,126170,8.61,69,715,,"IR=126170, BPM=8.61, Avg BPM=69, MIC=715"
2026-07-05T15:58:46.967,36.385,126172,8.61,69,744,,"IR=126172, BPM=8.61, Avg BPM=69, MIC=744"
2026-07-05T15:58:46.986,36.404,126201,8.61,69,730,,"IR=126201, BPM=8.61, Avg BPM=69, MIC=730"
2026-07-05T15:58:47.005,36.423,126224,8.61,69,731,,"IR=126224, BPM=8.61, Avg BPM=69, MIC=731"
2026-07-05T15:58:47.024,36.443,126229,8.61,69,747,,"IR=126229, BPM=8.61, Avg BPM=69, MIC=747"
2026-07-05T15:58:47.043,36.461,126242,8.61,69,728,,"IR=126242, BPM=8.61, Avg BPM=69, MIC=728"
2026-07-05T15:58:47.063,36.481,126261,8.61,69,728,,"IR=126261, BPM=8.61, Avg BPM=69, MIC=728"
2026-07-05T15:58:47.082,36.500,126273,8.61,69,744,,"IR=126273, BPM=8.61, Avg BPM=69, MIC=744"
2026-07-05T15:58:47.101,36.519,126266,8.61,69,728,,"IR=126266, BPM=8.61, Avg BPM=69, MIC=728"
2026-07-05T15:58:47.120,36.538,126261,8.61,69,731,,"IR=126261, BPM=8.61, Avg BPM=69, MIC=731"
2026-07-05T15:58:47.139,36.557,126229,8.61,69,730,,"IR=126229, BPM=8.61, Avg BPM=69, MIC=730"
2026-07-05T15:58:47.158,36.576,126200,8.61,69,749,,"IR=126200, BPM=8.61, Avg BPM=69, MIC=749"
2026-07-05T15:58:47.177,36.596,126202,8.61,69,728,,"IR=126202, BPM=8.61, Avg BPM=69, MIC=728"
2026-07-05T15:58:47.197,36.615,126214,8.61,69,729,,"IR=126214, BPM=8.61, Avg BPM=69, MIC=729"
2026-07-05T15:58:47.216,36.634,126231,8.61,69,760,,"IR=126231, BPM=8.61, Avg BPM=69, MIC=760"
2026-07-05T15:58:47.235,36.653,126262,8.61,69,777,,"IR=126262, BPM=8.61, Avg BPM=69, MIC=777"
2026-07-05T15:58:47.254,36.672,126289,8.61,69,777,,"IR=126289, BPM=8.61, Avg BPM=69, MIC=777"
2026-07-05T15:58:47.273,36.691,126309,8.61,69,775,,"IR=126309, BPM=8.61, Avg BPM=69, MIC=775"
2026-07-05T15:58:47.292,36.710,126313,8.61,69,745,,"IR=126313, BPM=8.61, Avg BPM=69, MIC=745"
2026-07-05T15:58:47.311,36.730,126337,8.61,69,759,,"IR=126337, BPM=8.61, Avg BPM=69, MIC=759"
2026-07-05T15:58:47.331,36.749,126366,8.61,69,761,,"IR=126366, BPM=8.61, Avg BPM=69, MIC=761"
2026-07-05T15:58:47.350,36.768,126383,8.61,69,841,,"IR=126383, BPM=8.61, Avg BPM=69, MIC=841"
2026-07-05T15:58:47.368,36.787,126401,8.61,69,794,,"IR=126401, BPM=8.61, Avg BPM=69, MIC=794"
2026-07-05T15:58:47.388,36.806,126394,8.61,69,795,,"IR=126394, BPM=8.61, Avg BPM=69, MIC=795"
2026-07-05T15:58:47.407,36.825,126390,8.61,69,798,,"IR=126390, BPM=8.61, Avg BPM=69, MIC=798"
2026-07-05T15:58:47.426,36.844,126398,8.61,69,793,,"IR=126398, BPM=8.61, Avg BPM=69, MIC=793"
2026-07-05T15:58:47.445,36.864,126409,8.61,69,781,,"IR=126409, BPM=8.61, Avg BPM=69, MIC=781"
2026-07-05T15:58:47.465,36.883,126397,8.61,69,823,,"IR=126397, BPM=8.61, Avg BPM=69, MIC=823"
2026-07-05T15:58:47.484,36.902,126325,8.61,69,797,,"IR=126325, BPM=8.61, Avg BPM=69, MIC=797"
2026-07-05T15:58:47.503,36.921,126258,8.61,69,795,,"IR=126258, BPM=8.61, Avg BPM=69, MIC=795"
2026-07-05T15:58:47.522,36.940,126180,8.61,69,824,,"IR=126180, BPM=8.61, Avg BPM=69, MIC=824"
2026-07-05T15:58:47.540,36.959,126135,8.61,69,804,,"IR=126135, BPM=8.61, Avg BPM=69, MIC=804"
2026-07-05T15:58:47.559,36.978,126120,8.61,69,805,,"IR=126120, BPM=8.61, Avg BPM=69, MIC=805"
2026-07-05T15:58:47.580,36.998,126128,8.61,69,814,,"IR=126128, BPM=8.61, Avg BPM=69, MIC=814"
2026-07-05T15:58:47.598,37.017,126192,8.61,69,794,,"IR=126192, BPM=8.61, Avg BPM=69, MIC=794"
2026-07-05T15:58:47.617,37.036,126302,8.61,69,824,,"IR=126302, BPM=8.61, Avg BPM=69, MIC=824"
2026-07-05T15:58:47.637,37.055,126419,8.61,69,797,,"IR=126419, BPM=8.61, Avg BPM=69, MIC=797"
2026-07-05T15:58:47.656,37.074,126535,8.61,69,821,,"IR=126535, BPM=8.61, Avg BPM=69, MIC=821"
2026-07-05T15:58:47.675,37.093,126635,8.61,69,777,,"IR=126635, BPM=8.61, Avg BPM=69, MIC=777"
2026-07-05T15:58:47.695,37.113,126710,8.61,69,790,,"IR=126710, BPM=8.61, Avg BPM=69, MIC=790"
2026-07-05T15:58:47.714,37.132,126768,8.61,69,814,,"IR=126768, BPM=8.61, Avg BPM=69, MIC=814"
2026-07-05T15:58:47.733,37.152,126798,8.61,69,766,,"IR=126798, BPM=8.61, Avg BPM=69, MIC=766"
2026-07-05T15:58:47.752,37.170,126822,8.61,69,810,,"IR=126822, BPM=8.61, Avg BPM=69, MIC=810"
2026-07-05T15:58:47.770,37.189,126812,8.61,69,813,,"IR=126812, BPM=8.61, Avg BPM=69, MIC=813"
2026-07-05T15:58:47.790,37.208,126770,8.61,69,796,,"IR=126770, BPM=8.61, Avg BPM=69, MIC=796"
2026-07-05T15:58:47.809,37.227,126688,8.61,69,797,,"IR=126688, BPM=8.61, Avg BPM=69, MIC=797"
2026-07-05T15:58:47.829,37.247,126625,8.61,69,766,,"IR=126625, BPM=8.61, Avg BPM=69, MIC=766"
2026-07-05T15:58:47.847,37.266,126584,8.61,69,781,,"IR=126584, BPM=8.61, Avg BPM=69, MIC=781"
2026-07-05T15:58:47.867,37.285,126567,8.61,69,780,,"IR=126567, BPM=8.61, Avg BPM=69, MIC=780"
2026-07-05T15:58:47.886,37.304,126584,8.61,69,796,,"IR=126584, BPM=8.61, Avg BPM=69, MIC=796"
2026-07-05T15:58:47.905,37.323,126569,8.61,69,791,,"IR=126569, BPM=8.61, Avg BPM=69, MIC=791"
2026-07-05T15:58:47.924,37.343,126547,8.61,69,839,,"IR=126547, BPM=8.61, Avg BPM=69, MIC=839"
2026-07-05T15:58:47.943,37.361,126509,8.61,69,810,,"IR=126509, BPM=8.61, Avg BPM=69, MIC=810"
2026-07-05T15:58:47.963,37.382,126490,8.61,69,832,,"IR=126490, BPM=8.61, Avg BPM=69, MIC=832"
2026-07-05T15:58:47.982,37.400,126515,8.61,69,794,,"IR=126515, BPM=8.61, Avg BPM=69, MIC=794"
2026-07-05T15:58:48.001,37.419,126565,8.61,69,791,,"IR=126565, BPM=8.61, Avg BPM=69, MIC=791"
2026-07-05T15:58:48.020,37.438,126609,8.61,69,799,,"IR=126609, BPM=8.61, Avg BPM=69, MIC=799"
2026-07-05T15:58:48.039,37.457,126631,8.61,69,808,,"IR=126631, BPM=8.61, Avg BPM=69, MIC=808"
2026-07-05T15:58:48.057,37.476,126675,8.61,69,781,,"IR=126675, BPM=8.61, Avg BPM=69, MIC=781"
2026-07-05T15:58:48.078,37.496,126727,8.61,69,778,,"IR=126727, BPM=8.61, Avg BPM=69, MIC=778"
2026-07-05T15:58:48.097,37.516,126723,8.61,69,781,,"IR=126723, BPM=8.61, Avg BPM=69, MIC=781"
2026-07-05T15:58:48.115,37.534,126728,8.61,69,825,,"IR=126728, BPM=8.61, Avg BPM=69, MIC=825"
2026-07-05T15:58:48.135,37.553,126737,8.61,69,792,,"IR=126737, BPM=8.61, Avg BPM=69, MIC=792"
2026-07-05T15:58:48.154,37.572,126732,8.61,69,797,,"IR=126732, BPM=8.61, Avg BPM=69, MIC=797"
2026-07-05T15:58:48.173,37.591,126714,8.61,69,782,,"IR=126714, BPM=8.61, Avg BPM=69, MIC=782"
2026-07-05T15:58:48.192,37.610,126615,8.61,69,793,,"IR=126615, BPM=8.61, Avg BPM=69, MIC=793"
2026-07-05T15:58:48.211,37.630,126550,8.61,69,813,,"IR=126550, BPM=8.61, Avg BPM=69, MIC=813"
2026-07-05T15:58:48.231,37.650,126508,8.61,69,809,,"IR=126508, BPM=8.61, Avg BPM=69, MIC=809"
2026-07-05T15:58:48.250,37.668,126489,8.61,69,829,,"IR=126489, BPM=8.61, Avg BPM=69, MIC=829"
2026-07-05T15:58:48.269,37.687,126493,8.61,69,810,,"IR=126493, BPM=8.61, Avg BPM=69, MIC=810"
2026-07-05T15:58:48.288,37.706,126496,8.61,69,825,,"IR=126496, BPM=8.61, Avg BPM=69, MIC=825"
2026-07-05T15:58:48.307,37.726,126496,8.61,69,837,,"IR=126496, BPM=8.61, Avg BPM=69, MIC=837"
2026-07-05T15:58:48.326,37.744,126500,8.61,69,782,,"IR=126500, BPM=8.61, Avg BPM=69, MIC=782"
2026-07-05T15:58:48.346,37.765,126505,8.61,69,825,,"IR=126505, BPM=8.61, Avg BPM=69, MIC=825"
2026-07-05T15:58:48.365,37.783,126520,8.61,69,839,,"IR=126520, BPM=8.61, Avg BPM=69, MIC=839"
2026-07-05T15:58:48.384,37.802,126519,8.61,69,790,,"IR=126519, BPM=8.61, Avg BPM=69, MIC=790"
2026-07-05T15:58:48.403,37.821,126559,8.61,69,810,,"IR=126559, BPM=8.61, Avg BPM=69, MIC=810"
2026-07-05T15:58:48.422,37.840,126598,8.61,69,824,,"IR=126598, BPM=8.61, Avg BPM=69, MIC=824"
2026-07-05T15:58:48.441,37.859,126544,8.61,69,975,,"IR=126544, BPM=8.61, Avg BPM=69, MIC=975"
2026-07-05T15:58:48.461,37.879,126520,8.61,69,811,,"IR=126520, BPM=8.61, Avg BPM=69, MIC=811"
2026-07-05T15:58:48.479,37.898,126508,8.61,69,825,,"IR=126508, BPM=8.61, Avg BPM=69, MIC=825"
2026-07-05T15:58:48.499,37.917,126529,8.61,69,798,,"IR=126529, BPM=8.61, Avg BPM=69, MIC=798"
2026-07-05T15:58:48.518,37.936,126535,8.61,69,807,,"IR=126535, BPM=8.61, Avg BPM=69, MIC=807"
2026-07-05T15:58:48.536,37.955,126548,8.61,69,829,,"IR=126548, BPM=8.61, Avg BPM=69, MIC=829"
2026-07-05T15:58:48.555,37.974,126568,8.61,69,826,,"IR=126568, BPM=8.61, Avg BPM=69, MIC=826"
2026-07-05T15:58:48.574,37.993,126558,8.61,69,840,,"IR=126558, BPM=8.61, Avg BPM=69, MIC=840"
2026-07-05T15:58:48.595,38.014,126560,8.61,69,855,,"IR=126560, BPM=8.61, Avg BPM=69, MIC=855"
2026-07-05T15:58:48.614,38.032,126588,8.61,69,826,,"IR=126588, BPM=8.61, Avg BPM=69, MIC=826"
2026-07-05T15:58:48.633,38.051,126599,8.61,69,824,,"IR=126599, BPM=8.61, Avg BPM=69, MIC=824"
2026-07-05T15:58:48.652,38.070,126624,8.61,69,828,,"IR=126624, BPM=8.61, Avg BPM=69, MIC=828"
2026-07-05T15:58:48.671,38.089,126592,8.61,69,829,,"IR=126592, BPM=8.61, Avg BPM=69, MIC=829"
2026-07-05T15:58:48.690,38.109,126531,8.61,69,825,,"IR=126531, BPM=8.61, Avg BPM=69, MIC=825"
2026-07-05T15:58:48.710,38.128,126454,8.61,69,826,,"IR=126454, BPM=8.61, Avg BPM=69, MIC=826"
2026-07-05T15:58:48.728,38.147,126412,8.61,69,812,,"IR=126412, BPM=8.61, Avg BPM=69, MIC=812"
2026-07-05T15:58:48.747,38.166,126436,8.61,69,847,,"IR=126436, BPM=8.61, Avg BPM=69, MIC=847"
2026-07-05T15:58:48.766,38.185,126456,20.22,62,824,,"IR=126456, BPM=20.22, Avg BPM=62, MIC=824"
2026-07-05T15:58:48.786,38.204,126499,20.22,62,844,,"IR=126499, BPM=20.22, Avg BPM=62, MIC=844"
2026-07-05T15:58:48.805,38.223,126551,20.22,62,821,,"IR=126551, BPM=20.22, Avg BPM=62, MIC=821"
2026-07-05T15:58:48.824,38.242,126616,20.22,62,848,,"IR=126616, BPM=20.22, Avg BPM=62, MIC=848"
2026-07-05T15:58:48.843,38.262,126683,20.22,62,845,,"IR=126683, BPM=20.22, Avg BPM=62, MIC=845"
2026-07-05T15:58:48.863,38.281,126726,20.22,62,862,,"IR=126726, BPM=20.22, Avg BPM=62, MIC=862"
2026-07-05T15:58:48.881,38.300,126744,20.22,62,811,,"IR=126744, BPM=20.22, Avg BPM=62, MIC=811"
2026-07-05T15:58:48.901,38.319,126729,20.22,62,843,,"IR=126729, BPM=20.22, Avg BPM=62, MIC=843"
2026-07-05T15:58:48.920,38.338,126677,20.22,62,842,,"IR=126677, BPM=20.22, Avg BPM=62, MIC=842"
2026-07-05T15:58:48.939,38.357,126643,20.22,62,825,,"IR=126643, BPM=20.22, Avg BPM=62, MIC=825"
2026-07-05T15:58:48.958,38.376,126608,20.22,62,796,,"IR=126608, BPM=20.22, Avg BPM=62, MIC=796"
2026-07-05T15:58:48.978,38.396,126639,284.36,62,812,,"IR=126639, BPM=284.36, Avg BPM=62, MIC=812"
2026-07-05T15:58:48.997,38.415,126691,284.36,62,812,,"IR=126691, BPM=284.36, Avg BPM=62, MIC=812"
2026-07-05T15:58:49.016,38.434,126740,284.36,62,843,,"IR=126740, BPM=284.36, Avg BPM=62, MIC=843"
2026-07-05T15:58:49.035,38.453,126805,284.36,62,829,,"IR=126805, BPM=284.36, Avg BPM=62, MIC=829"
2026-07-05T15:58:49.054,38.472,126836,284.36,62,808,,"IR=126836, BPM=284.36, Avg BPM=62, MIC=808"
2026-07-05T15:58:49.073,38.491,126868,284.36,62,813,,"IR=126868, BPM=284.36, Avg BPM=62, MIC=813"
2026-07-05T15:58:49.093,38.512,126870,284.36,62,855,,"IR=126870, BPM=284.36, Avg BPM=62, MIC=855"
2026-07-05T15:58:49.112,38.530,126899,284.36,62,828,,"IR=126899, BPM=284.36, Avg BPM=62, MIC=828"
2026-07-05T15:58:49.130,38.549,126952,284.36,62,827,,"IR=126952, BPM=284.36, Avg BPM=62, MIC=827"
2026-07-05T15:58:49.149,38.568,126995,284.36,62,829,,"IR=126995, BPM=284.36, Avg BPM=62, MIC=829"
2026-07-05T15:58:49.169,38.587,127026,284.36,62,824,,"IR=127026, BPM=284.36, Avg BPM=62, MIC=824"
2026-07-05T15:58:49.188,38.606,127015,284.36,62,831,,"IR=127015, BPM=284.36, Avg BPM=62, MIC=831"
2026-07-05T15:58:49.207,38.625,127001,284.36,62,800,,"IR=127001, BPM=284.36, Avg BPM=62, MIC=800"
2026-07-05T15:58:49.227,38.645,127009,284.36,62,813,,"IR=127009, BPM=284.36, Avg BPM=62, MIC=813"
2026-07-05T15:58:49.246,38.665,127025,284.36,62,840,,"IR=127025, BPM=284.36, Avg BPM=62, MIC=840"
2026-07-05T15:58:49.264,38.683,127052,284.36,62,809,,"IR=127052, BPM=284.36, Avg BPM=62, MIC=809"
2026-07-05T15:58:49.284,38.702,127065,284.36,62,814,,"IR=127065, BPM=284.36, Avg BPM=62, MIC=814"
2026-07-05T15:58:49.303,38.721,127095,284.36,62,889,,"IR=127095, BPM=284.36, Avg BPM=62, MIC=889"
2026-07-05T15:58:49.322,38.740,127098,284.36,62,808,,"IR=127098, BPM=284.36, Avg BPM=62, MIC=808"
2026-07-05T15:58:49.341,38.760,127074,284.36,62,783,,"IR=127074, BPM=284.36, Avg BPM=62, MIC=783"
2026-07-05T15:58:49.360,38.779,127092,284.36,62,798,,"IR=127092, BPM=284.36, Avg BPM=62, MIC=798"
2026-07-05T15:58:49.380,38.798,127098,284.36,62,795,,"IR=127098, BPM=284.36, Avg BPM=62, MIC=795"
2026-07-05T15:58:49.399,38.817,127099,284.36,62,829,,"IR=127099, BPM=284.36, Avg BPM=62, MIC=829"
2026-07-05T15:58:49.418,38.836,127121,284.36,62,836,,"IR=127121, BPM=284.36, Avg BPM=62, MIC=836"
2026-07-05T15:58:49.437,38.855,127119,284.36,62,827,,"IR=127119, BPM=284.36, Avg BPM=62, MIC=827"
2026-07-05T15:58:49.456,38.874,127117,284.36,62,794,,"IR=127117, BPM=284.36, Avg BPM=62, MIC=794"
2026-07-05T15:58:49.476,38.894,127109,284.36,62,824,,"IR=127109, BPM=284.36, Avg BPM=62, MIC=824"
2026-07-05T15:58:49.495,38.913,127113,284.36,62,829,,"IR=127113, BPM=284.36, Avg BPM=62, MIC=829"
2026-07-05T15:58:49.514,38.932,127134,284.36,62,823,,"IR=127134, BPM=284.36, Avg BPM=62, MIC=823"
2026-07-05T15:58:49.532,38.951,127140,284.36,62,826,,"IR=127140, BPM=284.36, Avg BPM=62, MIC=826"
2026-07-05T15:58:49.552,38.970,127146,284.36,62,830,,"IR=127146, BPM=284.36, Avg BPM=62, MIC=830"
2026-07-05T15:58:49.570,38.989,127136,284.36,62,843,,"IR=127136, BPM=284.36, Avg BPM=62, MIC=843"
2026-07-05T15:58:49.589,39.008,127127,284.36,62,828,,"IR=127127, BPM=284.36, Avg BPM=62, MIC=828"
2026-07-05T15:58:49.610,39.028,127134,284.36,62,798,,"IR=127134, BPM=284.36, Avg BPM=62, MIC=798"
2026-07-05T15:58:49.629,39.047,127121,284.36,62,807,,"IR=127121, BPM=284.36, Avg BPM=62, MIC=807"
2026-07-05T15:58:49.648,39.066,127076,284.36,62,811,,"IR=127076, BPM=284.36, Avg BPM=62, MIC=811"
2026-07-05T15:58:49.667,39.085,127018,284.36,62,824,,"IR=127018, BPM=284.36, Avg BPM=62, MIC=824"
2026-07-05T15:58:49.686,39.104,126979,284.36,62,827,,"IR=126979, BPM=284.36, Avg BPM=62, MIC=827"
2026-07-05T15:58:49.705,39.123,126956,284.36,62,843,,"IR=126956, BPM=284.36, Avg BPM=62, MIC=843"
2026-07-05T15:58:49.724,39.142,126958,284.36,62,814,,"IR=126958, BPM=284.36, Avg BPM=62, MIC=814"
2026-07-05T15:58:49.743,39.162,126989,284.36,62,956,,"IR=126989, BPM=284.36, Avg BPM=62, MIC=956"
2026-07-05T15:58:49.763,39.181,127019,284.36,62,815,,"IR=127019, BPM=284.36, Avg BPM=62, MIC=815"
2026-07-05T15:58:49.782,39.200,127053,284.36,62,782,,"IR=127053, BPM=284.36, Avg BPM=62, MIC=782"
2026-07-05T15:58:49.801,39.219,127082,284.36,62,810,,"IR=127082, BPM=284.36, Avg BPM=62, MIC=810"
2026-07-05T15:58:49.820,39.238,127114,284.36,62,796,,"IR=127114, BPM=284.36, Avg BPM=62, MIC=796"
2026-07-05T15:58:49.839,39.257,127158,284.36,62,782,,"IR=127158, BPM=284.36, Avg BPM=62, MIC=782"
2026-07-05T15:58:49.859,39.277,127155,284.36,62,791,,"IR=127155, BPM=284.36, Avg BPM=62, MIC=791"
2026-07-05T15:58:49.878,39.296,127159,284.36,62,800,,"IR=127159, BPM=284.36, Avg BPM=62, MIC=800"
2026-07-05T15:58:49.897,39.315,127176,284.36,62,780,,"IR=127176, BPM=284.36, Avg BPM=62, MIC=780"
2026-07-05T15:58:49.915,39.334,127185,284.36,62,778,,"IR=127185, BPM=284.36, Avg BPM=62, MIC=778"
2026-07-05T15:58:49.934,39.353,127205,284.36,62,779,,"IR=127205, BPM=284.36, Avg BPM=62, MIC=779"
2026-07-05T15:58:49.954,39.372,127189,284.36,62,814,,"IR=127189, BPM=284.36, Avg BPM=62, MIC=814"
2026-07-05T15:58:49.973,39.391,127168,284.36,62,777,,"IR=127168, BPM=284.36, Avg BPM=62, MIC=777"
2026-07-05T15:58:49.993,39.411,127152,284.36,62,798,,"IR=127152, BPM=284.36, Avg BPM=62, MIC=798"
2026-07-05T15:58:50.011,39.430,127130,284.36,62,796,,"IR=127130, BPM=284.36, Avg BPM=62, MIC=796"
2026-07-05T15:58:50.030,39.449,127146,284.36,62,792,,"IR=127146, BPM=284.36, Avg BPM=62, MIC=792"
2026-07-05T15:58:50.050,39.468,127150,284.36,62,806,,"IR=127150, BPM=284.36, Avg BPM=62, MIC=806"
2026-07-05T15:58:50.069,39.487,127144,284.36,62,827,,"IR=127144, BPM=284.36, Avg BPM=62, MIC=827"
2026-07-05T15:58:50.088,39.506,127085,284.36,62,781,,"IR=127085, BPM=284.36, Avg BPM=62, MIC=781"
2026-07-05T15:58:50.107,39.525,127016,284.36,62,826,,"IR=127016, BPM=284.36, Avg BPM=62, MIC=826"
2026-07-05T15:58:50.127,39.545,126978,284.36,62,828,,"IR=126978, BPM=284.36, Avg BPM=62, MIC=828"
2026-07-05T15:58:50.145,39.564,127012,284.36,62,843,,"IR=127012, BPM=284.36, Avg BPM=62, MIC=843"
2026-07-05T15:58:50.164,39.583,127047,284.36,62,794,,"IR=127047, BPM=284.36, Avg BPM=62, MIC=794"
2026-07-05T15:58:50.183,39.602,127075,284.36,62,795,,"IR=127075, BPM=284.36, Avg BPM=62, MIC=795"
2026-07-05T15:58:50.203,39.621,127082,284.36,62,797,,"IR=127082, BPM=284.36, Avg BPM=62, MIC=797"
2026-07-05T15:58:50.222,39.640,127080,284.36,62,792,,"IR=127080, BPM=284.36, Avg BPM=62, MIC=792"
2026-07-05T15:58:50.242,39.661,127067,284.36,62,824,,"IR=127067, BPM=284.36, Avg BPM=62, MIC=824"
2026-07-05T15:58:50.261,39.679,127094,284.36,62,814,,"IR=127094, BPM=284.36, Avg BPM=62, MIC=814"
2026-07-05T15:58:50.280,39.698,127090,284.36,62,861,,"IR=127090, BPM=284.36, Avg BPM=62, MIC=861"
2026-07-05T15:58:50.299,39.717,127044,284.36,62,828,,"IR=127044, BPM=284.36, Avg BPM=62, MIC=828"
2026-07-05T15:58:50.318,39.736,126964,284.36,62,863,,"IR=126964, BPM=284.36, Avg BPM=62, MIC=863"
2026-07-05T15:58:50.336,39.755,126907,284.36,62,859,,"IR=126907, BPM=284.36, Avg BPM=62, MIC=859"
2026-07-05T15:58:50.355,39.774,126891,284.36,62,891,,"IR=126891, BPM=284.36, Avg BPM=62, MIC=891"
2026-07-05T15:58:50.375,39.794,126889,284.36,62,843,,"IR=126889, BPM=284.36, Avg BPM=62, MIC=843"
2026-07-05T15:58:50.394,39.813,126908,284.36,62,848,,"IR=126908, BPM=284.36, Avg BPM=62, MIC=848"
2026-07-05T15:58:50.414,39.832,126925,284.36,62,861,,"IR=126925, BPM=284.36, Avg BPM=62, MIC=861"
2026-07-05T15:58:50.433,39.851,126928,284.36,62,859,,"IR=126928, BPM=284.36, Avg BPM=62, MIC=859"
2026-07-05T15:58:50.452,39.870,126946,284.36,62,863,,"IR=126946, BPM=284.36, Avg BPM=62, MIC=863"
2026-07-05T15:58:50.471,39.889,126969,284.36,62,869,,"IR=126969, BPM=284.36, Avg BPM=62, MIC=869"
2026-07-05T15:58:50.490,39.908,127006,284.36,62,892,,"IR=127006, BPM=284.36, Avg BPM=62, MIC=892"
2026-07-05T15:58:50.510,39.928,127027,284.36,62,873,,"IR=127027, BPM=284.36, Avg BPM=62, MIC=873"
2026-07-05T15:58:50.528,39.947,127035,284.36,62,859,,"IR=127035, BPM=284.36, Avg BPM=62, MIC=859"
2026-07-05T15:58:50.548,39.966,127060,284.36,62,855,,"IR=127060, BPM=284.36, Avg BPM=62, MIC=855"
2026-07-05T15:58:50.566,39.985,127055,284.36,62,878,,"IR=127055, BPM=284.36, Avg BPM=62, MIC=878"
2026-07-05T15:58:50.586,40.004,127016,284.36,62,844,,"IR=127016, BPM=284.36, Avg BPM=62, MIC=844"
2026-07-05T15:58:50.604,40.023,126967,284.36,62,856,,"IR=126967, BPM=284.36, Avg BPM=62, MIC=856"
2026-07-05T15:58:50.625,40.043,126924,284.36,62,861,,"IR=126924, BPM=284.36, Avg BPM=62, MIC=861"
2026-07-05T15:58:50.643,40.062,126944,284.36,62,862,,"IR=126944, BPM=284.36, Avg BPM=62, MIC=862"
2026-07-05T15:58:50.663,40.081,126952,284.36,62,872,,"IR=126952, BPM=284.36, Avg BPM=62, MIC=872"
2026-07-05T15:58:50.682,40.101,126943,284.36,62,861,,"IR=126943, BPM=284.36, Avg BPM=62, MIC=861"
2026-07-05T15:58:50.701,40.119,126923,284.36,62,854,,"IR=126923, BPM=284.36, Avg BPM=62, MIC=854"
2026-07-05T15:58:50.719,40.138,126910,284.36,62,891,,"IR=126910, BPM=284.36, Avg BPM=62, MIC=891"
2026-07-05T15:58:50.738,40.157,126905,284.36,62,887,,"IR=126905, BPM=284.36, Avg BPM=62, MIC=887"
2026-07-05T15:58:50.758,40.177,126910,284.36,62,877,,"IR=126910, BPM=284.36, Avg BPM=62, MIC=877"
2026-07-05T15:58:50.777,40.196,126916,284.36,62,919,,"IR=126916, BPM=284.36, Avg BPM=62, MIC=919"
2026-07-05T15:58:50.797,40.215,126927,284.36,62,910,,"IR=126927, BPM=284.36, Avg BPM=62, MIC=910"
2026-07-05T15:58:50.816,40.235,126918,284.36,62,918,,"IR=126918, BPM=284.36, Avg BPM=62, MIC=918"
2026-07-05T15:58:50.835,40.253,126921,284.36,62,925,,"IR=126921, BPM=284.36, Avg BPM=62, MIC=925"
2026-07-05T15:58:50.853,40.272,126902,284.36,62,909,,"IR=126902, BPM=284.36, Avg BPM=62, MIC=909"
2026-07-05T15:58:50.873,40.292,126870,284.36,62,904,,"IR=126870, BPM=284.36, Avg BPM=62, MIC=904"
2026-07-05T15:58:50.893,40.311,126869,284.36,62,904,,"IR=126869, BPM=284.36, Avg BPM=62, MIC=904"
2026-07-05T15:58:50.913,40.331,126870,284.36,62,924,,"IR=126870, BPM=284.36, Avg BPM=62, MIC=924"
2026-07-05T15:58:50.930,40.349,126891,284.36,62,927,,"IR=126891, BPM=284.36, Avg BPM=62, MIC=927"
2026-07-05T15:58:50.950,40.368,126891,284.36,62,936,,"IR=126891, BPM=284.36, Avg BPM=62, MIC=936"
2026-07-05T15:58:50.968,40.387,126865,284.36,62,955,,"IR=126865, BPM=284.36, Avg BPM=62, MIC=955"
2026-07-05T15:58:50.987,40.406,126832,284.36,62,953,,"IR=126832, BPM=284.36, Avg BPM=62, MIC=953"
2026-07-05T15:58:51.007,40.426,126826,284.36,62,954,,"IR=126826, BPM=284.36, Avg BPM=62, MIC=954"
2026-07-05T15:58:51.027,40.445,126837,284.36,62,940,,"IR=126837, BPM=284.36, Avg BPM=62, MIC=940"
2026-07-05T15:58:51.046,40.464,126872,284.36,62,934,,"IR=126872, BPM=284.36, Avg BPM=62, MIC=934"
2026-07-05T15:58:51.064,40.483,126900,284.36,62,935,,"IR=126900, BPM=284.36, Avg BPM=62, MIC=935"
2026-07-05T15:58:51.084,40.502,126877,284.36,62,925,,"IR=126877, BPM=284.36, Avg BPM=62, MIC=925"
2026-07-05T15:58:51.102,40.521,126862,284.36,62,951,,"IR=126862, BPM=284.36, Avg BPM=62, MIC=951"
2026-07-05T15:58:51.122,40.540,126874,284.36,62,971,,"IR=126874, BPM=284.36, Avg BPM=62, MIC=971"
2026-07-05T15:58:51.142,40.560,126899,284.36,62,940,,"IR=126899, BPM=284.36, Avg BPM=62, MIC=940"
2026-07-05T15:58:51.161,40.579,126943,284.36,62,927,,"IR=126943, BPM=284.36, Avg BPM=62, MIC=927"
2026-07-05T15:58:51.179,40.598,126986,284.36,62,902,,"IR=126986, BPM=284.36, Avg BPM=62, MIC=902"
2026-07-05T15:58:51.198,40.617,127011,284.36,62,920,,"IR=127011, BPM=284.36, Avg BPM=62, MIC=920"
2026-07-05T15:58:51.218,40.636,127000,284.36,62,926,,"IR=127000, BPM=284.36, Avg BPM=62, MIC=926"
2026-07-05T15:58:51.237,40.655,126984,284.36,62,904,,"IR=126984, BPM=284.36, Avg BPM=62, MIC=904"
2026-07-05T15:58:51.257,40.675,126957,284.36,62,890,,"IR=126957, BPM=284.36, Avg BPM=62, MIC=890"
2026-07-05T15:58:51.276,40.694,126896,284.36,62,908,,"IR=126896, BPM=284.36, Avg BPM=62, MIC=908"
2026-07-05T15:58:51.295,40.713,126737,284.36,62,910,,"IR=126737, BPM=284.36, Avg BPM=62, MIC=910"
2026-07-05T15:58:51.314,40.732,126521,284.36,62,893,,"IR=126521, BPM=284.36, Avg BPM=62, MIC=893"
2026-07-05T15:58:51.333,40.751,126414,284.36,62,892,,"IR=126414, BPM=284.36, Avg BPM=62, MIC=892"
2026-07-05T15:58:51.352,40.770,126462,284.36,62,905,,"IR=126462, BPM=284.36, Avg BPM=62, MIC=905"
2026-07-05T15:58:51.371,40.789,126598,284.36,62,924,,"IR=126598, BPM=284.36, Avg BPM=62, MIC=924"
2026-07-05T15:58:51.391,40.809,126681,284.36,62,910,,"IR=126681, BPM=284.36, Avg BPM=62, MIC=910"
2026-07-05T15:58:51.410,40.828,125727,284.36,62,905,,"IR=125727, BPM=284.36, Avg BPM=62, MIC=905"
2026-07-05T15:58:51.428,40.847,73288,24.48,63,908,,"IR=73288, BPM=24.48, Avg BPM=63, MIC=908"
2026-07-05T15:58:51.448,40.866,18241,24.48,63,1099,No finger?,"IR=18241, BPM=24.48, Avg BPM=63, MIC=1099 No finger?"
2026-07-05T15:58:51.467,40.885,7602,24.48,63,1080,No finger?,"IR=7602, BPM=24.48, Avg BPM=63, MIC=1080 No finger?"
2026-07-05T15:58:51.486,40.904,3603,24.48,63,1018,No finger?,"IR=3603, BPM=24.48, Avg BPM=63, MIC=1018 No finger?"
2026-07-05T15:58:51.504,40.923,2039,24.48,63,887,No finger?,"IR=2039, BPM=24.48, Avg BPM=63, MIC=887 No finger?"
2026-07-05T15:58:51.525,40.943,1433,24.48,63,1035,No finger?,"IR=1433, BPM=24.48, Avg BPM=63, MIC=1035 No finger?"
2026-07-05T15:58:51.544,40.962,1399,24.48,63,1017,No finger?,"IR=1399, BPM=24.48, Avg BPM=63, MIC=1017 No finger?"
2026-07-05T15:58:51.563,40.981,1222,24.48,63,1018,No finger?,"IR=1222, BPM=24.48, Avg BPM=63, MIC=1018 No finger?"
2026-07-05T15:58:51.582,41.000,1031,24.48,63,1050,No finger?,"IR=1031, BPM=24.48, Avg BPM=63, MIC=1050 No finger?"
2026-07-05T15:58:51.601,41.019,956,24.48,63,1079,No finger?,"IR=956, BPM=24.48, Avg BPM=63, MIC=1079 No finger?"
2026-07-05T15:58:51.620,41.038,919,24.48,63,1065,No finger?,"IR=919, BPM=24.48, Avg BPM=63, MIC=1065 No finger?"
2026-07-05T15:58:51.640,41.058,888,24.48,63,1127,No finger?,"IR=888, BPM=24.48, Avg BPM=63, MIC=1127 No finger?"
2026-07-05T15:58:51.659,41.077,868,24.48,63,1146,No finger?,"IR=868, BPM=24.48, Avg BPM=63, MIC=1146 No finger?"
2026-07-05T15:58:51.677,41.096,834,24.48,63,1196,No finger?,"IR=834, BPM=24.48, Avg BPM=63, MIC=1196 No finger?"
2026-07-05T15:58:51.697,41.116,823,24.48,63,1213,No finger?,"IR=823, BPM=24.48, Avg BPM=63, MIC=1213 No finger?"
2026-07-05T15:58:51.716,41.134,734,24.48,63,1275,No finger?,"IR=734, BPM=24.48, Avg BPM=63, MIC=1275 No finger?"
2026-07-05T15:58:51.735,41.153,721,24.48,63,1269,No finger?,"IR=721, BPM=24.48, Avg BPM=63, MIC=1269 No finger?"
2026-07-05T15:58:51.754,41.172,664,24.48,63,1320,No finger?,"IR=664, BPM=24.48, Avg BPM=63, MIC=1320 No finger?"
2026-07-05T15:58:51.774,41.192,648,24.48,63,1248,No finger?,"IR=648, BPM=24.48, Avg BPM=63, MIC=1248 No finger?"
2026-07-05T15:58:51.792,41.211,645,24.48,63,1287,No finger?,"IR=645, BPM=24.48, Avg BPM=63, MIC=1287 No finger?"
2026-07-05T15:58:51.811,41.230,647,24.48,63,1356,No finger?,"IR=647, BPM=24.48, Avg BPM=63, MIC=1356 No finger?"
2026-07-05T15:58:51.831,41.249,637,24.48,63,1359,No finger?,"IR=637, BPM=24.48, Avg BPM=63, MIC=1359 No finger?"
2026-07-05T15:58:51.850,41.268,613,24.48,63,1446,No finger?,"IR=613, BPM=24.48, Avg BPM=63, MIC=1446 No finger?"
2026-07-05T15:58:51.869,41.288,624,24.48,63,1420,No finger?,"IR=624, BPM=24.48, Avg BPM=63, MIC=1420 No finger?"
2026-07-05T15:58:51.888,41.306,619,24.48,63,1417,No finger?,"IR=619, BPM=24.48, Avg BPM=63, MIC=1417 No finger?"
2026-07-05T15:58:51.908,41.326,592,24.48,63,1469,No finger?,"IR=592, BPM=24.48, Avg BPM=63, MIC=1469 No finger?"
2026-07-05T15:58:51.927,41.345,646,24.48,63,1529,No finger?,"IR=646, BPM=24.48, Avg BPM=63, MIC=1529 No finger?"
2026-07-05T15:58:51.946,41.364,628,24.48,63,1481,No finger?,"IR=628, BPM=24.48, Avg BPM=63, MIC=1481 No finger?"
2026-07-05T15:58:51.965,41.383,639,24.48,63,1545,No finger?,"IR=639, BPM=24.48, Avg BPM=63, MIC=1545 No finger?"
2026-07-05T15:58:51.984,41.402,667,24.48,63,1547,No finger?,"IR=667, BPM=24.48, Avg BPM=63, MIC=1547 No finger?"
2026-07-05T15:58:52.003,41.421,663,24.48,63,1531,No finger?,"IR=663, BPM=24.48, Avg BPM=63, MIC=1531 No finger?"
2026-07-05T15:58:52.022,41.441,681,24.48,63,1546,No finger?,"IR=681, BPM=24.48, Avg BPM=63, MIC=1546 No finger?"
2026-07-05T15:58:52.041,41.460,707,24.48,63,1561,No finger?,"IR=707, BPM=24.48, Avg BPM=63, MIC=1561 No finger?"
2026-07-05T15:58:52.060,41.479,722,24.48,63,1598,No finger?,"IR=722, BPM=24.48, Avg BPM=63, MIC=1598 No finger?"
2026-07-05T15:58:52.080,41.498,745,24.48,63,1566,No finger?,"IR=745, BPM=24.48, Avg BPM=63, MIC=1566 No finger?"
2026-07-05T15:58:52.099,41.517,739,24.48,63,1517,No finger?,"IR=739, BPM=24.48, Avg BPM=63, MIC=1517 No finger?"
2026-07-05T15:58:52.118,41.536,748,24.48,63,1501,No finger?,"IR=748, BPM=24.48, Avg BPM=63, MIC=1501 No finger?"
2026-07-05T15:58:52.136,41.555,742,24.48,63,1497,No finger?,"IR=742, BPM=24.48, Avg BPM=63, MIC=1497 No finger?"
2026-07-05T15:58:52.157,41.575,720,24.48,63,1498,No finger?,"IR=720, BPM=24.48, Avg BPM=63, MIC=1498 No finger?"
2026-07-05T15:58:52.176,41.594,700,24.48,63,1481,No finger?,"IR=700, BPM=24.48, Avg BPM=63, MIC=1481 No finger?"
2026-07-05T15:58:52.195,41.613,697,24.48,63,1497,No finger?,"IR=697, BPM=24.48, Avg BPM=63, MIC=1497 No finger?"
2026-07-05T15:58:52.213,41.632,740,24.48,63,1516,No finger?,"IR=740, BPM=24.48, Avg BPM=63, MIC=1516 No finger?"
2026-07-05T15:58:52.233,41.651,711,24.48,63,1531,No finger?,"IR=711, BPM=24.48, Avg BPM=63, MIC=1531 No finger?"
2026-07-05T15:58:52.252,41.670,695,24.48,63,1550,No finger?,"IR=695, BPM=24.48, Avg BPM=63, MIC=1550 No finger?"
2026-07-05T15:58:52.271,41.689,684,24.48,63,1546,No finger?,"IR=684, BPM=24.48, Avg BPM=63, MIC=1546 No finger?"
2026-07-05T15:58:52.291,41.710,683,24.48,63,1527,No finger?,"IR=683, BPM=24.48, Avg BPM=63, MIC=1527 No finger?"
2026-07-05T15:58:52.310,41.729,725,24.48,63,1512,No finger?,"IR=725, BPM=24.48, Avg BPM=63, MIC=1512 No finger?"
2026-07-05T15:58:52.329,41.747,727,24.48,63,1495,No finger?,"IR=727, BPM=24.48, Avg BPM=63, MIC=1495 No finger?"
2026-07-05T15:58:52.348,41.766,718,24.48,63,1502,No finger?,"IR=718, BPM=24.48, Avg BPM=63, MIC=1502 No finger?"
2026-07-05T15:58:52.367,41.785,745,24.48,63,1418,No finger?,"IR=745, BPM=24.48, Avg BPM=63, MIC=1418 No finger?"
2026-07-05T15:58:52.386,41.804,709,24.48,63,1494,No finger?,"IR=709, BPM=24.48, Avg BPM=63, MIC=1494 No finger?"
2026-07-05T15:58:52.406,41.824,654,24.48,63,1487,No finger?,"IR=654, BPM=24.48, Avg BPM=63, MIC=1487 No finger?"
2026-07-05T15:58:52.425,41.843,611,24.48,63,1496,No finger?,"IR=611, BPM=24.48, Avg BPM=63, MIC=1496 No finger?"
2026-07-05T15:58:52.444,41.862,640,24.48,63,1468,No finger?,"IR=640, BPM=24.48, Avg BPM=63, MIC=1468 No finger?"
2026-07-05T15:58:52.463,41.882,652,24.48,63,1390,No finger?,"IR=652, BPM=24.48, Avg BPM=63, MIC=1390 No finger?"
2026-07-05T15:58:52.482,41.900,644,24.48,63,1390,No finger?,"IR=644, BPM=24.48, Avg BPM=63, MIC=1390 No finger?"
2026-07-05T15:58:52.501,41.919,667,24.48,63,1369,No finger?,"IR=667, BPM=24.48, Avg BPM=63, MIC=1369 No finger?"
2026-07-05T15:58:52.519,41.938,692,24.48,63,1358,No finger?,"IR=692, BPM=24.48, Avg BPM=63, MIC=1358 No finger?"
2026-07-05T15:58:52.540,41.958,703,24.48,63,1335,No finger?,"IR=703, BPM=24.48, Avg BPM=63, MIC=1335 No finger?"
2026-07-05T15:58:52.559,41.977,815,24.48,63,1273,No finger?,"IR=815, BPM=24.48, Avg BPM=63, MIC=1273 No finger?"
2026-07-05T15:58:52.578,41.996,974,24.48,63,1320,No finger?,"IR=974, BPM=24.48, Avg BPM=63, MIC=1320 No finger?"
2026-07-05T15:58:52.597,42.015,1218,24.48,63,1278,No finger?,"IR=1218, BPM=24.48, Avg BPM=63, MIC=1278 No finger?"
2026-07-05T15:58:52.616,42.034,1532,24.48,63,1276,No finger?,"IR=1532, BPM=24.48, Avg BPM=63, MIC=1276 No finger?"
2026-07-05T15:58:52.635,42.053,1950,24.48,63,1261,No finger?,"IR=1950, BPM=24.48, Avg BPM=63, MIC=1261 No finger?"
2026-07-05T15:58:52.655,42.073,2361,24.48,63,1195,No finger?,"IR=2361, BPM=24.48, Avg BPM=63, MIC=1195 No finger?"
2026-07-05T15:58:52.673,42.092,2669,24.48,63,1198,No finger?,"IR=2669, BPM=24.48, Avg BPM=63, MIC=1198 No finger?"
2026-07-05T15:58:52.693,42.111,2958,24.48,63,1144,No finger?,"IR=2958, BPM=24.48, Avg BPM=63, MIC=1144 No finger?"
2026-07-05T15:58:52.712,42.130,3165,24.48,63,1127,No finger?,"IR=3165, BPM=24.48, Avg BPM=63, MIC=1127 No finger?"
2026-07-05T15:58:52.730,42.149,3244,24.48,63,1063,No finger?,"IR=3244, BPM=24.48, Avg BPM=63, MIC=1063 No finger?"
2026-07-05T15:58:52.750,42.168,3253,24.48,63,1069,No finger?,"IR=3253, BPM=24.48, Avg BPM=63, MIC=1069 No finger?"
2026-07-05T15:58:52.769,42.187,3333,24.48,63,1051,No finger?,"IR=3333, BPM=24.48, Avg BPM=63, MIC=1051 No finger?"
2026-07-05T15:58:52.789,42.207,3681,24.48,63,1118,No finger?,"IR=3681, BPM=24.48, Avg BPM=63, MIC=1118 No finger?"
2026-07-05T15:58:52.808,42.226,4203,24.48,63,1131,No finger?,"IR=4203, BPM=24.48, Avg BPM=63, MIC=1131 No finger?"
2026-07-05T15:58:52.827,42.245,4830,24.48,63,1113,No finger?,"IR=4830, BPM=24.48, Avg BPM=63, MIC=1113 No finger?"
2026-07-05T15:58:52.845,42.264,5381,24.48,63,1135,No finger?,"IR=5381, BPM=24.48, Avg BPM=63, MIC=1135 No finger?"
2026-07-05T15:58:52.865,42.283,6157,24.48,63,1100,No finger?,"IR=6157, BPM=24.48, Avg BPM=63, MIC=1100 No finger?"
2026-07-05T15:58:52.884,42.302,7576,24.48,63,1230,No finger?,"IR=7576, BPM=24.48, Avg BPM=63, MIC=1230 No finger?"
2026-07-05T15:58:52.902,42.321,9723,24.48,63,1080,No finger?,"IR=9723, BPM=24.48, Avg BPM=63, MIC=1080 No finger?"
2026-07-05T15:58:52.923,42.341,12521,24.48,63,1096,No finger?,"IR=12521, BPM=24.48, Avg BPM=63, MIC=1096 No finger?"
2026-07-05T15:58:52.942,42.360,16675,24.48,63,1104,No finger?,"IR=16675, BPM=24.48, Avg BPM=63, MIC=1104 No finger?"
2026-07-05T15:58:52.961,42.379,24088,24.48,63,989,No finger?,"IR=24088, BPM=24.48, Avg BPM=63, MIC=989 No finger?"
2026-07-05T15:58:52.980,42.399,37098,24.48,63,1161,No finger?,"IR=37098, BPM=24.48, Avg BPM=63, MIC=1161 No finger?"
2026-07-05T15:58:52.998,42.417,58622,24.48,63,1178,,"IR=58622, BPM=24.48, Avg BPM=63, MIC=1178"
2026-07-05T15:58:53.018,42.436,85253,24.48,63,1179,,"IR=85253, BPM=24.48, Avg BPM=63, MIC=1179"
2026-07-05T15:58:53.038,42.456,107047,24.48,63,1181,,"IR=107047, BPM=24.48, Avg BPM=63, MIC=1181"
2026-07-05T15:58:53.057,42.475,110937,24.48,63,1195,,"IR=110937, BPM=24.48, Avg BPM=63, MIC=1195"
2026-07-05T15:58:53.076,42.494,112304,24.48,63,1199,,"IR=112304, BPM=24.48, Avg BPM=63, MIC=1199"
2026-07-05T15:58:53.094,42.513,112416,24.48,63,1197,,"IR=112416, BPM=24.48, Avg BPM=63, MIC=1197"
2026-07-05T15:58:53.113,42.532,112472,24.48,63,1197,,"IR=112472, BPM=24.48, Avg BPM=63, MIC=1197"
2026-07-05T15:58:53.133,42.551,111453,24.48,63,1246,,"IR=111453, BPM=24.48, Avg BPM=63, MIC=1246"
2026-07-05T15:58:53.152,42.570,110369,24.48,63,1287,,"IR=110369, BPM=24.48, Avg BPM=63, MIC=1287"
2026-07-05T15:58:53.172,42.590,108572,24.48,63,1243,,"IR=108572, BPM=24.48, Avg BPM=63, MIC=1243"
2026-07-05T15:58:53.191,42.609,107597,24.48,63,1290,,"IR=107597, BPM=24.48, Avg BPM=63, MIC=1290"
2026-07-05T15:58:53.209,42.628,107144,24.48,63,1389,,"IR=107144, BPM=24.48, Avg BPM=63, MIC=1389"
2026-07-05T15:58:53.229,42.647,105977,24.48,63,1295,,"IR=105977, BPM=24.48, Avg BPM=63, MIC=1295"
2026-07-05T15:58:53.248,42.666,104231,24.48,63,1305,,"IR=104231, BPM=24.48, Avg BPM=63, MIC=1305"
2026-07-05T15:58:53.267,42.685,104063,24.48,63,1324,,"IR=104063, BPM=24.48, Avg BPM=63, MIC=1324"
2026-07-05T15:58:53.285,42.704,104014,24.48,63,1339,,"IR=104014, BPM=24.48, Avg BPM=63, MIC=1339"
2026-07-05T15:58:53.305,42.724,103740,24.48,63,1320,,"IR=103740, BPM=24.48, Avg BPM=63, MIC=1320"
2026-07-05T15:58:53.325,42.743,103429,24.48,63,1310,,"IR=103429, BPM=24.48, Avg BPM=63, MIC=1310"
2026-07-05T15:58:53.343,42.762,103072,24.48,63,1319,,"IR=103072, BPM=24.48, Avg BPM=63, MIC=1319"
2026-07-05T15:58:53.363,42.781,102674,24.48,63,1344,,"IR=102674, BPM=24.48, Avg BPM=63, MIC=1344"
2026-07-05T15:58:53.382,42.800,102367,24.48,63,1337,,"IR=102367, BPM=24.48, Avg BPM=63, MIC=1337"
2026-07-05T15:58:53.400,42.819,102277,24.48,63,1375,,"IR=102277, BPM=24.48, Avg BPM=63, MIC=1375"
2026-07-05T15:58:53.421,42.839,102168,24.48,63,1385,,"IR=102168, BPM=24.48, Avg BPM=63, MIC=1385"
2026-07-05T15:58:53.440,42.858,102020,24.48,63,1373,,"IR=102020, BPM=24.48, Avg BPM=63, MIC=1373"
2026-07-05T15:58:53.458,42.877,101520,24.48,63,1403,,"IR=101520, BPM=24.48, Avg BPM=63, MIC=1403"
2026-07-05T15:58:53.477,42.896,100913,24.48,63,1390,,"IR=100913, BPM=24.48, Avg BPM=63, MIC=1390"
2026-07-05T15:58:53.497,42.915,100479,24.48,63,1399,,"IR=100479, BPM=24.48, Avg BPM=63, MIC=1399"
2026-07-05T15:58:53.516,42.934,100258,24.48,63,1419,,"IR=100258, BPM=24.48, Avg BPM=63, MIC=1419"
2026-07-05T15:58:53.534,42.953,100154,24.48,63,1387,,"IR=100154, BPM=24.48, Avg BPM=63, MIC=1387"
2026-07-05T15:58:53.554,42.973,100104,24.48,63,1400,,"IR=100104, BPM=24.48, Avg BPM=63, MIC=1400"
2026-07-05T15:58:53.574,42.992,100038,24.48,63,1385,,"IR=100038, BPM=24.48, Avg BPM=63, MIC=1385"
2026-07-05T15:58:53.592,43.011,99987,24.48,63,1402,,"IR=99987, BPM=24.48, Avg BPM=63, MIC=1402"
2026-07-05T15:58:53.611,43.030,99929,24.48,63,1386,,"IR=99929, BPM=24.48, Avg BPM=63, MIC=1386"
2026-07-05T15:58:53.630,43.049,99839,24.48,63,1408,,"IR=99839, BPM=24.48, Avg BPM=63, MIC=1408"
2026-07-05T15:58:53.650,43.069,99671,24.48,63,1418,,"IR=99671, BPM=24.48, Avg BPM=63, MIC=1418"
2026-07-05T15:58:53.669,43.088,99505,24.48,63,1388,,"IR=99505, BPM=24.48, Avg BPM=63, MIC=1388"
2026-07-05T15:58:53.688,43.107,99344,24.48,63,1386,,"IR=99344, BPM=24.48, Avg BPM=63, MIC=1386"
2026-07-05T15:58:53.707,43.126,99124,24.48,63,1399,,"IR=99124, BPM=24.48, Avg BPM=63, MIC=1399"
2026-07-05T15:58:53.727,43.145,98890,24.48,63,1390,,"IR=98890, BPM=24.48, Avg BPM=63, MIC=1390"
2026-07-05T15:58:53.746,43.164,98602,24.48,63,1414,,"IR=98602, BPM=24.48, Avg BPM=63, MIC=1414"
2026-07-05T15:58:53.765,43.183,98242,24.48,63,1417,,"IR=98242, BPM=24.48, Avg BPM=63, MIC=1417"
2026-07-05T15:58:53.783,43.202,97963,24.48,63,1418,,"IR=97963, BPM=24.48, Avg BPM=63, MIC=1418"
2026-07-05T15:58:53.803,43.222,97815,24.48,63,1413,,"IR=97815, BPM=24.48, Avg BPM=63, MIC=1413"
2026-07-05T15:58:53.822,43.241,97696,24.48,63,1421,,"IR=97696, BPM=24.48, Avg BPM=63, MIC=1421"
2026-07-05T15:58:53.842,43.260,97634,24.48,63,1454,,"IR=97634, BPM=24.48, Avg BPM=63, MIC=1454"
2026-07-05T15:58:53.860,43.279,97619,24.48,63,1433,,"IR=97619, BPM=24.48, Avg BPM=63, MIC=1433"
2026-07-05T15:58:53.879,43.298,97626,24.48,63,1436,,"IR=97626, BPM=24.48, Avg BPM=63, MIC=1436"
2026-07-05T15:58:53.898,43.317,97670,24.48,63,1421,,"IR=97670, BPM=24.48, Avg BPM=63, MIC=1421"
2026-07-05T15:58:53.918,43.336,97670,24.48,63,1449,,"IR=97670, BPM=24.48, Avg BPM=63, MIC=1449"
2026-07-05T15:58:53.937,43.356,97613,24.48,63,1432,,"IR=97613, BPM=24.48, Avg BPM=63, MIC=1432"
2026-07-05T15:58:53.956,43.375,97509,24.48,63,1433,,"IR=97509, BPM=24.48, Avg BPM=63, MIC=1433"
2026-07-05T15:58:53.976,43.394,97434,24.48,63,1464,,"IR=97434, BPM=24.48, Avg BPM=63, MIC=1464"
2026-07-05T15:58:53.995,43.413,97425,24.48,63,1433,,"IR=97425, BPM=24.48, Avg BPM=63, MIC=1433"
2026-07-05T15:58:54.014,43.432,97424,24.48,63,1451,,"IR=97424, BPM=24.48, Avg BPM=63, MIC=1451"
2026-07-05T15:58:54.033,43.451,97398,24.48,63,1438,,"IR=97398, BPM=24.48, Avg BPM=63, MIC=1438"
2026-07-05T15:58:54.051,43.470,97358,24.48,63,1438,,"IR=97358, BPM=24.48, Avg BPM=63, MIC=1438"
2026-07-05T15:58:54.072,43.490,97313,24.48,63,1467,,"IR=97313, BPM=24.48, Avg BPM=63, MIC=1467"
2026-07-05T15:58:54.090,43.509,97262,24.48,63,1479,,"IR=97262, BPM=24.48, Avg BPM=63, MIC=1479"
2026-07-05T15:58:54.110,43.528,97247,24.48,63,1483,,"IR=97247, BPM=24.48, Avg BPM=63, MIC=1483"
2026-07-05T15:58:54.128,43.547,97231,24.48,63,1467,,"IR=97231, BPM=24.48, Avg BPM=63, MIC=1467"
2026-07-05T15:58:54.147,43.566,97166,24.48,63,1469,,"IR=97166, BPM=24.48, Avg BPM=63, MIC=1469"
2026-07-05T15:58:54.166,43.585,97105,24.48,63,1495,,"IR=97105, BPM=24.48, Avg BPM=63, MIC=1495"
2026-07-05T15:58:54.186,43.605,97062,24.48,63,1477,,"IR=97062, BPM=24.48, Avg BPM=63, MIC=1477"
2026-07-05T15:58:54.205,43.624,97053,24.48,63,1466,,"IR=97053, BPM=24.48, Avg BPM=63, MIC=1466"
2026-07-05T15:58:54.225,43.643,97045,24.48,63,1496,,"IR=97045, BPM=24.48, Avg BPM=63, MIC=1496"
2026-07-05T15:58:54.244,43.662,97058,24.48,63,1480,,"IR=97058, BPM=24.48, Avg BPM=63, MIC=1480"
2026-07-05T15:58:54.263,43.681,97053,24.48,63,1471,,"IR=97053, BPM=24.48, Avg BPM=63, MIC=1471"
2026-07-05T15:58:54.281,43.700,97050,24.48,63,1465,,"IR=97050, BPM=24.48, Avg BPM=63, MIC=1465"
2026-07-05T15:58:54.301,43.719,97049,24.48,63,1495,,"IR=97049, BPM=24.48, Avg BPM=63, MIC=1495"
2026-07-05T15:58:54.321,43.739,97059,24.48,63,1447,,"IR=97059, BPM=24.48, Avg BPM=63, MIC=1447"
2026-07-05T15:58:54.339,43.758,97039,24.48,63,1471,,"IR=97039, BPM=24.48, Avg BPM=63, MIC=1471"
2026-07-05T15:58:54.358,43.777,96872,24.48,63,1451,,"IR=96872, BPM=24.48, Avg BPM=63, MIC=1451"
2026-07-05T15:58:54.378,43.796,96620,24.48,63,1481,,"IR=96620, BPM=24.48, Avg BPM=63, MIC=1481"
2026-07-05T15:58:54.396,43.815,96448,24.48,63,1465,,"IR=96448, BPM=24.48, Avg BPM=63, MIC=1465"
2026-07-05T15:58:54.416,43.834,96465,24.48,63,1480,,"IR=96465, BPM=24.48, Avg BPM=63, MIC=1480"
2026-07-05T15:58:54.434,43.853,96566,24.48,63,1479,,"IR=96566, BPM=24.48, Avg BPM=63, MIC=1479"
2026-07-05T15:58:54.454,43.873,96583,24.48,63,1453,,"IR=96583, BPM=24.48, Avg BPM=63, MIC=1453"
2026-07-05T15:58:54.474,43.892,96525,24.48,63,1432,,"IR=96525, BPM=24.48, Avg BPM=63, MIC=1432"
2026-07-05T15:58:54.492,43.911,96480,24.48,63,1407,,"IR=96480, BPM=24.48, Avg BPM=63, MIC=1407"
2026-07-05T15:58:54.511,43.930,96482,24.48,63,1423,,"IR=96482, BPM=24.48, Avg BPM=63, MIC=1423"
2026-07-05T15:58:54.530,43.949,96477,24.48,63,1336,,"IR=96477, BPM=24.48, Avg BPM=63, MIC=1336"
2026-07-05T15:58:54.549,43.968,96451,24.48,63,1404,,"IR=96451, BPM=24.48, Avg BPM=63, MIC=1404"
2026-07-05T15:58:54.569,43.988,96503,24.48,63,1372,,"IR=96503, BPM=24.48, Avg BPM=63, MIC=1372"
2026-07-05T15:58:54.588,44.007,96629,24.48,63,1404,,"IR=96629, BPM=24.48, Avg BPM=63, MIC=1404"
2026-07-05T15:58:54.608,44.026,96740,24.48,63,1405,,"IR=96740, BPM=24.48, Avg BPM=63, MIC=1405"
2026-07-05T15:58:54.626,44.045,96767,24.48,63,1406,,"IR=96767, BPM=24.48, Avg BPM=63, MIC=1406"
2026-07-05T15:58:54.645,44.064,96752,24.48,63,1400,,"IR=96752, BPM=24.48, Avg BPM=63, MIC=1400"
2026-07-05T15:58:54.664,44.083,96708,24.48,63,1419,,"IR=96708, BPM=24.48, Avg BPM=63, MIC=1419"
2026-07-05T15:58:54.684,44.102,96657,24.48,63,1402,,"IR=96657, BPM=24.48, Avg BPM=63, MIC=1402"
2026-07-05T15:58:54.703,44.122,96671,24.48,63,1415,,"IR=96671, BPM=24.48, Avg BPM=63, MIC=1415"
2026-07-05T15:58:54.722,44.141,96698,24.48,63,1436,,"IR=96698, BPM=24.48, Avg BPM=63, MIC=1436"
2026-07-05T15:58:54.741,44.160,96682,24.48,63,1422,,"IR=96682, BPM=24.48, Avg BPM=63, MIC=1422"
2026-07-05T15:58:54.760,44.179,96666,24.48,63,1422,,"IR=96666, BPM=24.48, Avg BPM=63, MIC=1422"
2026-07-05T15:58:54.780,44.198,96646,24.48,63,1450,,"IR=96646, BPM=24.48, Avg BPM=63, MIC=1450"
2026-07-05T15:58:54.799,44.217,96629,24.48,63,1435,,"IR=96629, BPM=24.48, Avg BPM=63, MIC=1435"
2026-07-05T15:58:54.819,44.237,96571,24.48,63,1467,,"IR=96571, BPM=24.48, Avg BPM=63, MIC=1467"
2026-07-05T15:58:54.838,44.256,96555,24.48,63,1468,,"IR=96555, BPM=24.48, Avg BPM=63, MIC=1468"
2026-07-05T15:58:54.856,44.275,96563,24.48,63,1454,,"IR=96563, BPM=24.48, Avg BPM=63, MIC=1454"
2026-07-05T15:58:54.875,44.294,96531,24.48,63,1469,,"IR=96531, BPM=24.48, Avg BPM=63, MIC=1469"
2026-07-05T15:58:54.894,44.313,96413,24.48,63,1487,,"IR=96413, BPM=24.48, Avg BPM=63, MIC=1487"
2026-07-05T15:58:54.913,44.332,96250,24.48,63,1487,,"IR=96250, BPM=24.48, Avg BPM=63, MIC=1487"
2026-07-05T15:58:54.932,44.351,96101,24.48,63,1498,,"IR=96101, BPM=24.48, Avg BPM=63, MIC=1498"
2026-07-05T15:58:54.952,44.371,96014,24.48,63,1497,,"IR=96014, BPM=24.48, Avg BPM=63, MIC=1497"
2026-07-05T15:58:54.971,44.390,95952,24.48,63,1503,,"IR=95952, BPM=24.48, Avg BPM=63, MIC=1503"
2026-07-05T15:58:54.990,44.409,95887,24.48,63,1533,,"IR=95887, BPM=24.48, Avg BPM=63, MIC=1533"
2026-07-05T15:58:55.010,44.428,95733,24.48,63,1551,,"IR=95733, BPM=24.48, Avg BPM=63, MIC=1551"
2026-07-05T15:58:55.028,44.447,95596,24.48,63,1546,,"IR=95596, BPM=24.48, Avg BPM=63, MIC=1546"
2026-07-05T15:58:55.048,44.466,95520,24.48,63,1535,,"IR=95520, BPM=24.48, Avg BPM=63, MIC=1535"
2026-07-05T15:58:55.066,44.485,95495,24.48,63,1545,,"IR=95495, BPM=24.48, Avg BPM=63, MIC=1545"
2026-07-05T15:58:55.086,44.505,95480,24.48,63,1547,,"IR=95480, BPM=24.48, Avg BPM=63, MIC=1547"
2026-07-05T15:58:55.106,44.524,95455,24.48,63,1546,,"IR=95455, BPM=24.48, Avg BPM=63, MIC=1546"
2026-07-05T15:58:55.125,44.543,95394,24.48,63,1591,,"IR=95394, BPM=24.48, Avg BPM=63, MIC=1591"
2026-07-05T15:58:55.143,44.562,95326,24.48,63,1566,,"IR=95326, BPM=24.48, Avg BPM=63, MIC=1566"
2026-07-05T15:58:55.162,44.581,95276,24.48,63,1592,,"IR=95276, BPM=24.48, Avg BPM=63, MIC=1592"
2026-07-05T15:58:55.181,44.600,95289,24.48,63,1615,,"IR=95289, BPM=24.48, Avg BPM=63, MIC=1615"
2026-07-05T15:58:55.202,44.620,95337,24.48,63,1625,,"IR=95337, BPM=24.48, Avg BPM=63, MIC=1625"
2026-07-05T15:58:55.220,44.639,95398,24.48,63,1643,,"IR=95398, BPM=24.48, Avg BPM=63, MIC=1643"
2026-07-05T15:58:55.240,44.658,95461,24.48,63,1644,,"IR=95461, BPM=24.48, Avg BPM=63, MIC=1644"
2026-07-05T15:58:55.258,44.677,95486,24.48,63,1640,,"IR=95486, BPM=24.48, Avg BPM=63, MIC=1640"
2026-07-05T15:58:55.278,44.696,95504,24.48,63,1647,,"IR=95504, BPM=24.48, Avg BPM=63, MIC=1647"
2026-07-05T15:58:55.297,44.715,95526,24.48,63,1662,,"IR=95526, BPM=24.48, Avg BPM=63, MIC=1662"
2026-07-05T15:58:55.315,44.734,95553,24.48,63,1675,,"IR=95553, BPM=24.48, Avg BPM=63, MIC=1675"
2026-07-05T15:58:55.335,44.754,95577,24.48,63,1656,,"IR=95577, BPM=24.48, Avg BPM=63, MIC=1656"
2026-07-05T15:58:55.354,44.773,95607,24.48,63,1678,,"IR=95607, BPM=24.48, Avg BPM=63, MIC=1678"
2026-07-05T15:58:55.374,44.792,95586,24.48,63,1672,,"IR=95586, BPM=24.48, Avg BPM=63, MIC=1672"
2026-07-05T15:58:55.392,44.811,95573,24.48,63,1674,,"IR=95573, BPM=24.48, Avg BPM=63, MIC=1674"
2026-07-05T15:58:55.411,44.830,95552,24.48,63,1704,,"IR=95552, BPM=24.48, Avg BPM=63, MIC=1704"
2026-07-05T15:58:55.431,44.849,95541,24.48,63,1709,,"IR=95541, BPM=24.48, Avg BPM=63, MIC=1709"
2026-07-05T15:58:55.449,44.868,95545,24.48,63,1707,,"IR=95545, BPM=24.48, Avg BPM=63, MIC=1707"
2026-07-05T15:58:55.469,44.888,95540,24.48,63,1752,,"IR=95540, BPM=24.48, Avg BPM=63, MIC=1752"
2026-07-05T15:58:55.488,44.907,95552,24.48,63,1740,,"IR=95552, BPM=24.48, Avg BPM=63, MIC=1740"
2026-07-05T15:58:55.508,44.926,95560,24.48,63,1738,,"IR=95560, BPM=24.48, Avg BPM=63, MIC=1738"
2026-07-05T15:58:55.526,44.945,95563,24.48,63,1742,,"IR=95563, BPM=24.48, Avg BPM=63, MIC=1742"
2026-07-05T15:58:55.545,44.964,95567,24.48,63,1688,,"IR=95567, BPM=24.48, Avg BPM=63, MIC=1688"
2026-07-05T15:58:55.564,44.983,95562,24.48,63,1773,,"IR=95562, BPM=24.48, Avg BPM=63, MIC=1773"
2026-07-05T15:58:55.584,45.003,95551,24.48,63,1758,,"IR=95551, BPM=24.48, Avg BPM=63, MIC=1758"
2026-07-05T15:58:55.603,45.022,95541,24.48,63,1751,,"IR=95541, BPM=24.48, Avg BPM=63, MIC=1751"
2026-07-05T15:58:55.622,45.041,95561,24.48,63,1743,,"IR=95561, BPM=24.48, Avg BPM=63, MIC=1743"
2026-07-05T15:58:55.641,45.060,95592,24.48,63,1751,,"IR=95592, BPM=24.48, Avg BPM=63, MIC=1751"
2026-07-05T15:58:55.660,45.079,95586,24.48,63,1758,,"IR=95586, BPM=24.48, Avg BPM=63, MIC=1758"
2026-07-05T15:58:55.679,45.098,95551,24.48,63,1773,,"IR=95551, BPM=24.48, Avg BPM=63, MIC=1773"
2026-07-05T15:58:55.698,45.117,95522,24.48,63,1784,,"IR=95522, BPM=24.48, Avg BPM=63, MIC=1784"
2026-07-05T15:58:55.718,45.137,95523,24.48,63,1787,,"IR=95523, BPM=24.48, Avg BPM=63, MIC=1787"
2026-07-05T15:58:55.737,45.156,95565,24.48,63,1786,,"IR=95565, BPM=24.48, Avg BPM=63, MIC=1786"
2026-07-05T15:58:55.756,45.175,95599,24.48,63,1834,,"IR=95599, BPM=24.48, Avg BPM=63, MIC=1834"
2026-07-05T15:58:55.776,45.194,95619,24.48,63,1803,,"IR=95619, BPM=24.48, Avg BPM=63, MIC=1803"
2026-07-05T15:58:55.794,45.213,95600,24.48,63,1803,,"IR=95600, BPM=24.48, Avg BPM=63, MIC=1803"
2026-07-05T15:58:55.813,45.232,95588,24.48,63,1819,,"IR=95588, BPM=24.48, Avg BPM=63, MIC=1819"
2026-07-05T15:58:55.833,45.251,95578,24.48,63,1838,,"IR=95578, BPM=24.48, Avg BPM=63, MIC=1838"
2026-07-05T15:58:55.852,45.271,95586,24.48,63,1836,,"IR=95586, BPM=24.48, Avg BPM=63, MIC=1836"
2026-07-05T15:58:55.871,45.290,95626,24.48,63,1847,,"IR=95626, BPM=24.48, Avg BPM=63, MIC=1847"
2026-07-05T15:58:55.890,45.309,95644,24.48,63,1883,,"IR=95644, BPM=24.48, Avg BPM=63, MIC=1883"
2026-07-05T15:58:55.910,45.328,95628,24.48,63,1880,,"IR=95628, BPM=24.48, Avg BPM=63, MIC=1880"
2026-07-05T15:58:55.928,45.347,95597,24.48,63,1897,,"IR=95597, BPM=24.48, Avg BPM=63, MIC=1897"
2026-07-05T15:58:55.948,45.366,95557,24.48,63,1880,,"IR=95557, BPM=24.48, Avg BPM=63, MIC=1880"
2026-07-05T15:58:55.967,45.386,95538,24.48,63,1899,,"IR=95538, BPM=24.48, Avg BPM=63, MIC=1899"
2026-07-05T15:58:55.986,45.405,95546,24.48,63,1896,,"IR=95546, BPM=24.48, Avg BPM=63, MIC=1896"
2026-07-05T15:58:56.005,45.424,95557,24.48,63,1884,,"IR=95557, BPM=24.48, Avg BPM=63, MIC=1884"
2026-07-05T15:58:56.025,45.443,95551,24.48,63,1902,,"IR=95551, BPM=24.48, Avg BPM=63, MIC=1902"
2026-07-05T15:58:56.044,45.463,95531,24.48,63,1902,,"IR=95531, BPM=24.48, Avg BPM=63, MIC=1902"
2026-07-05T15:58:56.063,45.481,95509,24.48,63,1912,,"IR=95509, BPM=24.48, Avg BPM=63, MIC=1912"
2026-07-05T15:58:56.081,45.500,95498,24.48,63,1894,,"IR=95498, BPM=24.48, Avg BPM=63, MIC=1894"
2026-07-05T15:58:56.101,45.520,95497,24.48,63,1885,,"IR=95497, BPM=24.48, Avg BPM=63, MIC=1885"
2026-07-05T15:58:56.120,45.539,95482,24.48,63,1901,,"IR=95482, BPM=24.48, Avg BPM=63, MIC=1901"
2026-07-05T15:58:56.140,45.558,95447,24.48,63,1942,,"IR=95447, BPM=24.48, Avg BPM=63, MIC=1942"
2026-07-05T15:58:56.158,45.577,95420,24.48,63,1882,,"IR=95420, BPM=24.48, Avg BPM=63, MIC=1882"
2026-07-05T15:58:56.177,45.596,95404,24.48,63,1867,,"IR=95404, BPM=24.48, Avg BPM=63, MIC=1867"
2026-07-05T15:58:56.196,45.615,95418,24.48,63,1885,,"IR=95418, BPM=24.48, Avg BPM=63, MIC=1885"
2026-07-05T15:58:56.216,45.635,95380,24.48,63,1879,,"IR=95380, BPM=24.48, Avg BPM=63, MIC=1879"
2026-07-05T15:58:56.236,45.654,95321,24.48,63,1854,,"IR=95321, BPM=24.48, Avg BPM=63, MIC=1854"
2026-07-05T15:58:56.254,45.673,95287,24.48,63,1865,,"IR=95287, BPM=24.48, Avg BPM=63, MIC=1865"
2026-07-05T15:58:56.273,45.692,95278,24.48,63,1865,,"IR=95278, BPM=24.48, Avg BPM=63, MIC=1865"
2026-07-05T15:58:56.293,45.711,95256,24.48,63,1866,,"IR=95256, BPM=24.48, Avg BPM=63, MIC=1866"
2026-07-05T15:58:56.311,45.730,95230,24.48,63,1785,,"IR=95230, BPM=24.48, Avg BPM=63, MIC=1785"
2026-07-05T15:58:56.331,45.750,95175,24.48,63,1848,,"IR=95175, BPM=24.48, Avg BPM=63, MIC=1848"
2026-07-05T15:58:56.350,45.769,95143,24.48,63,1867,,"IR=95143, BPM=24.48, Avg BPM=63, MIC=1867"
2026-07-05T15:58:56.369,45.788,95125,24.48,63,1865,,"IR=95125, BPM=24.48, Avg BPM=63, MIC=1865"
2026-07-05T15:58:56.388,45.807,95141,24.48,63,1864,,"IR=95141, BPM=24.48, Avg BPM=63, MIC=1864"
2026-07-05T15:58:56.407,45.826,95151,24.48,63,1850,,"IR=95151, BPM=24.48, Avg BPM=63, MIC=1850"
2026-07-05T15:58:56.427,45.845,95118,24.48,63,1839,,"IR=95118, BPM=24.48, Avg BPM=63, MIC=1839"
2026-07-05T15:58:56.445,45.864,95059,24.48,63,1851,,"IR=95059, BPM=24.48, Avg BPM=63, MIC=1851"
2026-07-05T15:58:56.465,45.883,95028,24.48,63,1850,,"IR=95028, BPM=24.48, Avg BPM=63, MIC=1850"
2026-07-05T15:58:56.484,45.903,95039,24.48,63,1878,,"IR=95039, BPM=24.48, Avg BPM=63, MIC=1878"
2026-07-05T15:58:56.503,45.922,95068,24.48,63,1916,,"IR=95068, BPM=24.48, Avg BPM=63, MIC=1916"
2026-07-05T15:58:56.522,45.941,95070,24.48,63,1865,,"IR=95070, BPM=24.48, Avg BPM=63, MIC=1865"
2026-07-05T15:58:56.542,45.960,95046,24.48,63,1848,,"IR=95046, BPM=24.48, Avg BPM=63, MIC=1848"
2026-07-05T15:58:56.560,45.979,94997,24.48,63,1883,,"IR=94997, BPM=24.48, Avg BPM=63, MIC=1883"
2026-07-05T15:58:56.579,45.998,94964,24.48,63,1880,,"IR=94964, BPM=24.48, Avg BPM=63, MIC=1880"
2026-07-05T15:58:56.600,46.018,94950,24.48,63,1853,,"IR=94950, BPM=24.48, Avg BPM=63, MIC=1853"
2026-07-05T15:58:56.619,46.037,94925,24.48,63,1836,,"IR=94925, BPM=24.48, Avg BPM=63, MIC=1836"
2026-07-05T15:58:56.637,46.056,94917,24.48,63,1852,,"IR=94917, BPM=24.48, Avg BPM=63, MIC=1852"
2026-07-05T15:58:56.656,46.075,94914,24.48,63,1898,,"IR=94914, BPM=24.48, Avg BPM=63, MIC=1898"
2026-07-05T15:58:56.675,46.094,94912,24.48,63,1868,,"IR=94912, BPM=24.48, Avg BPM=63, MIC=1868"
2026-07-05T15:58:56.694,46.113,94892,24.48,63,1867,,"IR=94892, BPM=24.48, Avg BPM=63, MIC=1867"
2026-07-05T15:58:56.713,46.132,94849,24.48,63,1864,,"IR=94849, BPM=24.48, Avg BPM=63, MIC=1864"
2026-07-05T15:58:56.733,46.152,94801,24.48,63,1855,,"IR=94801, BPM=24.48, Avg BPM=63, MIC=1855"
2026-07-05T15:58:56.752,46.171,94819,24.48,63,1853,,"IR=94819, BPM=24.48, Avg BPM=63, MIC=1853"
2026-07-05T15:58:56.771,46.190,94841,24.48,63,1863,,"IR=94841, BPM=24.48, Avg BPM=63, MIC=1863"
2026-07-05T15:58:56.791,46.209,94865,24.48,63,1881,,"IR=94865, BPM=24.48, Avg BPM=63, MIC=1881"
2026-07-05T15:58:56.810,46.228,94866,24.48,63,1868,,"IR=94866, BPM=24.48, Avg BPM=63, MIC=1868"
2026-07-05T15:58:56.828,46.247,94863,24.48,63,1865,,"IR=94863, BPM=24.48, Avg BPM=63, MIC=1865"
2026-07-05T15:58:56.847,46.266,94874,24.48,63,1852,,"IR=94874, BPM=24.48, Avg BPM=63, MIC=1852"
2026-07-05T15:58:56.867,46.286,94917,24.48,63,1881,,"IR=94917, BPM=24.48, Avg BPM=63, MIC=1881"
2026-07-05T15:58:56.886,46.305,94952,24.48,63,1899,,"IR=94952, BPM=24.48, Avg BPM=63, MIC=1899"
2026-07-05T15:58:56.905,46.324,94955,24.48,63,1944,,"IR=94955, BPM=24.48, Avg BPM=63, MIC=1944"
2026-07-05T15:58:56.924,46.343,94918,24.48,63,1881,,"IR=94918, BPM=24.48, Avg BPM=63, MIC=1881"
2026-07-05T15:58:56.943,46.362,94899,24.48,63,1871,,"IR=94899, BPM=24.48, Avg BPM=63, MIC=1871"
2026-07-05T15:58:56.962,46.381,94905,24.48,63,1895,,"IR=94905, BPM=24.48, Avg BPM=63, MIC=1895"
2026-07-05T15:58:56.983,46.401,94930,24.48,63,1868,,"IR=94930, BPM=24.48, Avg BPM=63, MIC=1868"
2026-07-05T15:58:57.001,46.420,94912,24.48,63,1865,,"IR=94912, BPM=24.48, Avg BPM=63, MIC=1865"
2026-07-05T15:58:57.020,46.439,94844,24.48,63,1879,,"IR=94844, BPM=24.48, Avg BPM=63, MIC=1879"
2026-07-05T15:58:57.039,46.458,94775,24.48,63,1863,,"IR=94775, BPM=24.48, Avg BPM=63, MIC=1863"
2026-07-05T15:58:57.058,46.477,94756,24.48,63,1853,,"IR=94756, BPM=24.48, Avg BPM=63, MIC=1853"
2026-07-05T15:58:57.077,46.496,94773,24.48,63,1863,,"IR=94773, BPM=24.48, Avg BPM=63, MIC=1863"
2026-07-05T15:58:57.096,46.515,94781,24.48,63,1896,,"IR=94781, BPM=24.48, Avg BPM=63, MIC=1896"
2026-07-05T15:58:57.116,46.535,94765,24.48,63,1901,,"IR=94765, BPM=24.48, Avg BPM=63, MIC=1901"
2026-07-05T15:58:57.135,46.554,94760,24.48,63,1850,,"IR=94760, BPM=24.48, Avg BPM=63, MIC=1850"
2026-07-05T15:58:57.154,46.573,94784,24.48,63,1834,,"IR=94784, BPM=24.48, Avg BPM=63, MIC=1834"
2026-07-05T15:58:57.173,46.592,94814,24.48,63,1837,,"IR=94814, BPM=24.48, Avg BPM=63, MIC=1837"
2026-07-05T15:58:57.193,46.611,94818,24.48,63,1836,,"IR=94818, BPM=24.48, Avg BPM=63, MIC=1836"
2026-07-05T15:58:57.211,46.630,94797,24.48,63,1833,,"IR=94797, BPM=24.48, Avg BPM=63, MIC=1833"
2026-07-05T15:58:57.230,46.649,94779,24.48,63,1834,,"IR=94779, BPM=24.48, Avg BPM=63, MIC=1834"
2026-07-05T15:58:57.250,46.669,94796,24.48,63,1852,,"IR=94796, BPM=24.48, Avg BPM=63, MIC=1852"
2026-07-05T15:58:57.269,46.688,94833,24.48,63,1808,,"IR=94833, BPM=24.48, Avg BPM=63, MIC=1808"
2026-07-05T15:58:57.288,46.707,94842,24.48,63,1805,,"IR=94842, BPM=24.48, Avg BPM=63, MIC=1805"
2026-07-05T15:58:57.307,46.726,94834,24.48,63,1837,,"IR=94834, BPM=24.48, Avg BPM=63, MIC=1837"
2026-07-05T15:58:57.327,46.745,94823,24.48,63,1846,,"IR=94823, BPM=24.48, Avg BPM=63, MIC=1846"
2026-07-05T15:58:57.345,46.764,94813,24.48,63,1819,,"IR=94813, BPM=24.48, Avg BPM=63, MIC=1819"
2026-07-05T15:58:57.365,46.784,94785,24.48,63,1865,,"IR=94785, BPM=24.48, Avg BPM=63, MIC=1865"
2026-07-05T15:58:57.384,46.803,94786,24.48,63,1805,,"IR=94786, BPM=24.48, Avg BPM=63, MIC=1805"
2026-07-05T15:58:57.403,46.822,94795,24.48,63,1818,,"IR=94795, BPM=24.48, Avg BPM=63, MIC=1818"
2026-07-05T15:58:57.422,46.841,94819,24.48,63,1840,,"IR=94819, BPM=24.48, Avg BPM=63, MIC=1840"
2026-07-05T15:58:57.441,46.860,94824,24.48,63,1821,,"IR=94824, BPM=24.48, Avg BPM=63, MIC=1821"
2026-07-05T15:58:57.460,46.879,94824,24.48,63,1816,,"IR=94824, BPM=24.48, Avg BPM=63, MIC=1816"
2026-07-05T15:58:57.479,46.898,94802,24.48,63,1790,,"IR=94802, BPM=24.48, Avg BPM=63, MIC=1790"
2026-07-05T15:58:57.499,46.918,94791,24.48,63,1847,,"IR=94791, BPM=24.48, Avg BPM=63, MIC=1847"
2026-07-05T15:58:57.518,46.937,94795,24.48,63,1806,,"IR=94795, BPM=24.48, Avg BPM=63, MIC=1806"
2026-07-05T15:58:57.538,46.956,94788,24.48,63,1832,,"IR=94788, BPM=24.48, Avg BPM=63, MIC=1832"
2026-07-05T15:58:57.556,46.975,94784,24.48,63,1821,,"IR=94784, BPM=24.48, Avg BPM=63, MIC=1821"
2026-07-05T15:58:57.575,46.994,94762,24.48,63,1831,,"IR=94762, BPM=24.48, Avg BPM=63, MIC=1831"
2026-07-05T15:58:57.594,47.013,94748,24.48,63,1836,,"IR=94748, BPM=24.48, Avg BPM=63, MIC=1836"
2026-07-05T15:58:57.613,47.032,94752,24.48,63,1835,,"IR=94752, BPM=24.48, Avg BPM=63, MIC=1835"
2026-07-05T15:58:57.633,47.052,94778,24.48,63,1819,,"IR=94778, BPM=24.48, Avg BPM=63, MIC=1819"
2026-07-05T15:58:57.652,47.071,94831,24.48,63,1831,,"IR=94831, BPM=24.48, Avg BPM=63, MIC=1831"
2026-07-05T15:58:57.671,47.090,94836,24.48,63,1851,,"IR=94836, BPM=24.48, Avg BPM=63, MIC=1851"
2026-07-05T15:58:57.691,47.109,94822,24.48,63,1805,,"IR=94822, BPM=24.48, Avg BPM=63, MIC=1805"
2026-07-05T15:58:57.710,47.128,94789,24.48,63,1807,,"IR=94789, BPM=24.48, Avg BPM=63, MIC=1807"
2026-07-05T15:58:57.728,47.147,94784,24.48,63,1823,,"IR=94784, BPM=24.48, Avg BPM=63, MIC=1823"
2026-07-05T15:58:57.748,47.167,94785,24.48,63,1815,,"IR=94785, BPM=24.48, Avg BPM=63, MIC=1815"
2026-07-05T15:58:57.767,47.186,94784,24.48,63,1822,,"IR=94784, BPM=24.48, Avg BPM=63, MIC=1822"
2026-07-05T15:58:57.786,47.205,94782,24.48,63,1822,,"IR=94782, BPM=24.48, Avg BPM=63, MIC=1822"
2026-07-05T15:58:57.806,47.225,94782,24.48,63,1806,,"IR=94782, BPM=24.48, Avg BPM=63, MIC=1806"
2026-07-05T15:58:57.824,47.243,94788,24.48,63,1805,,"IR=94788, BPM=24.48, Avg BPM=63, MIC=1805"
2026-07-05T15:58:57.843,47.262,94788,24.48,63,1821,,"IR=94788, BPM=24.48, Avg BPM=63, MIC=1821"
2026-07-05T15:58:57.863,47.281,94790,24.48,63,1823,,"IR=94790, BPM=24.48, Avg BPM=63, MIC=1823"
2026-07-05T15:58:57.882,47.301,94804,24.48,63,1820,,"IR=94804, BPM=24.48, Avg BPM=63, MIC=1820"
2026-07-05T15:58:57.901,47.320,94812,24.48,63,1820,,"IR=94812, BPM=24.48, Avg BPM=63, MIC=1820"
2026-07-05T15:58:57.920,47.339,94812,24.48,63,1862,,"IR=94812, BPM=24.48, Avg BPM=63, MIC=1862"
2026-07-05T15:58:57.939,47.358,94809,24.48,63,1833,,"IR=94809, BPM=24.48, Avg BPM=63, MIC=1833"
2026-07-05T15:58:57.958,47.377,94798,24.48,63,1817,,"IR=94798, BPM=24.48, Avg BPM=63, MIC=1817"
2026-07-05T15:58:57.977,47.396,94797,24.48,63,1836,,"IR=94797, BPM=24.48, Avg BPM=63, MIC=1836"
2026-07-05T15:58:57.996,47.415,94784,24.48,63,1834,,"IR=94784, BPM=24.48, Avg BPM=63, MIC=1834"
2026-07-05T15:58:58.016,47.435,94772,24.48,63,1837,,"IR=94772, BPM=24.48, Avg BPM=63, MIC=1837"
2026-07-05T15:58:58.035,47.454,94760,24.48,63,1847,,"IR=94760, BPM=24.48, Avg BPM=63, MIC=1847"
2026-07-05T15:58:58.054,47.473,94775,24.48,63,1850,,"IR=94775, BPM=24.48, Avg BPM=63, MIC=1850"
2026-07-05T15:58:58.073,47.492,94780,24.48,63,1821,,"IR=94780, BPM=24.48, Avg BPM=63, MIC=1821"
2026-07-05T15:58:58.092,47.511,94773,24.48,63,1800,,"IR=94773, BPM=24.48, Avg BPM=63, MIC=1800"
2026-07-05T15:58:58.112,47.530,94778,24.48,63,1816,,"IR=94778, BPM=24.48, Avg BPM=63, MIC=1816"
2026-07-05T15:58:58.131,47.550,94787,24.48,63,1817,,"IR=94787, BPM=24.48, Avg BPM=63, MIC=1817"
2026-07-05T15:58:58.151,47.569,94776,24.48,63,1803,,"IR=94776, BPM=24.48, Avg BPM=63, MIC=1803"
2026-07-05T15:58:58.169,47.588,94750,24.48,63,1821,,"IR=94750, BPM=24.48, Avg BPM=63, MIC=1821"
2026-07-05T15:58:58.188,47.607,94715,24.48,63,1807,,"IR=94715, BPM=24.48, Avg BPM=63, MIC=1807"
2026-07-05T15:58:58.207,47.626,94696,24.48,63,1817,,"IR=94696, BPM=24.48, Avg BPM=63, MIC=1817"
2026-07-05T15:58:58.227,47.646,94717,24.48,63,1817,,"IR=94717, BPM=24.48, Avg BPM=63, MIC=1817"
2026-07-05T15:58:58.245,47.664,94733,24.48,63,1801,,"IR=94733, BPM=24.48, Avg BPM=63, MIC=1801"
2026-07-05T15:58:58.265,47.684,94735,24.48,63,1822,,"IR=94735, BPM=24.48, Avg BPM=63, MIC=1822"
2026-07-05T15:58:58.284,47.703,94708,24.48,63,1829,,"IR=94708, BPM=24.48, Avg BPM=63, MIC=1829"
2026-07-05T15:58:58.303,47.722,94701,24.48,63,1803,,"IR=94701, BPM=24.48, Avg BPM=63, MIC=1803"
2026-07-05T15:58:58.322,47.741,94702,24.48,63,1806,,"IR=94702, BPM=24.48, Avg BPM=63, MIC=1806"
2026-07-05T15:58:58.341,47.760,94733,24.48,63,1789,,"IR=94733, BPM=24.48, Avg BPM=63, MIC=1789"
2026-07-05T15:58:58.360,47.779,94746,24.48,63,1808,,"IR=94746, BPM=24.48, Avg BPM=63, MIC=1808"
2026-07-05T15:58:58.380,47.799,94757,24.48,63,1835,,"IR=94757, BPM=24.48, Avg BPM=63, MIC=1835"
2026-07-05T15:58:58.400,47.818,94754,24.48,63,1829,,"IR=94754, BPM=24.48, Avg BPM=63, MIC=1829"
2026-07-05T15:58:58.418,47.837,94744,24.48,63,1806,,"IR=94744, BPM=24.48, Avg BPM=63, MIC=1806"
2026-07-05T15:58:58.437,47.856,94727,24.48,63,1789,,"IR=94727, BPM=24.48, Avg BPM=63, MIC=1789"
2026-07-05T15:58:58.456,47.875,94721,24.48,63,1816,,"IR=94721, BPM=24.48, Avg BPM=63, MIC=1816"
2026-07-05T15:58:58.476,47.895,94734,24.48,63,1790,,"IR=94734, BPM=24.48, Avg BPM=63, MIC=1790"
2026-07-05T15:58:58.494,47.913,94758,24.48,63,1800,,"IR=94758, BPM=24.48, Avg BPM=63, MIC=1800"
2026-07-05T15:58:58.514,47.933,94800,24.48,63,1816,,"IR=94800, BPM=24.48, Avg BPM=63, MIC=1816"
2026-07-05T15:58:58.533,47.952,94814,24.48,63,1791,,"IR=94814, BPM=24.48, Avg BPM=63, MIC=1791"
2026-07-05T15:58:58.552,47.971,94830,24.48,63,1784,,"IR=94830, BPM=24.48, Avg BPM=63, MIC=1784"
2026-07-05T15:58:58.571,47.990,94828,24.48,63,1785,,"IR=94828, BPM=24.48, Avg BPM=63, MIC=1785"
2026-07-05T15:58:58.590,48.009,94809,24.48,63,1788,,"IR=94809, BPM=24.48, Avg BPM=63, MIC=1788"
2026-07-05T15:58:58.609,48.028,94813,24.48,63,1785,,"IR=94813, BPM=24.48, Avg BPM=63, MIC=1785"
2026-07-05T15:58:58.628,48.047,94830,24.48,63,1784,,"IR=94830, BPM=24.48, Avg BPM=63, MIC=1784"
2026-07-05T15:58:58.648,48.067,94851,24.48,63,1785,,"IR=94851, BPM=24.48, Avg BPM=63, MIC=1785"
2026-07-05T15:58:58.667,48.086,94844,24.48,63,1786,,"IR=94844, BPM=24.48, Avg BPM=63, MIC=1786"
2026-07-05T15:58:58.686,48.105,94854,24.48,63,1742,,"IR=94854, BPM=24.48, Avg BPM=63, MIC=1742"
2026-07-05T15:58:58.705,48.124,94843,24.48,63,1783,,"IR=94843, BPM=24.48, Avg BPM=63, MIC=1783"
2026-07-05T15:58:58.725,48.144,94826,24.48,63,1744,,"IR=94826, BPM=24.48, Avg BPM=63, MIC=1744"
2026-07-05T15:58:58.743,48.162,94815,24.48,63,1771,,"IR=94815, BPM=24.48, Avg BPM=63, MIC=1771"
2026-07-05T15:58:58.764,48.182,94772,24.48,63,1771,,"IR=94772, BPM=24.48, Avg BPM=63, MIC=1771"
2026-07-05T15:58:58.783,48.201,94749,24.48,63,1820,,"IR=94749, BPM=24.48, Avg BPM=63, MIC=1820"
2026-07-05T15:58:58.801,48.220,94745,24.48,63,1819,,"IR=94745, BPM=24.48, Avg BPM=63, MIC=1819"
2026-07-05T15:58:58.820,48.239,94763,24.48,63,1817,,"IR=94763, BPM=24.48, Avg BPM=63, MIC=1817"
2026-07-05T15:58:58.839,48.258,94781,24.48,63,1819,,"IR=94781, BPM=24.48, Avg BPM=63, MIC=1819"
2026-07-05T15:58:58.858,48.277,94785,24.48,63,1833,,"IR=94785, BPM=24.48, Avg BPM=63, MIC=1833"
2026-07-05T15:58:58.877,48.296,94782,24.48,63,1822,,"IR=94782, BPM=24.48, Avg BPM=63, MIC=1822"
2026-07-05T15:58:58.897,48.316,94773,24.48,63,1848,,"IR=94773, BPM=24.48, Avg BPM=63, MIC=1848"
2026-07-05T15:58:58.916,48.335,94772,24.48,63,1820,,"IR=94772, BPM=24.48, Avg BPM=63, MIC=1820"
2026-07-05T15:58:58.935,48.354,94790,24.48,63,1832,,"IR=94790, BPM=24.48, Avg BPM=63, MIC=1832"
2026-07-05T15:58:58.954,48.373,94794,24.48,63,1831,,"IR=94794, BPM=24.48, Avg BPM=63, MIC=1831"
2026-07-05T15:58:58.973,48.392,94790,24.48,63,1837,,"IR=94790, BPM=24.48, Avg BPM=63, MIC=1837"
2026-07-05T15:58:58.992,48.411,94781,24.48,63,1852,,"IR=94781, BPM=24.48, Avg BPM=63, MIC=1852"
2026-07-05T15:58:59.011,48.430,94791,24.48,63,1897,,"IR=94791, BPM=24.48, Avg BPM=63, MIC=1897"
2026-07-05T15:58:59.031,48.450,94819,24.48,63,1852,,"IR=94819, BPM=24.48, Avg BPM=63, MIC=1852"
2026-07-05T15:58:59.050,48.469,94845,24.48,63,1849,,"IR=94845, BPM=24.48, Avg BPM=63, MIC=1849"
2026-07-05T15:58:59.069,48.488,94865,24.48,63,1885,,"IR=94865, BPM=24.48, Avg BPM=63, MIC=1885"
2026-07-05T15:58:59.088,48.507,94873,24.48,63,1871,,"IR=94873, BPM=24.48, Avg BPM=63, MIC=1871"
2026-07-05T15:58:59.107,48.526,94874,24.48,63,1871,,"IR=94874, BPM=24.48, Avg BPM=63, MIC=1871"
2026-07-05T15:58:59.127,48.545,94877,7.79,63,1897,,"IR=94877, BPM=7.79, Avg BPM=63, MIC=1897"
2026-07-05T15:58:59.146,48.565,94867,7.79,63,1898,,"IR=94867, BPM=7.79, Avg BPM=63, MIC=1898"
2026-07-05T15:58:59.165,48.584,94861,7.79,63,1896,,"IR=94861, BPM=7.79, Avg BPM=63, MIC=1896"
2026-07-05T15:58:59.184,48.603,94866,7.79,63,1887,,"IR=94866, BPM=7.79, Avg BPM=63, MIC=1887"
2026-07-05T15:58:59.203,48.622,94871,7.79,63,1887,,"IR=94871, BPM=7.79, Avg BPM=63, MIC=1887"
2026-07-05T15:58:59.222,48.641,94869,7.79,63,1931,,"IR=94869, BPM=7.79, Avg BPM=63, MIC=1931"
2026-07-05T15:58:59.241,48.660,94857,7.79,63,1931,,"IR=94857, BPM=7.79, Avg BPM=63, MIC=1931"
2026-07-05T15:58:59.260,48.679,94854,7.79,63,1944,,"IR=94854, BPM=7.79, Avg BPM=63, MIC=1944"
2026-07-05T15:58:59.281,48.699,94885,7.79,63,1948,,"IR=94885, BPM=7.79, Avg BPM=63, MIC=1948"
2026-07-05T15:58:59.299,48.718,94892,7.79,63,1977,,"IR=94892, BPM=7.79, Avg BPM=63, MIC=1977"
2026-07-05T15:58:59.318,48.737,94895,7.79,63,1947,,"IR=94895, BPM=7.79, Avg BPM=63, MIC=1947"
2026-07-05T15:58:59.337,48.756,94898,7.79,63,1943,,"IR=94898, BPM=7.79, Avg BPM=63, MIC=1943"
2026-07-05T15:58:59.356,48.775,94910,7.79,63,1951,,"IR=94910, BPM=7.79, Avg BPM=63, MIC=1951"
2026-07-05T15:58:59.376,48.795,94928,7.79,63,2012,,"IR=94928, BPM=7.79, Avg BPM=63, MIC=2012"
2026-07-05T15:58:59.394,48.813,94945,7.79,63,1945,,"IR=94945, BPM=7.79, Avg BPM=63, MIC=1945"
2026-07-05T15:58:59.414,48.833,94956,7.79,63,1947,,"IR=94956, BPM=7.79, Avg BPM=63, MIC=1947"
2026-07-05T15:58:59.433,48.852,94961,7.79,63,1932,,"IR=94961, BPM=7.79, Avg BPM=63, MIC=1932"
2026-07-05T15:58:59.452,48.871,94950,7.79,63,1961,,"IR=94950, BPM=7.79, Avg BPM=63, MIC=1961"
2026-07-05T15:58:59.471,48.890,94935,7.79,63,1949,,"IR=94935, BPM=7.79, Avg BPM=63, MIC=1949"
2026-07-05T15:58:59.490,48.909,94911,7.79,63,1944,,"IR=94911, BPM=7.79, Avg BPM=63, MIC=1944"
2026-07-05T15:58:59.509,48.928,94886,7.79,63,1915,,"IR=94886, BPM=7.79, Avg BPM=63, MIC=1915"
2026-07-05T15:58:59.529,48.948,94885,7.79,63,1945,,"IR=94885, BPM=7.79, Avg BPM=63, MIC=1945"
2026-07-05T15:58:59.548,48.967,94896,7.79,63,1964,,"IR=94896, BPM=7.79, Avg BPM=63, MIC=1964"
2026-07-05T15:58:59.567,48.986,94899,7.79,63,1927,,"IR=94899, BPM=7.79, Avg BPM=63, MIC=1927"
2026-07-05T15:58:59.587,49.005,94896,7.79,63,1950,,"IR=94896, BPM=7.79, Avg BPM=63, MIC=1950"
2026-07-05T15:58:59.605,49.024,94906,7.79,63,1965,,"IR=94906, BPM=7.79, Avg BPM=63, MIC=1965"
2026-07-05T15:58:59.625,49.044,94906,7.79,63,1974,,"IR=94906, BPM=7.79, Avg BPM=63, MIC=1974"
2026-07-05T15:58:59.643,49.062,94905,7.79,63,1950,,"IR=94905, BPM=7.79, Avg BPM=63, MIC=1950"
2026-07-05T15:58:59.663,49.082,94895,7.79,63,1933,,"IR=94895, BPM=7.79, Avg BPM=63, MIC=1933"
2026-07-05T15:58:59.682,49.101,94893,7.79,63,1948,,"IR=94893, BPM=7.79, Avg BPM=63, MIC=1948"
2026-07-05T15:58:59.701,49.120,94885,7.79,63,1967,,"IR=94885, BPM=7.79, Avg BPM=63, MIC=1967"
2026-07-05T15:58:59.720,49.139,94868,7.79,63,1967,,"IR=94868, BPM=7.79, Avg BPM=63, MIC=1967"
2026-07-05T15:58:59.739,49.158,94840,7.79,63,1979,,"IR=94840, BPM=7.79, Avg BPM=63, MIC=1979"
2026-07-05T15:58:59.758,49.177,94821,7.79,63,1960,,"IR=94821, BPM=7.79, Avg BPM=63, MIC=1960"
2026-07-05T15:58:59.777,49.196,94812,7.79,63,1963,,"IR=94812, BPM=7.79, Avg BPM=63, MIC=1963"
2026-07-05T15:58:59.797,49.216,94811,7.79,63,1979,,"IR=94811, BPM=7.79, Avg BPM=63, MIC=1979"
2026-07-05T15:58:59.816,49.235,94812,7.79,63,1967,,"IR=94812, BPM=7.79, Avg BPM=63, MIC=1967"
2026-07-05T15:58:59.835,49.254,94810,7.79,63,1995,,"IR=94810, BPM=7.79, Avg BPM=63, MIC=1995"
2026-07-05T15:58:59.854,49.273,94808,7.79,63,1966,,"IR=94808, BPM=7.79, Avg BPM=63, MIC=1966"
2026-07-05T15:58:59.873,49.292,94821,7.79,63,1949,,"IR=94821, BPM=7.79, Avg BPM=63, MIC=1949"
2026-07-05T15:58:59.892,49.311,94842,7.79,63,1958,,"IR=94842, BPM=7.79, Avg BPM=63, MIC=1958"
2026-07-05T15:58:59.912,49.331,94864,7.79,63,1976,,"IR=94864, BPM=7.79, Avg BPM=63, MIC=1976"
2026-07-05T15:58:59.931,49.350,94876,7.79,63,1975,,"IR=94876, BPM=7.79, Avg BPM=63, MIC=1975"
2026-07-05T15:58:59.950,49.369,94885,7.79,63,1996,,"IR=94885, BPM=7.79, Avg BPM=63, MIC=1996"
2026-07-05T15:58:59.969,49.388,94885,7.79,63,1981,,"IR=94885, BPM=7.79, Avg BPM=63, MIC=1981"
2026-07-05T15:58:59.988,49.407,94878,7.79,63,1967,,"IR=94878, BPM=7.79, Avg BPM=63, MIC=1967"
2026-07-05T15:59:00.007,49.426,94897,7.79,63,1961,,"IR=94897, BPM=7.79, Avg BPM=63, MIC=1961"
2026-07-05T15:59:00.026,49.445,94919,7.79,63,1966,,"IR=94919, BPM=7.79, Avg BPM=63, MIC=1966"
2026-07-05T15:59:00.046,49.465,94929,7.79,63,1991,,"IR=94929, BPM=7.79, Avg BPM=63, MIC=1991"
2026-07-05T15:59:00.065,49.484,94934,7.79,63,1981,,"IR=94934, BPM=7.79, Avg BPM=63, MIC=1981"
2026-07-05T15:59:00.084,49.503,94938,7.79,63,1965,,"IR=94938, BPM=7.79, Avg BPM=63, MIC=1965"
2026-07-05T15:59:00.103,49.522,94944,7.79,63,1962,,"IR=94944, BPM=7.79, Avg BPM=63, MIC=1962"
2026-07-05T15:59:00.122,49.541,94956,7.79,63,1981,,"IR=94956, BPM=7.79, Avg BPM=63, MIC=1981"
2026-07-05T15:59:00.141,49.560,94968,59.11,32,1976,,"IR=94968, BPM=59.11, Avg BPM=32, MIC=1976"
2026-07-05T15:59:00.160,49.579,94976,59.11,32,1982,,"IR=94976, BPM=59.11, Avg BPM=32, MIC=1982"
2026-07-05T15:59:00.180,49.599,94980,59.11,32,1976,,"IR=94980, BPM=59.11, Avg BPM=32, MIC=1976"
2026-07-05T15:59:00.199,49.618,94992,59.11,32,1979,,"IR=94992, BPM=59.11, Avg BPM=32, MIC=1979"
2026-07-05T15:59:00.218,49.637,95002,59.11,32,2188,,"IR=95002, BPM=59.11, Avg BPM=32, MIC=2188"
2026-07-05T15:59:00.237,49.656,95032,59.11,32,1979,,"IR=95032, BPM=59.11, Avg BPM=32, MIC=1979"
2026-07-05T15:59:00.256,49.675,95036,59.11,32,1998,,"IR=95036, BPM=59.11, Avg BPM=32, MIC=1998"
2026-07-05T15:59:00.275,49.694,95042,59.11,32,2011,,"IR=95042, BPM=59.11, Avg BPM=32, MIC=2011"
2026-07-05T15:59:00.295,49.714,95039,59.11,32,1992,,"IR=95039, BPM=59.11, Avg BPM=32, MIC=1992"
2026-07-05T15:59:00.314,49.733,95051,59.11,32,1990,,"IR=95051, BPM=59.11, Avg BPM=32, MIC=1990"
2026-07-05T15:59:00.333,49.752,95078,59.11,32,1977,,"IR=95078, BPM=59.11, Avg BPM=32, MIC=1977"
2026-07-05T15:59:00.352,49.771,95082,59.11,32,1976,,"IR=95082, BPM=59.11, Avg BPM=32, MIC=1976"
2026-07-05T15:59:00.371,49.790,95081,59.11,32,1979,,"IR=95081, BPM=59.11, Avg BPM=32, MIC=1979"
2026-07-05T15:59:00.390,49.809,95052,59.11,32,1980,,"IR=95052, BPM=59.11, Avg BPM=32, MIC=1980"
2026-07-05T15:59:00.409,49.828,95006,59.11,32,1979,,"IR=95006, BPM=59.11, Avg BPM=32, MIC=1979"
2026-07-05T15:59:00.429,49.848,94954,59.11,32,1977,,"IR=94954, BPM=59.11, Avg BPM=32, MIC=1977"
2026-07-05T15:59:00.448,49.867,94914,59.11,32,1976,,"IR=94914, BPM=59.11, Avg BPM=32, MIC=1976"
2026-07-05T15:59:00.467,49.886,94900,59.11,32,1981,,"IR=94900, BPM=59.11, Avg BPM=32, MIC=1981"
2026-07-05T15:59:00.486,49.905,94912,59.11,32,1965,,"IR=94912, BPM=59.11, Avg BPM=32, MIC=1965"
2026-07-05T15:59:00.505,49.924,94928,59.11,32,1928,,"IR=94928, BPM=59.11, Avg BPM=32, MIC=1928"
2026-07-05T15:59:00.524,49.943,94926,59.11,32,1947,,"IR=94926, BPM=59.11, Avg BPM=32, MIC=1947"
2026-07-05T15:59:00.543,49.962,94901,59.11,32,1960,,"IR=94901, BPM=59.11, Avg BPM=32, MIC=1960"
2026-07-05T15:59:00.563,49.982,94875,59.11,32,1947,,"IR=94875, BPM=59.11, Avg BPM=32, MIC=1947"
2026-07-05T15:59:00.582,50.001,94869,59.11,32,1961,,"IR=94869, BPM=59.11, Avg BPM=32, MIC=1961"
2026-07-05T15:59:00.601,50.020,94859,59.11,32,1976,,"IR=94859, BPM=59.11, Avg BPM=32, MIC=1976"
2026-07-05T15:59:00.620,50.039,94864,59.11,32,1948,,"IR=94864, BPM=59.11, Avg BPM=32, MIC=1948"
2026-07-05T15:59:00.639,50.058,94880,59.11,32,1946,,"IR=94880, BPM=59.11, Avg BPM=32, MIC=1946"
2026-07-05T15:59:00.659,50.077,94893,59.11,32,1948,,"IR=94893, BPM=59.11, Avg BPM=32, MIC=1948"
2026-07-05T15:59:00.678,50.097,94906,59.11,32,1981,,"IR=94906, BPM=59.11, Avg BPM=32, MIC=1981"
2026-07-05T15:59:00.697,50.116,94927,59.11,32,1946,,"IR=94927, BPM=59.11, Avg BPM=32, MIC=1946"
2026-07-05T15:59:00.716,50.135,94958,59.11,32,1960,,"IR=94958, BPM=59.11, Avg BPM=32, MIC=1960"
2026-07-05T15:59:00.735,50.154,94975,59.11,32,1960,,"IR=94975, BPM=59.11, Avg BPM=32, MIC=1960"
2026-07-05T15:59:00.754,50.173,94968,59.11,32,1943,,"IR=94968, BPM=59.11, Avg BPM=32, MIC=1943"
2026-07-05T15:59:00.773,50.192,94962,59.11,32,1962,,"IR=94962, BPM=59.11, Avg BPM=32, MIC=1962"
2026-07-05T15:59:00.792,50.211,94944,59.11,32,1943,,"IR=94944, BPM=59.11, Avg BPM=32, MIC=1943"
2026-07-05T15:59:00.812,50.231,94937,59.11,32,1932,,"IR=94937, BPM=59.11, Avg BPM=32, MIC=1932"
2026-07-05T15:59:00.831,50.250,94913,59.11,32,1934,,"IR=94913, BPM=59.11, Avg BPM=32, MIC=1934"
2026-07-05T15:59:00.850,50.269,94906,59.11,32,1930,,"IR=94906, BPM=59.11, Avg BPM=32, MIC=1930"
2026-07-05T15:59:00.869,50.288,94903,59.11,32,1929,,"IR=94903, BPM=59.11, Avg BPM=32, MIC=1929"
2026-07-05T15:59:00.889,50.308,94913,59.11,32,1919,,"IR=94913, BPM=59.11, Avg BPM=32, MIC=1919"
2026-07-05T15:59:00.907,50.326,94934,59.11,32,1913,,"IR=94934, BPM=59.11, Avg BPM=32, MIC=1913"
2026-07-05T15:59:00.926,50.345,94950,59.11,32,1934,,"IR=94950, BPM=59.11, Avg BPM=32, MIC=1934"
2026-07-05T15:59:00.947,50.365,94949,59.11,32,1913,,"IR=94949, BPM=59.11, Avg BPM=32, MIC=1913"
2026-07-05T15:59:00.965,50.384,94952,59.11,32,1933,,"IR=94952, BPM=59.11, Avg BPM=32, MIC=1933"
2026-07-05T15:59:00.984,50.403,94945,59.11,32,1933,,"IR=94945, BPM=59.11, Avg BPM=32, MIC=1933"
2026-07-05T15:59:01.003,50.422,94915,59.11,32,1950,,"IR=94915, BPM=59.11, Avg BPM=32, MIC=1950"
2026-07-05T15:59:01.022,50.441,94894,68.1,42,1933,,"IR=94894, BPM=68.10, Avg BPM=42, MIC=1933"
2026-07-05T15:59:01.041,50.460,94904,68.1,42,1948,,"IR=94904, BPM=68.10, Avg BPM=42, MIC=1948"
2026-07-05T15:59:01.061,50.480,94904,68.1,42,1952,,"IR=94904, BPM=68.10, Avg BPM=42, MIC=1952"
2026-07-05T15:59:01.080,50.499,94920,68.1,42,1949,,"IR=94920, BPM=68.10, Avg BPM=42, MIC=1949"
2026-07-05T15:59:01.099,50.518,94929,68.1,42,1928,,"IR=94929, BPM=68.10, Avg BPM=42, MIC=1928"
2026-07-05T15:59:01.118,50.537,94946,68.1,42,1919,,"IR=94946, BPM=68.10, Avg BPM=42, MIC=1919"
2026-07-05T15:59:01.137,50.556,94948,68.1,42,1918,,"IR=94948, BPM=68.10, Avg BPM=42, MIC=1918"
2026-07-05T15:59:01.156,50.575,94934,68.1,42,1898,,"IR=94934, BPM=68.10, Avg BPM=42, MIC=1898"
2026-07-05T15:59:01.176,50.594,94912,68.1,42,1872,,"IR=94912, BPM=68.10, Avg BPM=42, MIC=1872"
2026-07-05T15:59:01.195,50.614,94892,68.1,42,1914,,"IR=94892, BPM=68.10, Avg BPM=42, MIC=1914"
2026-07-05T15:59:01.214,50.633,94898,68.1,42,1847,,"IR=94898, BPM=68.10, Avg BPM=42, MIC=1847"
2026-07-05T15:59:01.233,50.652,94900,68.1,42,1899,,"IR=94900, BPM=68.10, Avg BPM=42, MIC=1899"
2026-07-05T15:59:01.252,50.671,94917,68.1,42,1885,,"IR=94917, BPM=68.10, Avg BPM=42, MIC=1885"
2026-07-05T15:59:01.271,50.690,94904,68.1,42,1897,,"IR=94904, BPM=68.10, Avg BPM=42, MIC=1897"
2026-07-05T15:59:01.290,50.709,94891,68.1,42,1911,,"IR=94891, BPM=68.10, Avg BPM=42, MIC=1911"
2026-07-05T15:59:01.309,50.728,94867,68.1,42,1920,,"IR=94867, BPM=68.10, Avg BPM=42, MIC=1920"
2026-07-05T15:59:01.330,50.748,94854,68.1,42,1927,,"IR=94854, BPM=68.10, Avg BPM=42, MIC=1927"
2026-07-05T15:59:01.348,50.767,94844,68.1,42,1943,,"IR=94844, BPM=68.10, Avg BPM=42, MIC=1943"
2026-07-05T15:59:01.367,50.786,94842,68.1,42,1917,,"IR=94842, BPM=68.10, Avg BPM=42, MIC=1917"
2026-07-05T15:59:01.386,50.805,94835,68.1,42,1928,,"IR=94835, BPM=68.10, Avg BPM=42, MIC=1928"
2026-07-05T15:59:01.405,50.824,94825,68.1,42,1913,,"IR=94825, BPM=68.10, Avg BPM=42, MIC=1913"
2026-07-05T15:59:01.425,50.843,94814,68.1,42,1945,,"IR=94814, BPM=68.10, Avg BPM=42, MIC=1945"
2026-07-05T15:59:01.444,50.863,94826,68.1,42,1960,,"IR=94826, BPM=68.10, Avg BPM=42, MIC=1960"
2026-07-05T15:59:01.463,50.882,94850,68.1,42,1948,,"IR=94850, BPM=68.10, Avg BPM=42, MIC=1948"
2026-07-05T15:59:01.482,50.901,94871,68.1,42,1943,,"IR=94871, BPM=68.10, Avg BPM=42, MIC=1943"
2026-07-05T15:59:01.501,50.920,94871,68.1,42,1960,,"IR=94871, BPM=68.10, Avg BPM=42, MIC=1960"
2026-07-05T15:59:01.520,50.939,94842,68.1,42,1960,,"IR=94842, BPM=68.10, Avg BPM=42, MIC=1960"
2026-07-05T15:59:01.540,50.958,94827,68.1,42,1960,,"IR=94827, BPM=68.10, Avg BPM=42, MIC=1960"
2026-07-05T15:59:01.558,50.977,94826,68.1,42,1952,,"IR=94826, BPM=68.10, Avg BPM=42, MIC=1952"
2026-07-05T15:59:01.578,50.997,94883,68.1,42,1975,,"IR=94883, BPM=68.10, Avg BPM=42, MIC=1975"
2026-07-05T15:59:01.597,51.016,94973,68.1,42,1968,,"IR=94973, BPM=68.10, Avg BPM=42, MIC=1968"
2026-07-05T15:59:01.616,51.035,95015,68.1,42,1990,,"IR=95015, BPM=68.10, Avg BPM=42, MIC=1990"
2026-07-05T15:59:01.635,51.054,94974,68.1,42,2014,,"IR=94974, BPM=68.10, Avg BPM=42, MIC=2014"
2026-07-05T15:59:01.654,51.073,94872,68.1,42,1993,,"IR=94872, BPM=68.10, Avg BPM=42, MIC=1993"
2026-07-05T15:59:01.673,51.092,94766,68.1,42,1983,,"IR=94766, BPM=68.10, Avg BPM=42, MIC=1983"
2026-07-05T15:59:01.692,51.111,94680,68.1,42,2014,,"IR=94680, BPM=68.10, Avg BPM=42, MIC=2014"
2026-07-05T15:59:01.713,51.131,94620,68.1,42,1991,,"IR=94620, BPM=68.10, Avg BPM=42, MIC=1991"
2026-07-05T15:59:01.731,51.150,94612,68.1,42,2008,,"IR=94612, BPM=68.10, Avg BPM=42, MIC=2008"
2026-07-05T15:59:01.750,51.169,94591,68.1,42,2025,,"IR=94591, BPM=68.10, Avg BPM=42, MIC=2025"
2026-07-05T15:59:01.769,51.188,94537,68.1,42,2063,,"IR=94537, BPM=68.10, Avg BPM=42, MIC=2063"
2026-07-05T15:59:01.788,51.207,94459,68.1,42,2043,,"IR=94459, BPM=68.10, Avg BPM=42, MIC=2043"
2026-07-05T15:59:01.807,51.226,94344,68.1,42,2046,,"IR=94344, BPM=68.10, Avg BPM=42, MIC=2046"
2026-07-05T15:59:01.827,51.246,94246,68.1,42,2028,,"IR=94246, BPM=68.10, Avg BPM=42, MIC=2028"
2026-07-05T15:59:01.846,51.265,94275,68.1,42,2027,,"IR=94275, BPM=68.10, Avg BPM=42, MIC=2027"
2026-07-05T15:59:01.865,51.284,94775,68.1,42,2039,,"IR=94775, BPM=68.10, Avg BPM=42, MIC=2039"
2026-07-05T15:59:01.884,51.303,89779,68.1,42,2030,,"IR=89779, BPM=68.10, Avg BPM=42, MIC=2030"
2026-07-05T15:59:01.903,51.322,56205,68.1,42,2059,,"IR=56205, BPM=68.10, Avg BPM=42, MIC=2059"
2026-07-05T15:59:01.923,51.341,12885,68.1,42,2061,No finger?,"IR=12885, BPM=68.10, Avg BPM=42, MIC=2061 No finger?"
2026-07-05T15:59:01.941,51.360,3807,68.1,42,2062,No finger?,"IR=3807, BPM=68.10, Avg BPM=42, MIC=2062 No finger?"
2026-07-05T15:59:01.961,51.380,1640,68.1,42,2044,No finger?,"IR=1640, BPM=68.10, Avg BPM=42, MIC=2044 No finger?"
2026-07-05T15:59:01.980,51.399,1008,68.1,42,2041,No finger?,"IR=1008, BPM=68.10, Avg BPM=42, MIC=2041 No finger?"
2026-07-05T15:59:01.999,51.418,778,68.1,42,2029,No finger?,"IR=778, BPM=68.10, Avg BPM=42, MIC=2029 No finger?"
2026-07-05T15:59:02.018,51.437,680,68.1,42,1982,No finger?,"IR=680, BPM=68.10, Avg BPM=42, MIC=1982 No finger?"
2026-07-05T15:59:02.037,51.456,624,68.1,42,1959,No finger?,"IR=624, BPM=68.10, Avg BPM=42, MIC=1959 No finger?"
2026-07-05T15:59:02.056,51.475,610,68.1,42,1919,No finger?,"IR=610, BPM=68.10, Avg BPM=42, MIC=1919 No finger?"
2026-07-05T15:59:02.075,51.494,595,68.1,42,1895,No finger?,"IR=595, BPM=68.10, Avg BPM=42, MIC=1895 No finger?"
2026-07-05T15:59:02.095,51.514,561,68.1,42,1883,No finger?,"IR=561, BPM=68.10, Avg BPM=42, MIC=1883 No finger?"
2026-07-05T15:59:02.114,51.533,581,68.1,42,1821,No finger?,"IR=581, BPM=68.10, Avg BPM=42, MIC=1821 No finger?"
2026-07-05T15:59:02.133,51.552,585,68.1,42,1806,No finger?,"IR=585, BPM=68.10, Avg BPM=42, MIC=1806 No finger?"
2026-07-05T15:59:02.152,51.571,561,68.1,42,1767,No finger?,"IR=561, BPM=68.10, Avg BPM=42, MIC=1767 No finger?"
2026-07-05T15:59:02.172,51.590,573,68.1,42,1723,No finger?,"IR=573, BPM=68.10, Avg BPM=42, MIC=1723 No finger?"
2026-07-05T15:59:02.190,51.609,561,68.1,42,1646,No finger?,"IR=561, BPM=68.10, Avg BPM=42, MIC=1646 No finger?"
2026-07-05T15:59:02.211,51.629,565,68.1,42,1562,No finger?,"IR=565, BPM=68.10, Avg BPM=42, MIC=1562 No finger?"
2026-07-05T15:59:02.230,51.648,549,68.1,42,1438,No finger?,"IR=549, BPM=68.10, Avg BPM=42, MIC=1438 No finger?"
2026-07-05T15:59:02.248,51.667,564,68.1,42,1339,No finger?,"IR=564, BPM=68.10, Avg BPM=42, MIC=1339 No finger?"
2026-07-05T15:59:02.267,51.686,576,68.1,42,1134,No finger?,"IR=576, BPM=68.10, Avg BPM=42, MIC=1134 No finger?"
2026-07-05T15:59:02.286,51.705,566,68.1,42,1079,No finger?,"IR=566, BPM=68.10, Avg BPM=42, MIC=1079 No finger?"
2026-07-05T15:59:02.305,51.724,568,68.1,42,1343,No finger?,"IR=568, BPM=68.10, Avg BPM=42, MIC=1343 No finger?"
2026-07-05T15:59:02.324,51.743,550,68.1,42,457,No finger?,"IR=550, BPM=68.10, Avg BPM=42, MIC=457 No finger?"
2026-07-05T15:59:02.344,51.763,547,68.1,42,18,No finger?,"IR=547, BPM=68.10, Avg BPM=42, MIC=18 No finger?"
2026-07-05T15:59:02.364,51.783,554,68.1,42,0,No finger?,"IR=554, BPM=68.10, Avg BPM=42, MIC=0 No finger?"
2026-07-05T15:59:02.382,51.801,554,68.1,42,0,No finger?,"IR=554, BPM=68.10, Avg BPM=42, MIC=0 No finger?"
2026-07-05T15:59:02.401,51.820,577,68.1,42,0,No finger?,"IR=577, BPM=68.10, Avg BPM=42, MIC=0 No finger?"
2026-07-05T15:59:02.420,51.839,555,68.1,42,0,No finger?,"IR=555, BPM=68.10, Avg BPM=42, MIC=0 No finger?"
2026-07-05T15:59:02.439,51.858,552,68.1,42,919,No finger?,"IR=552, BPM=68.10, Avg BPM=42, MIC=919 No finger?"
2026-07-05T15:59:02.460,51.878,556,68.1,42,2509,No finger?,"IR=556, BPM=68.10, Avg BPM=42, MIC=2509 No finger?"
2026-07-05T15:59:02.478,51.897,550,68.1,42,2846,No finger?,"IR=550, BPM=68.10, Avg BPM=42, MIC=2846 No finger?"
2026-07-05T15:59:02.497,51.916,564,68.1,42,2891,No finger?,"IR=564, BPM=68.10, Avg BPM=42, MIC=2891 No finger?"
2026-07-05T15:59:02.516,51.935,580,68.1,42,3131,No finger?,"IR=580, BPM=68.10, Avg BPM=42, MIC=3131 No finger?"
2026-07-05T15:59:02.535,51.954,571,68.1,42,3528,No finger?,"IR=571, BPM=68.10, Avg BPM=42, MIC=3528 No finger?"
2026-07-05T15:59:02.554,51.973,569,68.1,42,3901,No finger?,"IR=569, BPM=68.10, Avg BPM=42, MIC=3901 No finger?"
2026-07-05T15:59:02.573,51.992,563,68.1,42,4095,No finger?,"IR=563, BPM=68.10, Avg BPM=42, MIC=4095 No finger?"
2026-07-05T15:59:02.593,52.012,569,68.1,42,4095,No finger?,"IR=569, BPM=68.10, Avg BPM=42, MIC=4095 No finger?"
2026-07-05T15:59:02.613,52.031,566,68.1,42,4095,No finger?,"IR=566, BPM=68.10, Avg BPM=42, MIC=4095 No finger?"
2026-07-05T15:59:02.631,52.050,577,68.1,42,4095,No finger?,"IR=577, BPM=68.10, Avg BPM=42, MIC=4095 No finger?"
2026-07-05T15:59:02.650,52.069,583,68.1,42,4095,No finger?,"IR=583, BPM=68.10, Avg BPM=42, MIC=4095 No finger?"
2026-07-05T15:59:02.669,52.088,566,68.1,42,4095,No finger?,"IR=566, BPM=68.10, Avg BPM=42, MIC=4095 No finger?"
2026-07-05T15:59:02.688,52.107,573,68.1,42,4095,No finger?,"IR=573, BPM=68.10, Avg BPM=42, MIC=4095 No finger?"
2026-07-05T15:59:02.707,52.126,564,68.1,42,4095,No finger?,"IR=564, BPM=68.10, Avg BPM=42, MIC=4095 No finger?"
2026-07-05T15:59:02.728,52.146,565,68.1,42,4095,No finger?,"IR=565, BPM=68.10, Avg BPM=42, MIC=4095 No finger?"
2026-07-05T15:59:02.746,52.165,578,68.1,42,4095,No finger?,"IR=578, BPM=68.10, Avg BPM=42, MIC=4095 No finger?"
2026-07-05T15:59:02.765,52.184,575,68.1,42,4095,No finger?,"IR=575, BPM=68.10, Avg BPM=42, MIC=4095 No finger?"
2026-07-05T15:59:02.784,52.203,586,68.1,42,4095,No finger?,"IR=586, BPM=68.10, Avg BPM=42, MIC=4095 No finger?"
2026-07-05T15:59:02.803,52.222,563,68.1,42,4095,No finger?,"IR=563, BPM=68.10, Avg BPM=42, MIC=4095 No finger?"
2026-07-05T15:59:02.822,52.241,574,68.1,42,4095,No finger?,"IR=574, BPM=68.10, Avg BPM=42, MIC=4095 No finger?"
2026-07-05T15:59:02.842,52.261,570,68.1,42,4095,No finger?,"IR=570, BPM=68.10, Avg BPM=42, MIC=4095 No finger?"
2026-07-05T15:59:02.861,52.280,560,68.1,42,4095,No finger?,"IR=560, BPM=68.10, Avg BPM=42, MIC=4095 No finger?"
2026-07-05T15:59:02.880,52.299,574,68.1,42,4095,No finger?,"IR=574, BPM=68.10, Avg BPM=42, MIC=4095 No finger?"
2026-07-05T15:59:02.899,52.318,589,68.1,42,4095,No finger?,"IR=589, BPM=68.10, Avg BPM=42, MIC=4095 No finger?"
2026-07-05T15:59:02.918,52.337,579,68.1,42,4095,No finger?,"IR=579, BPM=68.10, Avg BPM=42, MIC=4095 No finger?"
2026-07-05T15:59:02.937,52.356,576,68.1,42,4095,No finger?,"IR=576, BPM=68.10, Avg BPM=42, MIC=4095 No finger?"
2026-07-05T15:59:02.956,52.375,565,68.1,42,4095,No finger?,"IR=565, BPM=68.10, Avg BPM=42, MIC=4095 No finger?"
2026-07-05T15:59:02.977,52.396,572,68.1,42,4095,No finger?,"IR=572, BPM=68.10, Avg BPM=42, MIC=4095 No finger?"
2026-07-05T15:59:02.995,52.414,560,68.1,42,4095,No finger?,"IR=560, BPM=68.10, Avg BPM=42, MIC=4095 No finger?"
2026-07-05T15:59:03.015,52.433,582,68.1,42,4095,No finger?,"IR=582, BPM=68.10, Avg BPM=42, MIC=4095 No finger?"
2026-07-05T15:59:03.033,52.452,581,68.1,42,4095,No finger?,"IR=581, BPM=68.10, Avg BPM=42, MIC=4095 No finger?"
2026-07-05T15:59:03.052,52.471,580,68.1,42,4095,No finger?,"IR=580, BPM=68.10, Avg BPM=42, MIC=4095 No finger?"
2026-07-05T15:59:03.071,52.490,576,68.1,42,4095,No finger?,"IR=576, BPM=68.10, Avg BPM=42, MIC=4095 No finger?"
2026-07-05T15:59:03.091,52.510,572,68.1,42,4095,No finger?,"IR=572, BPM=68.10, Avg BPM=42, MIC=4095 No finger?"
2026-07-05T15:59:03.110,52.529,566,68.1,42,4095,No finger?,"IR=566, BPM=68.10, Avg BPM=42, MIC=4095 No finger?"
2026-07-05T15:59:03.129,52.548,573,68.1,42,4095,No finger?,"IR=573, BPM=68.10, Avg BPM=42, MIC=4095 No finger?"
2026-07-05T15:59:03.148,52.567,581,68.1,42,4095,No finger?,"IR=581, BPM=68.10, Avg BPM=42, MIC=4095 No finger?"
2026-07-05T15:59:03.168,52.586,588,68.1,42,4095,No finger?,"IR=588, BPM=68.10, Avg BPM=42, MIC=4095 No finger?"
2026-07-05T15:59:03.186,52.605,570,68.1,42,4095,No finger?,"IR=570, BPM=68.10, Avg BPM=42, MIC=4095 No finger?"
2026-07-05T15:59:03.206,52.624,574,68.1,42,4095,No finger?,"IR=574, BPM=68.10, Avg BPM=42, MIC=4095 No finger?"
2026-07-05T15:59:03.226,52.644,573,68.1,42,4095,No finger?,"IR=573, BPM=68.10, Avg BPM=42, MIC=4095 No finger?"
2026-07-05T15:59:03.244,52.663,563,68.1,42,4095,No finger?,"IR=563, BPM=68.10, Avg BPM=42, MIC=4095 No finger?"
2026-07-05T15:59:03.263,52.682,582,68.1,42,4095,No finger?,"IR=582, BPM=68.10, Avg BPM=42, MIC=4095 No finger?"
2026-07-05T15:59:03.282,52.701,592,68.1,42,4095,No finger?,"IR=592, BPM=68.10, Avg BPM=42, MIC=4095 No finger?"
2026-07-05T15:59:03.301,52.720,583,68.1,42,4095,No finger?,"IR=583, BPM=68.10, Avg BPM=42, MIC=4095 No finger?"
2026-07-05T15:59:03.320,52.739,577,68.1,42,4095,No finger?,"IR=577, BPM=68.10, Avg BPM=42, MIC=4095 No finger?"
2026-07-05T15:59:03.339,52.758,575,68.1,42,4095,No finger?,"IR=575, BPM=68.10, Avg BPM=42, MIC=4095 No finger?"
2026-07-05T15:59:03.360,52.778,578,68.1,42,4095,No finger?,"IR=578, BPM=68.10, Avg BPM=42, MIC=4095 No finger?"
2026-07-05T15:59:03.378,52.797,569,68.1,42,4095,No finger?,"IR=569, BPM=68.10, Avg BPM=42, MIC=4095 No finger?"
2026-07-05T15:59:03.397,52.816,579,68.1,42,4095,No finger?,"IR=579, BPM=68.10, Avg BPM=42, MIC=4095 No finger?"
2026-07-05T15:59:03.416,52.835,590,68.1,42,4095,No finger?,"IR=590, BPM=68.10, Avg BPM=42, MIC=4095 No finger?"
2026-07-05T15:59:03.435,52.854,574,68.1,42,4095,No finger?,"IR=574, BPM=68.10, Avg BPM=42, MIC=4095 No finger?"
2026-07-05T15:59:03.455,52.873,579,68.1,42,4095,No finger?,"IR=579, BPM=68.10, Avg BPM=42, MIC=4095 No finger?"
2026-07-05T15:59:03.475,52.894,574,68.1,42,4095,No finger?,"IR=574, BPM=68.10, Avg BPM=42, MIC=4095 No finger?"
2026-07-05T15:59:03.493,52.912,572,68.1,42,4095,No finger?,"IR=572, BPM=68.10, Avg BPM=42, MIC=4095 No finger?"
2026-07-05T15:59:03.512,52.931,583,68.1,42,4095,No finger?,"IR=583, BPM=68.10, Avg BPM=42, MIC=4095 No finger?"
2026-07-05T15:59:03.532,52.950,588,68.1,42,4095,No finger?,"IR=588, BPM=68.10, Avg BPM=42, MIC=4095 No finger?"
2026-07-05T15:59:03.550,52.969,587,68.1,42,4095,No finger?,"IR=587, BPM=68.10, Avg BPM=42, MIC=4095 No finger?"
2026-07-05T15:59:03.569,52.988,572,68.1,42,4095,No finger?,"IR=572, BPM=68.10, Avg BPM=42, MIC=4095 No finger?"
2026-07-05T15:59:03.588,53.007,581,68.1,42,4095,No finger?,"IR=581, BPM=68.10, Avg BPM=42, MIC=4095 No finger?"
2026-07-05T15:59:03.608,53.027,569,68.1,42,4095,No finger?,"IR=569, BPM=68.10, Avg BPM=42, MIC=4095 No finger?"
2026-07-05T15:59:03.628,53.046,571,68.1,42,4095,No finger?,"IR=571, BPM=68.10, Avg BPM=42, MIC=4095 No finger?"
2026-07-05T15:59:03.646,53.065,584,68.1,42,4095,No finger?,"IR=584, BPM=68.10, Avg BPM=42, MIC=4095 No finger?"
2026-07-05T15:59:03.666,53.084,591,68.1,42,4095,No finger?,"IR=591, BPM=68.10, Avg BPM=42, MIC=4095 No finger?"
2026-07-05T15:59:03.684,53.103,582,68.1,42,4095,No finger?,"IR=582, BPM=68.10, Avg BPM=42, MIC=4095 No finger?"
2026-07-05T15:59:03.703,53.122,583,68.1,42,4095,No finger?,"IR=583, BPM=68.10, Avg BPM=42, MIC=4095 No finger?"
2026-07-05T15:59:03.722,53.141,579,68.1,42,4095,No finger?,"IR=579, BPM=68.10, Avg BPM=42, MIC=4095 No finger?"
2026-07-05T15:59:03.743,53.161,578,68.1,42,4095,No finger?,"IR=578, BPM=68.10, Avg BPM=42, MIC=4095 No finger?"
2026-07-05T15:59:03.761,53.180,576,68.1,42,4095,No finger?,"IR=576, BPM=68.10, Avg BPM=42, MIC=4095 No finger?"
2026-07-05T15:59:03.780,53.199,598,68.1,42,4095,No finger?,"IR=598, BPM=68.10, Avg BPM=42, MIC=4095 No finger?"
2026-07-05T15:59:03.799,53.218,586,68.1,42,4095,No finger?,"IR=586, BPM=68.10, Avg BPM=42, MIC=4095 No finger?"
2026-07-05T15:59:03.818,53.237,579,68.1,42,4095,No finger?,"IR=579, BPM=68.10, Avg BPM=42, MIC=4095 No finger?"
2026-07-05T15:59:03.837,53.256,580,68.1,42,4095,No finger?,"IR=580, BPM=68.10, Avg BPM=42, MIC=4095 No finger?"
2026-07-05T15:59:03.857,53.276,571,68.1,42,4095,No finger?,"IR=571, BPM=68.10, Avg BPM=42, MIC=4095 No finger?"
2026-07-05T15:59:03.877,53.295,573,68.1,42,4095,No finger?,"IR=573, BPM=68.10, Avg BPM=42, MIC=4095 No finger?"
2026-07-05T15:59:03.896,53.314,589,68.1,42,4095,No finger?,"IR=589, BPM=68.10, Avg BPM=42, MIC=4095 No finger?"
2026-07-05T15:59:03.914,53.333,589,68.1,42,4095,No finger?,"IR=589, BPM=68.10, Avg BPM=42, MIC=4095 No finger?"
2026-07-05T15:59:03.933,53.352,589,68.1,42,4095,No finger?,"IR=589, BPM=68.10, Avg BPM=42, MIC=4095 No finger?"
2026-07-05T15:59:03.952,53.371,574,68.1,42,4095,No finger?,"IR=574, BPM=68.10, Avg BPM=42, MIC=4095 No finger?"
2026-07-05T15:59:03.972,53.390,584,68.1,42,4095,No finger?,"IR=584, BPM=68.10, Avg BPM=42, MIC=4095 No finger?"
2026-07-05T15:59:03.991,53.410,581,68.1,42,4095,No finger?,"IR=581, BPM=68.10, Avg BPM=42, MIC=4095 No finger?"
2026-07-05T15:59:04.010,53.429,576,68.1,42,4095,No finger?,"IR=576, BPM=68.10, Avg BPM=42, MIC=4095 No finger?"
2026-07-05T15:59:04.030,53.448,582,68.1,42,4095,No finger?,"IR=582, BPM=68.10, Avg BPM=42, MIC=4095 No finger?"
2026-07-05T15:59:04.048,53.467,586,68.1,42,4095,No finger?,"IR=586, BPM=68.10, Avg BPM=42, MIC=4095 No finger?"
2026-07-05T15:59:04.067,53.486,583,68.1,42,4095,No finger?,"IR=583, BPM=68.10, Avg BPM=42, MIC=4095 No finger?"
2026-07-05T15:59:04.086,53.505,581,68.1,42,4095,No finger?,"IR=581, BPM=68.10, Avg BPM=42, MIC=4095 No finger?"
2026-07-05T15:59:04.105,53.524,577,68.1,42,4095,No finger?,"IR=577, BPM=68.10, Avg BPM=42, MIC=4095 No finger?"
2026-07-05T15:59:04.126,53.544,583,68.1,42,4095,No finger?,"IR=583, BPM=68.10, Avg BPM=42, MIC=4095 No finger?"
2026-07-05T15:59:04.144,53.563,575,68.1,42,4095,No finger?,"IR=575, BPM=68.10, Avg BPM=42, MIC=4095 No finger?"
2026-07-05T15:59:04.163,53.582,605,68.1,42,4095,No finger?,"IR=605, BPM=68.10, Avg BPM=42, MIC=4095 No finger?"
2026-07-05T15:59:04.182,53.601,592,68.1,42,4095,No finger?,"IR=592, BPM=68.10, Avg BPM=42, MIC=4095 No finger?"
2026-07-05T15:59:04.201,53.620,584,68.1,42,4095,No finger?,"IR=584, BPM=68.10, Avg BPM=42, MIC=4095 No finger?"
2026-07-05T15:59:04.220,53.639,582,68.1,42,4095,No finger?,"IR=582, BPM=68.10, Avg BPM=42, MIC=4095 No finger?"
2026-07-05T15:59:04.240,53.659,572,68.1,42,4095,No finger?,"IR=572, BPM=68.10, Avg BPM=42, MIC=4095 No finger?"
2026-07-05T15:59:04.259,53.678,583,68.1,42,4095,No finger?,"IR=583, BPM=68.10, Avg BPM=42, MIC=4095 No finger?"
2026-07-05T15:59:04.278,53.697,583,68.1,42,4095,No finger?,"IR=583, BPM=68.10, Avg BPM=42, MIC=4095 No finger?"
2026-07-05T15:59:04.298,53.716,592,68.1,42,4095,No finger?,"IR=592, BPM=68.10, Avg BPM=42, MIC=4095 No finger?"
